OID_;ULAND;UREGBEZ;UKREIS;UGEMEINDE;UJAHR;UMONAT;USTUNDE;UWOCHENTAG;UKATEGORIE;UART;UTYP1;IstRad;IstPKW;IstFuss;IstKrad;IstSonstige;ULICHTVERH;IstGkfz;LINREFX;LINREFY;XGCSWGS84;YGCSWGS84;UIDENTSTLAE;IstStrassenzustand
74266;08;4;21;000;2021;04;15;7;3;6;1;0;1;1;0;0;0;0;570281,942849795334041;5358254,165544550865889;9,949050347000025;48,373540444000071;08210424426010732780;0
74276;08;3;36;091;2021;04;19;7;3;5;2;1;1;0;0;0;0;0;394049,774206652306020;5273877,103218866512179;7,590259239000034;47,609635696000055;08210424336400747650;0
74278;08;1;25;056;2021;04;12;6;2;0;1;1;0;0;0;0;0;0;511355,955471059307456;5435726,099586460739374;9,155489325000076;49,074291402000028;08210409121400773600;0
74284;08;3;35;098;2021;03;14;6;3;0;7;1;0;0;0;0;0;0;501931,744383880868554;5294745,412930244579911;9,025799710000058;47,806061133000071;08210326335400673710;0
74300;08;1;19;083;2021;03;16;6;3;9;7;1;0;0;0;0;0;0;535442,015280732885003;5419051,325333662331104;9,483820101000049;48,923381475000042;08210326119100662800;0
74302;08;3;25;049;2021;05;18;2;3;0;1;1;0;0;0;0;0;0;472578,133826709352434;5335473,396782975643873;8,631165191000036;48,171910301000025;08210503325202799340;0
74311;08;3;36;107;2021;04;13;4;2;6;4;0;1;1;0;0;0;0;412174,915346797555685;5294036,170293588191271;7,827309038000067;47,793692152000062;08210421311010720630;1
74314;08;1;35;020;2021;03;13;3;2;8;1;1;0;0;0;0;0;0;584663,329950434155762;5385600,154969701543450;10,148756178000042;48,617741177000028;08210330135010676280;0
74315;08;1;36;065;2021;03;18;5;3;4;2;1;1;0;0;0;1;0;559301,845411328598857;5404570,077510349452496;9,807406553000021;48,791297369000063;08210325136300649180;0
74321;08;3;35;079;2021;03;10;6;3;0;7;1;0;0;0;0;0;0;500987,860658998601139;5296122,443885631859303;9,013196665000066;47,818453087000080;08210319335400633840;0
74327;08;2;22;000;2021;04;05;2;3;4;6;1;0;0;0;0;2;0;461993,799792285077274;5484908,310064885765314;8,474939306000067;49,515606280000043;08210412222600755290;1
74329;08;3;11;000;2021;05;15;5;3;0;7;1;0;0;0;0;0;0;411539,955214882269502;5319404,406000198796391;7,813628255000026;48,021802906000062;08210506311010784390;1
74338;08;2;31;000;2021;04;21;5;3;0;4;0;1;1;0;0;2;0;481496,387263016775250;5417679,632289176806808;8,747465365000039;48,911780361000069;08210422231000772990;0
74365;08;2;36;071;2021;04;22;3;3;0;1;1;0;0;0;0;2;0;468743,644084080122411;5422367,210483636707067;8,573062383000035;48,953434925000067;08210427231202766520;0
74368;08;4;26;035;2021;04;15;1;3;0;1;1;0;0;0;0;0;0;539042,129000001586974;5328987,597999503836036;9,524531275000072;48,112952524000036;08210411426300700310;0
74369;08;1;16;078;2021;03;08;2;3;0;6;1;1;0;0;0;0;0;510454,941999999806285;5393451,084999522194266;9,142071078000072;48,694011042000056;08210329116200681530;0
74376;08;3;11;000;2021;04;13;2;3;1;5;1;1;0;0;0;0;0;415465,693878628313541;5320201,891514208167791;7,866109573000074;48,029508182000029;08210426311010751900;0
74380;08;3;36;069;2021;03;08;3;3;5;3;1;1;0;0;0;0;0;408707,692766313441098;5267868,114402061328292;7,786494257000072;47,557810738000057;08210330336200669830;0
74386;08;3;11;000;2021;05;11;3;3;1;5;1;1;0;0;0;0;0;414684,833271828480065;5318810,017075359821320;7,855914873000074;48,016883936000056;08210504311010790390;0
74389;08;3;17;078;2021;04;18;6;3;8;1;1;0;0;0;0;0;0;434147,188515913672745;5343718,573261069133878;8,113019505000068;48,243261589000042;08210423317600759140;0
74392;08;1;26;086;2021;04;06;4;3;5;3;1;1;0;0;0;0;0;543246,371000002138317;5460550,954999540001154;9,594797962000030;49,296173030000034;08210414126100724150;0
74395;08;1;19;091;2021;03;16;5;3;6;4;0;1;1;0;0;0;0;528406,155956196598709;5407327,715998815372586;9,386961803000077;48,818283324000049;08210325119400672780;0
74399;08;3;11;000;2021;04;16;6;3;5;3;1;1;0;0;0;0;0;414712,842999987304211;5318882,671999499201775;7,856275953000022;48,017541234000078;08210409311010777490;0
74401;08;4;36;064;2021;03;16;6;2;0;7;1;0;0;0;0;0;0;544381,453029331751168;5290276,358751395717263;9,592270056000075;47,764325483000050;08210319436200645680;0
74405;08;1;17;026;2021;04;14;5;3;3;2;1;1;0;0;0;0;0;546791,589641439728439;5395233,796266203746200;9,636028468000063;48,708380554000030;08210401117300691680;0
74407;08;2;31;000;2021;04;12;3;2;6;2;0;0;1;0;0;0;1;477770,481999999843538;5414941,160999529063702;8,696764485000074;48,887023484000053;08210420231000729120;0
74416;08;1;17;024;2021;04;16;7;3;0;3;1;1;0;0;0;0;0;561547,719692165963352;5385911,577942956238985;9,835199023000030;48,623243769000055;08210403117200713130;0
74419;08;2;15;090;2021;04;15;3;3;5;2;1;1;0;0;0;0;0;465449,771823813207448;5432830,270802589133382;8,527182076000031;49,047378108000032;08210427215102758540;0
74431;08;1;18;079;2021;04;13;4;3;0;7;1;0;0;0;0;0;0;510407,443329617381096;5422812,061079431325197;9,142170824000061;48,958139115000051;08210428118100739880;0
74441;08;1;15;053;2021;03;17;5;2;0;7;1;0;0;0;0;0;0;484095,313561771064997;5378999,219095809385180;8,784427879000020;48,563884988000041;08210325118000672430;0
74463;08;2;21;000;2021;03;14;7;3;0;7;1;0;0;0;0;0;0;480400,202657528221607;5474196,898137869313359;8,729752308000059;49,420133993000036;08210320221300662250;0
74465;08;2;22;000;2021;04;11;5;3;5;2;1;1;0;0;0;0;0;463253,371929863467813;5482062,030893243849277;8,492604529000062;49,490083148000053;08210422222600755300;0
74466;08;3;15;043;2021;04;17;6;2;8;7;1;0;0;0;0;0;0;405384,500999976880848;5322724,888999497517943;7,730361702000039;48,050788324000052;08210416311100722270;0
74481;08;4;26;100;2021;04;15;5;3;0;1;1;0;0;0;0;0;0;577573,020743553526700;5319637,946513175964355;10,040430639000022;48,025318688000027;08210401426100686210;0
74484;08;4;37;072;2021;03;15;6;2;9;1;1;0;0;0;0;0;0;503479,286487445235252;5317123,995599605143070;9,046648714000071;48,007402147000050;08210326437000674140;0
74487;08;2;26;022;2021;04;17;5;3;5;3;1;1;0;0;0;0;0;481338,059999999590218;5467736,852999543771148;8,742986947000077;49,362055944000076;08210422226300764240;0
74494;08;1;11;000;2021;03;15;3;3;5;2;1;1;0;0;0;0;0;512903,365881431847811;5402848,413709608837962;9,175636547000067;48,778503466000075;08210330111500678080;0
74495;08;3;17;065;2021;05;14;5;3;5;2;1;1;0;0;0;0;0;416576,802373907528818;5354565,015002587810159;7,874261281000031;48,338756404000037;08210506317300804650;1
74499;08;1;36;065;2021;04;12;7;2;0;1;1;0;0;0;0;0;0;557025,322635068558156;5401679,627751613035798;9,776013369000054;48,765510317000064;08210424136300760080;0
74507;08;4;35;053;2021;03;17;3;3;5;2;1;1;0;0;0;0;0;508213,539815827272832;5293112,406728379428387;9,109666177000065;47,791318666000052;08210330435200678740;0
74518;08;1;18;011;2021;04;12;6;3;5;3;1;1;0;0;0;0;0;506126,217668887227774;5410323,754154110327363;9,083499897000024;48,845854548000034;08210402118200692760;0
74523;08;1;27;014;2021;03;06;3;3;5;3;1;0;0;0;1;1;0;578398,961329553276300;5442784,261132610961795;10,074736687000041;49,132885312000042;08210330127202670990;0
74524;08;4;26;013;2021;03;16;4;3;6;4;0;1;1;0;0;0;0;545635,651087188161910;5323787,921889709308743;9,612554629000044;48,065735040000050;08210324426200648120;0
74529;08;1;11;000;2021;05;14;4;3;0;3;1;1;0;0;0;0;0;513078,341316657140851;5406884,621063776314259;9,178146767000044;48,814809097000079;08210505111500801770;0
74541;08;3;11;000;2021;03;14;4;3;0;7;1;0;0;0;0;0;0;414602,324218518100679;5318458,332329198718071;7,854878706000022;48,013709381000069;08210324311010646660;0
74549;08;3;17;065;2021;04;13;5;3;0;1;1;0;0;0;0;0;0;415085,185071171261370;5351200,371822448447347;7,854814841000064;48,308293119000041;08210422317300727260;0
74552;08;4;16;022;2021;03;12;6;3;0;1;1;0;0;0;0;0;0;512018,652308270335197;5375720,402445469051600;9,162806422000074;48,534474375000059;08210326416200650480;0
74565;08;4;26;097;2021;04;15;4;3;0;3;1;1;0;0;0;0;0;536523,329000000841916;5333462,503999503329396;9,491076240000041;48,153361138000037;08210414426300705450;0
74570;08;2;35;085;2021;05;17;2;2;6;4;0;1;1;0;0;0;0;480898,821891753003001;5395867,179797518998384;8,740325330000076;48,715541409000082;08210503235100787270;0
74573;08;2;16;015;2021;05;14;3;3;5;2;1;0;0;1;0;0;0;450329,176780121400952;5405327,777005465701222;8,323619657000052;48,798957031000043;08210504216300855700;1
74575;08;2;26;105;2021;04;09;4;3;0;1;1;0;0;0;0;0;0;471919,969133986160159;5477319,367007689550519;8,612605642000062;49,447887393000030;08210428222400736850;0
74576;08;1;16;036;2021;04;14;7;3;0;7;1;1;0;0;0;0;0;524713,219823848456144;5378469,598706997931004;9,334929778000060;48,558835026000054;08210424116500726120;0
74577;08;2;15;064;2021;03;12;2;3;5;3;1;1;0;0;0;0;0;478948,440023656934500;5451830,719974763691425;8,710915227000044;49,218901682000080;08210329215202658550;0
74585;08;4;35;057;2021;04;05;4;3;1;5;1;0;0;1;0;2;0;543975,034724310971797;5279586,829771494492888;9,585767759000021;47,668177913000079;08210421435100729390;0
74593;08;1;11;000;2021;04;13;1;2;5;3;1;1;0;0;0;0;0;514311,653240373358130;5400093,482167521491647;9,194709767000063;48,753689486000042;08210411111500732800;0
74606;08;3;11;000;2021;05;20;7;3;6;4;0;0;1;1;0;1;0;416470,482665715739131;5315672,938314221799374;7,880466677000072;47,988900420000050;08210501311010780320;1
74607;08;3;36;019;2021;04;15;5;2;5;3;1;1;0;0;0;0;0;394709,259241872467101;5275834,627967908978462;7,598560882000072;47,627351301000033;08210401336400692970;0
74610;08;2;15;007;2021;03;13;7;3;1;5;1;1;0;0;0;0;0;476564,149889891967177;5432101,191416438668966;8,679320798000049;49,041342643000064;08210320215302647600;0
74618;08;3;17;005;2021;04;21;1;2;8;1;1;0;0;0;0;2;0;425404,492999993264675;5375575,281999513506889;7,989624051000021;48,528850093000074;08210404317010694940;0
74623;08;2;25;075;2021;04;11;5;2;6;4;0;1;1;0;0;0;0;530760,359513370320201;5475484,269705047830939;9,424228956000036;49,431251509000049;08210401225200707410;0
74625;08;2;26;096;2021;04;12;7;3;3;2;1;1;0;0;0;0;0;475746,929905323311687;5488502,304666550830007;8,664715185000034;49,548639161000040;08210403226600687790;0
74640;08;3;17;034;2021;04;13;7;3;5;3;1;1;0;0;0;0;0;427300,604999993927777;5357360,107999507337809;8,018465130000038;48,365224242000068;08210424317500727240;0
74651;08;4;35;016;2021;04;16;7;3;3;2;1;1;0;0;0;0;0;536183,955217110924423;5278011,941828042268753;9,481860770000026;47,654490896000027;08210410435100856400;0
74656;08;3;35;079;2021;04;07;6;3;5;3;1;1;0;0;0;0;0;501377,523698736913502;5299794,765367668122053;9,018413794000026;47,851493887000061;08210423335400724700;0
74666;08;3;17;096;2021;04;11;6;2;5;2;1;1;0;0;0;0;0;421548,754130695015192;5368816,513754490762949;7,938678150000044;48,467585787000075;08210416317010745410;0
74671;08;2;15;107;2021;04;16;6;3;1;5;1;1;0;0;0;0;0;463031,941850738599896;5456022,361779842525721;8,491966788000070;49,255851287000041;08210423215502725360;0
74678;08;3;11;000;2021;03;10;2;3;0;7;1;0;0;0;0;0;0;414383,437999986112118;5313240,625999497249722;7,852984862000028;47,966744755000036;08210329311010675970;0
74682;08;2;36;062;2021;04;11;5;3;3;6;1;1;0;0;0;0;0;485902,178999999538064;5407548,140999525785446;8,807943657000067;48,820755727000062;08210401231000716270;0
74685;08;3;26;003;2021;04;13;1;3;0;7;1;0;0;0;0;0;0;466562,269159785471857;5317391,511589251458645;8,551668057000029;48,008943667000040;08210425326200776590;0
74686;08;3;36;091;2021;04;08;4;2;6;4;0;1;1;0;0;0;0;395853,251960119232535;5273981,591436984017491;7,614223620000075;47,610867934000055;08210421311010718490;0
74692;08;4;26;070;2021;04;15;5;3;0;1;1;1;0;0;0;0;0;564976,972000003792346;5342183,386999508365989;9,874949615000048;48,229541804000064;08210401426200685860;0
74700;08;3;25;069;2021;04;15;3;3;5;3;1;1;0;0;0;0;0;470379,828498162329197;5334808,475014965981245;8,601644172000022;48,165829524000060;08210420325202717870;0
74708;08;1;21;000;2021;04;14;1;3;0;7;1;0;0;0;0;0;0;513314,837000000290573;5440631,114999534562230;9,182472478000022;49,118374829000061;08210425121200767350;0
74710;08;3;35;028;2021;04;14;5;2;8;1;1;0;0;0;0;0;0;483012,205853206105530;5286922,902076693251729;8,773423715000035;47,735456956000064;08210408335300694280;0
74715;08;2;12;000;2021;03;16;4;3;0;7;1;0;0;0;0;0;0;461896,881826242431998;5427553,020852383226156;8,479058715000065;48,999698721000073;08210331212102664680;0
74716;08;3;15;095;2021;03;13;6;3;4;2;1;1;0;0;0;0;0;427810,035396229475737;5318508,059576258063316;8,031947640000055;48,015785501000039;08210326311300653530;0
74724;08;3;15;068;2021;04;19;7;2;0;1;1;0;0;0;0;0;0;443170,365066574886441;5302761,277585003525019;8,239984820000075;47,875670926000055;08210424311500769850;0
74729;08;1;16;077;2021;04;17;5;3;6;2;0;1;1;0;0;0;0;516099,137784941121936;5392340,322248810902238;9,218725683000059;48,683898469000042;08210415116200727710;0
74747;08;1;36;088;2021;05;20;6;2;5;3;1;1;0;0;0;1;0;580353,592949870973825;5410820,677944490686059;10,095207061000053;48,845153008000068;08210507136010804830;0
74750;08;1;16;037;2021;04;14;6;3;8;1;1;0;0;0;0;0;0;535538,781126460991800;5401518,374964801594615;9,483619937000071;48,765657597000029;08210402116100687070;0
74759;08;4;26;028;2021;03;16;6;3;3;2;1;1;0;0;0;0;0;569083,638926763087511;5343465,872564539313316;9,930449900000042;48,240644496000073;08210326426010683640;0
74760;08;2;21;000;2021;04;13;3;3;3;6;1;0;0;0;0;0;0;477701,603241684846580;5473327,645040605217218;8,692592603000037;49,412222262000057;08210420221200731880;0
74767;08;3;11;000;2021;04;12;5;3;0;1;1;0;0;0;0;0;0;413290,380949537269771;5315962,804920284077525;7,837794625000072;47,991084601000068;08210401311010691090;0
74775;08;4;36;095;2021;04;15;6;3;0;1;1;0;0;0;0;0;0;537341,895999999716878;5294352,320999493822455;9,498681871000031;47,801443992000031;08210402436200693500;0
74778;08;1;35;019;2021;05;16;2;3;3;2;1;1;0;0;0;0;0;583676,457487809471786;5392456,517014719545841;10,136753983000062;48,679542790000028;08210503135200781840;0
74784;08;1;25;086;2021;04;16;4;2;5;3;1;1;0;0;0;0;1;504699,619000000879169;5444951,768999537453055;9,064456207000035;49,157367051000051;08210428121400778630;0
74792;08;4;36;064;2021;04;10;6;3;0;1;1;0;0;0;0;0;0;538954,314462690614164;5287483,429240325465798;9,519598035000058;47,739547789000028;08210402436200699820;0
74794;08;3;35;079;2021;03;09;5;3;0;7;1;0;0;0;0;0;0;499879,604678242467344;5299044,305333042517304;8,998390847000053;47,844743143000073;08210318335400635090;0
74795;08;2;21;000;2021;04;06;3;2;0;3;1;0;0;0;0;0;0;483662,469683017581701;5473136,153838893398643;8,774776653000060;49,410689080000054;08210427221011752000;0
74797;08;4;35;035;2021;04;12;4;3;0;1;1;0;0;0;0;0;0;542339,086663014255464;5283299,021451111882925;9,564337425000076;47,701686597000048;08210414435100703960;0
74799;08;1;19;061;2021;03;17;4;3;0;1;1;0;0;0;1;0;0;540598,695962237194180;5416299,292783975601196;9,553937150000024;48,898309258000040;08210331119300680430;0
74808;08;3;26;074;2021;03;17;3;3;5;3;1;1;0;0;0;0;0;464510,079364190809429;5323524,456276457756758;8,523644980000029;48,064009983000062;08210323326200675710;0
74810;08;3;17;096;2021;04;18;6;3;3;6;1;0;0;0;0;0;0;422975,728760056197643;5368361,307381024584174;7,958063341000070;48,463667605000069;08210423317500771860;0
74827;08;4;25;039;2021;03;15;4;2;8;7;1;0;0;0;0;0;0;568751,585413577966392;5353159,346990307793021;9,927555864000055;48,327878843000065;08210331426010666320;0
74829;08;1;28;020;2021;04;17;4;2;0;1;1;0;0;0;0;0;0;573884,390215536579490;5481782,621025674045086;10,020075421000058;49,484184929000037;08210421128100778150;0
74837;08;3;35;081;2021;04;16;6;3;6;4;0;0;1;0;1;0;0;489949,091000000946224;5296372,183999493718147;8,865725989000055;47,820622349000075;08210416335300729650;0
74846;08;1;11;000;2021;04;06;2;3;5;3;1;1;0;0;0;2;0;510545,878198810853064;5409082,170938106253743;9,143707432000042;48,834626102000072;08210412111500710930;1
74858;08;3;11;000;2021;04;17;4;3;5;2;1;1;0;0;0;0;0;403803,754448126070201;5318444,029653482139111;7,710116753000023;48,012046292000036;08210421311010747410;0
74865;08;2;26;028;2021;04;00;1;3;0;7;1;0;0;0;0;2;0;469871,628282107412815;5482769,142899133265018;8,583932334000053;49,496808060000035;08210411222400713790;0
74867;08;2;12;000;2021;05;13;3;3;4;6;1;0;0;0;0;0;0;458550,656194202601910;5427960,060988448560238;8,433270223000022;49,003144499000030;08210504212102270140;0
74868;08;2;16;043;2021;03;16;2;3;5;2;1;1;0;0;0;0;0;442182,524403633549809;5411051,785009779036045;8,211887817000047;48,849740421000035;08210322216100668390;0
74869;08;2;26;049;2021;04;18;4;3;6;4;0;1;1;0;0;0;0;487115,022503456100821;5463215,434971628710628;8,822693219000030;49,321535121000068;08210428226300754930;0
74874;08;4;37;100;2021;04;10;3;2;6;4;0;1;1;0;0;0;0;537437,487809075042605;5318145,416846450418234;9,502024360000064;48,015504613000076;08210420437100745450;0
74876;08;1;28;007;2021;04;20;3;3;2;6;1;1;0;0;0;2;0;557893,054098981432617;5480030,426532862707973;9,799062357000025;49,470161844000074;08210413128100733350;0
74886;08;4;25;039;2021;04;15;3;3;5;3;1;1;0;0;0;0;0;565672,408959942869842;5352299,394368709996343;9,885884734000058;48,320470530000080;08210427421300758820;0
74888;08;3;35;063;2021;03;17;4;3;3;2;1;1;0;0;0;0;0;497732,605000001378357;5287946,348999492824078;8,969752955000047;47,744885191000037;08210331335200666350;0
74891;08;3;17;057;2021;04;06;2;3;5;3;1;1;0;0;0;1;0;416959,679999988526106;5381661,242999518290162;7,874048960000039;48,582530152000061;08210412317200718460;1
74892;08;4;25;002;2021;04;18;1;2;0;1;1;0;0;0;0;0;0;548917,076967099681497;5354983,715130580589175;9,660194443000023;48,346137538000050;08210404425000688660;0
74894;08;3;17;001;2021;05;14;5;3;8;1;1;0;0;0;0;0;0;432248,159532566554844;5386259,278555212542415;8,080565388000025;48,625730111000053;08210506317100786210;1
74895;08;1;18;011;2021;03;18;4;3;0;1;1;1;0;0;0;0;0;504508,435322071425617;5408378,390594191849232;9,061428256000056;48,828368178000062;08210324118200669870;0
74896;08;2;12;000;2021;04;13;5;2;6;4;0;0;1;0;1;0;0;458960,194517377763987;5429495,925549514591694;8,438714209000068;49,016987227000072;08210429215102743900;0
74902;08;4;36;079;2021;03;12;4;2;5;3;1;1;0;0;0;0;0;554750,731466053053737;5289535,070488300174475;9,730544076000058;47,756858800000032;08210324436300645190;0
74914;08;3;16;012;2021;04;05;2;3;6;4;0;1;1;0;0;1;0;403344,462150066159666;5333978,891721455380321;7,700444496000046;48,151709147000076;08210412316100700410;1
74921;08;3;16;009;2021;04;12;7;3;0;1;1;0;0;0;0;0;0;417324,625995721668005;5326131,182140063494444;7,889893159000053;48,083087947000081;08210403316100687710;0
74940;08;2;16;033;2021;04;18;2;3;5;3;1;1;0;0;0;0;0;447828,167627197690308;5412684,865956284105778;8,288629126000046;48,864930557000037;08210426211000736380;0
74942;08;4;36;009;2021;04;18;4;3;0;7;1;0;0;0;0;0;0;555968,591835778206587;5308135,917390322312713;9,749198327000045;47,924099918000081;08210414436400705760;0
74945;08;2;22;000;2021;03;17;5;3;3;2;1;1;0;0;0;0;0;460188,153590478934348;5488731,871129816398025;8,449609219000024;49,549880904000076;08210325222800649620;0
74947;08;4;36;009;2021;05;15;2;3;3;6;1;1;0;0;0;0;0;556598,766096654348075;5308563,129728991538286;9,757689245000051;47,927888002000032;08210503436200789420;0
74948;08;1;17;026;2021;04;17;1;3;5;3;1;1;0;0;0;0;0;546645,108418609946966;5395309,977074313908815;9,634046116000036;48,709076814000070;08210411117300698510;0
74953;08;1;16;008;2021;04;18;7;2;9;1;1;0;0;0;0;0;0;519790,508089526556432;5379896,233491411432624;9,268282687000067;48,571844055000042;08210424116500727100;0
74959;08;3;11;000;2021;03;13;3;3;3;6;1;0;0;0;0;0;0;406640,228741145692766;5316818,699017040431499;7,748494898000047;47,997847108000030;08210330311010670490;0
74960;08;4;26;038;2021;03;08;4;3;0;7;1;0;0;0;0;0;1;566750,568154038861394;5316567,153307285159826;9,894818686000065;47,998916414000064;08210324426100644980;0
74969;08;3;15;076;2021;04;16;1;3;0;7;1;0;0;0;0;0;0;392279,292925734072924;5296913,869804620742798;7,561014944000021;47,816555137000080;08210425311400765760;0
74986;08;2;15;106;2021;03;19;6;2;3;2;1;1;0;0;0;2;0;464543,200848513282835;5450131,933718927204609;8,513255246000028;49,202956743000072;08210326212010651390;0
74989;08;1;16;049;2021;03;12;2;3;5;3;1;1;0;0;0;0;0;525358,151540355756879;5386770,973879784345627;9,344177064000064;48,633489169000029;08210329116010680630;0
75004;08;1;18;046;2021;04;18;3;3;3;6;1;1;0;0;0;0;0;514654,684370508417487;5412679,181167664006352;9,199826065000025;48,866900684000029;08210427118300768640;0
75005;08;2;16;043;2021;04;14;5;3;3;5;1;1;1;0;0;0;0;442156,695291094481945;5412130,409136669710279;8,211383388000058;48,859440228000039;08210422216100723240;0
75009;08;4;35;035;2021;04;08;2;3;5;3;1;1;0;0;0;0;0;542247,015086324885488;5282870,535408517345786;9,563068753000039;47,697837440000058;08210419435100713580;0
75019;08;3;15;059;2021;04;14;4;3;5;3;1;1;0;0;0;0;0;399197,850303133018315;5321967,728934075683355;7,647545076000029;48,043030723000072;08210421311100721600;0
75033;08;4;35;052;2021;04;16;1;3;0;1;1;0;0;0;0;0;0;521326,587346283718944;5291507,449554830789566;9,284669582000049;47,776577404000079;08210425435200766890;0
75034;08;2;21;000;2021;04;16;4;3;1;6;1;1;0;0;0;0;0;478998,811999999918044;5473674,238999547436833;8,710457437000059;49,415385983000078;08210421221200747000;0
75037;08;3;36;069;2021;03;08;3;3;5;3;1;1;0;0;0;0;0;409154,546636399812996;5268379,344832554459572;7,792327015000069;47,562472390000039;08210330311010665810;0
75040;08;1;18;079;2021;04;16;6;3;6;4;0;1;1;0;0;0;0;510491,586296203546226;5424473,069525348022580;9,143363081000075;48,973079531000053;08210402118100725040;0
75048;08;4;36;013;2021;03;15;6;2;5;3;1;1;0;0;0;0;0;545898,636469734832644;5297883,891222996637225;9,613320705000035;47,832664111000042;08210326436000674460;0
75049;08;3;11;000;2021;04;15;1;3;5;3;1;1;0;0;0;0;0;414581,374598401598632;5318252,381017366424203;7,854638876000024;48,011853973000029;08210425311010766950;0
75051;08;3;36;091;2021;04;06;2;3;4;6;1;0;0;0;1;1;0;395356,579184571281075;5271992,450047984719276;7,608091680000030;47,592895285000054;08210412311010698950;1
75058;08;3;37;116;2021;04;11;7;3;5;1;1;1;0;0;0;0;0;417631,562736959196627;5275758,082668656483293;7,903609727000060;47,629983910000078;08210424337100744450;0
75059;08;3;35;022;2021;04;15;6;2;3;6;1;0;0;1;0;0;0;480952,480245672166348;5302475,423747217282653;8,745268953000050;47,875331768000081;08210402335000687250;0
75070;08;1;19;085;2021;04;14;2;3;6;6;1;0;1;0;0;0;0;529426,676411360502243;5414131,132531818002462;9,401352291000023;48,879436858000076;08210412119500705100;0
75075;08;3;15;047;2021;04;03;7;1;6;7;0;1;1;0;0;2;0;414813,759287382476032;5322129,235148757696152;7,856983257000024;48,046758653000040;08210424311010762340;0
75088;08;3;17;096;2021;05;10;3;2;5;2;1;1;0;0;0;0;0;421812,478606645949185;5369734,809416020289063;7,942073580000056;48,475878616000045;08210504317000792120;0
75092;08;1;18;028;2021;04;16;2;3;5;2;1;1;0;0;0;0;0;513833,752718969248235;5426559,628331108018756;9,189103141000032;48,991783578000081;08210426118100732290;0
75097;08;1;36;028;2021;03;16;3;3;6;4;0;1;1;0;0;0;0;571660,229042517021298;5405870,264536296948791;9,975871969000025;48,801690709000070;08210330136300670590;0
75098;08;1;35;019;2021;05;21;6;2;6;4;0;1;1;0;0;2;0;582999,304550353437662;5392474,167588278651237;10,127560196000047;48,679791943000055;08210507135010802010;0
75111;08;4;25;066;2021;03;15;1;3;3;6;1;1;0;0;0;0;0;575660,104844978079200;5346476,799475748091936;10,019549175000066;48,266978070000050;08210328426010662040;0
75112;08;3;37;076;2021;05;14;3;2;1;7;1;1;0;0;0;0;0;426077,509315902367234;5267199,766264313831925;8,017456382000034;47,554008254000053;08210504337010782900;0
75118;08;1;25;094;2021;04;15;5;3;0;1;1;0;0;0;0;0;0;514403,358545727096498;5436669,919684508815408;9,197248715000057;49,082717729000080;08210408121600705070;0
75119;08;2;16;007;2021;04;09;3;3;5;3;1;1;0;0;0;0;0;436687,884813462384045;5394627,844757420942187;8,139527341000075;48,701471636000065;08210413216200702430;0
75121;08;2;22;000;2021;03;09;3;3;3;2;1;0;0;0;1;0;0;462803,010999999009073;5482709,579999553039670;8,486325282000053;49,495880076000049;08210330222600678560;0
75125;08;1;15;037;2021;04;20;7;3;0;7;1;0;0;0;0;2;0;492211,489126410335302;5385677,242625886574388;8,894308994000028;48,624115482000036;08210417115200776830;0
75126;08;4;35;036;2021;04;17;6;3;9;1;1;0;0;0;0;0;0;519541,834030959755182;5282733,731790866702795;9,260452784000051;47,697692419000077;08210409435200717770;0
75128;08;1;16;004;2021;03;09;7;3;2;6;1;1;0;0;0;0;0;528114,548485949635506;5396293,379604976624250;9,382235338000044;48,719034144000034;08210320116100636870;0
75138;08;1;16;068;2021;05;17;6;3;0;1;1;0;0;0;0;0;0;526102,254000000655651;5388682,690999519079924;9,354396764000057;48,650656366000078;08210507116500796340;0
75148;08;3;35;063;2021;04;14;4;3;6;4;0;1;1;0;0;0;0;496912,950077123939991;5287956,879826989024878;8,958818688000065;47,744976541000028;08210414335300862320;0
75158;08;1;21;000;2021;04;18;4;3;0;7;1;0;0;0;0;0;0;514351,528400273993611;5444401,038600152358413;9,196813889000055;49,152263288000029;08210428121300770720;0
75160;08;3;15;095;2021;04;15;7;3;0;7;1;0;0;0;0;0;0;427956,533999994397163;5318905,933999499306083;8,033844991000024;48,019381267000028;08210417311010712350;0
75163;08;3;35;066;2021;04;19;4;3;6;6;1;0;1;0;0;0;0;508718,590497925877571;5281615,004565259441733;9,116179163000027;47,687863243000038;08210421335100731070;0
75165;08;3;26;074;2021;04;10;3;3;5;3;1;1;0;0;0;0;0;460635,060547073371708;5323070,828363265842199;8,471677403000058;48,059701435000079;08210413326400725080;0
75169;08;4;35;059;2021;05;12;7;3;0;1;1;0;0;0;0;0;0;514965,787680972367525;5292109,108425347134471;9,199786329000062;47,782169986000042;08210501435200780420;1
75172;08;3;15;098;2021;03;14;1;3;0;1;1;0;0;0;0;0;0;408155,329131003469229;5312865,703556399792433;7,769645503000049;47,962508816000081;08210328311010654330;0
75186;08;1;26;066;2021;04;22;6;2;0;1;1;0;0;0;0;2;0;538609,303045336157084;5449658,264484215527773;9,529974383000024;49,198505649000026;08210430126200777310;1
75196;08;3;27;011;2021;03;15;6;2;4;2;1;1;0;0;0;0;0;484832,092831414192915;5324965,783513786271214;8,796358237000049;48,077784681000026;08210326325000680090;0