OID_;ULAND;UREGBEZ;UKREIS;UGEMEINDE;UJAHR;UMONAT;USTUNDE;UWOCHENTAG;UKATEGORIE;UART;UTYP1;IstRad;IstPKW;IstFuss;IstKrad;IstSonstige;ULICHTVERH;IstGkfz;LINREFX;LINREFY;XGCSWGS84;YGCSWGS84;UIDENTSTLAE;IstStrassenzustand
75201;08;4;26;038;2021;03;13;1;3;0;1;1;0;0;0;0;0;0;562594,348107776604593;5320028,315396737307310;9,839614632000064;48,030474181000045;08210328426100657890;0
75206;08;2;15;084;2021;04;12;7;3;5;2;1;1;0;0;0;0;0;473093,603184483014047;5444735,399125644937158;8,630991777000077;49,154849112000079;08210417215202722740;0
75210;08;1;19;020;2021;04;05;5;3;5;3;1;1;0;0;0;2;0;520797,917463041841984;5405845,851088421419263;9,283245324000063;48,805254070000046;08210415119200706400;0
75213;08;1;26;058;2021;03;07;6;3;4;6;1;1;0;0;0;0;0;542491,793000000528991;5450558,292999539524317;9,583360217000063;49,206344430000058;08210326126200650970;0
75223;08;1;16;019;2021;05;12;6;3;6;4;0;1;1;0;0;0;0;520199,078703412786126;5400039,902318809181452;9,274804626000048;48,753044324000030;08210507116100786460;0
75230;08;4;35;005;2021;03;17;5;3;4;2;1;1;0;0;0;0;0;525839,841546014882624;5286296,898833967745304;9,344602302000055;47,729530710000063;08210318435200633190;0
75248;08;1;19;067;2021;04;11;4;3;4;2;1;0;0;0;1;0;0;539135,752567294053733;5405761,947889531031251;9,532970321000050;48,803615144000048;08210421119300753400;0
75257;08;1;17;003;2021;05;09;4;2;6;1;0;0;1;0;0;0;1;541709,202961977571249;5393480,214957965537906;9,566771237000069;48,692966594000040;08210505117010791550;0
75264;08;2;26;107;2021;04;12;2;3;5;3;1;1;0;0;0;0;0;475085,623820338398218;5484329,453912179917097;8,655836785000076;49,511079085000063;08210412226600704660;0
75268;08;3;15;098;2021;03;15;4;3;5;3;1;1;0;0;0;0;0;404120,943790823221207;5312441,057188222184777;7,715709185000037;47,958097555000052;08210324311010658360;0
75271;08;3;15;059;2021;04;07;7;3;5;3;1;1;0;0;0;1;0;399429,721963032148778;5321920,092003688216209;7,650666378000039;48,042638822000072;08210403311100700810;0
75272;08;1;19;086;2021;04;12;6;3;6;3;0;1;1;0;0;0;0;535142,997466379776597;5405941,860724525526166;9,478612473000055;48,805472151000060;08210409119300695900;0
75275;08;2;15;089;2021;04;18;5;3;5;2;1;1;0;0;0;0;0;469035,077000001445413;5430575,198999531567097;8,576417571000036;49,027283613000066;08210422215302779780;0
75283;08;2;21;000;2021;03;17;3;3;1;5;1;1;0;0;0;0;0;477504,660455421544611;5471365,851005077362061;8,689988690000064;49,394568963000040;08210323221200646060;0
75285;08;2;25;014;2021;04;10;7;2;2;2;1;1;0;0;0;0;0;522724,066669988445938;5485489,650437960401177;9,313973929000042;49,521600720000038;08210424225100778710;0
75288;08;3;26;074;2021;04;16;2;3;5;3;1;1;0;0;0;0;0;459733,479000000283122;5323556,533999498933554;8,459531957000024;48,064014905000079;08210426326400861250;0
75294;08;1;16;049;2021;05;10;2;3;0;1;1;0;0;0;0;0;0;525348,206580355763435;5386712,526805359870195;9,344038512000054;48,632963781000058;08210503116500781430;0
75310;08;1;28;007;2021;03;17;5;3;0;1;1;0;0;0;0;0;0;554364,996764750219882;5485070,904541624709964;9,751064660000054;49,515822395000043;08210325128100660150;0
75321;08;3;11;000;2021;03;11;1;3;5;3;1;1;0;0;0;0;0;411190,329677831381559;5315181,482664570212364;7,809814591000077;47,983768194000049;08210321311010649950;0
75322;08;2;22;000;2021;04;12;4;1;0;2;1;1;0;0;0;0;0;459836,441999999806285;5489846,966999551281333;8,444633400000043;49,559887211000046;08210428222800738480;0
75323;08;1;11;000;2021;04;18;7;3;5;2;1;1;0;0;0;0;0;508420,877520165406168;5397655,725447239354253;9,114516270000024;48,731866961000037;08210424111210740880;0
75326;08;3;35;077;2021;04;17;3;3;0;1;1;0;0;0;0;0;0;495298,992631236091256;5290796,355800105258822;8,937257764000037;47,770515161000048;08210420335300719200;0
75328;08;2;15;097;2021;04;07;3;3;6;4;0;1;1;0;0;0;0;480064,407862144522369;5441018,865097424015403;8,726775477000047;49,121683710000070;08210406212010713530;0
75330;08;3;37;096;2021;03;08;4;3;5;3;1;1;0;0;0;0;0;421855,848999992944300;5267962,484999485313892;7,961217643000055;47,560375601000032;08210324337100672830;0
75342;08;3;17;026;2021;04;16;1;2;6;4;1;0;1;0;0;0;0;415309,875939215533435;5344352,231507094576955;7,859216831000026;48,246724480000069;08210404317300768970;0
75350;08;1;18;003;2021;04;19;6;3;5;3;1;1;0;0;0;0;0;511204,091941347345710;5416891,448307098820806;9,152890688000070;48,904865182000037;08210409118300715590;0
75368;08;2;15;102;2021;04;17;4;3;5;3;1;1;0;0;0;0;0;455771,974113151431084;5436780,248852014541626;8,394317187000070;49,082289651000053;08210414215102760830;0
75375;08;2;36;071;2021;03;12;1;3;5;3;1;1;0;0;0;0;0;469297,958291810937226;5422429,635243337601423;8,580628965000074;48,954024237000056;08210328231202675830;0
75380;08;3;36;069;2021;04;14;6;3;0;1;1;0;0;0;0;0;0;408348,208927938714623;5267547,745419258251786;7,781783729000040;47,554878096000039;08210423336201733360;0
75381;08;4;17;013;2021;04;20;5;2;6;6;0;0;1;1;0;2;0;504041,082176377996802;5351887,047908904030919;9,054511401000070;48,320159436000040;08210401417010698590;0
75384;08;3;35;028;2021;04;12;3;3;6;4;0;1;1;0;0;0;0;482905,945932382717729;5287006,752791158854961;8,772003182000049;47,736208599000065;08210413335300855050;1
75394;08;3;35;075;2021;04;13;3;2;6;6;0;0;1;1;0;0;0;488910,231821932829916;5290150,188849525526166;8,852006543000073;47,764622977000045;08210427911081966790;0
75405;08;2;16;043;2021;04;12;5;3;0;7;1;0;0;0;0;0;0;441826,532664625905454;5411803,794833023101091;8,206928924000067;48,856471467000063;08210401216100689980;0
75416;08;3;26;074;2021;04;12;1;3;5;3;1;1;0;0;0;0;0;465315,460499615408480;5322666,746429171413183;8,534524212000065;48,056337649000056;08210411326200718530;0
75421;08;2;15;107;2021;04;11;4;3;0;7;1;0;0;0;0;0;0;462076,853000000119209;5457182,100999539718032;8,478732188000038;49,266224491000060;08210428215502738380;0
75427;08;2;36;004;2021;03;18;2;2;3;6;1;1;0;0;0;0;0;472346,407000000588596;5413118,441999526694417;8,622898817000021;48,870408715000053;08210329231000680710;0
75442;08;4;35;029;2021;04;17;1;3;0;1;1;0;0;0;0;0;0;543812,504780262708664;5271771,735997542738914;9,582820534000064;47,597874214000058;08210411435100710640;0
75449;08;4;35;057;2021;04;01;7;3;0;1;1;0;0;0;0;2;0;547149,359000001102686;5279917,966999489814043;9,628084435000062;47,670933559000048;08210403435100700640;0
75456;08;3;37;096;2021;03;10;5;3;5;3;1;1;0;0;0;0;0;421147,230999991297722;5267735,116999488323927;7,951840292000043;47,558244421000040;08210325337100658870;0
75472;08;2;21;000;2021;04;16;5;3;3;6;1;1;0;0;0;0;0;477014,671867976896465;5475173,583357807248831;8,683015735000026;49,428800582000065;08210429221300769000;0
75480;08;1;17;051;2021;04;17;6;3;5;3;1;0;0;0;0;0;1;542871,704463215544820;5392744,730531159788370;9,582490889000042;48,686271650000037;08210416117400720260;0
75481;08;4;36;094;2021;03;16;4;3;3;2;1;0;0;0;0;0;0;571971,842000007629395;5282073,695999493822455;9,959064694000062;47,688041098000042;08210331436300680350;0
75491;08;1;25;058;2021;04;16;7;2;0;6;1;0;0;0;1;0;0;506754,367092940956354;5443629,334993366152048;9,092615275000071;49,145452103000082;08210424121400727520;0
75497;08;3;17;065;2021;04;19;4;3;0;1;1;0;0;0;0;1;0;412912,506821901537478;5353864,723977662622929;7,824969482000029;48,331962957000030;08210414317300729040;0
75501;08;3;15;033;2021;04;11;1;3;5;3;1;1;0;0;0;0;0;399276,782368448562920;5305090,782912183552980;7,652558729000020;47,891239434000056;08210418311400737020;0
75507;08;1;16;049;2021;04;15;4;3;1;7;1;0;0;0;0;0;0;528287,652771587483585;5383958,229782778769732;9,383745391000048;48,608060023000064;08210428116500771820;0
75508;08;4;35;016;2021;04;16;6;3;0;1;1;0;0;0;0;0;0;534893,662538182921708;5277863,827375005930662;9,464666748000070;47,653229123000074;08210423435100738820;0
75509;08;2;26;096;2021;04;10;7;2;6;4;0;1;1;0;0;0;0;477733,402867053635418;5487716,005249749869108;8,692221031000031;49,541642992000050;08210417226600732720;0
75512;08;2;16;043;2021;04;07;2;2;5;2;1;1;0;0;0;0;0;442994,017788087949157;5412259,004717199131846;8,222780151000052;48,860674457000073;08210426211000758260;0
75513;08;1;17;053;2021;04;17;5;3;0;1;1;0;0;0;0;0;0;550340,652881547808647;5400889,764848172664642;9,684957501000042;48,758981815000027;08210422117400733650;0
75516;08;1;25;038;2021;03;19;3;3;5;3;1;1;0;0;0;0;0;500502,690526875667274;5434787,317838834598660;9,006881844000077;49,065951109000082;08210330121400671190;0
75521;08;1;21;000;2021;04;16;1;3;6;2;0;1;1;0;0;0;0;514866,431815147399902;5446263,344361286610365;9,203943897000045;49,169003051000061;08210404121300696050;0
75525;08;4;15;061;2021;04;17;3;3;4;2;1;1;0;0;0;0;0;514546,079090351238847;5370977,707401968538761;9,196877752000034;48,491754033000063;08210427415400737090;0
75528;08;4;25;141;2021;04;05;7;2;8;1;1;0;0;0;0;1;0;564549,843961738981307;5363642,070953816175461;9,872485270000027;48,422619889000032;08210424426010756340;0
75533;08;4;35;016;2021;04;19;7;2;5;3;1;1;0;0;0;0;0;537260,585272931493819;5278491,501286096870899;9,496238558000073;47,658744571000057;08210417436000747230;0
75544;08;4;15;053;2021;03;13;1;3;0;7;1;0;0;0;0;0;0;530944,294987058266997;5361942,270489394664764;9,418151279000028;48,409875509000074;08210328415200677630;0
75550;08;4;37;056;2021;04;17;1;2;0;1;1;0;0;0;0;0;0;524526,882731107063591;5303620,222682651132345;9,328072953000060;47,885445840000045;08210425437100766430;0
75552;08;1;15;021;2021;04;13;3;3;5;3;1;1;0;0;0;0;0;490225,374907127581537;5382596,487562023103237;8,867429829000059;48,596372496000072;08210413115200714930;0
75555;08;1;11;000;2021;03;17;5;3;5;2;1;1;0;0;0;0;0;514263,535239925608039;5406025,503181271255016;9,194260947000032;48,807054513000026;08210325111500678070;0
75567;08;2;15;007;2021;04;14;3;2;6;4;1;0;1;0;0;0;0;479807,590398153290153;5428450,058100169524550;8,723882879000030;49,008613759000070;08210420215302719810;0
75573;08;4;36;064;2021;04;16;4;3;3;2;1;1;0;0;0;0;0;546523,804585655219853;5290927,175376810133457;9,620927711000036;47,770029813000065;08210428436200778650;0
75576;08;2;12;000;2021;04;11;7;3;5;2;1;0;0;1;0;0;0;455174,470179160125554;5428375,696706581860781;8,387064988000077;49,006647222000026;08210403212010692290;0
75581;08;1;18;048;2021;04;07;5;3;5;3;1;1;0;0;0;0;0;514438,943464443087578;5416639,482963083311915;9,197024218000024;48,902531606000082;08210415118400715380;0
75583;08;4;26;045;2021;03;18;3;2;3;3;1;1;0;0;0;0;0;534310,556999999098480;5327187,961999503895640;9,460820103000060;48,097034233000045;08210330426300679060;0
75588;08;2;16;043;2021;03;14;2;3;5;3;1;1;0;0;0;0;0;441600,213072440586984;5411165,437712980434299;8,203934899000046;48,850708197000074;08210329216100661410;0
75593;08;2;31;000;2021;04;18;5;3;6;4;0;1;1;0;0;1;0;475091,556831059977412;5411759,841875163838267;8,660415321000073;48,858303543000034;08210408231000712570;0
75603;08;2;12;000;2021;04;13;7;3;5;3;1;1;0;0;0;0;0;452860,446087644435465;5429798,678238254040480;8,355260274000045;49,019274564000057;08210410212502716570;0
75627;08;3;17;001;2021;04;05;1;3;5;3;1;1;0;0;0;2;0;432205,525735830888152;5386467,051894672214985;8,079952923000064;48,627594421000026;08210418317100730480;0
75633;08;3;17;034;2021;04;14;7;3;5;3;1;1;0;0;0;0;0;426522,781577053479850;5362549,925879564136267;8,007057304000057;48,411817749000079;08210424317500763390;0
75640;08;1;25;065;2021;04;05;6;3;0;7;1;0;0;0;0;1;0;515796,304621800780296;5448528,547235986217856;9,216789164000033;49,189355933000058;08210416121500719250;0
75652;08;2;15;017;2021;03;13;2;3;0;7;1;0;0;0;0;0;0;457309,899414203129709;5420568,743579510599375;8,417082075000053;48,936573573000032;08210329212702676810;0
75657;08;4;17;002;2021;04;11;7;3;5;3;1;1;0;0;0;0;0;489755,851000000722706;5351784,984999509528279;8,861816179000073;48,319171121000068;08210417417010710190;0
75659;08;3;36;091;2021;04;16;2;3;0;7;1;1;0;0;0;0;0;395417,807092675939202;5271966,172661729156971;7,608912117000045;47,592668794000076;08210426311010730960;0
75671;08;2;21;000;2021;04;12;4;2;0;7;1;0;0;0;0;0;0;477681,586958674713969;5473445,724708516150713;8,692310022000072;49,413283636000074;08210428221011740900;0
75673;08;1;17;058;2021;04;14;7;2;0;1;1;0;0;0;0;0;0;546424,178663305938244;5378749,468840993940830;9,629188002000035;48,560120847000064;08210424117010725990;0
75674;08;1;35;025;2021;04;14;6;2;0;6;1;0;0;0;0;0;0;584749,574447315186262;5398321,467459836974740;10,152533425000058;48,732148905000031;08210402135010701150;0
75675;08;1;18;027;2021;04;15;2;2;4;2;1;1;0;0;0;0;0;502386,853792288340628;5412774,765648081898689;9,032546948000061;48,867929101000072;08210426118000755980;0
75701;08;1;26;046;2021;03;17;5;3;6;3;0;1;1;0;0;0;0;550354,138065662235022;5458990,818661430850625;9,692352606000043;49,281595876000040;08210318126100655980;1
75713;08;3;17;065;2021;04;10;7;3;0;3;1;1;0;0;0;0;0;416326,918999988585711;5354320,468999506905675;7,870938534000061;48,336523688000057;08210424317300729360;0
75722;08;2;11;000;2021;05;15;2;3;7;7;0;0;1;1;0;0;0;443363,342741067521274;5402170,151233142241836;8,229207644000041;48,769958147000068;08210503211100782300;0
75724;08;1;17;015;2021;04;16;1;2;5;3;1;0;0;1;0;0;0;558721,411354164592922;5393468,493150793015957;9,797922294000045;48,691492071000027;08210411117010709820;0
75727;08;2;21;000;2021;03;08;2;3;2;2;1;1;0;0;0;0;0;478467,080513350665569;5472955,828559665009379;8,703165546000037;49,408905400000037;08210322221011670340;0
75736;08;3;17;065;2021;04;07;5;3;5;3;1;1;0;0;0;0;0;416327,983507305383682;5354325,506682001054287;7,870951895000076;48,336569143000077;08210429317300743960;0
75741;08;3;35;043;2021;04;18;4;3;5;2;1;1;0;0;0;0;0;511460,089976147748530;5280203,813466629013419;9,152673715000049;47,675123027000041;08210414335100715350;0
75748;08;3;36;050;2021;03;13;1;2;8;1;1;0;0;0;0;0;0;400833,832595377229154;5276799,491752352565527;7,679838469000060;47,636997384000040;08210328311010654350;0
75752;08;4;26;038;2021;04;18;6;1;5;3;1;1;0;0;0;0;0;559278,096000002697110;5313943,074999500066042;9,794295422000062;47,976045899000042;08210423426010757550;0
75753;08;4;36;003;2021;04;14;5;3;7;7;1;0;0;0;0;0;0;580693,433907457627356;5306880,561715951189399;10,079879715000061;47,910171304000073;08210401436100685850;0
75757;08;1;11;000;2021;04;12;3;3;6;7;0;0;1;0;1;0;0;513242,258623573929071;5403672,842055065557361;9,180275984000048;48,785912830000029;08210406111250700000;0
75759;08;2;16;043;2021;03;09;5;3;5;3;1;1;0;0;0;0;0;440874,417502182535827;5412606,579633751884103;8,193834233000075;48,863602464000053;08210325216100648180;0
75769;08;1;18;027;2021;04;15;1;3;0;5;1;1;0;0;0;0;0;502574,220564909279346;5412499,590706776827574;9,035100135000050;48,865452926000046;08210425118200765250;0
75773;08;1;18;018;2021;03;16;3;3;0;7;1;0;0;0;0;0;0;512082,585421804338694;5428398,730568094179034;9,165220047000048;49,008364118000031;08210330118100661760;0
75788;08;1;11;000;2021;04;07;2;3;6;4;0;1;1;0;0;0;0;506405,883322868496180;5405537,076695859432220;9,087236945000029;48,802791341000045;08210419111500714330;1
75789;08;4;36;094;2021;04;15;1;3;3;2;1;0;0;1;0;0;0;572442,232736601494253;5282173,504821494221687;9,965348566000046;47,688886460000049;08210411436300722050;0
75792;08;2;16;043;2021;05;10;4;3;0;1;1;0;0;0;0;0;0;443936,327999997884035;5413434,912999525666237;8,235465286000021;48,871337663000077;08210505216100783410;1
75794;08;1;19;091;2021;04;17;5;3;6;2;0;1;1;0;0;0;0;526916,316869526170194;5406846,112878175452352;9,366635377000023;48,814017295000042;08210429119010774140;0
75807;08;2;16;007;2021;04;17;1;2;8;1;1;0;0;0;0;0;0;436735,909848355688155;5394746,082697523757815;8,140161854000041;48,702540068000076;08210411216200711310;1
75808;08;4;17;013;2021;03;16;1;2;6;7;0;1;1;0;0;0;0;512459,605709982104599;5346954,793164333328605;9,167925530000048;48,275675643000056;08210328417010657300;0
75818;08;2;15;097;2021;03;16;3;2;5;3;1;1;0;0;0;0;0;482967,373282598331571;5442764,786858046427369;8,766487550000022;49,137476167000045;08210330215202677950;0
75823;08;1;11;000;2021;04;15;7;3;0;7;1;0;0;0;0;0;0;507249,974654806777835;5405338,773879673331976;9,098728477000066;48,800998154000069;08210410111370716410;0
75827;08;2;12;000;2021;04;11;6;3;5;3;1;1;0;0;0;0;0;459434,595999999903142;5429936,959999535232782;8,445158002000028;49,020985781000036;08210423212010747540;0
75830;08;1;36;065;2021;03;20;6;3;0;7;1;0;0;0;0;2;0;559031,221482915803790;5404725,134481050074100;9,803744613000049;48,792717865000043;08210326136300670360;0
75844;08;1;15;016;2021;04;12;5;3;6;4;0;1;1;0;0;0;0;490761,070626013912261;5377613,327347185462713;8,874806013000068;48,551550808000059;08210415115200707790;0
75849;08;1;16;019;2021;03;14;7;3;2;2;1;1;0;0;0;0;0;523094,078934783115983;5401395,220988478511572;9,314266022000027;48,765135932000078;08210320116100659790;0
75854;08;3;15;003;2021;04;07;3;3;2;6;1;1;0;0;0;0;0;412601,089298978447914;5312099,802389429882169;7,829343543000050;47,956241715000033;08210420311010717490;0
75874;08;3;35;043;2021;04;12;1;3;4;6;1;0;0;0;0;0;0;513446,705810481682420;5279344,111890956759453;9,179113234000056;47,667349456000068;08210411335100708080;0
75877;08;1;35;019;2021;05;10;5;2;6;4;0;1;1;0;0;0;1;585485,542384227737784;5393439,488952005282044;10,161528701000066;48,688138792000075;08210506135010791360;0
75884;08;3;36;081;2021;04;05;2;3;0;7;1;0;0;0;0;2;0;416710,762683913111687;5280726,803135609254241;7,890408938000064;47,674564974000077;08210426336300740800;0
75887;08;3;11;000;2021;04;21;3;3;6;4;0;1;1;0;0;2;0;414064,897999986074865;5315816,169999498873949;7,848202975000049;47,989870117000066;08210406311010862710;0
75890;08;4;36;006;2021;04;09;6;3;2;6;1;0;0;0;0;0;1;556610,564436432905495;5283182,702280346304178;9,754531882000038;47,699546971000075;08210430436300746760;0
75898;08;1;15;052;2021;04;15;5;2;8;7;1;0;0;0;0;0;0;497110,620981739833951;5410535,844815956428647;8,960616463000065;48,847785995000038;08210401115300686970;0
75902;08;3;11;000;2021;04;16;3;3;7;1;1;0;0;0;0;0;0;411535,144558286294341;5316062,710150096565485;7,814253032000067;47,991742863000070;08210406311010718890;0
75904;08;1;11;000;2021;03;16;5;3;5;2;1;1;0;0;0;0;0;515544,791872753761709;5405756,092086659744382;9,211700587000053;48,804600201000028;08210325111500663910;0
75909;08;3;11;000;2021;04;18;5;2;0;7;1;0;0;0;0;0;0;414543,121697220019996;5313159,308741116896272;7,855139888000053;47,966034612000044;08210408311010703600;0
75916;08;1;16;046;2021;04;10;3;3;5;3;1;1;0;0;0;0;0;527908,162000001408160;5377991,451999517157674;9,378196741000068;48,554399469000032;08210420116500745070;0
75920;08;4;35;016;2021;05;17;4;3;5;3;1;1;0;0;0;0;0;536867,051064617931843;5280150,623383585363626;9,491137663000075;47,673694874000034;08210505435100803280;0
75923;08;2;36;072;2021;04;14;7;3;5;3;1;1;0;0;0;0;0;467340,958557305857539;5410692,910960696637630;8,554837006000071;48,848346268000057;08210424231202749540;0
75933;08;1;19;089;2021;03;13;6;3;3;6;1;0;0;0;0;0;0;536023,066450919024646;5410492,523696374148130;9,490997439000068;48,846357522000062;08210326119500674970;0
75938;08;2;21;000;2021;03;14;1;3;5;2;1;1;0;0;0;0;0;484078,666652397252619;5472534,871481789276004;8,780538260000071;49,405291631000068;08210328221300658020;0
75943;08;2;35;033;2021;04;14;6;2;0;1;1;0;0;0;0;0;0;459158,558697744272649;5406301,242192754521966;8,443748221000021;48,808356625000044;08210402235100687440;0
75951;08;1;36;065;2021;05;17;7;3;5;1;1;1;0;0;0;0;0;558978,248712409287691;5405817,970837952569127;9,803180362000035;48,802553008000075;08210501136300793310;1
75978;08;1;15;028;2021;05;21;4;1;6;4;0;1;1;0;0;2;0;502127,796538798138499;5401956,511788319796324;9,028958350000039;48,770610127000054;08210505118010814010;0
75985;08;3;11;000;2021;04;13;2;3;5;3;1;1;0;0;0;0;0;412446,915884558111429;5318485,727372135967016;7,825976847000049;48,013664100000028;08210412311010699600;0
75987;08;3;15;076;2021;03;14;2;3;4;6;1;0;0;1;0;0;0;391995,095212672837079;5294819,903740346431732;7,557741351000061;47,797673030000055;08210329311400678690;0
76002;08;3;26;005;2021;04;12;1;3;8;1;1;0;0;0;0;0;0;463316,980000001378357;5298244,365999493747950;8,509787214000028;47,836499163000042;08210411326100698490;0
76005;08;4;36;082;2021;05;05;4;2;6;2;0;1;1;0;0;2;0;547716,900999999605119;5295671,959999494254589;9,637372090000042;47,812631200000055;08210505436000814910;1
76011;08;2;12;000;2021;04;11;2;3;5;2;1;1;0;0;0;0;0;455242,350118313916028;5429260,749124865978956;8,387895519000040;49,014613271000030;08210426212302737770;0
76012;08;3;17;118;2021;04;12;4;3;4;6;1;0;0;1;0;0;0;436117,019825380295515;5383856,016842003911734;8,133431849000033;48,604519456000048;08210421317100722100;0
76015;08;3;35;061;2021;03;07;3;3;4;6;1;0;0;0;0;0;0;496406,915481945499778;5279754,081408204510808;8,952135798000029;47,671168061000060;08210330335000678030;0
76023;08;1;26;011;2021;04;15;4;3;4;2;1;1;0;0;0;0;0;532199,520999999716878;5448645,535999536514282;9,441911746000073;49,189766313000064;08210428126200770050;0
76026;08;1;16;056;2021;04;16;2;3;0;1;1;0;0;0;0;0;0;530078,819504017010331;5396270,807650459930301;9,408938531000047;48,718739407000044;08210426116100734950;0
76049;08;1;27;076;2021;04;17;1;2;9;1;1;0;0;0;0;0;0;557153,527595111168921;5439699,234509414061904;9,783089261000043;49,107480382000062;08210425127010735400;0
76056;08;2;16;028;2021;03;10;4;3;8;1;1;0;0;0;0;0;0;427155,210648402571678;5397698,111843330785632;8,009445933000052;48,728047472000071;08210331216200663030;0
76067;08;2;25;033;2021;05;12;1;3;0;1;1;0;0;0;0;0;0;510149,437899688258767;5459043,623822778463364;9,139557861000071;49,284060816000078;08210530225100862750;0
76070;08;1;18;073;2021;05;16;2;2;6;4;0;1;1;0;0;0;0;498774,502472704276443;5418366,649810869246721;8,983272439000075;48,918235864000053;08210517118000837820;1
76072;08;3;26;037;2021;05;12;1;2;0;1;1;0;0;0;0;0;0;456444,845799452625215;5330254,658582091331482;8,414709844000072;48,124058955000066;08210509325000803670;0
76081;08;2;12;000;2021;06;08;2;3;5;3;1;1;0;0;0;0;0;459996,546269081532955;5427874,232860729098320;8,453047125000069;49,002467863000049;08210607212102895700;0
76086;08;1;16;047;2021;06;19;3;3;0;1;1;0;0;0;0;0;0;520880,819175924174488;5390890,399565333500504;9,283616472000062;48,670713293000063;08210601116200867670;0
76087;08;2;15;101;2021;06;20;4;3;2;2;1;1;0;0;0;1;0;464922,800866491161287;5428065,758939392864704;8,520382848000054;49,004490315000055;08210616212102910120;0
76094;08;1;18;018;2021;05;19;6;3;3;3;1;1;0;0;0;0;0;511338,507210958749056;5430241,386973641812801;9,155096881000077;49,024953960000062;08210528118100851590;0
76095;08;3;15;113;2021;06;10;2;2;3;2;1;1;0;0;0;0;0;439727,474726734682918;5308134,902032529935241;8,193194850000054;47,923700503000077;08210628311500934190;0
76097;08;1;25;087;2021;06;13;4;2;8;1;1;0;0;0;0;0;0;506476,923870200291276;5456556,249000201001763;9,089019487000030;49,261736390000067;08210609121100904630;1
76105;08;4;26;028;2021;06;13;5;2;3;6;1;0;0;0;0;0;1;570735,015232055447996;5341712,622164942324162;9,952395489000025;48,224690880000026;08210610426010901420;0
76114;08;3;16;049;2021;06;16;2;3;5;3;1;1;0;0;0;0;0;401649,754957835189998;5338910,867585843428969;7,676523736000036;48,195810020000067;08210614316100888900;0
76118;08;3;35;075;2021;05;13;6;2;0;1;1;0;0;0;0;0;0;493618,286379630677402;5282848,594237152487040;8,914942689000043;47,698989967000045;08210514335200967680;0
76119;08;4;25;110;2021;06;16;3;2;3;6;1;0;0;0;1;0;0;575279,040918121114373;5346428,009223876520991;10,014406344000065;48,266584593000061;08210608426010872770;0
76120;08;1;16;077;2021;05;14;1;3;5;3;1;1;0;0;0;0;0;517928,214639295823872;5390714,915275070816278;9,243505135000021;48,669226380000055;08210509116200789470;0
76123;08;3;16;013;2021;06;15;7;3;5;3;1;1;0;0;0;0;0;404800,430256962776184;5335369,682320887222886;7,719703945000049;48,164438515000029;08210612316100884830;0
76126;08;2;36;068;2021;06;17;3;3;0;7;1;0;0;0;0;0;0;486707,419750158675015;5413032,285193961113691;8,818735527000058;48,870107821000033;08210615231102925540;0
76131;08;3;16;013;2021;05;05;2;3;5;3;1;1;0;0;0;0;0;404315,218575307168067;5335327,305897803977132;7,713189791000048;48,163984496000069;08210510316100790510;0
76133;08;3;16;036;2021;06;13;7;3;5;3;1;1;0;0;0;0;0;411458,080546393990517;5325795,110064392909408;7,811207966000040;48,079277037000054;08210605316100874960;0
76136;08;3;17;145;2021;06;07;4;3;4;6;1;0;0;0;0;0;0;441447,954908832907677;5347925,412788677960634;8,210761832000060;48,281822449000060;08210616317600926900;0
76138;08;1;36;038;2021;06;11;1;3;5;3;1;1;0;0;0;0;0;589423,426615913398564;5413624,667760737240314;10,219412200000022;48,869131094000068;08210627136100930390;0
76146;08;3;17;098;2021;05;16;2;2;0;1;1;0;0;0;0;0;0;440310,910436573438346;5376239,988866569474339;8,191408673000069;48,536424306000072;08210531317100853520;0
76147;08;4;21;000;2021;06;18;4;3;0;1;1;0;0;0;0;0;0;570873,888631938025355;5361332,726497268304229;9,957561930000054;48,401166875000058;08210616426010925000;0
76149;08;1;18;074;2021;05;16;6;3;4;6;1;0;0;0;0;0;0;510872,899976373650134;5428214,404317997395992;9,148673656000028;49,006728497000040;08210514118100822470;0
76153;08;1;21;000;2021;05;15;2;3;0;7;1;1;0;0;0;0;0;516450,390353180468082;5445062,388014147058129;9,225624046000064;49,158159681000029;08210517121200831060;0
76162;08;3;25;011;2021;06;17;7;3;6;4;0;1;1;0;0;0;0;473738,836771625094116;5338772,008958494290709;8,646572806000052;48,201636030000031;08210626325000948830;0
76166;08;1;35;019;2021;06;17;7;2;5;3;1;1;0;0;0;0;0;584037,105000013485551;5392424,561999520286918;10,141645911000069;48,679206931000067;08210626135200928240;0
76168;08;3;15;094;2021;06;15;7;3;0;6;1;1;0;0;0;0;0;431350,423729923553765;5316879,345392914488912;8,079677733000040;48,001523795000026;08210619311500904100;0
76169;08;2;26;041;2021;05;21;2;3;5;3;1;1;0;0;0;0;0;476749,309985575266182;5466922,206704141572118;8,679838987000039;49,354570495000075;08210531226700857910;0
76170;08;1;11;000;2021;06;01;4;3;0;1;1;0;0;0;0;2;0;514061,817648206837475;5403980,845191735774279;9,191443682000056;48,788665605000062;08210616111500961290;0
76171;08;1;18;046;2021;05;09;4;3;5;3;1;1;0;0;0;0;0;514726,805334589444101;5412684,688279891386628;9,200809673000037;48,866948517000026;08210519118300955910;0