OID_;ULAND;UREGBEZ;UKREIS;UGEMEINDE;UJAHR;UMONAT;USTUNDE;UWOCHENTAG;UKATEGORIE;UART;UTYP1;IstRad;IstPKW;IstFuss;IstKrad;IstSonstige;ULICHTVERH;IstGkfz;LINREFX;LINREFY;XGCSWGS84;YGCSWGS84;UIDENTSTLAE;IstStrassenzustand
76173;08;3;17;096;2021;06;11;5;3;4;6;1;0;0;0;0;0;0;422055,570270271040499;5369750,795327741652727;7,945359202000077;48,476052591000041;08210624317500952030;0
76181;08;3;17;141;2021;06;13;3;2;4;7;1;0;0;0;0;0;1;418281,284765854477882;5377097,177900059148669;7,892861601000050;48,541651928000078;08210622317010918900;1
76182;08;3;17;110;2021;06;11;5;3;3;6;1;0;0;0;0;0;0;427629,835531650111079;5382629,712265733629465;8,018534097000042;48,592565163000074;08210603317100873600;0
76184;08;2;26;010;2021;05;18;7;2;5;3;1;0;0;1;0;0;0;484612,628688422031701;5457399,331836961209774;8,788482644000055;49,269160779000060;08210522221011842940;0
76188;08;4;16;036;2021;05;16;5;2;6;7;1;0;1;0;0;0;0;495731,781830816529691;5368377,180440122261643;8,942257070000039;48,468512452000027;08210527416010830970;0
76194;08;3;17;096;2021;06;15;7;3;5;3;1;1;0;0;0;0;0;422321,229496206156909;5368839,768689945340157;7,949122367000029;48,467890849000071;08210605317500895050;0
76195;08;4;36;053;2021;06;11;1;3;0;7;1;0;0;0;0;0;0;530748,456482589244843;5308886,888160878792405;9,411666682000032;47,932562626000049;08210613437100884570;0
76203;08;1;27;076;2021;06;11;5;3;5;3;1;1;0;0;0;0;0;553455,034189782105386;5440752,270151952281594;9,732558288000064;49,117284731000041;08210603127100865690;0
76204;08;3;36;084;2021;06;14;7;2;5;2;1;1;0;0;0;0;0;405615,480843879282475;5278203,467580093070865;7,743175595000025;47,650341733000062;08210612336100903380;0
76206;08;4;35;035;2021;06;17;5;3;4;2;1;1;0;0;0;0;0;541935,611071776598692;5281903,788523163646460;9,558825622000029;47,689159675000042;08210617435100922860;0
76215;08;3;35;043;2021;06;15;2;3;0;7;1;0;0;0;0;0;0;510125,957575717940927;5288185,503964899107814;9,135085638000021;47,746961497000029;08210614335100890300;0
76219;08;2;31;000;2021;05;12;2;3;6;4;0;1;1;0;0;0;0;478852,140522405505180;5415676,380156446248293;8,711481266000021;48,893675131000066;08210531231000854630;0
76221;08;1;19;083;2021;05;15;5;3;5;3;1;1;0;0;0;0;0;534305,675374891608953;5419465,239945854991674;9,468343257000072;48,927168842000071;08210527119100851650;0
76225;08;3;17;040;2021;06;13;1;3;0;7;1;0;0;0;0;0;0;432274,987394542433321;5347798,992653666064143;8,087152493000076;48,279770273000054;08210606317600881820;1
76227;08;1;15;045;2021;06;07;5;3;5;3;1;1;0;0;0;0;0;497347,094434597529471;5396121,073489390313625;8,963932738000040;48,718112416000054;08210617115400957890;0
76230;08;2;15;009;2021;05;16;6;3;6;4;1;0;1;0;0;0;0;469885,834053584374487;5435889,886050235480070;8,587659944000052;49,075132965000080;08210514215402822620;0
76232;08;1;16;049;2021;05;19;1;3;0;1;1;0;0;0;0;0;0;523634,484981003217399;5385575,476449860259891;9,320714596000073;48,622801935000041;08210509116500810820;0
76237;08;3;26;017;2021;06;07;3;2;0;1;1;0;0;0;0;0;0;439755,321999996900558;5321606,491999501362443;8,191677492000053;48,044897823000042;08210615326300889630;0
76247;08;4;35;059;2021;06;06;4;3;5;3;1;1;0;0;0;0;0;513958,168000000528991;5290797,049999494105577;9,186292976000061;47,770387375000041;08210616435200910180;0
76253;08;4;25;066;2021;05;15;7;2;4;2;1;1;0;0;0;0;0;577462,634000008925796;5346916,764999505132437;10,043915421000065;48,270717777000073;08210508426010793050;0
76257;08;4;35;024;2021;05;15;2;3;8;1;1;0;0;0;0;0;0;529335,075810617767274;5279826,024729633703828;9,390778662000059;47,671159917000068;08210531435100842880;0
76259;08;1;35;019;2021;05;16;5;3;1;3;1;1;0;0;0;0;0;584612,595593938603997;5392445,392391037195921;10,149466591000021;48,679316552000046;08210520135200838010;0
76262;08;1;27;014;2021;06;15;6;3;5;3;1;1;0;0;0;0;0;575258,004000008106232;5443619,235999532043934;10,031842054000037;49,140787768000052;08210618127202915490;0
76265;08;1;16;078;2021;05;09;2;3;0;1;1;0;0;0;0;0;0;510845,986038215458393;5393238,132212612777948;9,147379324000042;48,692088629000068;08210517116200804350;0
76268;08;4;35;035;2021;06;10;3;3;6;4;0;1;1;0;0;0;0;542859,502192051149905;5283463,568416750058532;9,571289862000071;47,703132738000079;08210622436000955640;0
76269;08;1;25;056;2021;06;12;6;3;6;4;0;1;1;0;0;0;0;511115,457991049624979;5436062,589235311374068;9,152205618000039;49,077322672000037;08210604121400867300;0
76273;08;1;28;007;2021;05;17;2;2;0;1;1;0;0;0;0;0;0;554440,233304896391928;5484737,542101465165615;9,752058000000034;49,512817370000050;08210524128100836930;0
76285;08;4;26;021;2021;06;01;1;2;0;1;1;0;0;0;0;2;0;558931,762249327264726;5326803,573033720254898;9,791424982000024;48,091774489000045;08210606426010885260;1
76297;08;3;27;046;2021;06;12;5;3;5;3;1;0;0;0;1;0;0;480824,805271812714636;5324391,978065516799688;8,742583325000055;48,072514227000056;08210610327200925190;0
76311;08;1;11;000;2021;06;01;7;3;6;4;0;0;1;0;1;2;0;512618,485552712343633;5402477,243316283449531;9,171747473000039;48,775170288000027;08210626111500951460;0
76313;08;1;17;044;2021;05;19;1;3;3;6;1;1;0;0;0;0;0;537306,745209582149982;5390991,160213187336922;9,506725761000041;48,670854407000036;08210509117400793150;0
76314;08;4;35;016;2021;06;07;2;3;7;7;1;0;0;0;0;0;0;538746,395065585151315;5279408,158763764426112;9,516107130000023;47,666904772000066;08210621435100926580;0
76315;08;1;17;049;2021;06;11;7;3;5;3;1;1;0;0;0;0;0;555953,334699814207852;5392620,112955488264561;9,760197584000025;48,684114978000025;08210612117100930500;0
76318;08;2;31;000;2021;06;07;3;3;5;3;1;1;0;0;0;0;0;481912,035591256804764;5417465,919199019670486;8,753147489000071;48,909870149000028;08210615231000918500;0
76323;08;3;16;014;2021;06;06;4;2;5;3;1;1;0;0;0;0;0;425729,763999994844198;5330226,675999501720071;8,002019787000052;48,120964411000045;08210609316200885860;0
76334;08;3;17;153;2021;05;19;7;3;0;7;1;0;0;0;0;0;0;421750,002409294247627;5390405,936230707913637;7,937339340000051;48,661802448000060;08210508317200798640;0
76338;08;1;15;003;2021;06;15;3;3;6;4;0;1;1;0;0;0;0;500540,099999999627471;5392847,719999521970749;9,007338584000024;48,688670471000080;08210601115100871390;0
76339;08;1;36;050;2021;06;11;4;1;6;2;0;1;1;0;0;0;0;581147,894342162646353;5403922,496991178020835;10,104667045000042;48,783005827000068;08210616136010932110;0
76348;08;3;26;031;2021;06;07;3;3;0;1;1;0;0;0;0;0;0;456987,234616695903242;5331935,312660967931151;8,421828318000053;48,139215881000041;08210615326300921690;0
76351;08;2;12;000;2021;05;14;6;3;5;2;1;1;0;0;0;0;0;454030,657029632478952;5426638,794514270499349;8,371622270000046;48,990939514000047;08210528212010833690;0
76356;08;3;25;014;2021;06;09;4;3;0;7;1;0;0;0;0;0;0;462971,918582917191088;5340413,458381609991193;8,501531367000041;48,215866596000069;08210623325302914700;0
76357;08;1;27;012;2021;06;07;6;3;0;4;0;0;1;0;1;0;0;565973,602034002542496;5432451,494177466258407;9,902740738000034;49,041408506000039;08210604127100875290;0
76360;08;4;15;053;2021;05;18;6;2;0;1;1;0;0;0;0;0;0;536133,293000000528991;5361622,443999510258436;9,488240378000057;48,406722107000064;08210528415200834720;0
76366;08;1;36;002;2021;06;17;2;3;3;6;1;0;0;0;1;0;0;572801,027000006288290;5419838,824999526143074;9,993890073000046;48,927198051000062;08210621136100928950;0
76368;08;4;26;097;2021;06;17;7;2;5;3;1;1;0;0;0;0;0;534112,934351880103350;5334421,744146279990673;9,458745204000024;48,162124977000076;08210619426010925010;0
76375;08;3;17;021;2021;05;17;7;3;5;3;1;1;0;0;0;0;0;425878,957999993115664;5371731,781999517232180;7,996732332000022;48,494334025000057;08210529317500854740;0
76378;08;1;27;043;2021;06;14;4;2;0;7;1;0;0;0;0;0;0;567234,941010581329465;5446681,001621231436729;9,922367052000027;49,169256498000038;08210609127100891370;0
76382;08;1;19;083;2021;06;13;1;3;0;2;1;0;0;0;0;0;0;535461,204673142172396;5418455,093746768310666;9,484030216000065;48,918017022000072;08210613119100902350;0
76384;08;3;35;035;2021;06;17;4;3;8;1;1;0;0;0;0;0;0;485098,038664745166898;5289859,750909779220819;8,801142889000062;47,761932889000036;08210602335300169480;0
76389;08;1;19;067;2021;06;18;6;2;5;3;1;0;0;0;1;0;0;539189,192000001668930;5405849,719999525696039;9,533706431000041;48,804401334000033;08210611119300911520;0
76393;08;2;15;064;2021;05;17;2;3;4;6;1;0;0;0;0;0;0;481077,101698544807732;5446542,996150022372603;8,740395191000061;49,171406908000051;08210524215202824430;0
76395;08;1;27;014;2021;05;13;3;3;5;3;1;1;0;0;0;0;0;578401,132225282490253;5442782,943832324817777;10,074766185000044;49,132873187000030;08210511127202818100;0
76396;08;1;19;093;2021;06;11;6;3;0;1;1;0;0;0;0;0;0;523970,277725658379495;5406241,245943944901228;9,326471871000024;48,808696697000073;08210625119200922620;1
76401;08;4;36;004;2021;06;09;2;2;0;1;1;0;0;0;0;0;0;579561,413591400720179;5307550,851810220628977;10,064856897000027;47,916342527000040;08210628436500948360;0
76403;08;4;36;009;2021;06;14;3;2;4;2;1;1;0;0;0;0;0;556001,421000001952052;5308149,062999496236444;9,749639450000075;47,924215315000026;08210608436400887290;0
76405;08;3;11;000;2021;06;17;3;3;3;3;1;0;0;0;0;0;0;413805,760112170130014;5315852,651499593630433;7,844723128000055;47,990163406000079;08210622311010947430;0
76408;08;1;19;093;2021;06;18;4;3;0;7;1;1;0;0;0;0;0;523340,616000000387430;5406202,232999522238970;9,317893887000025;48,808369714000037;08210602119200864950;1
76411;08;3;26;074;2021;06;07;6;3;5;3;1;0;0;0;1;0;0;465560,109874987043440;5323806,129839140921831;8,537715590000062;48,066601704000050;08210618326200934440;0
76415;08;3;17;141;2021;05;21;2;3;3;6;1;1;0;0;0;2;0;419007,394200000911951;5376885,545999512076378;7,902738310000075;48,539842538000073;08210510317200792460;1
76420;08;3;17;141;2021;05;12;6;3;5;3;1;1;0;0;0;0;0;415816,863999987021089;5379952,260999511927366;7,858902612000065;48,567006175000074;08210528317200846310;0
76429;08;1;17;017;2021;05;16;5;2;0;1;1;0;0;0;0;0;0;546683,176050944253802;5387692,837838264182210;9,633703562000051;48,640553419000071;08210520117010840000;0
76431;08;1;15;045;2021;06;14;6;3;5;2;1;1;0;0;0;0;0;500054,469422116875648;5394519,060183621942997;9,000740321000023;48,703706234000038;08210618115400915800;0
76442;08;3;26;012;2021;06;13;4;3;0;1;1;0;0;0;0;0;0;462582,197000000625849;5310480,500999495387077;8,498907415000076;47,946545498000035;08210602326100881140;0
76443;08;3;17;031;2021;05;10;2;2;4;6;1;0;0;0;0;0;0;421437,215279797092080;5362708,729977812618017;7,938315067000076;48,412632672000029;08210524317500859220;0
76451;08;1;19;067;2021;06;13;3;3;3;2;1;1;0;0;0;0;0;539211,962999999523163;5405867,762999525293708;9,534018252000067;48,804562204000035;08210601119300878850;0
76468;08;1;11;000;2021;06;09;6;3;6;6;1;0;1;0;0;0;0;515797,036978907883167;5405487,174821304157376;9,215125477000072;48,802174698000044;08210611111500915220;0
76470;08;2;16;024;2021;05;17;2;2;5;3;1;0;0;0;0;0;0;444607,740283768624067;5407711,918858779594302;8,245394328000032;48,819919234000054;08210531211000856990;0
76477;08;4;36;081;2021;06;16;2;1;0;7;1;0;0;0;0;0;0;556597,671903050504625;5275337,377696976065636;9,753343773000040;47,628964215000053;08210614436500889840;0
76481;08;1;11;000;2021;06;07;2;3;5;3;1;1;0;0;0;0;0;514111,999824400991201;5406042,987303812056780;9,192197737000072;48,807215257000053;08210628111500933820;0
76487;08;3;17;057;2021;06;23;7;3;5;3;1;0;0;0;1;2;0;411996,587568520568311;5380974,521118830889463;7,806914114000051;48,575675951000051;08210612317200909060;0
76488;08;2;12;000;2021;06;14;4;3;5;3;1;1;0;0;0;0;0;458992,293610361404717;5428818,361621798947453;8,439221658000065;49,010894563000079;08210602212010864170;0
76493;08;4;36;083;2021;06;14;5;2;4;1;1;1;0;0;0;0;0;530728,769151062704623;5300725,601063353940845;9,410821853000073;47,859135496000079;08210603436000883720;0
76496;08;4;36;006;2021;06;07;2;2;5;3;1;1;0;0;0;0;0;556107,552969628013670;5283919,588120346888900;9,747922932000051;47,706220536000046;08210614436500939870;0
76497;08;1;16;049;2021;05;16;7;3;0;1;1;0;0;0;0;0;0;524934,370132343843579;5385823,794643094763160;9,338368362000040;48,624985350000031;08210508116500855300;0
76498;08;1;35;020;2021;06;13;7;2;0;7;1;0;0;0;0;0;0;589754,404695422388613;5386497,865967258810997;10,218013000000042;48,625105691000044;08210626135100928500;0
76507;08;4;35;016;2021;06;13;7;3;0;1;1;0;0;0;0;0;0;536203,722431077621877;5278198,151622978970408;9,482139422000046;47,656165197000064;08210605435100869440;1
76512;08;3;35;075;2021;06;21;1;2;0;1;1;0;0;0;0;1;0;490362,871172999963164;5292123,515355324372649;8,871348241000021;47,782401383000035;08210627335300170130;0
76514;08;4;35;029;2021;06;17;3;2;0;7;1;0;0;0;0;0;0;545068,796897138468921;5271551,102182548493147;9,599508888000059;47,595802975000026;08210608435100874140;1
76515;08;1;11;000;2021;05;13;1;3;5;2;1;0;0;0;1;0;0;511024,676000001840293;5397120,458999522030354;9,149911133000046;48,727011069000071;08210509111210800020;0
76522;08;2;36;028;2021;06;17;6;3;0;7;0;1;1;0;0;0;0;494098,707163397222757;5422594,396660452708602;8,919388488000038;48,956240517000026;08210618231102967100;0
76526;08;3;26;074;2021;05;11;2;3;0;3;1;0;0;0;1;0;0;465707,029762096703053;5323523,492074852809310;8,539710293000041;48,064066788000048;08210510326200802790;0
76527;08;3;36;069;2021;06;19;4;3;0;1;1;0;0;0;0;1;0;405414,538306307047606;5269682,647761013358831;7,742339863000041;47,573662295000076;08210623336200958570;1
76535;08;4;25;033;2021;06;07;6;3;5;3;1;1;0;0;0;0;0;561617,757535547018051;5345978,213868102058768;9,830273455000054;48,264014811000038;08210625425000942120;0
76536;08;1;16;019;2021;06;14;3;3;3;6;1;0;0;0;0;0;0;523451,564672766253352;5397022,701539285480976;9,318881679000071;48,725787922000052;08210608116100887990;0
76537;08;2;36;004;2021;05;15;7;3;5;3;1;1;0;0;0;0;0;469508,417000001296401;5413366,433999529108405;8,584180792000041;48,872506490000035;08210508231202788180;0
76538;08;4;15;091;2021;06;11;2;1;0;7;1;0;0;0;0;0;1;513609,025210478343070;5354683,466701425611973;9,183666210000069;48,345184171000028;08210621416010916380;0
76539;08;4;35;016;2021;06;11;6;3;0;3;1;1;0;0;0;0;0;537359,300399919971824;5278833,727121274918318;9,497582458000068;47,661818014000062;08210611435100880750;0
76540;08;2;12;000;2021;06;20;1;3;5;2;1;1;0;0;0;1;0;458080,139704688452184;5427641,042781535536051;8,426870197000028;49,000243102000070;08210620212010942820;1
76543;08;1;21;000;2021;06;16;3;3;0;7;1;0;0;0;0;0;0;513943,704789103008807;5441524,422883167862892;9,191121591000069;49,126396525000075;08210615121300892330;0
76544;08;1;27;076;2021;06;11;6;3;6;4;0;0;1;0;1;0;0;553417,201044000685215;5440475,132291084155440;9,732003176000035;49,114795247000075;08210618127100928730;0
76546;08;1;19;044;2021;05;17;6;2;5;3;1;1;0;0;0;0;0;540404,766000000759959;5426349,082999531179667;9,552287920000026;48,988722688000053;08210528119010854250;0
76552;08;1;18;048;2021;06;16;6;3;5;3;1;1;0;0;0;0;0;512724,892433452419937;5417118,772626247256994;9,173650475000045;48,906880750000028;08210604118400877810;0
76560;08;2;15;017;2021;05;17;6;3;0;7;1;0;0;0;0;0;0;457938,899695065803826;5417957,435472793877125;8,425939700000072;48,913127204000034;08210507212702794020;0
76564;08;4;37;104;2021;05;17;2;3;5;3;1;1;0;0;0;0;0;516865,821008618921041;5326357,333775060251355;9,226492449000034;48,090261778000070;08210531437200858710;0
76566;08;1;36;065;2021;05;12;4;2;0;7;1;0;0;0;0;0;0;555874,882158176973462;5404507,783111261203885;9,760743716000036;48,791054402000043;08210519136300825530;1
76581;08;3;35;098;2021;05;15;7;3;5;7;1;0;0;0;0;0;0;504365,017894684337080;5296413,510532980784774;9,058314459000030;47,821057898000049;08210522335400829140;0
76584;08;1;18;049;2021;05;18;2;2;0;7;1;0;0;0;0;0;0;519029,718828027136624;5421007,690513240173459;9,259870083000067;48,941702425000074;08210531118500853920;0
76586;08;1;19;091;2021;05;12;5;2;5;3;1;0;0;0;0;0;0;528787,135000001639128;5407199,638999523594975;9,392142563000050;48,817113645000063;08210527119400850370;0
76589;08;2;15;100;2021;06;09;5;3;0;3;1;0;0;0;1;0;0;473244,070000001229346;5450340,661999538540840;8,632682359000057;49,205275866000079;08210624215202949990;0
76593;08;4;36;064;2021;05;12;6;2;3;6;1;0;0;0;0;0;0;548060,629000000655651;5284399,419999493286014;9,640716521000058;47,711186600000076;08210528436200839580;0
76595;08;1;27;052;2021;05;11;6;2;8;1;1;0;0;0;0;0;0;537227,607552709989250;5438379,888179233297706;9,509966955000039;49,097141812000075;08210514127100822250;0
76597;08;2;25;118;2021;05;13;1;1;2;2;1;1;0;0;0;0;0;504109,016647022217512;5477455,632135929539800;9,056690404000051;49,449747985000045;08210509121600809200;0
76601;08;1;36;002;2021;06;16;3;2;5;3;1;0;0;1;0;0;0;570713,431000007316470;5413101,565999526530504;9,964227880000067;48,866841820000047;08210601136010873930;0
76607;08;3;11;000;2021;05;15;2;3;0;7;1;0;0;0;0;0;0;414055,420357701368630;5315898,122094627469778;7,848059564000039;47,990606034000052;08210517311010805130;1
76618;08;2;12;000;2021;06;18;3;3;5;3;1;1;0;0;0;0;0;456364,129552075639367;5426316,869706910103559;8,403552371000046;48,988213063000046;08210608212010876670;1
76619;08;2;21;000;2021;05;14;7;3;3;2;1;1;0;0;0;0;0;483057,702324192970991;5473705,617484014481306;8,766415313000039;49,415794806000065;08210508221300806880;0
76621;08;3;26;074;2021;06;14;6;3;0;1;1;0;0;0;0;0;0;465294,286401629447937;5320916,693219179287553;8,534382004000065;48,040591595000080;08210611326200880800;0
76625;08;1;36;033;2021;05;14;5;2;0;7;1;0;0;0;0;0;0;580451,671511892229319;5415116,105390308424830;10,097388081000076;48,883774143000039;08210520136100814640;0
76631;08;3;15;113;2021;05;20;3;3;3;2;1;1;0;0;0;0;0;439747,736571541056037;5308131,301672160625458;8,193466550000039;47,923670018000053;08210525311500825720;0
76637;08;4;15;088;2021;06;15;1;3;0;1;1;0;0;0;0;0;0;540341,979545544832945;5372734,789692191407084;9,546177733000036;48,506434095000031;08210613415100917970;0
76638;08;1;16;019;2021;05;16;6;2;6;4;0;1;1;0;0;0;0;522460,136275902390480;5398983,165136585012078;9,305507818000024;48,743460583000058;08210521116010836540;0
76643;08;1;11;000;2021;05;18;4;3;0;7;1;0;0;0;0;0;0;512261,260718816891313;5407276,991108473390341;9,167028672000072;48,818355467000060;08210526111370852590;0
76644;08;1;19;020;2021;05;17;3;3;0;1;1;0;0;0;0;0;0;519445,849285861477256;5409014,100806945934892;9,264982008000061;48,833798796000053;08210518119200810740;0
76648;08;2;26;102;2021;06;06;2;3;4;6;1;1;0;0;0;0;0;483516,869283248670399;5453743,577715478837490;8,773570728000038;49,236248165000063;08210614221011889730;0
76650;08;3;15;109;2021;06;13;4;2;8;7;1;0;0;0;0;0;0;425998,478999993763864;5318166,843999503180385;8,007717674000048;48,012508733000061;08210616311010926050;0
76655;08;1;11;000;2021;06;18;3;3;5;3;1;1;0;0;0;0;0;517796,799974246881902;5404490,951109183952212;9,242315021000024;48,793158775000052;08210608111500963600;0
76658;08;2;35;080;2021;06;18;6;3;3;6;1;0;0;0;1;0;0;482829,120138744823635;5387781,071401752531528;8,766902778000031;48,642854565000050;08210611235200905840;0
76660;08;3;37;096;2021;06;17;3;3;5;3;1;1;0;0;0;0;0;421895,438905752263963;5267975,879067502915859;7,961741448000055;47,560500864000062;08210601337100863200;0
76663;08;1;26;066;2021;06;07;3;3;4;2;1;1;0;0;0;0;0;535900,657000000588596;5450471,961999539285898;9,492868120000026;49,205989447000036;08210615126200906430;0
76668;08;1;15;028;2021;06;14;5;3;5;3;1;1;0;0;0;0;0;498892,951145512051880;5404307,138162655755877;8,984927234000054;48,791758920000063;08210610115300895270;0
76679;08;2;16;043;2021;05;22;6;2;8;1;1;0;0;0;0;2;0;441600,834709545597434;5411153,505427630618215;8,203945073000057;48,850600925000037;08210507216100794800;0
76681;08;1;17;019;2021;06;11;6;3;3;2;1;1;0;0;0;0;0;552532,924795470200479;5393512,929937157779932;9,713844342000073;48,692443487000048;08210611117100879630;0
76684;08;1;18;010;2021;06;17;4;3;0;7;1;0;0;0;0;0;0;506600,360516681335866;5433036,354099541902542;9,090330472000062;49,050165125000035;08210616118100927900;0
76685;08;3;35;075;2021;05;13;4;3;5;2;1;1;0;0;0;0;0;488714,200290966778994;5287913,231038108468056;8,849448570000050;47,744492451000042;08210519335300836870;0
76693;08;2;26;098;2021;06;13;4;3;5;3;1;1;0;0;0;0;0;478967,858212511986494;5460674,895224405452609;8,710717285000044;49,298456562000069;08210609226700891550;0
76696;08;1;11;000;2021;06;07;6;3;5;3;1;1;0;0;0;0;0;507495,461271587759256;5405705,085346397012472;9,102078138000024;48,804290548000040;08210604111340885670;0
76703;08;3;36;105;2021;05;18;4;3;6;7;0;1;1;0;0;0;0;399216,207245482131839;5267474,445555696263909;7,660452536000037;47,552865449000080;08210526336200832260;0
76708;08;3;15;084;2021;06;20;2;2;3;6;1;1;0;0;0;0;0;421908,921284575015306;5309672,892753390595317;7,954434080000055;47,935612769000045;08210614311010919760;0
76709;08;1;25;066;2021;06;11;5;2;5;3;1;1;0;0;0;0;0;513594,731999999843538;5432459,627999534830451;9,186033507000047;49,044862572000056;08210617121400967890;0
76715;08;1;18;021;2021;06;19;3;3;0;1;1;0;0;0;0;0;0;523861,286574116908014;5425563,262816164642572;9,326116111000033;48,982514699000035;08210622118500925970;1
76726;08;1;25;006;2021;05;17;2;3;5;3;1;1;0;0;0;0;0;499757,170055155642331;5452740,358672477304935;8,996664831000032;49,227445811000052;08210510121100792230;0
76734;08;1;18;079;2021;05;19;5;3;9;7;1;0;0;0;0;0;0;508606,203000000678003;5423548,526999531313777;9,117580623000038;48,964791811000055;08210513118100818490;0
76738;08;2;31;000;2021;06;17;2;3;6;4;0;1;1;0;0;0;0;477872,011888848617673;5414862,148900650441647;8,698153724000065;48,886316351000062;08210621231000928020;0
76741;08;3;37;127;2021;05;07;2;2;0;1;1;0;0;0;0;0;0;454699,471872958354652;5297001,890978321433067;8,394763324000053;47,824771212000030;08210531337010851310;0
76746;08;1;28;131;2021;06;20;6;3;4;2;1;1;0;0;0;0;0;539406,131752293556929;5506902,381913350895047;9,546607986000026;49,713337014000047;08210618128300933370;0
76747;08;2;26;013;2021;05;16;7;3;0;1;1;0;0;0;0;0;0;503270,757064437493682;5483917,420125296339393;9,045178724000039;49,507875982000030;08210529226100855780;0
76751;08;3;35;061;2021;05;14;1;3;0;1;1;0;0;0;0;0;0;494159,667843564413488;5278519,165088778361678;8,922216292000030;47,660040254000080;08210509335200801570;0
76758;08;3;26;068;2021;06;14;7;3;6;4;0;1;1;0;0;0;0;448240,732291631400585;5321911,316439678892493;8,305482765000022;48,048384714000065;08210626326300955510;0
76760;08;1;17;024;2021;06;01;7;3;0;1;1;0;0;0;0;2;0;560223,318307957611978;5384999,987680474296212;9,817096537000054;48,615172661000031;08210626117200941390;0
76761;08;2;12;000;2021;06;10;6;3;5;2;1;1;0;0;0;0;0;455879,064000001177192;5430230,743999533355236;8,396497210000064;49,023384321000037;08210611212010897350;0
76771;08;2;26;046;2021;06;17;5;3;5;3;1;1;0;0;0;0;0;477133,557228993624449;5455529,774792110547423;8,685782234000044;49,252110037000080;08210617226700898960;0
76774;08;2;15;009;2021;05;13;7;3;0;7;1;0;0;0;0;0;0;465979,408659718930721;5439377,623164856806397;8,533879110000044;49,106302308000068;08210515215402800670;0
76776;08;3;15;041;2021;05;13;1;3;5;3;1;1;0;0;0;0;0;421040,090385421179235;5322341,662207882851362;7,940472690000036;48,049470253000038;08210509311010811890;0
76778;08;4;35;016;2021;06;14;4;3;5;3;1;1;0;0;0;0;0;535552,531999999657273;5279899,197999492287636;9,473605985000063;47,671506321000038;08210602435100896450;0
76779;08;3;15;113;2021;06;11;7;3;6;4;0;1;1;0;0;0;0;441092,769333641044796;5306944,577149745076895;8,211631520000026;47,913118723000025;08210612311500908670;0
76785;08;2;36;004;2021;06;17;4;2;3;6;1;1;0;0;0;0;0;470432,054599415510893;5411498,242328274995089;8,596911264000028;48,855745706000050;08210602231202883070;0
76786;08;4;35;030;2021;05;13;1;3;0;1;1;0;0;0;0;0;0;542325,904513956978917;5271514,392086356878281;9,563021037000055;47,595657559000074;08210523435100821870;0
76791;08;2;16;015;2021;06;14;6;3;8;1;1;0;0;0;0;0;0;452975,460999999195337;5408709,325999524444342;8,359264841000027;48,829581041000040;08210611216300881680;0
76794;08;1;18;071;2021;06;19;4;3;0;7;1;0;0;0;0;0;0;511156,071999999694526;5418913,695999531075358;9,152290696000023;48,923057622000044;08210616118400930610;0
76800;08;4;36;013;2021;06;19;5;3;0;3;1;1;0;0;0;0;0;546574,940145609900355;5295850,609577393159270;9,622138641000049;47,814322177000065;08210617436000929070;0
76801;08;4;16;025;2021;05;18;7;3;0;1;1;0;0;0;0;0;0;507701,941730656661093;5362411,114114837720990;9,104086554000048;48,414806188000057;08210529416200848350;0
76805;08;4;36;052;2021;05;10;7;1;5;3;1;0;0;0;1;0;0;567431,949584108777344;5289808,711094984784722;9,899773664000065;47,758118933000048;08210515436500800890;0
76809;08;1;11;000;2021;06;16;6;3;5;3;1;1;0;0;0;0;0;507815,722001750022173;5407489,688189417123795;9,106473641000036;48,820340703000056;08210604111330889010;0
76818;08;1;35;032;2021;05;15;3;3;3;2;1;1;0;0;0;0;0;581273,785737873986363;5392468,167240902781487;10,104122129000075;48,679965005000042;08210511135200968860;0
76819;08;1;36;065;2021;06;17;5;3;7;7;1;0;0;0;1;0;0;553837,111308234743774;5404125,003767510876060;9,732951468000067;48,787790990000076;08210624136010936600;0
76823;08;1;25;111;2021;05;13;7;3;0;1;1;0;0;0;0;0;0;529745,606867443770170;5454327,585431087762117;9,408655873000043;49,241000581000037;08210529121500837420;0
76824;08;1;21;000;2021;06;14;2;3;3;6;1;1;0;0;0;0;0;513830,009781554341316;5446068,647378968074918;9,189719221000075;49,167275926000059;08210628121300963470;0
76827;08;3;17;096;2021;06;10;3;3;4;6;1;1;0;0;0;0;0;422376,059019744396210;5371030,397042645141482;7,949457191000022;48,487602151000033;08210608317500958480;0
76829;08;4;26;031;2021;06;15;2;1;5;3;1;1;0;0;0;0;0;580493,017113013193011;5329062,149831032380462;10,081361945000026;48,109732594000036;08210621426010915360;0
76836;08;1;18;079;2021;05;22;1;2;5;3;1;1;0;0;0;2;0;509651,665000000968575;5423162,057999532669783;9,131854847000056;48,961299829000041;08210530118010849510;0
76846;08;3;35;063;2021;05;12;6;3;0;7;1;0;0;0;0;0;0;498868,858891636133194;5290459,311451714485884;8,984904040000060;47,767498743000033;08210528335200833200;0
76850;08;3;35;061;2021;05;17;7;3;0;1;1;0;0;0;0;0;0;492222,625358376652002;5278401,520462205633521;8,896420174000070;47,658961332000047;08210508335010788090;0