OID_;ULAND;UREGBEZ;UKREIS;UGEMEINDE;UJAHR;UMONAT;USTUNDE;UWOCHENTAG;UKATEGORIE;UART;UTYP1;IstRad;IstPKW;IstFuss;IstKrad;IstSonstige;ULICHTVERH;IstGkfz;LINREFX;LINREFY;XGCSWGS84;YGCSWGS84;UIDENTSTLAE;IstStrassenzustand
76851;08;2;25;014;2021;06;13;2;2;6;4;0;0;1;0;1;0;0;523532,308171479031444;5485763,842642702162266;9,325157409000042;49,524036142000057;08210621225200949960;0
76852;08;1;11;000;2021;06;17;7;3;5;3;1;1;0;0;0;0;0;513224,723041191697121;5406672,432860447093844;9,180133858000033;48,812897182000029;08210612111500900530;0
76855;08;2;15;007;2021;06;08;4;3;6;3;0;0;1;1;0;0;0;478492,097483253106475;5431020,607836231589317;8,705758395000032;49,031692606000036;08210616215302925440;0
76862;08;1;25;013;2021;05;15;2;3;5;3;1;1;0;0;0;0;0;504910,186302037909627;5436275,817089071497321;9,067238600000053;49,079321529000026;08210517121400821420;1
76870;08;1;11;000;2021;06;20;1;3;0;7;1;0;0;0;0;0;0;517128,441135053522885;5400516,099991893395782;9,233049392000055;48,757420206000063;08210627111240930440;0
76871;08;1;11;000;2021;06;08;3;3;6;4;0;1;1;0;0;0;0;507989,844384991563857;5397431,961724147200584;9,108650286000056;48,729859653000062;08210615111500951080;0
76873;08;1;25;007;2021;06;14;7;3;0;7;1;0;0;0;0;0;0;510360,942987204529345;5452495,889801258221269;9,142296707000071;49,225159155000028;08210626121500930350;0
76876;08;1;19;020;2021;05;06;2;3;0;1;1;0;0;0;0;0;0;519288,832004941068590;5404722,888476919382811;9,262640685000065;48,795200751000039;08210531119200839510;0
76877;08;4;35;059;2021;06;14;1;3;0;1;1;0;0;0;0;0;0;511339,973898212425411;5291757,206751748919487;9,151374406000059;47,779077791000077;08210620435200909020;0
76886;08;1;11;000;2021;06;08;2;3;0;7;1;0;0;0;0;0;0;514901,862446322105825;5404522,390398060902953;9,202899985000045;48,793517722000047;08210628111500934520;0
76887;08;1;27;076;2021;05;16;6;3;5;2;1;1;0;0;0;0;0;560854,920628147199750;5440091,521588923409581;9,833857583000054;49,110653675000037;08210514127100800210;0
76892;08;3;15;006;2021;06;15;7;3;5;3;1;1;0;0;0;0;0;402299,263999974355102;5305202,043999487534165;7,692956231000039;47,892707528000074;08210612311400916140;0
76895;08;4;37;053;2021;05;09;7;3;2;6;1;0;0;1;0;0;0;527999,252083043567836;5319649,973634118214250;9,375562336000030;48,029524397000046;08210522437100829210;0
76896;08;4;35;047;2021;06;18;3;3;5;3;1;1;0;0;0;0;0;513054,396000000648201;5293925,877999497577548;9,174324923000029;47,798557901000038;08210615435200893050;0
76897;08;4;26;005;2021;06;14;6;3;5;3;1;1;0;0;0;0;0;546572,014773571863770;5328731,374066859483719;9,625661610000066;48,110141180000028;08210618426300915700;0
76899;08;4;25;071;2021;05;17;5;3;0;7;1;1;0;0;0;0;0;550690,734000001102686;5370851,406999513506889;9,686048309000057;48,488741634000064;08210527425000834230;0
76901;08;3;36;050;2021;05;13;2;3;5;2;1;1;0;0;0;0;0;399251,426764870993793;5275312,163705488666892;7,659120722000068;47,623374106000028;08210517311010804840;0
76909;08;2;35;080;2021;06;09;1;3;8;1;1;0;0;0;0;0;0;484252,331354429014027;5388525,388476382941008;8,786194630000068;48,649588000000051;08210627235200929550;0
76910;08;3;15;107;2021;05;15;5;3;8;1;1;0;0;0;0;0;0;411835,302838247269392;5310894,566134147346020;7,819335536000040;47,945295196000075;08210513311010797840;0
76912;08;1;16;049;2021;06;15;3;2;5;3;1;0;0;0;1;0;0;523491,920205476693809;5385435,814035985618830;9,318772143000047;48,621550893000062;08210608116010892670;0
76913;08;2;15;100;2021;05;15;7;3;4;6;1;0;0;1;0;0;0;474897,938738042488694;5452572,557190375402570;8,655247384000063;49,225421995000033;08210508212010811130;0
76914;08;4;26;019;2021;06;11;2;3;3;2;1;0;0;0;1;0;0;580711,489832630380988;5321439,603001415729523;10,082856555000035;48,041136645000051;08210621426100909690;0
76916;08;2;35;085;2021;06;07;3;3;3;6;1;1;0;0;0;0;0;483302,749208618886769;5395789,626584837213159;8,773008838000067;48,714912757000036;08210601235100863240;0
76924;08;4;25;104;2021;05;14;1;3;0;1;1;0;0;0;0;0;0;551841,230000002309680;5342452,695999506860971;9,698118151000074;48,233174463000068;08210509425000788550;0
76925;08;4;35;057;2021;06;10;3;3;6;6;1;0;1;0;0;0;0;543082,345588755793869;5279233,225387452170253;9,573842477000028;47,665056531000062;08210622435100911790;0
76929;08;3;17;096;2021;06;08;4;3;0;7;1;0;0;0;0;0;0;422213,662000142969191;5368796,038425046950579;7,947675529000037;48,467484203000026;08210602317500864720;0
76934;08;1;11;000;2021;06;20;5;3;5;2;1;1;0;0;0;1;0;518860,856927370652556;5400859,540819166228175;9,256636126000046;48,760459691000051;08210624111500076410;1
76935;08;2;15;009;2021;06;14;7;3;5;3;1;1;0;0;0;0;0;471548,087156161665916;5440773,737760968506336;8,610075908000056;49,119143524000037;08210605215402892250;0
76937;08;1;18;048;2021;06;21;5;2;9;7;1;0;0;0;0;0;0;514245,290069214999676;5416606,481176493689418;9,194380617000036;48,902239216000055;08210617118400926030;0
76939;08;1;19;008;2021;06;21;2;3;0;7;1;0;0;0;0;2;0;530914,862591139040887;5421163,850728306919336;9,422181882000075;48,942627327000025;08210628119100958280;1
76941;08;4;36;052;2021;06;09;6;2;9;7;0;1;1;0;0;0;0;566207,147714050486684;5293107,440429067239165;9,883935449000035;47,787922814000069;08210625436500952670;0
76952;08;1;27;014;2021;05;14;2;2;5;2;1;1;0;0;0;0;0;579116,118000010028481;5443455,020999534055591;10,084697672000061;49,138826062000078;08210517127010809330;1
76955;08;4;35;057;2021;06;08;4;3;5;3;1;1;0;0;0;0;0;544534,392534737475216;5279852,086201276630163;9,593245299000046;47,670526206000034;08210623435100917860;0
76969;08;1;15;050;2021;06;09;4;3;3;6;1;1;0;0;0;0;0;492100,603000000119209;5397094,142999520525336;8,892586138000070;48,726821780000080;08210616115300926560;0
76984;08;1;25;098;2021;06;09;1;2;0;1;1;0;0;0;0;0;0;525620,282937861979008;5437118,567032447084785;9,350886457000058;49,086388757000066;08210627121600946320;0
76985;08;4;36;094;2021;06;18;2;3;5;3;1;1;0;0;0;0;0;568632,249000005424023;5288905,125999491661787;9,915645055000027;47,749863229000027;08210614436500924050;0
76987;08;1;36;082;2021;06;22;7;2;0;7;1;0;0;0;0;2;0;586877,800211842171848;5415208,178547466173768;10,185043340000050;48,883734853000078;08210626136100932120;0
76990;08;1;35;019;2021;05;17;2;3;5;2;1;1;0;0;0;0;0;585033,377713704481721;5392145,645466713234782;10,155120079000028;48,676563368000075;08210531135200851980;0
77001;08;4;17;013;2021;06;14;1;3;9;1;1;0;0;0;0;0;0;513237,685217840597034;5353765,645794456824660;9,178625812000064;48,336934789000054;08210627417300929250;0
77003;08;4;35;016;2021;06;06;3;2;5;2;1;1;0;0;0;0;0;539148,873708738014102;5282022,077366804704070;9,521702373000039;47,690398795000078;08210608435100873460;0
77010;08;3;11;000;2021;06;14;3;3;3;2;1;1;0;0;0;0;0;414027,279446400702000;5314938,643030848354101;7,847874582000031;47,981971365000049;08210615311300940270;0
77017;08;4;36;009;2021;06;10;6;2;3;2;1;1;0;0;0;0;0;555769,791245395317674;5309987,121769251301885;9,746777165000026;47,940771660000053;08210604436400885550;0
77024;08;3;16;011;2021;06;17;6;3;5;2;1;1;0;0;0;0;0;414499,909697881899774;5329832,291342856362462;7,851231057000064;48,116007609000064;08210625316100961980;0
77030;08;2;16;024;2021;06;10;3;2;0;2;1;0;0;0;0;0;0;446243,839759766124189;5411526,839236758649349;8,267180482000072;48,854378697000072;08210601216300878680;0
77038;08;3;17;065;2021;05;10;1;3;2;6;1;0;0;0;1;0;0;415235,337444433011115;5351281,473070900887251;7,856823124000073;48,309042761000057;08210509317300858880;0
77042;08;3;35;026;2021;05;15;5;2;0;7;1;0;0;0;0;0;0;481160,480671489611268;5282809,531079201027751;8,748904269000036;47,698395293000033;08210520335300815250;0
77051;08;3;35;063;2021;06;12;7;2;0;1;1;0;0;0;0;0;0;498055,589600660838187;5292178,422449598088861;8,974042632000021;47,782964573000072;08210619335200905500;0
77061;08;3;35;043;2021;05;16;1;3;0;1;1;0;0;0;0;0;0;515504,872978027909994;5281049,009616579860449;9,206588865000072;47,682643442000028;08210516335100818800;1
77069;08;3;11;000;2021;06;17;5;3;5;3;1;1;0;0;0;0;0;412804,298999985679984;5314672,067999497056007;7,831542974000058;47,979407891000051;08210610311010907340;0
77072;08;1;25;063;2021;06;05;2;2;2;6;1;1;0;0;0;0;0;525808,970999999903142;5465359,966999543830752;9,355286554000031;49,340415373000042;08210621121500945830;0
77073;08;1;16;058;2021;05;14;5;2;1;5;1;0;0;0;0;0;1;535771,762658344581723;5395401,957319788634777;9,486259297000061;48,710622776000037;08210527116010852830;0
77081;08;4;26;073;2021;05;12;6;3;3;3;1;1;0;0;0;0;0;567140,616000005044043;5337048,206999503076077;9,903267836000055;48,183121665000044;08210507426010786780;0
77083;08;1;17;001;2021;06;19;6;3;4;2;1;1;0;0;0;0;0;543993,611999999731779;5400798,740999525412917;9,598592365000059;48,758643917000029;08210611117400904690;0
77085;08;1;17;026;2021;06;13;3;2;5;3;1;1;0;0;0;0;0;547581,940222523175180;5396869,879913387820125;9,646959525000057;48,723038123000038;08210601117010878440;0
77086;08;1;11;000;2021;06;20;4;3;5;2;1;1;0;0;0;0;0;518859,756965908221900;5400858,640929326415062;9,256621118000055;48,760451629000045;08210616111320907960;0
77093;08;3;11;000;2021;05;01;7;2;0;1;1;0;0;0;0;2;0;412861,654999985359609;5315336,247999496757984;7,832176637000032;47,985390234000079;08210515311010835930;0
77094;08;2;22;000;2021;06;10;4;3;3;2;1;0;0;0;0;0;0;462517,029019704088569;5486013,614825919270515;8,482062480000025;49,525580448000028;08210609222800885450;0
77098;08;4;25;017;2021;06;10;7;3;0;1;1;0;0;0;0;0;0;556350,689776546321809;5368163,689078977331519;9,762281119000022;48,464081859000032;08210612425000881110;0
77103;08;2;31;000;2021;06;21;7;3;6;4;0;1;1;0;0;1;0;479079,220416173338890;5415745,549741143360734;8,714575718000049;48,894305067000062;08210619231000903390;0
77110;08;3;25;060;2021;06;15;7;3;2;6;1;1;0;0;0;0;0;469998,077754775062203;5338080,130733791738749;8,596279162000030;48,195245656000054;08210605325202876720;0
77111;08;3;26;074;2021;06;07;2;2;5;3;1;1;0;0;0;0;0;460169,231000000610948;5323933,160999499261379;8,465345381000077;48,067430663000039;08210614326400902270;0
77112;08;1;26;066;2021;06;10;5;3;5;3;1;1;0;0;0;0;0;536781,165963825769722;5450052,021609017625451;9,504917385000056;49,202159892000054;08210617126200898480;0
77115;08;4;35;057;2021;05;16;6;2;5;3;1;1;0;0;0;0;0;548405,895786967128515;5277299,900405073538423;9,644531911000058;47,647285567000040;08210514435100809130;0
77124;08;4;36;009;2021;06;06;6;3;4;2;1;1;0;0;0;0;0;555999,120352136902511;5308148,141763199120760;9,749608536000039;47,924207228000057;08210618436400168710;0
77125;08;4;36;081;2021;05;11;1;3;0;7;1;0;0;0;0;0;0;557347,187468241900206;5276878,561844421550632;9,763521277000052;47,642764247000059;08210530436300837560;0
77130;08;3;17;118;2021;06;11;7;3;6;4;1;0;1;0;0;0;0;435443,896338210441172;5385534,152089893817902;8,124040991000072;48,619545508000044;08210605317100889250;0
77134;08;4;26;097;2021;05;15;6;3;5;3;1;1;0;0;0;0;0;537179,928790780715644;5340053,002846945077181;9,500481104000073;48,212614875000043;08210528426300835150;0
77140;08;2;12;000;2021;06;08;2;3;6;6;0;0;1;0;1;0;0;453003,524693164974451;5428921,816764686256647;8,357318616000043;49,011398090000057;08210621212502914200;0
77146;08;1;19;008;2021;05;07;6;3;6;7;0;0;1;0;1;0;0;531918,334393921308219;5421639,759974163025618;9,435922448000042;48,946857373000057;08210514119100811390;0
77148;08;1;16;079;2021;06;10;6;3;5;3;1;1;0;0;0;0;0;534090,664196859113872;5378851,510414373129606;9,462046636000025;48,561830894000082;08210618116400934670;0
77153;08;3;25;053;2021;05;19;1;3;0;1;1;0;0;0;0;0;0;454301,141015441156924;5338990,047630509361625;8,384965831000045;48,202495809000027;08210509325302799730;0
77154;08;4;35;035;2021;06;15;3;3;4;6;1;0;0;0;0;0;0;541937,776663487777114;5281934,619698932394385;9,558857443000022;47,689436930000056;08210622436000926740;0
77155;08;2;35;032;2021;06;16;6;3;5;3;1;1;0;0;0;0;0;474214,843798864632845;5374687,416798574849963;8,650777054000059;48,524766707000026;08210604235200905340;0
77156;08;3;11;000;2021;06;21;1;3;3;2;1;1;0;0;0;1;0;413151,672465818002820;5315403,354027248919010;7,836049030000027;47,986033323000072;08210613311010885180;0
77159;08;2;12;000;2021;05;15;2;3;5;3;1;1;0;0;0;0;0;460451,583715467713773;5431021,859513986855745;8,458961619000036;49,030810684000073;08210524212010847460;0
77160;08;4;21;000;2021;06;09;7;2;0;1;1;0;0;0;0;0;0;569100,846000003628433;5353361,759999511763453;9,932300426000040;48,329661553000051;08210626426010925630;0
77169;08;1;27;014;2021;05;12;4;3;4;6;1;0;0;0;0;0;0;577115,578358372673392;5442609,928545959293842;10,057113182000023;49,131479798000044;08210519127202848560;0
77171;08;2;15;107;2021;06;10;5;3;5;2;1;1;0;0;0;0;0;462038,714115729555488;5457274,239768326282501;8,478199238000059;49,267050897000047;08210624215502920900;0
77175;08;4;37;072;2021;05;17;5;2;5;2;1;0;0;1;0;0;0;505253,542469891719520;5322252,372441088780761;9,070500032000041;48,053530711000064;08210527437000842470;0
77184;08;2;21;000;2021;06;17;5;3;5;5;1;1;0;0;0;0;0;475462,980082762427628;5470667,865596992895007;8,661895603000062;49,388211827000077;08210610221011877100;0
77196;08;3;35;079;2021;06;18;1;3;0;7;1;0;0;0;0;0;0;501283,019174650311470;5299805,424734732136130;9,017150554000068;47,851589990000036;08210627335400935790;0
77198;08;3;25;049;2021;06;15;3;3;0;1;0;1;1;0;0;0;0;474585,542816706001759;5334449,159369597211480;8,658226338000077;48,162778940000067;08210608325202964320;0
77202;08;1;28;126;2021;06;12;7;3;8;1;1;0;0;0;0;0;0;563248,139721119776368;5480162,100747331976891;9,872987721000072;49,470811920000074;08210612128100898950;0
77204;08;2;31;000;2021;06;16;3;3;1;2;1;1;0;0;0;0;0;479890,803864922374487;5416209,294791273772717;8,725625266000065;48,898503640000058;08210615231000953580;0
77207;08;2;12;000;2021;05;12;6;3;3;2;1;1;0;0;0;0;0;455898,936999999918044;5430224,136999532580376;8,396769743000050;49,023326311000062;08210528212010842180;0
77224;08;4;35;016;2021;06;09;7;3;0;7;1;0;0;0;0;0;0;537177,460018394514918;5277597,358659755438566;9,495055488000048;47,650704399000062;08210619435100918460;0
77225;08;3;35;077;2021;05;18;2;2;3;1;1;0;0;0;0;0;0;494121,351000001654029;5293797,698999492451549;8,921499677000043;47,797510136000028;08210531335300847240;0
77229;08;4;36;011;2021;06;18;1;3;8;7;1;0;0;0;0;0;0;547811,267000001855195;5297334,806299999356270;9,638815999000030;47,827584675000026;08210627436400934080;0
77232;08;1;16;081;2021;05;16;1;3;0;1;1;0;0;0;0;0;0;513969,971645982004702;5386796,538174932822585;9,189611501000059;48,634077310000066;08210509116500859700;0
77234;08;1;16;073;2021;06;20;5;3;4;2;1;1;0;0;0;0;0;521740,423000001348555;5388718,899999519810081;9,295177909000074;48,651149084000053;08210603116010874610;0
77236;08;2;25;075;2021;06;17;3;3;0;1;1;0;0;0;0;0;0;530220,781638413667679;5478525,017863819375634;9,417019525000057;49,458629129000030;08210601225200863880;0
77237;08;3;15;073;2021;06;08;3;3;9;1;1;0;0;0;0;0;0;412569,713075231760740;5313916,721493352204561;7,828553832000068;47,972581274000049;08210615311010919490;0
77239;08;3;35;100;2021;05;13;1;3;8;1;1;0;0;0;0;0;0;488199,472878978587687;5286277,951112527400255;8,842626527000050;47,729769697000052;08210530335300840760;0
77244;08;4;21;000;2021;06;13;4;3;3;2;1;1;0;0;0;0;0;572957,057132645510137;5361652,121839318424463;9,985758420000025;48,403802250000069;08210623421200920050;0
77246;08;2;11;000;2021;06;07;2;3;5;2;1;1;0;0;0;0;0;437926,952187347225845;5397691,000586157664657;8,155904679000059;48,729149518000042;08210614216200902810;0
77248;08;4;35;066;2021;06;18;4;3;5;3;1;1;0;0;0;0;0;517475,614422800950706;5285452,175826905295253;9,233023545000037;47,722211008000045;08210616435200912740;0
77250;08;2;25;014;2021;06;18;1;3;9;1;1;0;0;0;0;0;0;520787,682464516721666;5484862,528095718473196;9,287186628000029;49,516029455000080;08210627225200947590;0
77258;08;4;37;088;2021;05;20;2;3;5;3;1;1;0;0;0;0;0;518102,589684278704226;5308195,436750976368785;9,242334257000039;47,926823566000053;08210531437100855850;0
77268;08;3;35;063;2021;05;15;1;3;0;1;1;0;0;0;0;0;0;500880,519720667973161;5290413,388188919052482;9,011751129000061;47,767085937000047;08210509335100801500;0
77269;08;4;36;079;2021;06;12;3;2;0;1;1;0;0;0;0;0;0;552305,187133450992405;5289140,311802156269550;9,697868018000065;47,753510249000044;08210622436300911860;0
77272;08;3;15;125;2021;05;20;5;3;0;1;1;0;0;0;0;1;0;411814,133692308329046;5310842,103234400972724;7,819062862000067;47,944820359000062;08210520311010824400;0
77274;08;2;16;049;2021;05;17;1;3;0;6;1;1;0;0;0;0;0;438820,478735974989831;5400823,036617055535316;8,167588729000045;48,757410760000027;08210523211100821770;0
77291;08;2;15;110;2021;05;10;7;3;5;2;1;1;0;0;0;0;0;459759,584999999962747;5419769,845999529585242;8,450608850000037;48,929551432000039;08210515212702825600;0
77296;08;1;36;021;2021;06;16;1;2;4;6;1;0;0;0;0;0;0;572150,539734042249620;5408024,872043084353209;9,982926800000030;48,821013797000035;08210613136010895620;0
77298;08;3;35;063;2021;06;14;5;2;5;2;1;1;0;0;0;0;0;497732,605000001378357;5287946,348999492824078;8,969752955000047;47,744885191000037;08210610335200923500;0
77300;08;3;26;005;2021;05;13;1;3;0;1;1;0;0;0;0;0;0;470777,196197354234755;5299193,395838625729084;8,609414873000048;47,845420197000067;08210530326100859590;0
77308;08;4;35;016;2021;06;01;1;3;9;1;1;0;0;0;0;2;0;539878,426819590851665;5283719,683310898020864;9,531579285000021;47,705628010000055;08210613435100930040;0
77320;08;2;36;076;2021;06;07;3;2;6;2;0;1;1;0;0;0;0;473252,963330029509962;5423292,946280967444181;8,634593948000031;48,961973897000064;08210615231000896700;0
77331;08;4;16;036;2021;05;13;5;3;6;4;0;0;1;0;1;0;0;495029,284000894986093;5368821,662268290296197;8,932747994000067;48,472506046000035;08210520416100064900;0
77335;08;1;25;013;2021;06;19;6;2;5;3;1;1;0;0;0;0;0;507687,586624905467033;5436009,651384940370917;9,105266361000076;49,076898821000043;08210625121400942990;0
77341;08;1;17;060;2021;06;21;3;3;0;1;1;0;0;0;0;0;0;541430,366712088696659;5389008,577665865421295;9,562534429000038;48,652759685000035;08210601117400869330;0
77348;08;1;18;021;2021;05;14;6;3;5;3;1;1;0;0;0;0;0;522636,648909230716527;5428856,326041799038649;9,309562562000053;49,012183510000057;08210528118500858890;0
77349;08;1;27;014;2021;06;18;2;2;0;1;1;0;0;0;0;0;0;578264,774525046348572;5443719,899655643850565;10,073079179000047;49,141317385000036;08210628127202950420;0
77351;08;2;15;017;2021;05;14;1;3;0;6;1;1;0;0;0;0;0;457640,750326703302562;5419522,803092969581485;8,421708159000048;48,927187803000038;08210516212702805860;0
77363;08;1;18;071;2021;05;15;2;3;5;3;1;1;0;0;0;0;0;509315,035088427364826;5418667,324173824861646;9,127153285000077;48,920871776000070;08210531118100842050;0
77384;08;1;18;080;2021;06;07;4;3;0;7;1;0;0;0;0;0;0;507060,331706799566746;5412408,702841550111771;9,096267741000077;48,864600470000028;08210623118200933770;0
77392;08;1;25;008;2021;06;11;7;3;5;3;1;1;0;0;0;0;0;524273,441000000573695;5431764,573999531567097;9,332119829000021;49,038282219000052;08210626121600945430;0
77393;08;1;25;005;2021;06;08;6;3;0;7;1;0;0;0;0;0;0;515817,297041584737599;5452727,876976378262043;9,217242699000053;49,227129311000056;08210611121500904790;0
77397;08;4;35;059;2021;05;16;1;3;3;6;1;1;0;0;0;0;0;512898,472267778590322;5290762,311255505308509;9,172148762000063;47,770096896000041;08210523435200821690;0
77405;08;3;35;075;2021;06;08;2;3;5;2;1;0;0;0;1;0;0;488364,875329032540321;5290065,004344306886196;8,844731044000071;47,763846913000066;08210628911081959290;0
77411;08;1;36;068;2021;06;14;7;2;2;6;1;0;0;0;0;0;0;593731,626774957403541;5429964,347757676616311;10,281904143000077;49,015445173000046;08210612136200883150;0
77415;08;3;15;102;2021;06;21;6;2;8;1;1;0;0;0;0;1;0;438734,139279561117291;5293724,085701843723655;8,181941667000046;47,793959573000052;08210618311500933710;0
77420;08;2;11;000;2021;06;17;5;3;0;7;1;0;0;0;0;0;0;443353,443756611086428;5402066,964502913877368;8,229087147000030;48,769029065000041;08210624211100922200;0
77431;08;1;16;078;2021;06;10;7;3;5;3;1;1;0;0;0;0;0;510517,005864808335900;5393447,420791998505592;9,142914362000056;48,693977035000046;08210612116010905460;0
77438;08;4;15;060;2021;05;11;1;3;8;1;1;0;0;0;0;0;0;513090,837439823895693;5377598,425577063113451;9,177389358000028;48,551348162000068;08210516415400839090;0
77440;08;3;17;150;2021;05;10;1;3;0;1;1;0;0;0;0;0;0;408276,484760167077184;5353072,021330373361707;7,762605127000029;48,324177016000078;08210509317300790030;0
77442;08;2;15;099;2021;06;09;6;3;6;2;0;1;1;0;0;0;0;463041,287305225618184;5446391,620771748945117;8,492981949000068;49,169224006000036;08210604215502868330;0
77447;08;3;15;076;2021;06;18;1;3;0;6;1;0;1;0;0;0;0;393083,700325925834477;5297503,488936712965369;7,571611649000033;47,821992745000045;08210627311400949340;0
77451;08;2;25;109;2021;06;17;2;2;5;3;1;1;0;0;0;0;0;531926,889547298662364;5484511,817007945850492;9,441045012000075;49,512390657000026;08210621225200927930;0
77453;08;3;17;141;2021;06;17;7;3;8;1;1;0;0;0;0;0;0;417268,069530854001641;5375014,665522780269384;7,879550524000024;48,522787693000055;08210619317200911440;0
77455;08;1;19;067;2021;06;09;4;3;4;2;1;0;0;0;1;0;0;539137,561653048731387;5405764,939112199470401;9,532995242000027;48,803641938000055;08210616119300895020;0
77464;08;2;12;000;2021;06;18;3;2;5;3;1;1;0;0;0;0;0;458556,029491761699319;5432899,017403138801455;8,432839008000030;49,047571445000074;08210622212000944880;0
77469;08;2;36;068;2021;06;12;7;3;5;2;1;1;0;0;0;0;0;486598,937768968753517;5413087,399636423215270;8,817254413000057;48,870601283000042;08210626231102958100;0
77472;08;1;15;001;2021;05;10;2;2;4;2;1;1;0;0;0;0;0;492667,574490811675787;5391737,937931604683399;8,900390779000077;48,678643918000034;08210531115400867380;0
77474;08;1;36;088;2021;05;17;5;2;5;3;1;1;0;0;0;0;0;579911,379000010900199;5410922,377999525517225;10,089200734000030;48,846124815000053;08210527136100846150;0
77475;08;2;15;007;2021;05;13;3;3;5;3;1;1;0;0;0;0;0;478277,980467175133526;5431382,329937342554331;8,702809799000022;49,034938950000026;08210518212010810420;0
77481;08;2;15;101;2021;06;07;5;3;4;6;1;1;0;0;0;0;0;466345,793046948499978;5427751,770487792789936;8,539865039000063;49,001745122000045;08210617212102908360;0
77482;08;4;37;072;2021;05;18;6;3;0;7;1;0;0;0;0;0;0;498694,667000000365078;5320944,224999502301216;8,982487038000045;48,041781456000081;08210528437000842910;0
77488;08;1;18;001;2021;05;12;1;3;0;7;1;0;0;0;0;0;0;523589,011885530315340;5419185,454043794423342;9,322025471000075;48,925153282000053;08210509118500788520;0
77491;08;1;35;019;2021;06;15;7;3;3;2;1;1;0;0;0;0;0;585045,653612365014851;5392268,589152695611119;10,155312092000031;48,677667488000054;08210612135200963810;0
77500;08;3;11;000;2021;06;18;4;3;5;3;1;0;0;0;1;0;0;414571,123612209223211;5318168,698737202212214;7,854518124000037;48,011099849000061;08210623311010951760;1
77503;08;2;15;100;2021;05;17;6;3;5;2;1;1;0;0;0;0;0;474748,300024796277285;5452219,135116059333086;8,653214527000046;49,222236776000045;08210521215202840140;0
77506;08;2;26;066;2021;06;12;1;2;5;3;1;1;0;0;0;0;0;496065,324768586084247;5467678,366420233622193;8,945811785000046;49,361802856000054;08210627222014929420;0
77508;08;3;11;000;2021;06;08;6;3;3;2;1;0;0;0;1;0;0;413159,666999987326562;5315436,369999496266246;7,836149473000035;47,986331398000061;08210625311010950690;0
77512;08;4;15;061;2021;06;18;6;3;3;2;1;1;0;0;0;0;0;515052,473913446068764;5370179,601945595815778;9,203702884000052;48,484562060000030;08210611415400893490;0
77513;08;1;36;002;2021;06;18;1;3;0;7;1;0;0;0;0;0;0;571081,655338828451931;5413301,430789167061448;9,969282855000074;48,868597417000046;08210620136100940560;0
77514;08;1;26;046;2021;06;20;3;3;0;7;1;0;0;0;0;0;0;549004,806740098632872;5457167,044315155595541;9,673577713000043;49,265301489000080;08210601126100878530;0
77521;08;4;26;044;2021;06;22;4;2;0;6;1;0;0;0;0;2;0;580382,704002358950675;5328731,008456129580736;10,079817838000054;48,106767773000058;08210602426010875790;0
77525;08;4;15;061;2021;06;17;3;3;0;6;1;1;0;0;1;0;0;515378,570818574167788;5370834,056702267378569;9,208139967000022;48,490441876000034;08210615415400955430;0
77528;08;1;35;019;2021;05;05;4;3;5;3;1;1;0;0;0;1;0;584642,829118347726762;5392447,192889634519815;10,149877597000057;48,679328648000080;08210526135010847250;1
77531;08;3;15;074;2021;06;20;4;2;4;6;1;0;0;1;0;0;0;395276,214676839299500;5295414,755585275590420;7,601398911000047;47,803565695000032;08210623311400949870;0
77533;08;2;15;009;2021;06;17;2;3;5;7;1;1;0;0;0;0;0;470578,728964371606708;5441082,873258139938116;8,596768970000028;49,121878630000026;08210614215402969260;0
77535;08;2;37;027;2021;06;13;4;2;8;1;1;0;0;0;0;0;0;479290,502269699238241;5369088,490452481433749;8,719796346000066;48,474585124000043;08210616237200895920;0
77537;08;2;31;000;2021;06;22;1;3;1;5;1;1;0;0;0;2;0;478566,383107176050544;5415579,353346738964319;8,707587841000077;48,892792490000033;08210627231000930660;0
77543;08;3;17;110;2021;06;13;6;3;8;1;1;0;0;0;0;0;0;427021,150768524035811;5381903,776735883206129;8,010408066000025;48,585964788000069;08210611317100904390;0
77544;08;2;12;000;2021;06;14;3;3;0;7;0;0;1;0;1;0;0;459166,400663181208074;5428101,403164271265268;8,441674557000056;49,004456941000058;08210601212102879790;0
77546;08;2;15;108;2021;06;07;3;3;4;6;1;0;0;0;0;0;0;451740,175081517547369;5423435,506544047966599;8,340694782000071;48,961950992000027;08210615212010895390;0
77548;08;2;15;064;2021;05;17;1;2;0;7;1;0;0;0;0;0;0;478584,632011401467025;5452766,826963050290942;8,705869429000074;49,227309493000064;08210530212010840960;0
77549;08;3;35;066;2021;05;12;3;3;5;2;1;1;0;0;0;0;0;509099,356150594539940;5281704,750384407117963;9,121254898000075;47,688665496000056;08210525335100839950;0
77550;08;1;11;000;2021;05;16;2;3;5;3;1;0;0;1;0;0;0;506247,345148195512593;5403881,386937677860260;9,085052752000024;48,787898490000032;08210517111500808060;0
77551;08;4;35;029;2021;06;15;4;3;5;2;1;0;0;1;0;0;0;545019,620867151767015;5271692,808519128710032;9,598869330000070;47,597081370000069;08210609435100893740;0
77555;08;2;26;010;2021;06;00;1;2;0;7;1;0;0;0;0;2;0;484039,834381877444685;5458882,777405586093664;8,780549788000030;49,282489866000049;08210613226700913400;0
77559;08;1;19;079;2021;06;11;1;1;5;3;1;1;0;0;0;0;0;522642,556455522775650;5413710,319523543119431;9,308801566000056;48,875936285000080;08210627119010958260;0