OID_;ULAND;UREGBEZ;UKREIS;UGEMEINDE;UJAHR;UMONAT;USTUNDE;UWOCHENTAG;UKATEGORIE;UART;UTYP1;IstRad;IstPKW;IstFuss;IstKrad;IstSonstige;ULICHTVERH;IstGkfz;LINREFX;LINREFY;XGCSWGS84;YGCSWGS84;UIDENTSTLAE;IstStrassenzustand
77560;08;1;19;091;2021;06;14;6;2;0;5;1;1;0;0;0;0;0;529534,157724399119616;5404311,688229518011212;9,402110608000044;48,791099437000071;08210625119400925140;0
77563;08;3;15;130;2021;06;18;2;3;0;1;1;0;0;0;0;0;0;409062,087202927097678;5300817,915956461802125;7,784330520000026;47,854264824000040;08210621311400913070;0
77565;08;4;36;003;2021;06;09;7;3;5;3;1;1;0;0;0;0;0;577906,022000009194016;5303853,451999494805932;10,042037084000071;47,883284550000042;08210619436100918580;0
77566;08;1;11;000;2021;06;21;3;3;0;1;1;0;0;0;0;2;0;514464,653810850344598;5401531,012740215286613;9,196841848000076;48,766617888000042;08210601111250863360;0
77568;08;4;36;081;2021;05;06;3;3;5;3;1;1;0;0;0;1;0;562955,412096889689565;5281358,399052895605564;9,838826825000069;47,682547055000043;08210518436300833050;1
77573;08;3;35;079;2021;05;13;7;3;0;1;1;0;0;0;0;0;0;500540,129917087033391;5299479,016895411536098;9,007219693000025;47,848654214000078;08210529335400853730;0
77577;08;3;36;069;2021;05;16;1;2;3;6;1;0;0;0;0;0;0;410662,951733473688364;5270770,661590956151485;7,811888287000045;47,584193853000045;08210509311010789500;0
77579;08;1;15;037;2021;06;11;6;3;0;7;1;0;0;0;0;0;0;492308,499730515293777;5385270,054277524352074;8,895632990000024;48,620453537000060;08210604115200874370;0
77582;08;2;35;007;2021;05;11;7;3;6;7;1;0;1;0;0;0;0;484971,040523181669414;5396919,424199674278498;8,795647137000060;48,725118861000055;08210522235100828810;0
77585;08;1;11;000;2021;06;19;7;3;6;7;0;0;1;0;1;0;0;513229,768049833364785;5403581,308728719130158;9,180102996000073;48,785089671000037;08210619111120938190;0
77590;08;3;11;000;2021;05;11;3;3;5;3;1;1;0;0;0;0;0;412567,708848757669330;5313980,799989013001323;7,828513945000054;47,973157408000077;08210511311010826840;0
77596;08;1;11;000;2021;06;16;2;3;5;2;1;1;0;0;0;0;0;512377,277417946606874;5406558,644366618245840;9,168587429000070;48,811891015000072;08210628111500077900;0
77598;08;3;35;055;2021;06;07;3;3;6;4;0;1;1;0;0;0;0;496484,965739530511200;5284060,527287825942039;8,953140824000059;47,709916476000046;08210608335200967720;0
77600;08;4;35;057;2021;06;11;2;3;3;2;1;0;0;0;0;0;0;543019,998538475483656;5279221,412352813407779;9,573010914000065;47,664954397000031;08210621435100915310;0
77609;08;1;17;012;2021;05;17;4;3;0;3;1;1;0;0;0;0;0;545049,280287672765553;5388540,484343040734529;9,611617684000066;48,648298445000080;08210526117400850410;0
77611;08;2;37;040;2021;05;05;2;3;3;6;1;1;0;0;0;1;0;476045,525000000372529;5366612,431999512016773;8,676033626000049;48,452194465000048;08210510237200815650;1
77618;08;2;15;097;2021;06;14;1;3;2;6;1;0;0;1;0;0;0;480901,655537030659616;5440810,580142544582486;8,738259991000064;49,119836703000033;08210627215202933910;0
77619;08;1;16;049;2021;05;12;5;3;0;1;1;0;0;0;0;0;0;524962,458409014157951;5387600,972807630896568;9,338856566000061;48,640971786000080;08210513116500822030;0
77625;08;1;25;039;2021;06;15;1;2;0;7;1;0;0;0;0;0;0;515574,401678592897952;5459691,589965958148241;9,214177558000074;49,289775171000031;08210620121500906910;0
77628;08;3;37;116;2021;05;06;4;2;2;6;1;0;0;0;0;0;1;418159,492207023315132;5273730,882978765293956;7,911014406000049;47,611813842000061;08210519337010830370;0
77631;08;1;27;073;2021;06;18;6;3;3;2;1;1;0;0;0;0;0;578531,634000008925796;5449138,920999532565475;10,077794780000033;49,190020732000050;08210618127202915550;0
77632;08;3;11;000;2021;05;16;1;3;0;7;1;0;0;0;0;0;0;413718,032065934501588;5316810,262703102082014;7,843355020000047;47,998765634000051;08210530311010848960;0
77633;08;1;16;037;2021;06;13;3;3;8;1;1;0;0;0;0;0;0;534476,788490053266287;5397519,468771316111088;9,468833842000038;48,729744331000063;08210629116100962350;0
77638;08;1;36;065;2021;06;13;4;3;5;3;1;1;0;0;0;0;0;557336,874018114991486;5407527,315660765394568;9,781068714000071;48,818082272000026;08210623136300951540;0
77640;08;2;36;072;2021;06;08;1;3;0;1;1;0;0;0;0;0;0;466784,975999999791384;5410598,492999527603388;8,547266522000029;48,847467415000040;08210613231202897070;0
77645;08;1;18;076;2021;05;10;7;1;5;3;1;1;0;0;0;0;0;503989,854257062077522;5421582,210239557549357;9,054491408000047;48,947150494000027;08210508118000812720;0
77659;08;2;21;000;2021;05;21;7;3;1;6;0;1;1;0;0;2;0;478477,849777118302882;5473404,488008072599769;8,703289677000043;49,412941407000062;08210515221200805100;1
77662;08;1;21;000;2021;06;14;3;3;3;6;1;1;0;0;0;0;0;512750,889402646571398;5444863,311312083154917;9,174877809000066;49,156456912000067;08210622121300948630;0
77671;08;1;19;044;2021;05;18;2;3;5;3;1;1;0;0;0;0;0;542463,416000001132488;5425546,302999528124928;9,580342024000061;48,981363411000075;08210510119101793930;0
77684;08;4;21;000;2021;06;12;7;3;5;3;1;1;0;0;0;0;0;571417,892763292416930;5361239,737956250086427;9,964894952000066;48,400269018000074;08210619421300904030;0
77695;08;2;31;000;2021;06;15;4;3;3;6;1;1;0;0;0;0;0;480162,009938571602106;5416442,081173231825233;8,729314317000046;48,900606454000069;08210609231000911190;0
77697;08;2;12;000;2021;06;06;3;2;5;3;1;1;0;0;0;0;0;450462,412998334504664;5431801,397742446511984;8,322219460000042;49,037101001000053;08210622212010919010;0
77698;08;1;16;071;2021;06;10;6;3;5;2;1;1;0;0;0;0;0;527907,076885192655027;5391120,969290636479855;9,379065195000067;48,672512999000048;08210604116500888450;0
77703;08;2;11;000;2021;06;08;7;3;5;2;1;1;0;0;0;0;0;445668,701098857447505;5399259,037854492664337;8,260963699000058;48,743977511000026;08210619211100920820;0
77706;08;4;35;045;2021;05;12;4;3;8;1;1;0;0;0;0;0;0;534801,868368714116514;5285702,101012425497174;9,464069580000057;47,723758015000044;08210526435100829110;0
77711;08;3;16;049;2021;06;15;2;3;3;6;1;0;0;0;0;0;0;402196,979954616166651;5340261,371960667893291;7,683574338000028;48,208041651000030;08210614316100891020;0
77715;08;3;26;003;2021;05;15;6;3;6;7;1;0;1;0;0;0;0;465268,050999999977648;5320850,506999501958489;8,534035407000033;48,039994702000058;08210514326200800120;0
77716;08;2;15;025;2021;06;18;3;3;0;7;1;0;0;0;0;0;0;474975,918541598133743;5434071,852494863793254;8,657467229000076;49,059007050000048;08210608215302873770;1
77717;08;1;11;000;2021;05;13;1;1;5;3;1;1;0;0;0;0;0;518498,621923004277050;5402821,693693006411195;9,251795553000022;48,778121876000057;08210509111500803070;0
77718;08;3;35;079;2021;06;13;2;3;5;3;1;1;0;0;0;0;0;501376,032517525367439;5299795,045235978439450;9,018393862000039;47,851496408000060;08210621335400913920;0
77719;08;1;19;044;2021;06;13;5;3;4;6;1;0;0;0;0;0;0;548183,239855039864779;5425236,860904969274998;9,658472365000023;48,978160273000071;08210603119100888030;0
77720;08;2;37;004;2021;06;12;7;2;5;3;1;0;0;1;0;0;0;455640,271999999880791;5380068,738999515771866;8,398649213000056;48,572138229000075;08210612231000890120;0
77729;08;1;28;047;2021;05;17;2;3;4;7;1;0;0;0;1;0;0;553672,999354560859501;5495742,662902185693383;9,742960472000050;49,611865622000039;08210510128200801710;0
77737;08;1;16;058;2021;05;11;6;3;0;7;1;0;0;0;0;0;0;534529,616580913774669;5395221,273265196010470;9,469359813000040;48,709067404000052;08210514116100808750;0
77745;08;3;37;126;2021;06;12;4;3;6;6;1;0;1;0;0;0;0;445186,026124862022698;5275708,629531061276793;8,270349644000021;47,632457824000028;08210616337010915730;0
77746;08;1;25;024;2021;05;05;5;3;0;1;1;0;0;0;0;0;0;522407,740058551542461;5444077,270813060924411;9,307275729000025;49,149109759000055;08210520121600820680;0
77749;08;1;16;054;2021;06;16;6;3;5;3;1;1;0;0;0;0;0;532875,393465376459062;5381345,569787865504622;9,445773227000075;48,584332403000076;08210618116400900570;0
77754;08;3;35;043;2021;05;12;1;2;0;1;1;0;0;0;0;0;0;511094,627440075390041;5281838,728997092694044;9,147846522000066;47,689839812000059;08210509335100799970;0
77756;08;3;35;022;2021;06;10;5;3;5;2;1;1;0;0;0;0;0;482745,892810748890042;5300092,654936188831925;8,769347981000067;47,853943920000063;08210603335300169490;0
77766;08;2;37;073;2021;05;05;2;3;0;3;1;0;0;0;0;2;0;459560,072862354107201;5379487,934603443369269;8,451840764000053;48,567178625000054;08210531231000839850;0
77768;08;3;15;098;2021;05;18;3;2;0;7;1;0;0;0;0;0;0;407528,781999980099499;5312294,396999493241310;7,761377143000061;47,957279626000059;08210518311010809100;0
77769;08;2;31;000;2021;05;16;3;3;6;4;0;1;1;0;0;0;0;477924,806745651178062;5413877,865920111536980;8,698927035000054;48,877463941000030;08210511231000842810;1
77772;08;1;28;115;2021;06;10;4;3;5;7;1;1;0;0;0;0;0;547804,917276761494577;5497351,508011313155293;9,661934472000041;49,626828450000062;08210602128200864640;0
77774;08;4;35;005;2021;05;11;6;3;0;1;1;0;0;0;0;0;0;525769,704555550590158;5286826,645159808918834;9,343698327000027;47,734299879000048;08210528435200856260;0
77783;08;2;26;085;2021;05;19;6;3;5;5;1;1;0;0;0;0;0;493078,676958217285573;5455155,542852459475398;8,904896865000069;49,249131885000054;08210528226500851630;0
77787;08;3;25;072;2021;05;15;1;2;5;3;1;1;0;0;0;0;0;470557,395148104988039;5328698,562400430440903;8,604454649000047;48,110868390000064;08210530325202859940;0
77788;08;3;11;000;2021;05;12;5;2;0;1;1;0;0;0;0;0;0;418421,236053610220551;5315337,372200729325414;7,906671100000040;47,986133636000034;08210527311300858750;0
77794;08;1;36;088;2021;06;16;5;3;6;7;0;1;1;0;0;0;0;582725,357000011950731;5407657,837999520823359;10,126889194000057;48,816394400000036;08210617136100959420;0
77797;08;4;16;023;2021;05;13;2;3;5;3;1;0;0;0;1;0;0;509728,848801647312939;5375367,962050100788474;9,131780276000029;48,531343391000064;08210524416200838200;0
77808;08;1;25;008;2021;05;13;1;3;2;6;1;0;0;0;0;0;0;521031,379515985026956;5433066,096917014569044;9,287828719000061;49,050109115000055;08210530121600856210;0
77815;08;1;11;000;2021;06;08;2;3;5;3;1;1;0;0;0;0;0;515776,040844616480172;5403603,841210847720504;9,214767224000070;48,785232994000069;08210621111500943580;0
77817;08;3;37;126;2021;05;15;3;3;5;3;1;1;0;0;0;0;0;444845,790750269778073;5275240,996242385357618;8,265879944000062;47,628221620000033;08210518337010833700;0
77819;08;2;15;096;2021;06;17;5;3;6;4;0;1;1;0;0;0;0;463604,549001398496330;5418368,801280295476317;8,503225915000030;48,917186566000055;08210624212702950640;0
77821;08;4;35;016;2021;06;13;1;3;4;6;1;0;0;0;0;0;0;538923,200507596135139;5282021,841173201799393;9,518695133000051;47,690410303000078;08210613435100968230;0
77827;08;1;18;050;2021;05;16;1;2;5;3;1;1;0;0;0;0;0;505885,066272652707994;5416669,676487488672137;9,080304342000034;48,902943559000050;08210509118600813930;0
77830;08;3;26;052;2021;06;14;7;3;5;3;1;1;0;0;0;0;0;454669,991199595853686;5330092,051453007385135;8,390878178000037;48,122472132000041;08210612326300947620;0
77832;08;1;11;000;2021;05;18;5;3;2;6;1;1;0;0;0;0;0;512619,606946321204305;5399777,937204768881202;9,171679953000023;48,750887449000061;08210520111130814110;0
77844;08;3;36;069;2021;05;12;6;3;5;3;1;1;0;0;0;0;0;408713,051738626323640;5267871,932456368580461;7,786564682000062;47,557845839000038;08210528336200968200;0
77853;08;3;35;043;2021;05;16;2;3;5;2;1;1;0;0;0;0;0;512592,986960502341390;5280702,845079168677330;9,167780736000054;47,679592068000034;08210531335100860230;0
77855;08;1;27;076;2021;05;22;4;3;0;1;1;0;0;0;0;2;0;554449,696277086623013;5440218,175862736999989;9,746116075000032;49,112393434000069;08210519127100834550;0
77858;08;1;18;078;2021;06;20;6;2;0;3;1;1;0;0;0;1;0;514796,191000000573695;5419552,774999527260661;9,202004589000069;48,928730256000051;08210618118000940620;0
77859;08;3;15;107;2021;05;12;7;2;6;4;0;1;1;0;0;0;0;411170,304999982006848;5309646,028999490663409;7,810689796000077;47,933972295000046;08210529311010838740;0
77862;08;2;25;074;2021;06;15;4;3;5;3;1;1;0;0;0;0;0;506997,674190779216588;5466583,702331764623523;9,096352448000061;49,351928834000034;08210609225100888920;0
77866;08;4;37;100;2021;06;17;7;3;0;7;1;0;0;0;0;0;0;542013,316135040484369;5317231,313202382996678;9,563292232000038;48,006996147000052;08210612437100882800;0
77875;08;1;28;115;2021;06;14;7;3;8;1;1;0;0;0;0;0;0;547839,166049647144973;5497250,025464806705713;9,662396291000050;49,625913000000025;08210619128010903960;0
77877;08;4;36;055;2021;06;02;1;3;0;1;1;0;0;0;0;2;0;574237,807564126327634;5298487,908947870135307;9,992059084000061;47,835450571000081;08210620436100915970;0
77880;08;1;21;000;2021;05;12;3;3;5;3;1;1;0;0;0;0;0;514924,365337918512523;5446269,898466236889362;9,204738891000034;49,169060600000080;08210511121300817440;0
77884;08;2;26;082;2021;06;13;5;3;0;5;1;1;0;0;0;0;0;475382,799775004386902;5479926,834765469655395;8,660216065000043;49,471491033000063;08210617226600949390;0
77887;08;3;15;013;2021;05;21;1;2;0;1;1;0;0;0;0;2;0;404457,595564550720155;5325167,107072737067938;7,717381169000021;48,072617568000055;08210516311100856290;0
77889;08;1;35;016;2021;05;14;1;3;0;1;1;0;0;0;0;0;0;590770,552911447361112;5388862,596447490155697;10,232317311000031;48,646227686000032;08210509135010801930;0
77890;08;3;16;002;2021;06;16;3;3;0;1;1;0;0;0;0;0;0;406323,345846491865814;5329959,850221149623394;7,741369989000020;48,116004478000036;08210622316100916940;0
77891;08;4;36;093;2021;06;08;4;3;5;3;1;1;0;0;0;0;0;543247,161948801949620;5311486,145705234259367;9,579255578000073;47,955225971000061;08210602436400872230;0
77892;08;3;11;000;2021;06;15;7;3;0;7;1;0;0;0;0;0;0;407117,207594248466194;5316832,129944011569023;7,754884413000070;47,998037395000040;08210612311300884870;0
77895;08;1;15;044;2021;05;18;1;3;6;4;0;1;1;0;0;0;0;504283,792999999597669;5389755,998999521136284;9,058173791000058;48,660842502000037;08210523115100847080;0
77905;08;3;35;043;2021;06;13;4;3;3;2;1;0;0;0;0;0;1;515641,059222610667348;5281004,727448541671038;9,208401828000035;47,682241726000029;08210616335100068940;0
77906;08;3;26;041;2021;05;16;6;3;8;1;1;0;0;0;0;0;0;464978,918724441900849;5331162,734830023720860;8,529310783000028;48,132755420000080;08210528326400847010;0
77907;08;3;11;000;2021;06;01;1;3;5;3;1;1;0;0;0;2;0;413575,967096154578030;5316546,867989588528872;7,841504034000025;47,996377117000065;08210627311010927150;0
77910;08;1;21;000;2021;06;11;3;3;5;3;1;1;0;0;0;0;0;515901,244115092791617;5447610,744978856295347;9,218193044000031;49,181097350000073;08210608121200873270;0
77916;08;2;21;000;2021;06;07;3;2;0;7;1;0;0;0;0;0;0;478697,970638411119580;5473633,005190134048462;8,706312019000052;49,415004631000045;08210615221300890820;0
77917;08;2;15;017;2021;06;09;6;3;5;3;1;1;0;0;0;0;0;457663,068337544798851;5420591,962370453402400;8,421901799000068;48,936806701000080;08210618212702933450;0
77918;08;2;37;075;2021;05;13;1;3;0;1;1;0;0;0;0;0;0;453429,990734873339534;5366350,656224414706230;8,370219111000040;48,448572186000035;08210530237100839320;0
77921;08;1;16;077;2021;06;12;5;3;2;7;1;1;0;0;0;0;0;515995,961168066598475;5391718,595676571130753;9,217299858000047;48,678308038000068;08210610116200924290;0
77923;08;1;16;071;2021;06;14;4;3;0;7;1;0;0;0;1;0;0;526982,243134860880673;5390857,329546738415956;9,366486138000027;48,670181960000036;08210623116500167140;1
77929;08;4;36;081;2021;06;15;7;2;2;6;1;0;0;0;0;0;0;560547,301636142656207;5278238,387560553848743;9,806311692000065;47,654706950000048;08210626436300929230;0
77930;08;3;26;074;2021;06;07;6;3;8;1;1;0;0;0;0;0;1;458713,990689100697637;5323424,095617169514298;8,445861556000068;48,062758223000060;08210625326400956760;1
77941;08;4;25;039;2021;06;08;5;2;5;3;1;1;0;0;0;0;0;565358,945026488974690;5354223,443388720974326;9,881955215000062;48,337810998000066;08210617421300896350;0
77942;08;2;26;082;2021;05;10;7;3;5;3;1;1;0;0;0;0;0;475235,985530448146164;5480391,450287386775017;8,658160587000054;49,475664147000032;08210529226600835460;0
77945;08;3;11;000;2021;06;08;4;3;0;7;1;0;0;0;0;0;0;416603,357460195198655;5315678,946563897654414;7,882246060000057;47,988971809000077;08210609311010874980;0
77948;08;4;25;141;2021;06;12;5;1;5;3;1;1;0;0;0;0;0;562143,655991556122899;5358906,554194325581193;9,839264728000046;48,380263115000048;08210603426010876130;0
77953;08;3;15;073;2021;06;11;4;3;5;3;1;1;0;0;0;0;0;412572,184721397235990;5313178,399790389463305;7,828737141000033;47,965940147000026;08210623311010946720;0
77954;08;1;19;001;2021;06;11;6;2;4;7;1;0;0;0;0;0;1;550431,547040688805282;5409800,362698094919324;9,687288382000077;48,839127822000080;08210604119010870470;0
77957;08;2;37;040;2021;06;15;4;3;2;6;1;1;0;0;0;0;0;477264,159297597594559;5365755,183729756623507;8,692561045000048;48,444527571000037;08210602237200866350;0
77965;08;3;35;061;2021;06;15;7;3;0;1;1;0;0;0;0;0;0;496543,829509807750583;5279771,456719292327762;8,953959519000023;47,671325145000026;08210619335200905530;0
77973;08;3;35;075;2021;06;17;2;3;5;2;1;1;0;0;0;0;0;489046,459343089722097;5287846,248271893709898;8,853882544000044;47,743895498000029;08210628335300170190;0
77975;08;4;25;085;2021;05;18;1;3;6;1;0;1;1;0;0;0;0;581164,780713343061507;5375729,106718797236681;10,099368563000041;48,529418475000057;08210516135010827570;0
77981;08;3;26;074;2021;06;00;7;3;8;7;1;0;0;0;0;2;0;456850,869465799070895;5321831,539187790825963;8,421016801000064;48,048307250000050;08210626326400954220;1
77982;08;3;16;010;2021;06;14;2;3;5;1;1;1;0;0;0;0;0;431023,973114792257547;5335818,499271329492331;8,072242630000062;48,171862890000057;08210614316200899590;0
77984;08;1;28;137;2021;06;15;7;2;8;1;1;0;0;0;0;0;0;561678,829699584282935;5497232,017182333394885;9,854001913000047;49,624496128000033;08210626128200944340;0
77996;08;1;18;048;2021;06;16;5;3;4;6;1;0;0;0;0;0;0;514216,915009241551161;5416225,015471931546926;9,193980155000077;48,898808309000060;08210617118400949790;0
78000;08;1;11;000;2021;06;16;4;3;6;4;0;0;1;1;0;0;0;509872,221811021678150;5401822,799444954842329;9,134353086000033;48,769332583000050;08210609111500912330;0
78012;08;1;19;079;2021;05;16;3;3;6;4;0;1;1;0;0;0;0;522945,492276539094746;5415254,701385265216231;9,313019661000055;48,889817890000074;08210518119400835970;0
78015;08;2;25;114;2021;06;04;7;3;0;1;1;0;0;0;0;1;0;536209,384121906012297;5470478,803154965862632;9,498919490000048;49,385929077000071;08210605225200875640;0
78022;08;4;35;034;2021;06;12;6;3;5;3;1;1;0;0;0;0;0;526308,848000001162291;5283431,614999491721392;9,350683864000075;47,703731468000058;08210625435200955290;0
78028;08;3;15;004;2021;06;20;3;3;0;7;1;0;0;0;0;0;0;394443,964522615075111;5293772,926476711407304;7,590687029000037;47,788661858000069;08210601311400863280;0
78033;08;3;35;043;2021;05;17;3;3;5;3;1;0;0;0;0;0;0;512663,601807382889092;5279803,763826817274094;9,168695482000032;47,671501061000072;08210525335100839060;0
78036;08;3;17;031;2021;05;13;1;3;5;2;1;1;0;0;0;0;0;418107,957917550578713;5361371,310294063761830;7,893593564000071;48,400178878000077;08210509317300798730;0
78043;08;4;35;029;2021;06;10;7;3;0;1;1;0;0;0;0;0;0;545008,519264109432697;5271620,680025352165103;9,598714256000051;47,596433177000051;08210626435100926710;0
78047;08;2;15;110;2021;06;11;7;3;5;3;1;1;0;0;0;0;0;462205,069591549225152;5418780,139551261439919;8,484086625000032;48,920802853000055;08210626212702930220;0
78048;08;1;16;014;2021;06;16;6;3;5;3;1;1;0;0;0;0;0;528914,423059503547847;5395851,573349745944142;9,393078916000036;48,715023134000035;08210611116100491500;0
78050;08;3;17;152;2021;05;19;2;3;3;6;1;1;0;0;0;0;0;409274,819302618503571;5348194,239124476909637;7,777118517000076;48,280447117000051;08210531317300845460;0
78052;08;3;11;000;2021;05;14;4;3;0;1;1;0;0;0;0;0;0;414009,363960824906826;5315398,749329175800085;7,847542409000027;47,986107793000031;08210519311010822390;0
78056;08;4;37;005;2021;06;19;5;2;0;1;1;0;0;0;0;0;0;502558,607481990009546;5324572,404160058125854;9,034349186000043;48,074420732000078;08210617437200934130;0
78062;08;1;25;078;2021;06;18;3;3;1;5;1;1;0;0;0;0;0;518407,977497502230108;5454042,248548727482557;9,252884411000025;49,238879904000044;08210622121500933720;0
78065;08;3;17;034;2021;06;18;2;3;5;2;1;1;0;0;0;0;0;427173,157819271087646;5361533,416081439703703;8,016021306000027;48,402749523000068;08210614317500932200;0
78079;08;3;17;085;2021;06;15;1;3;5;3;1;1;0;0;0;0;0;431873,881999996490777;5360938,386999510228634;8,079621523000071;48,397922587000039;08210627317600947600;0
78084;08;4;25;130;2021;06;05;5;3;0;1;1;0;0;0;0;1;0;574040,975106080062687;5378640,561292624101043;10,003411065000023;48,556487807000053;08210603135010884610;0
78086;08;3;35;043;2021;06;10;3;2;6;2;0;0;1;0;0;0;1;513465,284317467361689;5279339,756977785378695;9,179360569000039;47,667309886000055;08210601335000885910;0
78087;08;3;17;005;2021;06;17;3;3;6;4;0;1;1;0;0;0;0;424616,045755685307086;5376623,994630742818117;7,978756795000038;48,538188963000039;08210615317200896990;0
78102;08;1;11;000;2021;05;19;2;3;1;5;1;1;0;0;0;0;0;507864,077911331318319;5396856,306122932583094;9,106929067000067;48,724682639000036;08210531111210852550;0
78108;08;4;26;097;2021;06;11;7;3;0;3;1;1;0;0;0;0;0;534920,468766076490283;5333643,241841463372111;9,469540506000044;48,155077224000081;08210605426300867970;1
78112;08;4;35;016;2021;05;13;6;2;0;1;1;1;0;0;0;0;0;530506,881816971115768;5281802,603213161230087;9,406526270000029;47,688889888000062;08210528435100833410;0
78117;08;1;17;010;2021;06;14;3;3;6;4;0;0;1;0;1;0;0;568736,260526980273426;5392846,719587953761220;9,933885826000051;48,684876480000071;08210622117200949320;0
78120;08;1;36;019;2021;06;06;4;2;3;6;1;1;0;0;1;0;0;580075,701954766176641;5424965,471995942294598;10,094194818000062;48,972408915000074;08210602136010869970;0
78132;08;2;26;085;2021;06;12;4;2;6;4;0;1;1;0;0;0;0;491949,837042904458940;5455391,354221435263753;8,889381216000061;49,251239248000047;08210616226500910620;0
78137;08;4;35;016;2021;06;15;2;3;4;6;1;0;0;0;0;0;0;536804,371538721024990;5281355,718088394030929;9,490404284000022;47,684541119000073;08210607435100897280;0
78143;08;3;35;043;2021;06;18;4;3;0;1;1;0;0;0;0;0;0;509724,008783363737166;5285500,133953981101513;9,129663446000052;47,722805846000028;08210616335100928210;0
78144;08;4;36;094;2021;05;12;4;3;0;1;1;0;0;0;0;0;0;569885,983883971348405;5279202,643806112930179;9,930813817000057;47,662440588000038;08210519436300860660;1
78145;08;1;15;051;2021;06;12;3;3;6;4;1;0;1;0;0;0;0;503569,577720633707941;5385357,453330740332603;9,048436869000057;48,621276899000065;08210615115100927870;0
78157;08;4;26;070;2021;05;01;1;3;0;7;1;0;0;0;0;2;0;565607,341588499955833;5343414,139300119131804;9,883627465000075;48,240548437000029;08210523426200819460;1
78165;08;3;15;076;2021;05;18;2;3;3;6;1;1;0;0;0;0;0;392125,269085272215307;5296513,658843100070953;7,559057707000022;47,812929581000049;08210531311400860040;0
78178;08;4;17;054;2021;06;18;3;2;0;1;1;0;0;0;0;0;0;478804,158591896295547;5347310,872808994725347;8,714314363000028;48,278646960000060;08210622417200913880;0
78180;08;2;12;000;2021;06;12;1;3;0;7;1;0;0;0;0;0;0;460649,855606650933623;5425673,195574952289462;8,462192335000054;48,982711020000067;08210613212102917760;0
78187;08;1;11;000;2021;05;16;5;3;6;4;0;1;1;0;0;0;0;515869,017074896022677;5405549,278306601569057;9,216108101000032;48,802731539000035;08210527111500833970;0
78190;08;1;17;026;2021;06;17;5;3;4;6;1;0;0;0;0;0;0;548767,472693779505789;5394314,620924366638064;9,662775820000036;48,699960749000070;08210624117300954110;0
78198;08;1;11;000;2021;05;15;1;3;0;7;1;0;0;0;0;0;0;515579,013317946344614;5405249,644844315946102;9,212147421000054;48,800043413000026;08210509111310813850;0
78200;08;1;11;000;2021;06;18;5;3;5;3;1;1;0;0;0;0;0;512081,970155143178999;5408502,084310412406921;9,164622394000048;48,829379742000071;08210603111500874170;0
78202;08;1;27;014;2021;06;18;3;3;6;4;0;1;1;0;0;0;0;578398,806724064983428;5442784,354947274550796;10,074734586000034;49,132886175000067;08210601127202882420;0
78203;08;3;11;000;2021;06;16;3;3;6;6;1;0;1;0;0;0;0;415157,364163383841515;5315659,514135560020804;7,862873366000031;47,988606804000028;08210615311010932520;0
78208;08;3;36;069;2021;05;17;2;2;6;4;0;1;1;0;0;0;0;409689,882737450301647;5268948,390101587399840;7,799325013000043;47,567666165000048;08210517311010832080;0
78221;08;2;16;002;2021;06;14;2;3;3;6;1;1;0;0;0;0;0;445120,643999998457730;5423640,103999530896544;8,250241589000041;48,963239062000071;08210621216100914170;0
78227;08;4;17;002;2021;05;16;4;3;3;2;1;1;0;0;0;0;0;488966,303838422521949;5347004,144754981622100;8,851290942000048;48,276146101000052;08210512417200795750;0
78229;08;1;27;052;2021;06;23;6;3;0;1;1;0;0;0;0;2;0;539894,310385738499463;5435932,904209891334176;9,546253927000066;49,074963862000061;08210618127100931130;0
78232;08;2;26;105;2021;06;17;4;2;3;3;1;1;0;0;0;0;0;470606,658000000752509;5476958,558999549597502;8,594514329000049;49,444579929000042;08210609221011877120;0
78235;08;3;17;065;2021;06;16;5;3;5;3;1;1;0;0;0;0;0;414216,554911792278290;5354612,074505835771561;7,842408444000057;48,338863617000072;08210603317300963710;0
78239;08;2;15;029;2021;05;18;1;3;0;7;1;0;0;0;0;0;0;465532,035497950389981;5452104,639279110357165;8,526659916000028;49,220757591000051;08210523215502823170;0
78248;08;4;36;049;2021;06;17;4;2;0;1;1;0;0;0;0;0;0;578707,787000009790063;5283657,373999491333961;10,049095789000035;47,701502843000071;08210616436300962200;0
78250;08;2;26;107;2021;06;11;1;3;0;1;1;0;0;0;0;0;0;475135,082000000402331;5484635,398999549448490;8,656500710000046;49,513832985000079;08210627226600946580;0
78256;08;1;16;077;2021;06;02;7;3;0;1;1;0;0;0;0;2;0;515968,390104293823242;5389171,879415491595864;9,216827009000042;48,655398294000065;08210612116200907700;0
78269;08;1;16;019;2021;05;19;2;3;0;3;1;0;0;0;1;0;0;520291,448092771694064;5399651,489334708079696;9,276042137000047;48,749547195000048;08210510116100833780;0
78270;08;1;19;020;2021;06;08;4;3;8;1;1;0;0;0;0;0;0;519018,352931457571685;5407140,093992570415139;9,259069811000074;48,816953851000051;08210623119200928710;0
78273;08;4;35;067;2021;05;06;5;3;6;4;0;1;1;0;0;0;0;529198,259934721514583;5292105,015663638710976;9,389779525000051;47,781645227000070;08210520435200837390;1
78282;08;4;35;052;2021;05;13;1;3;0;7;1;0;0;0;0;0;0;522988,757932836189866;5289683,218594487756491;9,306759568000075;47,760106857000039;08210523435200851710;0