OID_;ULAND;UREGBEZ;UKREIS;UGEMEINDE;UJAHR;UMONAT;USTUNDE;UWOCHENTAG;UKATEGORIE;UART;UTYP1;IstRad;IstPKW;IstFuss;IstKrad;IstSonstige;ULICHTVERH;IstGkfz;LINREFX;LINREFY;XGCSWGS84;YGCSWGS84;UIDENTSTLAE;IstStrassenzustand
78287;08;2;12;000;2021;06;14;4;3;6;4;0;0;1;0;1;0;0;452093,276766447350383;5427822,684805260971189;8,345001421000063;49,001441379000028;08210602212010871820;0
78296;08;4;37;008;2021;06;17;5;3;6;4;1;0;1;0;0;0;0;520287,469017864204943;5328635,259724248200655;9,272549848000040;48,110656363000032;08210603437200867080;0
78298;08;3;26;052;2021;05;17;2;2;0;1;1;0;0;0;0;0;0;448069,865647585131228;5330689,652980059385300;8,302122577000034;48,127344099000027;08210524326300824020;0
78299;08;4;37;031;2021;05;12;7;3;6;4;0;0;1;0;1;0;0;516300,594499836675823;5343976,158511556684971;9,219577675000039;48,248790493000058;08210522437200861460;0
78304;08;3;36;091;2021;05;06;5;2;0;7;1;0;0;0;0;0;0;394451,115542911924422;5273063,129394652321935;7,595793714000024;47,602379411000072;08210527336400853660;1
78305;08;3;36;069;2021;05;17;3;2;0;1;1;0;0;0;0;0;0;408707,651455519720912;5267868,292575251311064;7,786493671000073;47,557812335000051;08210518336200809340;0
78309;08;1;15;045;2021;06;19;2;3;5;3;1;1;0;0;0;0;0;499950,408092130906880;5394584,394859755411744;8,999325964000036;48,704293991000043;08210614115400915510;0
78311;08;1;16;019;2021;05;15;7;3;5;3;1;1;0;0;0;0;0;525446,178946039639413;5400179,361811345443130;9,346197826000036;48,754106549000028;08210529116100848130;0
78312;08;1;19;020;2021;06;20;2;2;6;2;0;0;1;0;1;1;0;519014,626054107211530;5408736,104155942797661;9,259093044000053;48,831311353000046;08210628119200933890;0
78313;08;2;21;000;2021;05;16;6;3;4;6;1;0;0;0;0;0;0;477410,922736058011651;5474526,685055799782276;8,688517072000025;49,422996700000056;08210514221300809880;0
78315;08;1;15;044;2021;06;09;4;3;5;2;1;1;0;0;0;0;0;502914,249466908164322;5393247,261794285848737;9,039600042000075;48,692258218000063;08210609115100883760;0
78317;08;1;15;050;2021;06;19;3;2;0;3;1;1;0;0;0;0;0;487802,991000000387430;5404017,773999523371458;8,833943416000068;48,789037185000041;08210622115300944440;0
78324;08;1;36;088;2021;05;14;1;3;5;3;1;1;0;0;0;0;0;579859,987000009045005;5410672,747999524697661;10,088451724000038;48,843886199000053;08210530136100837950;0
78326;08;3;17;001;2021;05;17;2;3;3;6;1;0;0;0;0;0;0;429552,357053399085999;5385290,416109103709459;8,044151458000044;48,616717399000038;08210517317100821080;0
78327;08;1;15;021;2021;06;17;5;3;5;3;1;1;0;0;0;0;0;490502,343999999575317;5382881,612999519333243;8,871179743000027;48,598941811000032;08210610115200895410;1
78328;08;3;17;051;2021;05;11;2;3;3;6;1;0;0;0;1;0;0;442955,289621556177735;5339662,090105187147856;8,232191121000028;48,207623298000044;08210510317600810170;0
78330;08;3;17;089;2021;06;16;6;3;4;6;1;0;0;0;0;0;0;433174,242349082604051;5373216,357903966680169;8,095226709000030;48,508506458000056;08210604317100870500;0
78335;08;2;15;017;2021;06;15;1;2;0;1;1;0;0;0;0;0;0;457152,153479789383709;5415231,305847395211458;8,415488602000039;48,888550897000073;08210627212010959580;0
78342;08;4;36;064;2021;05;09;2;3;4;2;1;1;0;0;0;0;0;545647,914000001735985;5292408,011999493464828;9,609394031000022;47,783415587000036;08210531436200843020;0
78346;08;1;27;076;2021;06;16;3;3;2;4;0;1;1;0;0;0;0;556591,150000003166497;5439653,961999535560608;9,775378240000066;49,107125181000072;08210615127100895300;0
78351;08;2;26;010;2021;05;15;1;2;2;6;1;1;0;0;0;0;0;480082,933705086819828;5458182,263729115948081;8,726178391000076;49,276072557000077;08210516222014802840;0
78353;08;2;26;086;2021;05;13;1;2;8;1;1;0;0;0;0;0;0;491903,320285914465785;5465890,048571011051536;8,888529240000025;49,345675777000054;08210509226300817090;0
78364;08;1;18;079;2021;06;09;7;2;0;1;1;0;0;0;0;0;0;510136,198045858182013;5421594,141418980434537;9,138435175000041;48,947187626000073;08210619118100915440;0
78367;08;3;17;031;2021;05;13;1;3;4;2;1;1;0;0;0;0;0;416679,303970805369318;5358465,924480933696032;7,874871769000038;48,373858187000053;08210523317300822310;0
78375;08;1;16;049;2021;05;11;6;3;0;1;1;0;0;0;0;0;0;523169,469014380127192;5387661,798236539587379;9,314521167000066;48,641588005000074;08210528116500845790;0
78378;08;2;26;096;2021;06;17;3;2;1;5;1;1;0;0;0;0;0;476521,416718936525285;5488800,730356849730015;8,675404052000033;49,551353909000056;08210608226600885530;0
78380;08;3;11;000;2021;06;19;3;2;2;6;1;0;0;0;0;0;0;412521,751040734350681;5316458,437804620712996;7,827393563000044;47,995438287000070;08210622311010946470;0
78383;08;1;35;032;2021;06;12;4;3;4;6;1;0;0;0;0;0;0;576243,460000008344650;5391038,897999519482255;10,035532568000065;48,667743866000080;08210602135200899110;0
78385;08;4;26;028;2021;06;18;3;3;5;3;1;0;0;0;1;0;0;569369,614477863535285;5343206,327003067359328;9,934258502000034;48,238278494000042;08210615426200909470;0
78387;08;3;26;054;2021;05;16;1;3;3;6;1;1;0;0;0;0;0;444161,805957978591323;5327555,033536180853844;8,250018035000039;48,098813429000074;08210530326300968730;0
78392;08;3;16;043;2021;06;15;4;3;5;3;1;1;0;0;0;0;0;411711,493606658652425;5331547,355845950543880;7,813419126000042;48,131054162000055;08210623316100918610;0
78393;08;2;37;028;2021;06;10;7;3;5;3;1;0;0;0;1;0;0;456023,462951003573835;5367085,982213392853737;8,405212172000063;48,455373750000035;08210605231000872180;0
78396;08;3;35;075;2021;06;08;4;2;5;3;1;1;0;0;0;0;0;494304,458730706013739;5287628,767520166933537;8,924025677000031;47,742006562000029;08210616335000962820;0
78397;08;3;17;026;2021;05;10;6;2;5;3;1;1;0;0;0;0;0;411903,599396539852023;5347077,299654157832265;7,812776541000062;48,270771738000064;08210528317300845290;0
78400;08;2;31;000;2021;05;16;3;2;6;4;0;1;1;0;0;0;0;476679,269063992425799;5413097,959988452494144;8,681984482000075;48,870402557000034;08210511231000792090;1
78404;08;3;26;052;2021;06;20;5;2;4;2;1;0;0;0;1;1;0;451174,930650858208537;5330601,106646196916699;8,343858068000031;48,126793297000063;08210617326300967670;0
78412;08;4;35;016;2021;06;17;4;3;0;7;1;0;0;0;0;0;0;537748,020659240894020;5277359,104758465662599;9,502632212000037;47,648527702000081;08210602435100871530;0
78414;08;1;18;071;2021;05;17;1;3;5;3;1;1;0;0;0;0;0;509311,187562922947109;5418668,520549122244120;9,127100792000022;48,920882597000059;08210523118100822010;0
78416;08;3;17;065;2021;06;14;6;3;6;4;0;0;1;0;1;0;0;414176,427354186773300;5355084,969945982098579;7,841770693000058;48,343111771000054;08210618317300944280;0
78421;08;2;25;058;2021;05;07;2;3;5;3;1;1;0;0;0;0;0;509686,163697064854205;5466422,126846492290497;9,133366805000037;49,350438672000053;08210510225100814360;1
78424;08;1;11;000;2021;06;20;2;3;5;3;1;1;0;0;0;1;0;514868,685445215553045;5402651,598685368895531;9,202380577000042;48,776689066000074;08210614111500887820;0
78427;08;1;15;045;2021;06;14;2;2;6;4;0;1;1;0;0;0;0;501287,859864688478410;5394839,708727294579148;9,017504947000020;48,706589487000031;08210628118000957420;0
78432;08;3;35;075;2021;06;14;2;3;0;1;1;0;0;0;0;0;0;488114,254684058018029;5288874,275370297953486;8,841419122000048;47,753128716000049;08210621335300169920;0
78449;08;3;15;006;2021;06;15;1;3;4;6;1;1;0;0;0;0;0;400876,661385666579008;5306334,037541737779975;7,673669767000035;47,902671556000030;08210627311400958420;0
78453;08;3;11;000;2021;05;02;7;3;0;7;1;0;0;0;0;2;0;414743,260061595588923;5315870,886661475524306;7,857282384000030;47,990453115000037;08210508311010815600;0
78459;08;1;11;000;2021;05;17;4;3;0;6;1;1;0;0;0;0;0;509875,244357020594180;5397264,406951423734426;9,134284908000041;48,728325301000041;08210519111210842110;0
78467;08;3;11;000;2021;06;13;4;3;0;7;1;0;0;0;1;0;0;414795,288999986834824;5315805,917999498546124;7,857992493000040;47,989875629000039;08210609311300887120;0
78468;08;2;16;029;2021;05;10;1;3;0;1;1;0;0;0;0;0;0;456327,275337385013700;5402560,902215212583542;8,405586434000043;48,774518029000035;08210509216300796680;0
78473;08;4;36;011;2021;06;20;2;3;5;3;1;1;0;0;0;0;0;548764,618154012598097;5297281,504903076216578;9,651547072000028;47,827033544000074;08210614436400938480;0
78488;08;1;18;068;2021;05;13;7;1;5;3;1;1;0;0;0;0;0;500124,305599338375032;5423868,252420194447041;9,001698401000056;48,967727864000040;08210529118000859080;0
78493;08;4;36;081;2021;06;06;2;3;5;2;1;1;0;0;0;0;0;562977,774691561236978;5281464,692239340394735;9,839140091000047;47,683501167000031;08210621436300940960;0
78494;08;2;16;029;2021;06;13;5;3;3;6;1;1;0;0;0;0;0;456090,103148307651281;5403743,577487692236900;8,402232234000053;48,785140058000081;08210603216300866180;0
78495;08;3;17;001;2021;06;16;7;3;0;1;1;0;0;0;0;0;0;432623,027080613188446;5386414,403921149671078;8,085626687000058;48,627165968000043;08210612317100896680;0
78500;08;3;35;055;2021;05;11;1;2;0;1;1;0;0;0;0;0;0;494763,624866142868996;5285899,565440619364381;8,930171414000029;47,726451786000041;08210530335200855710;0
78502;08;2;26;003;2021;05;08;2;3;1;5;1;1;0;0;0;0;0;463455,449621266685426;5460858,067389335483313;8,497344761000022;49,299373108000054;08210517226200827540;0
78507;08;2;15;059;2021;05;16;6;3;0;1;1;0;0;0;1;0;0;484897,530553206801414;5435656,905609672889113;8,793215113000031;49,073588470000061;08210521215302960740;0
78508;08;3;11;000;2021;06;23;4;3;0;7;1;0;0;0;0;2;0;414531,698005951009691;5315996,329651447013021;7,854422374000023;47,991553284000076;08210616311010904890;0
78512;08;3;16;036;2021;06;17;6;3;5;1;1;0;0;0;1;0;0;412703,304370269179344;5326168,116223599761724;7,827846855000075;48,082804025000030;08210625316100925360;0
78513;08;3;35;043;2021;06;19;2;3;0;1;1;0;0;0;0;0;0;512219,634999999776483;5279860,031999494880438;9,162782872000037;47,672015887000043;08210607335100893400;1
78514;08;3;15;111;2021;05;13;7;3;0;1;1;0;0;0;0;0;0;401726,074460701085627;5299993,640553751960397;7,686474702000055;47,845770287000050;08210508311400788720;0
78517;08;1;19;079;2021;06;11;1;2;3;6;1;0;0;0;0;0;0;523191,529881925322115;5409333,421990048140287;9,316040453000028;48,836542714000075;08210620119400921510;0
78521;08;1;18;010;2021;06;19;3;3;6;7;1;0;1;0;0;0;0;506814,154082680121064;5432405,877607727423310;9,093245775000071;49,044491327000060;08210615118100923660;0
78530;08;3;11;000;2021;06;22;1;3;0;1;1;0;0;0;0;2;0;414748,830891052260995;5315863,996016206219792;7,857358404000024;47,990391873000078;08210613311010884600;0
78540;08;3;36;008;2021;06;15;7;3;6;6;0;1;1;0;0;0;0;396279,828451761975884;5276045,502370828762650;7,619409180000048;47,629501584000081;08210619311010907720;0
78544;08;3;17;089;2021;06;10;5;3;5;3;1;1;0;0;0;0;0;432157,458999995142221;5375578,073999512940645;8,081077828000048;48,529641579000042;08210624317010953100;0
78545;08;2;37;040;2021;06;12;2;3;6;4;0;1;1;0;0;0;0;471711,535760430619121;5367204,630783483386040;8,617380888000071;48,457342126000071;08210607231000872600;0
78546;08;4;36;082;2021;06;15;3;3;5;3;1;1;0;0;0;0;0;547717,810981815680861;5295673,944252990186214;9,637384462000057;47,812648985000067;08210629436200960230;1
78548;08;4;16;036;2021;07;20;4;3;8;1;1;0;0;0;0;0;0;497942,541000001132488;5369164,965999512001872;8,972161619000076;48,475610840000058;08210721416010034970;0
78556;08;1;21;000;2021;07;18;7;3;5;3;1;1;0;0;0;0;0;515459,823241032660007;5443339,467446098104119;9,211971971000025;49,142687206000062;08210703121200980040;0
78557;08;2;26;028;2021;07;17;3;3;5;3;1;1;0;0;0;0;0;471123,146999998949468;5484680,919999552890658;8,601075355000035;49,514064611000038;08210713222400029470;1
78562;08;2;15;009;2021;07;12;4;2;6;7;0;1;1;0;0;0;0;470827,415122782811522;5441163,115892877802253;8,600171429000056;49,122612283000080;08210721215402067400;0
78565;08;4;35;066;2021;07;15;5;3;6;4;0;1;1;0;0;0;0;518911,117999999783933;5286961,861999493092299;9,252230245000021;47,735753987000066;08210708435200981620;0
78566;08;4;35;035;2021;07;08;5;3;0;1;1;0;0;0;0;0;0;540099,534337815828621;5280195,936464015394449;9,534202657000037;47,673910168000077;08210715435100065330;1
78570;08;4;35;052;2021;07;13;2;3;5;3;1;1;0;0;0;0;0;522888,475853464566171;5289680,007311381399632;9,305421265000064;47,760081533000061;08210712435200999520;0
78573;08;4;25;039;2021;07;04;7;3;0;1;1;0;0;0;0;1;0;564809,647823326289654;5355590,867232991382480;9,874754360000054;48,350168381000060;08210717421300005530;0
78576;08;1;16;080;2021;07;16;2;3;4;2;1;1;0;0;0;0;0;522267,277167657390237;5395227,450890583917499;9,302681713000027;48,709681404000037;08210705116200976110;1
78579;08;1;21;000;2021;07;20;6;2;0;7;1;0;0;0;0;0;0;514092,271261877380311;5441445,124695494771004;9,193155158000025;49,125679820000073;08210702121300978110;0
78587;08;1;18;048;2021;07;20;3;3;4;6;1;0;0;0;0;0;0;511253,698077922686934;5419075,458552323281765;9,153627840000070;48,924511023000036;08210720118400030460;0
78588;08;4;16;036;2021;06;12;3;2;0;1;1;0;0;0;0;0;0;494332,456000001169741;5365279,787999510765076;8,923368140000036;48,440635817000043;08210629416010940260;0
78589;08;3;11;000;2021;07;17;1;3;3;1;1;0;0;0;0;0;0;403814,962636352516711;5315059,862945375964046;7,711025541000026;47,981607700000040;08210711311010987920;0
78590;08;4;21;000;2021;07;07;4;3;2;6;1;1;0;0;0;0;0;574404,508146836422384;5361941,863770440220833;10,005363905000024;48,406239325000058;08210721421200032720;0
78595;08;2;12;000;2021;07;09;7;3;0;2;1;0;0;0;1;0;0;454390,476894628256559;5432380,824675623327494;8,375895113000070;49,042616082000052;08210703215102979240;0
78600;08;3;37;022;2021;07;09;7;2;0;6;1;0;0;0;0;0;0;450841,389772130176425;5296169,369094772264361;8,343315337000035;47,816997801000070;08210710337200011230;0
78601;08;3;35;100;2021;07;10;4;3;6;7;0;1;1;0;0;0;0;487834,340460207313299;5286454,366379622370005;8,837752160000036;47,731350226000075;08210721335300161130;0
78613;08;3;15;022;2021;07;16;4;3;5;3;1;1;0;0;0;0;0;398205,680391503497958;5301493,113922962918878;7,639081830000066;47,858709958000077;08210707311400026110;0
78615;08;3;17;089;2021;07;18;7;3;0;6;1;0;0;1;0;0;0;430762,971674225293100;5376408,237115275114775;8,062054282000076;48,536956710000027;08210703317100010980;0
78622;08;1;11;000;2021;07;14;6;3;0;7;1;0;0;0;0;0;0;508070,872979582287371;5397387,416374996304512;9,109751283000037;48,729457878000062;08210716111230023900;0
78623;08;4;17;079;2021;06;06;4;3;6;7;0;1;1;0;0;0;0;496494,790908379480243;5340217,509889444336295;8,952813898000045;48,215174565000041;08210630417100961990;0
78631;08;3;37;065;2021;07;16;1;3;0;7;1;1;0;0;0;0;0;449512,662670911289752;5274299,742053145542741;8,328101415000049;47,620133671000076;08210704337010989080;1
78634;08;1;18;076;2021;07;13;6;3;8;1;1;0;0;0;0;0;0;504138,639189889654517;5421945,593060869723558;9,056527128000027;48,950418397000078;08210702118600971040;0
78635;08;1;19;006;2021;07;16;2;2;8;1;1;0;0;0;0;0;0;536592,729190620593727;5422174,686900667846203;9,499808352000059;48,951410313000054;08210712119100993380;0
78641;08;4;25;008;2021;07;14;1;3;3;6;1;1;0;0;0;0;0;567326,843000004999340;5385934,338999517261982;9,913615139000058;48,622853154000040;08210704117010993220;0
78645;08;4;35;036;2021;07;21;4;3;0;6;1;0;0;0;1;1;0;520306,575000000186265;5282450,863999489694834;9,270631936000029;47,695123711000065;08210721435200050710;0
78653;08;3;17;057;2021;07;21;2;2;6;4;0;0;1;1;0;1;0;415933,459639021195471;5383278,261837836354971;7,859809992000066;48,596937506000074;08210719317010013840;0
78657;08;3;35;063;2021;07;13;7;3;2;6;1;0;0;0;0;0;0;498583,086345484480262;5289780,240582842379808;8,981092398000044;47,761388199000066;08210717335200040440;0
78665;08;1;11;000;2021;07;09;2;2;5;2;0;1;1;0;0;0;0;516605,576783624477684;5407354,009786156937480;9,226211691000060;48,818947378000075;08210712111500021630;0
78668;08;1;19;004;2021;07;07;7;3;5;3;1;1;0;0;0;0;0;540254,280381708405912;5421259,170819226652384;9,549727531000030;48,942947457000059;08210717119100020620;1
78675;08;1;17;024;2021;07;15;5;3;3;2;1;1;0;0;0;0;0;559918,738000003620982;5386587,187999514862895;9,813193829000056;48,629479251000078;08210722117200026750;0
78676;08;1;11;000;2021;07;09;4;3;4;6;1;0;0;0;0;0;0;513360,872994914650917;5402476,268178116530180;9,181851865000056;48,775146016000065;08210714111500028010;0
78677;08;3;11;000;2021;07;19;6;3;8;1;1;0;0;0;0;0;0;412813,095613840036094;5315332,637605043128133;7,831526719000067;47,985351140000034;08210709311010992460;0
78685;08;4;35;066;2021;07;18;2;3;0;1;1;0;0;0;0;0;0;517977,327217031270266;5287062,812498139217496;9,239779938000027;47,736688988000026;08210705435200984300;0
78691;08;1;18;048;2021;07;18;6;2;6;4;0;1;1;0;0;0;0;515707,187338791787624;5415114,388212930411100;9,214271066000038;48,888781422000079;08210716118000034300;0
78703;08;3;15;004;2021;07;16;1;2;4;6;1;0;0;0;0;0;0;394564,502999958582222;5294062,968999482691288;7,592225409000037;47,791290477000075;08210711311400023540;0
78704;08;3;15;113;2021;07;16;4;2;0;7;1;0;0;0;0;0;0;440552,278822243213654;5307738,550145449116826;8,204289216000063;47,920211778000066;08210721311500055650;0
78705;08;2;15;046;2021;07;14;1;2;4;6;1;1;0;0;0;0;0;451338,636727970093489;5414048,043649625033140;8,336329262000049;48,877477994000060;08210718212702042150;0
78708;08;1;25;056;2021;07;15;3;3;4;2;1;1;0;0;0;0;0;511012,608861688524485;5436121,687491027638316;9,150798904000055;49,077856137000026;08210706121400990730;0
78710;08;1;11;000;2021;07;19;7;3;6;7;0;0;1;0;1;0;0;511716,155858153477311;5406546,761323481798172;9,159582176000072;48,811796934000029;08210703111500974920;0
78717;08;2;12;000;2021;07;16;2;3;5;2;1;1;0;0;0;0;0;461304,441154233179986;5430428,229657635092735;8,470685173000049;49,025524982000036;08210705215102976320;0
78718;08;1;17;026;2021;07;09;2;3;5;3;1;1;0;0;0;0;0;547676,521798010915518;5394734,080578703433275;9,647998656000027;48,703818335000051;08210705117300984130;1
78730;08;4;36;081;2021;07;17;2;3;4;2;1;1;0;0;0;0;0;563001,113601200282574;5281707,351434914395213;9,839486062000049;47,685682028000031;08210719436300028700;0
78731;08;3;35;075;2021;06;06;3;3;6;4;0;1;1;0;0;0;0;488646,035000001080334;5290051,890999490395188;8,848483406000071;47,763733939000076;08210629335300170050;1
78738;08;1;19;041;2021;07;15;5;3;6;7;0;1;1;0;0;0;0;526308,987031760625541;5410197,108363978564739;9,358577954000054;48,844187887000032;08210708119400029960;0
78739;08;3;36;050;2021;07;14;3;3;2;6;1;1;0;0;0;0;0;399911,720784636214375;5273801,386722374707460;7,668251408000060;47,609886495000069;08210706311010975680;1
78750;08;2;36;074;2021;07;07;5;3;6;4;0;1;1;0;0;0;0;472245,486732428893447;5421834,052870852872729;8,620930013000077;48,948806019000074;08210715231000015340;1
78762;08;1;21;000;2021;06;13;4;3;4;2;1;1;0;0;0;0;0;513497,622999998740852;5443140,650999536737800;9,185061446000077;49,140945039000030;08210630121300961420;0
78763;08;2;15;007;2021;07;10;6;3;5;3;1;1;0;0;0;0;0;478147,046220846474171;5431535,764618776738644;8,701010173000043;49,036314535000031;08210702215302165450;0
78764;08;4;37;005;2021;07;11;1;3;4;1;1;1;0;0;0;0;0;502564,881583501584828;5325997,618573114275932;9,034441974000060;48,087243444000080;08210711437000992650;0
78768;08;2;16;006;2021;07;17;7;3;0;1;1;0;0;0;0;0;0;446764,515690598636866;5409276,564026858657598;8,274570314000073;48,834182053000063;08210710216300014470;0
78769;08;1;15;004;2021;07;10;4;3;5;3;1;1;0;0;0;0;0;487393,725140440277755;5373994,224835865199566;8,829285794000043;48,518933599000036;08210721115200050300;0
78770;08;1;27;008;2021;07;15;1;2;3;2;1;1;0;0;0;0;0;572706,641482211649418;5459818,530081275850534;9,999800996000033;49,286790117000066;08210718127202028000;0
78772;08;2;37;002;2021;07;20;4;1;4;6;1;1;0;0;0;0;0;460837,121371412649751;5353769,019153920933604;8,471556542000030;48,335889992000034;08210707231000984480;0
78773;08;4;36;055;2021;07;21;1;3;0;7;1;0;0;0;0;1;0;579256,672915714792907;5296571,911649966612458;10,058765393000044;47,817615312000044;08210704436100973730;1
78774;08;1;18;019;2021;07;12;6;3;6;4;0;1;1;0;0;0;0;504545,553040319122374;5405265,585605435073376;9,061899508000067;48,800365417000080;08210709118200011320;0
78775;08;1;26;046;2021;07;15;5;3;6;6;1;0;1;0;0;0;0;549989,265898329205811;5458573,422291168943048;9,687283942000022;49,277871541000081;08210715126100004540;0
78777;08;1;19;055;2021;06;07;4;3;5;3;1;1;0;0;0;0;0;543428,995256107300520;5404829,637922853231430;9,591336168000055;48,794943444000069;08210630119300954590;1
78781;08;4;36;094;2021;07;18;6;3;3;2;1;1;0;0;0;0;0;571986,159092260524631;5282082,174981920048594;9,959256849000042;47,688115784000047;08210709436300165840;0
78782;08;2;22;000;2021;07;16;3;2;5;3;1;0;0;0;0;0;0;461747,373000001534820;5484544,747999550774693;8,471570271000076;49,512320748000036;08210720222014015230;0
78784;08;4;35;035;2021;07;18;3;3;6;4;0;1;1;0;0;0;0;541142,564366490580142;5283566,806053807958961;9,548415022000029;47,704173242000081;08210706435100005140;0
78804;08;4;25;130;2021;06;16;3;1;2;6;1;1;0;0;0;0;0;572619,765536113642156;5378443,451635524630547;9,984119283000041;48,554881037000030;08210629135010939980;1
78808;08;4;16;036;2021;06;07;4;3;3;6;1;0;0;0;0;0;0;496927,619656858034432;5371347,655629174783826;8,958413212000039;48,495243095000035;08210630416100064750;0
78811;08;1;11;000;2021;07;18;7;1;6;4;0;1;1;0;0;0;0;513616,458999999798834;5402415,680999523028731;9,185328564000031;48,774595437000073;08210710111500001930;0
78824;08;3;26;074;2021;07;20;7;3;5;2;1;1;0;0;0;0;0;465657,539000001735985;5323189,707999501377344;8,539072846000067;48,061061137000081;08210717326200034210;0
78830;08;1;18;081;2021;07;16;1;2;2;6;1;0;0;0;0;0;0;519933,482681556604803;5415302,405064003542066;9,271933034000028;48,890351228000043;08210711118000021900;0
78832;08;3;17;068;2021;07;17;1;3;0;7;1;0;0;0;0;0;0;435236,788860946893692;5388190,055527770891786;8,120816118000050;48,643414310000026;08210718317100262060;0
78844;08;3;35;075;2021;07;13;3;2;4;6;1;0;0;0;0;0;0;490685,986486652866006;5289771,919745091348886;8,875712114000066;47,761247595000043;08210706335000975530;0
78848;08;4;16;009;2021;07;15;1;3;5;3;1;0;0;1;0;0;0;506827,699057945981622;5381855,825022237375379;9,092589829000076;48,589748390000068;08210711415400020850;0
78849;08;3;37;123;2021;07;19;4;2;5;3;1;1;0;0;0;0;0;451631,139999999664724;5276849,088999491184950;8,356011050000063;47,643232306000073;08210721337010045820;0
78853;08;1;11;000;2021;07;01;5;3;9;7;1;0;0;0;0;2;0;509268,614769521169364;5398314,065628612414002;9,126059503000022;48,737777363000077;08210708111130158220;0
78855;08;1;18;048;2021;07;13;7;3;5;7;1;0;0;0;0;0;0;514432,547354492358863;5416630,847418125718832;9,196936636000032;48,902454072000069;08210703118400997460;0
78856;08;2;21;000;2021;07;12;3;3;0;7;1;0;0;0;0;0;0;477689,018519877456129;5472910,135854732245207;8,692442574000040;49,408466370000042;08210713221200992340;1
78859;08;3;36;073;2021;06;11;3;3;3;6;1;0;0;0;0;0;1;397955,850894114002585;5277289,654933409765363;7,641421626000067;47,640959292000048;08210629311010955020;0
78860;08;3;17;041;2021;07;06;7;3;5;3;1;1;0;0;0;0;0;439540,029752370901406;5348331,063519528135657;8,184989021000035;48,285292255000059;08210710317600011070;0
78865;08;1;25;013;2021;07;15;6;3;6;7;0;1;1;0;0;0;0;504819,505147013813257;5435795,022982707247138;9,065991111000073;49,074997267000072;08210709121400984770;0
78866;08;1;17;024;2021;07;17;6;3;0;1;1;0;0;0;0;0;0;564682,055262394249439;5388070,234643725678325;9,878063587000042;48,642344911000066;08210716117200020720;0
78869;08;2;26;009;2021;07;18;2;3;0;2;1;1;0;0;0;0;0;466062,122428947128356;5471458,565840315073729;8,532294204000038;49,394872576000068;08210712222500026580;0
78870;08;2;15;017;2021;07;15;7;3;6;7;1;0;1;0;0;0;0;457277,838070055469871;5420589,932751722633839;8,416642092000075;48,936761961000059;08210710212702989740;0
78872;08;1;18;050;2021;07;11;1;3;4;6;1;0;0;0;0;0;0;505642,413567274808884;5417601,237847125157714;9,077006117000053;48,911325914000031;08210718118600008720;0
78881;08;3;17;065;2021;07;12;6;3;6;4;0;1;1;0;0;0;0;416554,671133286319673;5354511,752908408641815;7,873973247000038;48,338274393000063;08210709317300997720;0
78886;08;1;15;003;2021;07;07;6;3;0;7;1;0;0;0;0;0;0;501402,755071456544101;5391822,883539039641619;9,019056390000060;48,679449585000043;08210702115100970140;0
78887;08;1;18;011;2021;07;19;7;3;5;3;1;1;0;0;0;1;0;504973,812742721289396;5406061,447521509602666;9,067741014000035;48,807521646000055;08210703118200991120;0
78891;08;4;36;013;2021;07;17;4;2;5;3;1;1;0;0;0;0;0;544714,957965539768338;5297017,108890473842621;9,597415193000074;47,824949106000076;08210721436400057530;0
78894;08;3;35;002;2021;07;11;5;3;8;6;1;1;0;0;0;0;0;504337,465911151841283;5287391,656104600057006;9,057856246000028;47,739883693000081;08210715335100025220;0
78912;08;2;22;000;2021;07;17;3;3;5;3;1;1;0;0;0;0;0;462880,967083968222141;5480429,891230488196015;8,487615808000044;49,475380199000028;08210720222700064210;0
78913;08;3;35;043;2021;07;03;7;3;1;5;1;1;0;0;0;2;0;512085,511328374966979;5280881,071299923583865;9,161024425000051;47,681205373000068;08210717335100040480;0
78920;08;1;21;000;2021;07;06;2;3;5;3;1;1;0;0;0;0;0;515853,079735023900867;5444611,798476401716471;9,217414002000055;49,154122206000068;08210719121200010370;0
78921;08;2;16;009;2021;07;12;2;3;4;6;1;0;0;0;0;0;0;444967,961480895988643;5420805,145519923418760;8,248538911000026;48,937725265000040;08210705216100976370;0
78928;08;3;35;063;2021;07;12;6;3;8;6;1;0;0;0;0;0;0;493517,862022781744599;5289118,152030019089580;8,913510870000039;47,755399982000029;08210702335010025110;0
78932;08;1;16;014;2021;07;14;7;3;0;6;1;1;0;0;0;0;0;526581,877203200943768;5395744,427410576492548;9,361362761000066;48,714163074000055;08210717116100076480;0
78942;08;2;26;103;2021;07;14;3;3;5;3;1;1;0;0;0;0;0;470173,872849721461535;5458043,876438966020942;8,589961110000047;49,274424635000059;08210720226700045200;0
78946;08;4;16;050;2021;07;17;5;2;5;3;1;1;0;0;0;0;0;487445,308453868143260;5363217,442283883690834;8,830307902000072;48,421982301000071;08210701416100021480;0
78955;08;3;17;065;2021;07;13;5;3;5;2;1;1;0;0;0;0;0;416535,499020390212536;5354480,357415558770299;7,873720808000030;48,337989460000074;08210715317300030850;0
78964;08;1;19;090;2021;07;17;2;2;6;4;0;1;1;0;0;0;0;532311,406297472305596;5406527,463709156960249;9,440096373000074;48,810893695000061;08210719119010045710;0