OID_;ULAND;UREGBEZ;UKREIS;UGEMEINDE;UJAHR;UMONAT;USTUNDE;UWOCHENTAG;UKATEGORIE;UART;UTYP1;IstRad;IstPKW;IstFuss;IstKrad;IstSonstige;ULICHTVERH;IstGkfz;LINREFX;LINREFY;XGCSWGS84;YGCSWGS84;UIDENTSTLAE;IstStrassenzustand
78966;08;3;35;043;2021;07;02;1;3;0;7;1;0;0;0;0;2;0;513162,179080300033092;5279658,148921633139253;9,175332754000067;47,670180910000056;08210704335100972040;1
78975;08;3;35;098;2021;07;14;3;2;0;1;1;0;0;0;0;0;0;500630,102773493155837;5294033,400574315339327;9,008414401000039;47,799657395000054;08210720335400017150;0
78979;08;4;35;035;2021;07;11;7;3;0;7;1;0;0;0;0;0;0;541140,066811768338084;5283533,334899330511689;9,548378573000036;47,703872253000043;08210703435100971650;0
78988;08;2;15;046;2021;07;18;3;3;6;4;0;1;1;0;0;0;0;451181,512429577298462;5414508,020077612251043;8,334131543000069;48,881603220000045;08210706212702003050;0
78992;08;3;35;043;2021;07;02;2;3;0;1;1;0;0;0;0;2;0;513236,447020864114165;5279536,867163443937898;9,176318393000031;47,669088142000078;08210719335100037700;1
78994;08;4;15;059;2021;07;14;7;2;9;1;1;0;0;0;0;0;0;516779,724328550510108;5367196,114770673215389;9,226957597000023;48,457677748000037;08210703415300972560;0
78995;08;1;35;019;2021;07;17;3;2;6;3;0;1;1;0;0;0;0;585136,263708507642150;5392309,208316236734390;10,156551098000023;48,678020478000064;08210720135010048990;0
79000;08;3;17;026;2021;07;18;6;3;9;3;1;1;0;0;0;0;0;411548,550597371533513;5346647,593565275892615;7,808082725000077;48,266857118000075;08210709317300988180;0
79005;08;3;11;000;2021;07;17;3;2;4;2;1;0;0;0;0;0;0;414605,705999987199903;5317485,551999500021338;7,855117759000052;48,004959310000061;08210713311010009900;0
79006;08;3;17;152;2021;07;05;2;3;6;6;0;1;1;0;0;0;0;408654,267012038268149;5348547,289253907278180;7,768679785000074;48,283533445000046;08210719317300037750;0
79007;08;4;21;000;2021;07;16;2;3;0;1;1;0;0;0;0;0;0;571870,503000005148351;5356429,177999509498477;9,970186399000056;48,356945152000037;08210705421300973790;0
79009;08;4;36;064;2021;07;14;7;3;0;1;1;0;0;0;0;0;0;539993,588753408752382;5292426,762167787179351;9,533914839000033;47,783960207000064;08210710436200985960;0
79016;08;3;17;096;2021;07;19;6;2;5;3;1;1;0;1;0;0;0;420470,876999991945922;5368146,759999509900808;7,924226163000071;48,461426061000054;08210702317010993130;0
79021;08;4;36;095;2021;07;16;7;2;8;1;1;0;0;0;0;0;0;537658,183000000193715;5290918,686999494209886;9,502607642000044;47,770532550000041;08210717436200009520;0
79022;08;1;18;081;2021;07;20;2;3;0;7;1;0;0;0;0;0;0;519330,247637927532196;5413026,017871351912618;9,263596151000058;48,869892623000055;08210719118300058430;0
79027;08;1;25;098;2021;06;16;4;3;0;1;1;0;0;0;0;0;0;523662,538147150538862;5436974,879532804712653;9,324065924000024;49,085174627000072;08210630121600944060;0
79030;08;4;26;070;2021;07;18;3;3;5;3;1;1;0;0;0;0;0;565075,128168401308358;5342164,691161658614874;9,876268308000022;48,229363556000067;08210713426200997280;0
79031;08;3;15;131;2021;07;14;6;3;4;1;1;1;0;0;0;0;0;405710,996751360595226;5308462,078506929799914;7,737873998000055;47,922542425000074;08210709311010984110;0
79033;08;4;36;055;2021;07;17;6;3;5;3;1;1;0;0;0;0;0;574969,903923176229000;5301598,347480103373528;10,002379829000063;47,863347271000066;08210716436100037520;0
79034;08;3;17;034;2021;07;13;3;3;5;3;1;1;0;0;0;0;0;426819,305445955134928;5361964,107705868780613;8,011165969000047;48,406582702000037;08210706317500977230;1
79042;08;1;28;139;2021;07;13;6;2;3;6;1;0;0;0;0;0;1;552933,001109201461077;5488512,998791867867112;9,731745050000029;49,546907492000059;08210716128200062460;0
79046;08;2;26;085;2021;07;06;3;2;5;2;1;1;0;0;0;0;0;488287,320530772209167;5457656,727927790954709;8,838987790000033;49,271557525000048;08210713221011166600;1
79050;08;4;35;016;2021;07;09;7;3;0;7;1;0;0;0;0;0;0;536654,894673727452755;5281719,368152009323239;9,488443182000026;47,687821503000066;08210710435100985100;0
79051;08;3;11;000;2021;07;17;4;3;0;6;1;1;0;0;0;0;0;415484,300754942931235;5320244,009597536176443;7,866350793000038;48,029889513000057;08210721311010023310;0
79063;08;1;17;026;2021;07;13;2;3;5;3;1;1;0;0;0;0;0;554313,956000002101064;5400730,714999521151185;9,738994533000039;48,757217140000080;08210719117300028410;0
79071;08;3;11;000;2021;07;17;5;3;0;3;1;1;0;0;0;0;0;412038,359451684169471;5315275,065130494534969;7,821157815000049;47,984727180000050;08210708311010997230;0
79074;08;3;17;057;2021;07;16;6;3;0;6;1;0;0;0;1;0;0;419118,223809503018856;5384166,586362712085247;7,902823306000073;48,605347157000040;08210702317200976070;0
79078;08;1;25;056;2021;07;19;1;3;0;1;1;0;0;0;0;0;0;509956,774034771136940;5438459,487066015601158;9,136398683000039;49,098903685000039;08210718121400043080;0
79081;08;4;37;100;2021;07;16;1;3;2;6;1;0;0;1;0;0;0;533919,486279928125441;5318564,881468325853348;9,454883935000055;48,019474946000059;08210704437100995650;0
79089;08;3;26;012;2021;07;15;7;3;0;1;1;0;0;0;0;0;0;462706,917682752013206;5309887,877018043771386;8,500628944000027;47,941220974000032;08210717326100009430;0
79091;08;2;37;040;2021;07;16;7;3;3;6;1;1;0;0;0;0;0;477108,092070586048067;5365557,147726709023118;8,690461528000071;48,442740311000080;08210703237200977570;0
79099;08;1;25;007;2021;07;18;3;2;0;7;1;0;0;0;0;0;0;510853,271999998949468;5452921,330999538302422;9,149069819000033;49,228977570000040;08210706121500976850;1
79102;08;1;26;066;2021;07;09;3;3;3;6;1;1;0;0;0;0;0;536064,489385227672756;5450058,262437095865607;9,495080080000037;49,202258616000051;08210713126200007920;1
79113;08;4;26;021;2021;07;17;4;2;5;3;1;1;0;0;0;0;0;557717,763948637992144;5327092,746800133958459;9,775162238000064;48,094487080000079;08210707426100981330;1
79125;08;1;17;015;2021;07;17;2;2;3;6;1;1;0;0;0;0;0;560294,437628108076751;5394003,385224681347609;9,819372823000037;48,696153507000076;08210712117010020900;0
79128;08;4;36;082;2021;07;17;6;3;6;2;0;1;1;0;0;0;0;547297,648328402079642;5294296,055163126438856;9,631622231000051;47,800283216000025;08210709436400013670;0
79133;08;1;11;000;2021;07;14;6;3;0;7;1;0;0;0;1;0;0;510756,776637652888894;5403430,941141733899713;9,146433204000061;48,783784663000063;08210702111500971290;0
79138;08;3;17;152;2021;07;08;4;3;6;4;0;1;1;0;0;0;0;406588,744544914923608;5349598,918920800089836;7,740611330000036;48,292690945000061;08210721317300017650;0
79148;08;1;25;102;2021;07;18;5;3;0;7;1;0;0;0;0;0;0;521296,807151781395078;5445245,561738388612866;9,292103584000074;49,159658371000035;08210708121600982320;0
79149;08;3;17;005;2021;07;16;3;3;5;2;1;0;0;0;1;0;0;424483,576269356533885;5376308,932931086048484;7,977019603000031;48,535339081000075;08210706317000994750;0
79150;08;3;15;074;2021;07;20;7;3;0;1;1;0;0;0;0;0;0;398727,750506652519107;5295706,766133863478899;7,647412964000068;47,806744630000026;08210703311400979540;1
79151;08;1;16;041;2021;07;12;3;3;2;6;1;0;0;0;1;0;0;518931,221000001765788;5384374,266999520361423;9,256838299000037;48,612155739000059;08210720116500033480;0
79160;08;1;15;045;2021;07;17;7;2;0;7;1;0;0;0;0;0;0;499983,336263326928020;5397955,523469761013985;8,999773376000064;48,734620856000049;08210703118000977550;0
79163;08;2;15;064;2021;07;15;2;3;6;7;0;1;1;0;0;0;0;479046,139866845682263;5451826,879485430195928;8,712257046000047;49,218870486000071;08210705215202975760;0
79164;08;4;35;052;2021;07;12;7;3;5;3;1;1;0;0;0;0;0;522978,934000002220273;5290702,283999489620328;9,306682370000033;47,769276176000062;08210710435200048700;0
79167;08;2;11;000;2021;07;07;2;3;4;6;1;0;0;0;0;0;0;442966,735909507609904;5402458,428336212411523;8,223770595000076;48,772515019000082;08210719211100041670;0
79168;08;1;27;014;2021;07;07;2;3;4;6;1;0;0;0;0;0;0;578194,964160942472517;5444207,519502451643348;10,072216817000026;49,145711839000057;08210705127202973380;0
79172;08;1;27;076;2021;07;12;5;3;5;3;1;1;0;0;0;0;0;552587,476760479621589;5438528,806203316897154;9,720380506000026;49,097360083000069;08210701127100974960;0
79173;08;3;26;074;2021;07;08;6;3;6;4;0;1;1;0;0;0;0;459556,093296200968325;5324414,741872172802687;8,457069947000036;48,071724699000072;08210702326400078370;0
79176;08;1;25;065;2021;07;16;7;3;8;7;1;0;0;0;0;0;0;516801,782687571831048;5447323,247985623776913;9,230537903000027;49,178487232000066;08210710121500001980;0
79180;08;4;37;076;2021;07;16;3;3;0;7;1;0;0;0;0;0;0;525130,908999999985099;5322258,005999499931931;9,337242239000034;48,053108102000067;08210706437100002870;0
79183;08;3;26;074;2021;06;20;3;3;6;6;1;0;1;0;0;0;0;457197,838424458168447;5322729,757010290399194;8,425582385000041;48,056411569000034;08210629326400966040;0
79185;08;4;25;020;2021;07;18;4;3;3;2;1;1;0;0;0;0;0;558907,801599567756057;5361182,301070345565677;9,795887455000070;48,401045534000048;08210721425000053050;0
79186;08;1;11;000;2021;07;09;4;3;5;3;1;1;0;0;0;0;0;517966,333208348602057;5404168,159179480746388;9,244609188000027;48,790250108000066;08210714111500997080;0
79194;08;2;12;000;2021;07;08;3;1;5;3;0;0;1;0;1;0;0;451827,196927863173187;5431098,323340253904462;8,340974869000036;49,030885025000032;08210713212010018090;1
79196;08;1;11;000;2021;07;16;3;3;5;3;1;1;0;0;0;0;0;513362,056575187481940;5402477,624067086726427;9,181868018000046;48,775158188000034;08210706111310978420;1
79200;08;2;22;000;2021;07;08;1;2;6;4;0;1;1;0;0;0;0;460842,534396408125758;5482344,727517444640398;8,459289318000060;49,492475056000046;08210718222014008080;0
79208;08;2;26;041;2021;07;12;7;3;0;6;1;0;0;0;1;0;0;477419,426048798486590;5466472,780373988673091;8,689091791000067;49,350553124000044;08210710221011011220;0
79217;08;3;11;000;2021;07;14;5;3;0;7;1;0;0;0;0;0;0;413237,943677317351103;5317395,975643796846271;7,836802156000033;48,003969339000037;08210715311010999640;0
79220;08;1;16;049;2021;07;17;7;3;3;2;1;1;0;0;0;0;0;523025,995000000111759;5385017,976999517530203;9,312426702000039;48,617809323000074;08210703116010988440;0
79231;08;2;22;000;2021;06;18;4;2;5;5;1;1;0;0;0;0;0;461102,021508240140975;5483763,217137370258570;8,462732651000067;49,505250267000065;08210630222014955980;0
79233;08;2;15;110;2021;07;20;2;2;5;3;1;0;0;0;1;0;0;460325,112681169062853;5418115,726307744160295;8,458490368000071;48,914708587000064;08210712212702006510;0
79237;08;1;16;070;2021;07;23;4;3;5;2;1;1;0;0;0;2;0;539856,818224610760808;5384587,230615902692080;9,540744870000026;48,613088527000059;08210707116010987990;0
79249;08;1;19;067;2021;07;13;7;2;3;2;1;0;0;1;0;0;0;541407,836700901389122;5403337,124767459928989;9,563666776000048;48,781655419000060;08210703119010982290;0
79252;08;4;26;097;2021;07;16;2;1;5;3;1;1;0;0;0;0;0;534074,660765628330410;5334465,781077200546861;9,458234053000069;48,162523214000032;08210705426010988720;0
79253;08;2;16;024;2021;06;09;3;3;8;1;1;0;0;0;0;0;0;445496,149648927152157;5408579,759425841271877;8,257380675000036;48,827804162000064;08210629216300078170;0
79255;08;2;26;082;2021;07;12;4;2;0;2;1;0;0;0;0;0;0;480874,783000000752509;5479391,320999547839165;8,736045199000046;49,466872035000051;08210721221011076260;0
79257;08;4;25;020;2021;07;16;6;2;7;5;1;0;0;0;0;0;0;559491,716000000946224;5362742,872999509796500;9,803997029000072;48,415029069000070;08210709117010010930;0
79258;08;3;15;130;2021;07;06;5;2;8;1;1;0;0;0;0;0;0;409235,172389098443091;5300582,256366096436977;7,786693266000043;47,852169446000062;08210715311400030230;1
79261;08;2;26;040;2021;07;16;2;3;0;7;1;0;0;0;0;0;0;474883,975786599330604;5495875,544287510216236;8,652314652000030;49,614922885000055;08210712226600991910;0
79267;08;1;26;011;2021;07;17;1;2;2;6;1;1;0;0;0;0;0;534703,149925285018981;5444231,791442429646850;9,475890093000032;49,149927926000032;08210704126200974070;0
79270;08;1;19;020;2021;07;17;3;2;5;3;1;1;0;0;0;0;0;518932,334974769502878;5408827,227317042648792;9,257975967000050;48,832133592000048;08210706119400990220;1
79279;08;4;36;006;2021;07;15;7;3;2;6;1;1;0;0;0;0;0;558371,366258155554533;5283085,449808059260249;9,777985449000028;47,698515297000029;08210703436300971570;0
79292;08;4;35;066;2021;07;14;3;3;0;7;1;0;0;0;0;0;0;518394,801906703040004;5286931,200545335188508;9,245342562000076;47,735493039000062;08210706435200979630;0
79295;08;4;26;097;2021;06;06;3;2;5;3;1;1;0;0;0;0;0;534921,520000000484288;5333642,772999502718449;9,469554602000073;48,155072948000054;08210629426010939140;1
79300;08;1;27;076;2021;07;16;6;2;0;7;1;0;0;0;0;0;0;548446,908951969817281;5436126,447734942659736;9,663376298000060;49,076091175000045;08210716127100007050;0
79306;08;1;11;000;2021;07;16;3;3;6;2;0;1;1;0;0;0;0;513886,199000000953674;5406103,296999523416162;9,189124511000045;48,807762881000031;08210706111500976610;1
79310;08;3;11;000;2021;07;23;1;2;0;1;1;0;0;0;0;2;0;404171,219227743335068;5317218,873292544856668;7,715316494000035;48,001081332000069;08210718311010043780;0
79313;08;3;36;091;2021;07;16;5;2;0;7;1;0;0;0;0;0;0;394951,062344873324037;5271696,169625129550695;7,602770324000062;47,590164627000036;08210715311010024890;1
79314;08;4;36;081;2021;06;13;4;3;1;4;0;1;1;0;0;0;0;562533,447858930565417;5282267,941899783909321;9,833335466000051;47,690770926000027;08210630436300946120;0
79330;08;2;35;065;2021;07;05;3;2;2;2;1;1;0;0;0;1;0;473685,189802951179445;5404521,914934318512678;8,641706725000063;48,793135163000045;08210720235100053370;0
79332;08;3;26;074;2021;07;06;3;2;5;3;1;1;0;0;0;0;0;460582,575000001117587;5319877,502999501302838;8,471267137000041;48,030968701000063;08210706326400035590;0
79341;08;1;21;000;2021;07;08;3;3;5;2;1;1;0;0;0;0;0;513471,014175444841385;5443702,957465872168541;9,184715422000068;49,146003763000067;08210706121300985580;1
79345;08;3;15;052;2021;07;15;2;2;0;1;1;0;0;0;0;0;0;433252,753590829670429;5303136,334490440785885;8,107308387000046;47,878090589000067;08210719311500015720;0
79346;08;4;35;016;2021;07;09;7;3;0;7;1;0;0;0;0;0;0;536804,053999999538064;5281730,325999494642019;9,490431647000037;47,687911616000065;08210710435100984710;0
79350;08;4;26;134;2021;07;16;1;2;0;1;1;0;0;0;0;0;0;562372,231000003404915;5336813,043999504297972;9,839089852000029;48,181492294000066;08210704426010982200;0
79351;08;4;21;000;2021;07;14;5;3;4;2;1;1;0;0;0;0;0;573134,135000008158386;5361722,008999509736896;9,988162814000077;48,404410378000080;08210708421200980220;1
79354;08;1;15;003;2021;07;18;5;3;0;7;1;0;0;0;0;0;0;499746,174478252418339;5391993,179104514420033;8,996551682000074;48,680983109000067;08210701115100978470;0
79358;08;1;27;008;2021;07;16;6;3;5;3;1;1;0;0;0;0;0;565780,823000003583729;5462101,497999543324113;9,904951940000046;49,308107929000073;08210716127202039560;0
79360;08;2;26;098;2021;07;09;5;3;0;3;1;1;0;0;0;0;0;478317,660820311866701;5459941,806101966649294;8,701814171000024;49,291839669000069;08210701226700969590;0
79379;08;1;21;000;2021;07;14;1;2;0;1;1;0;0;0;0;0;0;519563,959565296769142;5442149,273443482816219;9,268186057000037;49,131864036000081;08210718121200008540;0
79383;08;1;16;078;2021;07;19;5;3;0;3;1;0;0;0;0;0;0;509555,431000000797212;5393283,892999520525336;9,129843887000050;48,692521394000039;08210715116200002180;0
79386;08;2;16;007;2021;07;14;5;2;8;1;1;0;0;0;0;0;0;436922,385707990266383;5393798,207653254270554;8,142840779000039;48,694032739000079;08210708216200980100;1
79391;08;2;26;096;2021;07;15;7;3;0;7;1;0;0;0;0;0;0;475861,207439969293773;5488900,199450140818954;8,666270596000061;49,552222632000053;08210717226600009200;0
79406;08;3;17;001;2021;07;16;2;1;6;7;0;1;1;0;0;0;0;431096,363872762769461;5383156,890562551096082;8,065452133000065;48,597698217000072;08210705317000991670;0
79407;08;3;36;069;2021;07;14;7;3;0;7;1;0;0;0;0;0;0;409136,537612394429743;5272494,704186914488673;7,791235681000046;47,599490999000068;08210710336200998980;0
79410;08;4;35;057;2021;07;13;1;3;3;6;1;0;0;1;0;0;0;548651,896044345572591;5283084,507586376741529;9,648451687000033;47,699311955000042;08210718435100168480;0
79411;08;1;36;003;2021;07;18;1;2;0;1;1;0;0;0;0;0;0;575193,205246075987816;5421332,272591080516577;10,026818506000041;48,940344507000077;08210704136200985180;0
79419;08;4;37;076;2021;07;02;6;3;1;5;1;1;0;0;0;2;0;523716,649150244891644;5322226,966501103714108;9,318262283000024;48,052882977000081;08210709437100981440;1
79420;08;4;35;057;2021;07;13;3;3;0;7;1;0;0;0;0;0;0;544422,119127492420375;5279822,786665253341198;9,591746800000067;47,670270314000049;08210720435100020820;0
79424;08;2;12;000;2021;07;18;3;3;5;2;1;1;0;0;0;0;0;455998,225087810307741;5429218,918170711025596;8,398236779000058;49,014291368000045;08210720212010022340;0
79430;08;4;16;015;2021;07;15;6;3;6;3;1;1;1;0;0;0;0;506923,241958356462419;5366779,354951668530703;9,093635149000022;48,454114070000060;08210709416010020350;0
79433;08;4;35;016;2021;07;07;3;3;8;7;1;0;0;0;0;0;0;534827,066213900223374;5278388,005865782499313;9,463821702000075;47,657948973000032;08210706435100002210;0
79434;08;1;36;071;2021;07;21;7;3;0;7;1;0;0;0;0;1;0;599349,533000029623508;5425939,126999523490667;10,357730106000076;48,978366976000075;08210710127010016030;0
79437;08;1;16;037;2021;07;21;4;2;8;1;1;0;0;0;0;0;0;534953,699082102626562;5397748,419690953567624;9,475338310000041;48,731777343000033;08210707116100006780;0
79441;08;3;11;000;2021;07;09;6;3;5;3;1;1;0;0;0;0;0;415287,561017156578600;5311459,719455352053046;7,865445878000060;47,950844947000064;08210702311010979020;0
79444;08;4;35;047;2021;07;19;3;2;5;3;1;1;0;0;0;0;0;512113,955000000074506;5295490,507999492809176;9,161810294000077;47,812653978000071;08210713437000031540;0
79445;08;3;37;126;2021;07;11;6;3;6;4;0;1;1;0;0;0;0;445044,367999997921288;5275684,784999489784241;8,268467130000033;47,632231286000035;08210709337010017820;0
79449;08;4;35;029;2021;07;15;5;2;0;7;1;0;0;0;0;0;0;544148,399149749428034;5271769,191964697092772;9,587288308000041;47,597828536000065;08210701435100975360;0
79453;08;4;36;064;2021;06;12;3;3;4;2;1;1;0;0;0;0;0;544776,760618440806866;5292237,320935543626547;9,597747295000033;47,781941025000037;08210629436200937810;0
79460;08;1;19;091;2021;07;15;5;3;6;7;0;0;1;0;1;0;0;527940,526335422880948;5406051,885580385103822;9,380532062000043;48,806827438000028;08210701119400978920;0
79462;08;4;35;016;2021;07;13;2;3;3;2;1;0;0;0;1;0;0;536303,699718408286572;5278932,452030155807734;9,483531810000045;47,662766391000048;08210712436000003220;0
79468;08;1;27;076;2021;07;08;2;3;0;1;1;0;0;0;0;0;0;553060,321734012104571;5440075,951639950275421;9,727060615000028;49,111235635000071;08210705127100984580;0
79472;08;2;12;000;2021;06;09;4;3;5;2;1;1;0;0;0;0;0;458838,089393979869783;5428176,174742093309760;8,437178142000050;49,005107716000055;08210630212102954340;1
79473;08;2;31;000;2021;07;09;6;3;6;2;0;1;1;0;0;0;0;477652,720317083410919;5415378,850519768893719;8,695134171000063;48,890956556000049;08210702231000991700;0
79481;08;1;18;079;2021;07;10;1;3;8;1;1;0;0;0;0;0;0;507958,968341621570289;5422892,108031708747149;9,108725083000024;48,958895563000056;08210704118100972940;0
79489;08;2;35;050;2021;07;18;6;2;6;4;0;1;1;0;0;0;0;468328,974505405873060;5390147,757867436856031;8,569884566000042;48,663578531000041;08210716231000033320;0
79492;08;1;25;108;2021;07;11;7;3;0;2;1;0;0;0;1;0;0;492419,311105244792998;5435526,290019107982516;8,896206449000033;49,072552077000068;08210703121400972680;0
79495;08;4;35;057;2021;07;09;2;3;0;7;1;1;0;0;0;0;0;544534,987799757160246;5279852,215494733303785;9,593253241000070;47,670527328000048;08210705435100977150;1
79500;08;2;15;084;2021;06;18;3;3;0;7;1;0;0;0;0;0;0;472888,200999999418855;5444921,254999538883567;8,628162334000024;49,156511883000064;08210629215202961670;1
79504;08;3;27;050;2021;07;16;6;3;4;6;1;0;0;0;0;0;0;486509,977000001817942;5314862,729999499395490;8,819203343000027;47,986924299000066;08210702327100081110;0
79507;08;1;36;088;2021;07;15;7;2;5;3;1;0;0;0;0;0;0;586022,116624701768160;5410561,021970335394144;10,172397291000038;48,842057930000067;08210703136010991880;0
79512;08;4;35;030;2021;07;09;7;3;0;7;1;0;0;0;0;0;0;542545,125836615450680;5271459,142854589968920;9,565931623000040;47,595146111000076;08210710435100001170;0
79514;08;3;35;063;2021;07;18;1;3;0;7;1;0;0;0;0;0;0;498804,161999999545515;5290693,965999493375421;8,984039964000033;47,769609943000034;08210718335200042850;0
79521;08;2;15;009;2021;07;16;7;3;5;3;1;1;0;0;0;0;0;470731,303886834532022;5441698,716792443767190;8,598815333000061;49,127425551000044;08210710215402985680;0
79539;08;1;15;003;2021;07;15;3;2;0;7;1;0;0;0;0;0;0;505074,377901911735535;5388488,380803506821394;9,068894365000062;48,649432895000075;08210720118000025930;0
79543;08;4;25;033;2021;07;10;1;3;5;3;1;0;0;0;0;0;0;563357,699739079922438;5344611,609990434721112;9,853511113000025;48,251549484000066;08210718426010052590;0
79545;08;2;16;041;2021;07;13;6;3;5;3;1;1;0;0;0;0;0;434769,410336409695446;5391148,559306735172868;8,114005827000028;48,669977683000070;08210716216200003160;0
79551;08;1;15;003;2021;07;10;3;3;1;5;1;1;0;0;0;0;0;500947,119532972574234;5392340,736101835966110;9,012867780000022;48,684109104000072;08210706115100020710;0
79554;08;2;15;064;2021;07;10;4;3;6;7;0;1;1;0;0;0;0;479354,784735341556370;5452063,833035456016660;8,716483177000043;49,221012402000042;08210721215202023610;0
79560;08;1;21;000;2021;07;09;5;3;0;1;1;0;0;0;0;0;0;515924,070418898947537;5444882,761935908347368;9,218398298000068;49,156557768000027;08210701121200969730;1
79561;08;4;26;021;2021;07;10;6;3;0;2;1;1;0;0;0;0;0;559154,154244171455503;5326370,168301442638040;9,794351252000070;48,087854896000067;08210702426100003060;0
79565;08;1;19;089;2021;07;15;1;3;5;7;1;1;0;0;0;0;0;533284,470301314257085;5410015,379963204264641;9,453632647000063;48,842218256000081;08210718119500012610;0
79570;08;2;12;000;2021;06;13;4;2;5;3;1;1;0;0;0;0;0;459434,595999999903142;5429936,959999535232782;8,445158002000028;49,020985781000036;08210630212010944930;0
79571;08;1;25;069;2021;07;10;6;2;0;7;1;0;0;0;0;0;0;522331,500577243044972;5452369,825783045962453;9,306690957000058;49,223705691000077;08210702121500975160;0
79576;08;3;26;074;2021;07;12;7;3;3;6;1;1;0;0;0;0;0;465503,666063571348786;5322947,126378674060106;8,537027280000075;48,058870376000073;08210717326200006130;0
79579;08;1;25;096;2021;07;13;7;3;8;1;1;0;0;0;0;0;0;514753,574717629700899;5450605,860911630094051;9,202555084000039;49,208067861000075;08210710121500999400;0
79580;08;1;19;083;2021;07;17;4;2;6;4;0;1;1;0;0;0;0;535103,152970673516393;5419513,975302083417773;9,479234273000031;48,927562516000080;08210721119010065760;0
79583;08;1;27;014;2021;07;19;4;3;6;4;0;1;1;0;0;0;0;579068,165638315491378;5443438,939170792698860;10,084037204000026;49,138687600000026;08210707127202979810;0
79587;08;4;25;072;2021;07;17;6;2;4;2;1;1;0;0;0;0;0;582880,580751859582961;5373382,769368758425117;10,122138027000062;48,508089750000067;08210702135010977740;0
79588;08;1;28;131;2021;07;11;2;3;5;3;1;1;0;0;0;0;0;536539,005799464881420;5514202,831415250897408;9,507523966000065;49,779178802000047;08210712128300003250;0
79589;08;3;17;089;2021;07;07;4;3;5;3;1;1;0;0;0;0;0;432260,558499537408352;5375512,709701038897038;8,082484739000051;48,529064752000068;08210714317100027620;0
79602;08;1;26;058;2021;07;06;3;3;6;6;0;1;1;0;0;0;0;543285,352323153987527;5450825,360299944877625;9,594282995000071;49,208691113000043;08210706126200999130;0
79603;08;1;28;131;2021;07;15;5;3;5;3;1;1;0;0;0;0;0;536320,546836040914059;5514434,225014319643378;9,504511322000042;49,781273217000034;08210701128300988770;0
79604;08;1;28;007;2021;07;18;7;3;5;3;1;1;0;0;0;0;0;560610,035452702082694;5479882,894911313429475;9,836536477000038;49,468569832000071;08210703128100997780;0
79607;08;3;26;074;2021;07;16;2;3;5;3;1;1;0;0;0;0;0;460518,033000000752509;5323127,514999503269792;8,470101595000074;48,060204196000029;08210705326400973780;0
79613;08;1;28;126;2021;06;20;3;3;2;6;1;1;0;0;0;0;0;564936,480227578431368;5481993,687137203291059;9,896588928000028;49,487106565000033;08210629128100938350;0
79617;08;3;35;043;2021;06;12;4;2;6;4;0;1;1;0;0;0;0;513173,637387843802571;5279647,160930911079049;9,175485057000060;47,670081811000045;08210630335100966290;0
79621;08;1;27;009;2021;07;11;7;3;2;6;1;1;0;0;0;0;0;557450,708140439353883;5450022,953689727932215;9,788633440000069;49,200309630000049;08210710127100015730;0
79625;08;3;35;025;2021;07;14;7;3;0;1;1;0;0;0;0;0;0;496722,775514692999423;5279803,349882928654552;8,956343062000030;47,671613042000047;08210703335200971430;0
79628;08;1;27;023;2021;07;15;6;3;0;1;1;0;0;0;0;0;0;552041,296943023800850;5426486,100596245378256;9,711352416000068;48,989084161000051;08210702127100973200;0
79631;08;3;16;038;2021;07;15;6;2;8;1;1;0;0;0;0;0;0;396792,434268543496728;5332901,593946963548660;7,612638162000053;48,140989968000042;08210709316100997890;0
79632;08;3;36;050;2021;07;19;3;3;5;3;1;1;0;0;0;0;0;398897,687830238603055;5275133,041784392669797;7,654455442000028;47,621707733000051;08210720311010042310;0
79633;08;2;16;043;2021;07;16;6;3;5;3;1;1;0;0;0;0;0;442551,791807978413999;5412575,998192844912410;8,216706930000043;48,863485013000059;08210716216100022680;0
79639;08;4;35;016;2021;06;08;3;3;0;1;1;0;0;0;0;0;0;535720,203347010537982;5277729,859865620732307;9,475662171000067;47,651978656000040;08210629435100938270;1
79642;08;2;15;108;2021;07;18;1;3;4;7;1;0;0;0;1;0;0;450504,804022649303079;5424414,252039084210992;8,323699831000056;48,970657162000066;08210718212702048080;0
79644;08;3;16;012;2021;07;17;5;2;5;7;1;0;0;0;0;0;1;402134,092999972403049;5333789,734999494627118;7,684218736000048;48,149822639000035;08210715316100004680;0
79645;08;1;21;000;2021;07;11;5;3;5;3;1;1;0;0;0;0;0;514754,451634751632810;5441489,516732009127736;9,202232873000071;49,126063602000045;08210701121200004620;0
79648;08;3;15;094;2021;07;11;2;2;5;3;1;1;0;0;0;0;0;434696,547999997623265;5313603,429999498650432;8,125028889000021;47,972403754000027;08210705311500030100;1
79652;08;2;11;000;2021;07;15;2;3;0;1;1;0;0;0;0;0;0;445795,137528434395790;5402212,182934852316976;8,262294505000057;48,770552809000037;08210719211100016540;0
79657;08;1;11;000;2021;07;16;5;3;1;7;1;1;0;0;0;0;0;513948,541499683633447;5403846,313633125275373;9,189896933000057;48,787457924000080;08210722111500025120;0
79660;08;4;35;016;2021;07;15;6;3;6;7;1;0;1;0;0;0;0;536225,940000000409782;5278739,196999490261078;9,482480139000074;47,661031958000081;08210716435100005320;0