OID_;ULAND;UREGBEZ;UKREIS;UGEMEINDE;UJAHR;UMONAT;USTUNDE;UWOCHENTAG;UKATEGORIE;UART;UTYP1;IstRad;IstPKW;IstFuss;IstKrad;IstSonstige;ULICHTVERH;IstGkfz;LINREFX;LINREFY;XGCSWGS84;YGCSWGS84;UIDENTSTLAE;IstStrassenzustand
79663;08;3;11;000;2021;07;08;5;3;5;3;1;0;0;0;0;0;0;414616,837203861214221;5317720,253599977120757;7,855220241000040;48,007072027000049;08210701311010065500;0
79679;08;1;18;048;2021;07;07;3;3;5;2;1;1;0;0;0;0;0;514788,722176289185882;5414941,102262079715729;9,201735551000070;48,887245187000076;08210706118400984080;0
79680;08;1;18;040;2021;07;15;7;3;5;3;1;1;0;0;0;0;0;510696,559553294442594;5431318,839318083599210;9,146344278000072;49,034657694000032;08210710118100985820;0
79682;08;3;35;026;2021;07;08;6;2;0;1;1;0;0;0;0;0;0;481260,526543912477791;5282344,893172945827246;8,750257645000033;47,694217586000036;08210716911083080920;0
79688;08;1;16;058;2021;07;13;2;3;3;6;1;0;0;0;1;0;0;534059,586270707659423;5395248,419383585453033;9,462973168000076;48,709337454000035;08210712116058996600;0
79690;08;3;17;122;2021;07;08;4;2;5;3;1;1;0;0;0;0;0;417636,535301473923028;5367305,663523875176907;7,886059576000036;48,453495874000055;08210714216100024030;0
79698;08;3;35;043;2021;07;13;2;3;0;1;1;0;0;0;0;0;0;513794,413072742521763;5280018,336132494732738;9,183766046000073;47,673408573000074;08210719335100046000;0
79699;08;3;35;066;2021;07;21;2;2;0;1;1;0;0;0;0;1;0;509370,199305765330791;5281778,804539727047086;9,124865642000032;47,689327939000066;08210705335100974010;0
79703;08;2;21;000;2021;07;02;1;3;0;7;1;1;0;0;0;2;0;477662,187864365987480;5473207,866170883178711;8,692055967000044;49,411143424000045;08210718221011060270;0
79704;08;2;15;084;2021;07;05;6;3;0;7;1;0;0;0;0;1;0;472143,687000000849366;5444161,061999538913369;8,618004159000066;49,149640482000052;08210709215202981610;1
79706;08;2;16;002;2021;07;08;3;3;0;3;1;1;0;0;0;0;0;444107,373194236308336;5422335,196000831201673;8,236578771000040;48,951410769000063;08210706216100046480;0
79708;08;3;27;049;2021;07;16;6;2;0;7;1;0;0;0;0;0;0;473355,476058699190617;5324843,023542135953903;8,642285214000026;48,076303860000053;08210702327200980090;0
79712;08;1;16;049;2021;07;19;7;3;0;1;1;0;0;0;0;0;0;523827,213428565301001;5384083,431708527728915;9,323244131000024;48,609372076000056;08210710116500004730;0
79713;08;4;36;085;2021;07;11;3;2;0;7;1;0;0;0;0;0;0;559035,273000002838671;5299190,693999495357275;9,789022013000022;47,843348954000078;08210720436300018460;0
79719;08;1;26;066;2021;07;15;5;3;6;3;0;1;1;0;0;0;0;536447,371464096009731;5449328,952748693525791;9,500269764000052;49,195675856000037;08210715126200019560;0
79720;08;4;26;058;2021;07;12;4;2;6;4;0;1;1;0;0;0;0;558749,313627885654569;5319583,395666642114520;9,787983133000068;48,026836882000055;08210707426010979390;1
79726;08;3;35;002;2021;07;07;3;3;5;2;1;0;0;0;0;0;0;503866,577920946292579;5285308,216139065101743;9,051556700000049;47,721140711000032;08210720335100049280;0
79730;08;4;25;033;2021;07;16;7;3;5;3;1;1;0;0;0;0;0;553144,166772352531552;5347831,793424649164081;9,716338421000046;48,281457382000042;08210703425000972610;0
79739;08;1;18;049;2021;07;19;7;3;0;7;1;0;0;0;0;0;0;517362,939600707963109;5419265,897867532446980;9,237034547000064;48,926082914000062;08210710118500985150;0
79740;08;2;16;007;2021;07;07;3;3;6;4;0;1;1;0;0;0;0;436263,637840320356190;5393612,979798847809434;8,133918722000033;48,692299658000081;08210720216200016010;0
79742;08;3;17;031;2021;07;07;4;3;3;6;1;0;0;0;0;0;0;417836,469000664539635;5358488,481984592974186;7,890490170000021;48,374212833000058;08210707317300980580;0
79750;08;1;11;000;2021;07;13;4;3;5;2;1;1;0;0;0;0;0;509174,252410143613815;5397407,784266861155629;9,124755940000057;48,729625841000029;08210714111500028580;0
79752;08;3;17;116;2021;07;15;6;2;5;3;1;1;0;0;0;0;0;433686,848116404376924;5387401,762981396168470;8,099903967000046;48,636161049000066;08210716317100006360;0
79753;08;3;35;075;2021;07;12;3;3;0;7;1;0;0;0;0;0;0;488361,475892608053982;5290064,441316844895482;8,844685694000077;47,763841786000057;08210706335300170350;0
79756;08;2;31;000;2021;07;12;3;3;6;4;0;1;1;0;0;0;0;479673,178792178630829;5417729,588797660544515;8,722580282000024;48,912172584000075;08210713231000992570;1
79757;08;3;15;059;2021;07;19;2;1;0;1;1;0;0;0;0;0;0;401533,280548091046512;5322632,603308508172631;7,678717662000054;48,049375618000056;08210719311010040880;0
79762;08;2;15;007;2021;07;15;4;2;9;1;1;0;0;0;0;0;0;479345,485476882196963;5434641,558291457593441;8,717248495000035;49,064293795000026;08210721215302036710;0
79766;08;2;21;000;2021;07;18;3;2;6;4;0;1;1;0;0;0;0;477380,716333932243288;5468121,265401927754283;8,688465166000071;49,365379685000050;08210706221011998250;1
79767;08;4;15;061;2021;06;18;4;3;8;1;1;0;0;0;0;0;0;514504,515607920475304;5369711,692188367247581;9,196271251000042;48,480365452000058;08210630415400961470;1
79773;08;4;26;108;2021;07;18;1;3;5;2;1;1;0;0;0;0;0;570038,928117209114134;5338660,172346914187074;9,942520442000045;48,197309401000041;08210718426200029660;0
79778;08;2;26;056;2021;07;13;6;2;6;3;0;1;1;0;0;0;0;485051,206630150787532;5471340,840646699070930;8,793988716000058;49,394576071000074;08210702221011986020;0
79781;08;4;26;087;2021;07;13;6;3;6;7;0;1;1;0;0;0;0;570966,870203362777829;5324201,756514657288790;9,952597211000068;48,067142332000060;08210709426010006810;0
79782;08;3;26;074;2021;07;06;3;2;7;7;1;0;0;0;0;0;0;465394,379229208454490;5321766,891917908564210;8,535656077000056;48,048246115000040;08210720326200028810;0
79789;08;1;11;000;2021;07;08;5;3;6;7;1;0;1;0;0;0;0;511068,524776095524430;5409181,120894052088261;9,150832122000054;48,835507143000029;08210722111500023380;0
79790;08;3;37;116;2021;07;10;1;2;1;3;1;1;0;0;0;0;0;417002,921999988146126;5276498,944999489933252;7,895103114000051;47,636568507000050;08210718337010013700;0
79794;08;2;15;089;2021;07;09;7;3;1;7;1;0;0;0;0;0;1;465597,456441370770335;5428253,337133787572384;8,529591319000076;49,006215612000062;08210703212102993710;0
79799;08;4;17;031;2021;07;17;7;2;2;6;1;1;0;0;0;0;0;501880,257470473647118;5354613,471091862767935;9,025375544000042;48,344698269000048;08210710417010011440;0
79802;08;3;17;096;2021;07;17;2;3;0;1;1;0;0;0;0;0;0;422204,617999993264675;5369737,652999514713883;7,947378010000023;48,475952837000079;08210719317500013280;0
79809;08;4;36;064;2021;07;19;1;3;0;1;1;0;0;0;0;0;0;544506,484689003787935;5286028,947466747835279;9,593503938000026;47,726102457000081;08210725436200031960;1
79811;08;4;36;052;2021;08;14;5;3;0;7;1;0;0;0;0;0;1;567051,086309251375496;5287913,030418694019318;9,894400015000031;47,741104199000063;08210819436500144860;0
79814;08;4;25;033;2021;08;14;2;3;4;6;1;0;0;0;0;0;0;554058,050775256007910;5346265,095109846442938;9,728455399000040;48,267285935000075;08210809425000095520;0
79823;08;2;15;007;2021;08;16;7;3;5;2;1;1;0;0;0;0;0;478510,043459811247885;5431165,831844706088305;8,705996206000066;49,032999586000074;08210821215302139790;0
79825;08;2;15;084;2021;08;07;6;3;0;3;1;1;0;0;0;0;0;474161,533999999985099;5447790,337999535724521;8,645441462000065;49,182374711000080;08210806215201110400;1
79826;08;4;35;059;2021;08;10;3;2;5;3;1;1;0;0;0;0;0;513974,559000000357628;5291358,021999493241310;9,186529787000040;47,775434363000045;08210824435200266390;0
79830;08;3;16;011;2021;08;17;6;3;5;3;1;0;0;1;0;0;0;415280,372039752081037;5326224,600234519690275;7,862431364000031;48,083659843000078;08210813316200105850;0
79843;08;4;36;055;2021;08;11;4;3;3;6;1;1;0;0;0;0;0;579358,919801988638937;5291572,589387327432632;10,059216544000037;47,772628959000031;08210811436100155610;0
79846;08;2;16;041;2021;07;17;7;3;8;7;1;0;0;0;0;0;0;431468,648495788685977;5392802,902416545897722;8,068905054000027;48,684504881000066;08210724216200030420;0
79851;08;3;17;096;2021;08;15;5;3;0;1;1;0;0;0;0;0;0;422051,283930720761418;5369738,892630461603403;7,945303435000028;48,475944996000067;08210805317500095980;0
79858;08;3;17;096;2021;07;17;4;3;5;3;1;1;0;0;0;0;0;421267,517920136451721;5369533,652338445186615;7,934739125000021;48,474001225000052;08210728317500078050;0
79867;08;3;11;000;2021;08;19;5;3;2;6;1;0;0;0;0;0;0;407528,682315545156598;5316972,095931429415941;7,760368824000068;47,999356049000028;08210812311010114070;0
79869;08;1;25;013;2021;08;08;3;3;5;3;1;1;0;0;0;0;0;504779,117560670711100;5435781,060203293338418;9,065437939000049;49,074871980000069;08210831121400166740;0
79870;08;2;21;000;2021;08;08;4;3;3;2;1;0;0;1;0;0;0;477532,366233750246465;5470679,529052112251520;8,690409299000066;49,388396608000050;08210804221011084580;0
79872;08;3;11;000;2021;08;23;7;3;5;3;1;1;0;0;0;2;0;411679,286660651676357;5319207,135444220155478;7,815537124000059;48,020047692000048;08210821311010167750;0
79875;08;2;36;040;2021;07;11;1;3;5;3;1;1;0;0;0;0;0;485571,381000001914799;5420163,246999530121684;8,802992041000039;48,934230540000044;08210725231102065680;0
79879;08;3;35;063;2021;07;14;6;3;5;3;1;1;0;0;0;0;0;494485,254210921004415;5287719,467998653650284;8,926436204000026;47,742824219000056;08210730911081066450;0
79882;08;1;35;026;2021;07;15;6;1;5;3;1;1;0;0;0;0;0;593156,572084903717041;5400406,158657800406218;10,267306034000057;48,749698160000037;08210723135010062230;0
79883;08;2;12;000;2021;07;18;3;2;5;7;1;0;0;0;1;0;0;452619,129156979732215;5429778,981073366478086;8,351962241000024;49,019078900000068;08210727212010063180;0
79887;08;4;35;016;2021;08;14;6;3;0;7;1;0;0;0;0;0;0;533059,925355518236756;5278487,668642079457641;9,440295457000047;47,658938409000029;08210820435100121540;0
79896;08;1;25;087;2021;08;18;4;2;5;3;1;1;0;0;0;0;0;506587,573000000789762;5457315,507400004193187;9,090552755000033;49,268564882000078;08210804121100102130;0
79901;08;2;16;007;2021;08;19;4;2;6;2;0;1;1;0;0;0;0;437454,571216605603695;5389837,422220475971699;8,150670947000037;48,658458518000032;08210825216200135120;0
79905;08;2;15;108;2021;07;15;5;3;0;7;1;0;0;0;0;0;0;447445,819925819523633;5423741,249785214662552;8,281992270000046;48,964350942000067;08210729212702071140;0
79913;08;3;17;057;2021;08;06;5;3;5;3;1;0;0;0;0;0;0;414198,725511194206774;5379557,184389909729362;7,837054990000070;48,563233245000049;08210812317200125220;0
79920;08;1;35;020;2021;08;15;6;2;3;6;1;1;0;0;0;0;0;587847,091393845155835;5379437,399336412549019;10,190642423000043;48,561872480000034;08210813135010135470;0
79924;08;3;26;074;2021;08;11;5;2;5;3;1;1;0;0;0;0;0;460169,858303555287421;5323931,856576122343540;8,465353922000077;48,067418967000037;08210826326400164500;0
79926;08;3;15;094;2021;08;06;4;2;0;7;1;0;0;0;0;2;0;431250,320136121474206;5316887,700285162776709;8,078334576000032;48,001588198000036;08210825311500145020;0
79927;08;1;16;014;2021;07;18;3;3;3;2;1;1;0;0;0;0;0;529009,234812954440713;5395833,463741658255458;9,394366535000074;48,714855819000036;08210727116100043630;0
79930;08;2;12;000;2021;07;07;5;3;6;7;1;0;1;0;0;0;0;462022,098476734012365;5427674,555860653519630;8,480759224000053;49,000799674000064;08210729212102076400;0
79936;08;1;36;042;2021;07;15;7;2;0;1;1;0;0;0;0;0;0;551149,294139798730612;5404674,100027995184064;9,696430129000021;48,792957140000055;08210724136300032190;0
79953;08;3;15;098;2021;07;13;6;2;5;3;1;1;0;0;0;0;0;407988,289599276147783;5312685,128022307530046;7,767447016000062;47,960860521000029;08210723311010027560;0
79955;08;3;35;063;2021;08;17;6;2;3;6;1;0;0;0;0;0;0;500463,161951885558665;5291140,212525472044945;9,006181983000033;47,773626010000044;08210806335200089770;0
79957;08;3;36;008;2021;08;06;4;2;0;1;1;0;0;0;0;0;0;397250,751010716892779;5276260,992044791579247;7,632278467000049;47,631594736000068;08210804311010084380;0
79959;08;3;35;066;2021;08;16;7;3;0;1;1;0;0;0;0;0;0;507600,314086778089404;5281470,323603777214885;9,101275130000033;47,686575572000038;08210821335100125060;0
79961;08;3;15;031;2021;08;15;3;2;5;3;1;1;0;0;0;0;0;445189,564000000245869;5310700,882999496534467;8,265976930000022;47,947275845000036;08210824311500154530;0
79970;08;2;37;027;2021;07;08;6;3;6;4;0;1;1;0;0;0;0;481383,404702764004469;5369443,433497976511717;8,748097627000050;48,477843771000039;08210723231000052850;0
79971;08;3;26;074;2021;07;06;3;3;5;3;1;1;0;0;0;0;0;460639,088624872267246;5323073,930244818329811;8,471731177000038;48,059729591000064;08210727326400065860;0
79975;08;2;16;063;2021;08;14;7;3;0;1;1;0;0;0;0;0;0;430319,154235864989460;5404304,728047456592321;8,051344999000037;48,787834211000074;08210821216200124630;0
79979;08;1;35;019;2021;08;17;5;3;6;2;0;1;1;0;0;0;0;584915,220009747892618;5392425,790068401023746;10,153572865000058;48,679099153000038;08210812135200101050;0
79982;08;4;35;035;2021;07;13;6;3;5;3;1;1;0;0;0;0;0;545103,588489220477641;5284209,680726990103722;9,601277645000039;47,709692814000050;08210723435100062170;0
79990;08;3;36;045;2021;08;10;4;3;0;1;1;0;0;0;0;0;0;396551,303677060641348;5282776,764825047925115;7,621428334000029;47,690093509000064;08210825336400165660;1
79996;08;2;22;000;2021;07;20;7;3;0;1;1;0;0;0;0;0;0;464214,037897386588156;5483920,732916614040732;8,505700468000043;49,506858664000049;08210731222301060970;0
80000;08;3;17;065;2021;07;19;6;3;0;1;1;0;0;0;0;0;0;409167,822860506363213;5353893,629564829170704;7,774449762000074;48,331695780000075;08210723317300058480;0
80001;08;1;11;000;2021;08;17;3;3;5;2;1;0;0;1;0;0;0;512873,191994340158999;5402851,107647746801376;9,175225916000045;48,778528325000082;08210817111500154300;0
80003;08;4;35;035;2021;08;07;6;3;0;1;1;0;0;0;0;0;0;543216,573000000789762;5282017,750999491661787;9,575905878000071;47,690100622000045;08210806435100087250;1
80005;08;4;36;064;2021;08;13;4;3;5;3;1;1;0;0;0;0;0;541940,111948916688561;5292848,271559532731771;9,559940421000022;47,787628755000071;08210825436200136230;0
80012;08;3;16;017;2021;08;13;2;3;0;1;1;0;0;0;0;0;0;407555,220999979414046;5342337,136999500915408;7,755225330000030;48,227515697000058;08210809316100112710;0
80014;08;4;35;052;2021;08;15;3;3;2;6;1;1;0;0;0;0;0;521381,489132903516293;5289976,530446304008365;9,285327057000075;47,762801234000051;08210810435200122890;0
80017;08;1;15;048;2021;07;16;4;2;0;1;1;0;0;0;0;0;0;509227,706664029508829;5386985,482245359569788;9,125250140000048;48,635865057000046;08210728118000062920;0
80018;08;1;16;049;2021;08;17;2;3;0;7;1;0;0;0;0;0;0;523278,527729079127312;5387617,595412705093622;9,315999111000053;48,641186302000051;08210816116500136730;0
80022;08;1;28;007;2021;08;14;1;3;5;3;1;1;0;0;0;0;0;555411,093984403647482;5480779,171042602509260;9,764913534000073;49,477127674000030;08210822128100131890;1
80023;08;3;36;091;2021;08;11;2;3;0;1;1;0;0;0;0;0;0;394443,420265168882906;5273076,230252768844366;7,595688214000063;47,602496002000066;08210802311010082030;0
80025;08;3;17;145;2021;08;12;3;3;3;6;1;0;0;0;0;0;0;441487,395882040262222;5348294,014967793598771;8,211242361000075;48,285142000000064;08210824317600143740;0
80028;08;3;11;000;2021;07;09;4;3;0;1;1;0;0;0;0;0;0;414573,315419977530837;5317920,335933830589056;7,854596985000057;48,008866027000067;08210728311010057760;0
80033;08;1;16;079;2021;07;16;6;2;0;1;1;0;0;0;0;0;0;539366,997693781740963;5375328,734614508226514;9,533223201000055;48,529831050000041;08210730116400066700;0
80034;08;4;35;016;2021;08;11;5;2;3;2;1;1;0;0;0;0;0;536544,245350788347423;5282964,604205207899213;9,487073104000046;47,699031587000036;08210819435100131940;0
80042;08;3;16;051;2021;07;14;6;3;0;7;1;0;0;0;0;0;0;399616,253993955440819;5335730,530094549059868;7,649918671000023;48,166886548000036;08210723316100058560;0
80045;08;1;26;066;2021;08;18;3;3;0;1;1;0;0;0;0;0;0;535860,161378163844347;5450542,331305239349604;9,492318475000047;49,206624787000067;08210831126200157570;0
80047;08;1;18;003;2021;07;18;5;2;0;7;1;0;0;0;0;0;0;510779,726585183292627;5416875,082445815205574;9,147099400000059;48,904725491000079;08210722118300056550;0
80053;08;2;12;000;2021;07;15;4;2;5;3;1;1;0;0;0;0;0;452107,578749888576567;5431091,151633922010660;8,344811199000048;49,030842357000040;08210728212010050620;1
80054;08;1;11;000;2021;08;09;7;3;4;6;1;0;0;0;0;0;0;516058,372589468955994;5404318,676408533006907;9,218638656000053;48,791656342000067;08210814111500119290;0
80058;08;4;16;022;2021;07;18;3;2;5;3;1;1;0;0;0;0;0;512444,906018214300275;5376266,443354414775968;9,168596802000025;48,539378415000044;08210727416010066030;0
80061;08;4;37;086;2021;08;12;6;2;0;7;1;0;0;0;0;0;0;524222,681318270973861;5312076,451825847849250;9,324479469000039;47,961539469000058;08210820437000122650;0
80073;08;2;16;043;2021;08;18;5;3;3;6;1;1;0;0;0;0;0;442239,479083957150578;5412168,116667313501239;8,212506602000076;48,859787121000068;08210805216100110380;1
80079;08;2;12;000;2021;07;16;5;3;5;3;1;1;0;0;0;0;0;460013,125535112805665;5427854,747528489679098;8,453275715000075;49,002293663000046;08210729212010060160;0
80080;08;4;36;003;2021;08;13;2;2;3;6;1;0;0;0;0;0;0;580028,829216922633350;5306908,362708615139127;10,070992419000049;47,910504681000077;08210809436100163560;0
80082;08;3;17;096;2021;08;21;4;3;0;7;1;0;0;0;0;2;0;420031,571266774088144;5367929,019529128447175;7,918326482000055;48,459411822000050;08210811317500097770;0
80084;08;1;25;013;2021;08;18;2;3;5;3;1;1;0;0;0;0;0;504945,802000000141561;5436157,232999533414841;9,067724860000055;49,078254522000066;08210823121400131840;0
80086;08;2;16;007;2021;08;17;3;3;5;3;1;1;0;0;0;0;0;434288,511564232409000;5394795,671610623598099;8,106894896000028;48,702733094000052;08210817216200140900;0
80089;08;3;35;043;2021;08;10;4;3;5;3;1;1;0;0;0;0;0;511760,381972862407565;5280050,321891061961651;9,156670119000069;47,673736568000038;08210804335100119710;0
80093;08;1;16;042;2021;08;15;4;3;3;2;1;1;0;0;0;0;0;516929,148000000976026;5381833,379999520257115;9,229572974000064;48,589354857000046;08210825116500136060;0
80102;08;2;15;106;2021;08;14;7;3;5;3;1;1;0;0;0;0;0;466086,536999999545515;5455050,672999536618590;8,534025284000052;49,247287976000052;08210828215502144800;0
80117;08;2;31;000;2021;07;06;6;3;6;2;0;1;1;0;0;0;0;475427,279625519178808;5415070,097108300775290;8,664793373000066;48,888094866000074;08210730231000049450;0
80118;08;2;15;064;2021;08;16;6;2;0;1;1;0;0;0;0;0;0;477691,246391265653074;5451339,647702131420374;8,693678710000029;49,214439919000029;08210827215202141070;0
80130;08;4;17;079;2021;08;16;3;2;0;1;1;0;0;0;0;0;0;495875,510147050954401;5340116,801435105502605;8,944478305000075;48,214264783000033;08210817417100116170;0
80133;08;2;15;109;2021;08;12;7;3;0;7;1;0;0;0;0;0;0;464555,732533575966954;5434571,415804790332913;8,514795241000058;49,062989296000069;08210807215102090180;0
80135;08;1;16;014;2021;08;13;6;2;5;3;1;1;0;0;0;0;0;528787,610999999567866;5395852,485999522730708;9,391355068000053;48,715037213000073;08210827116010158880;0
80137;08;2;12;000;2021;08;19;3;3;0;7;1;0;0;0;1;1;0;458839,387094115838408;5429174,968681765720248;8,437094610000031;49,014092121000033;08210803212010103160;1
80138;08;2;26;098;2021;08;13;1;3;3;6;1;1;0;0;0;0;0;482528,667287335731089;5462976,026502070948482;8,759592583000028;49,319267583000055;08210808226700123950;0
80143;08;2;16;022;2021;08;14;7;2;2;6;1;0;0;0;0;0;0;434378,771687718108296;5407330,727088799700141;8,106122973000026;48,815494174000037;08210821216100126430;0
80150;08;1;11;000;2021;07;14;7;3;5;3;1;1;0;0;0;0;0;515526,101088097319007;5405781,311257725581527;9,211446997000053;48,804827536000062;08210724111500049010;0
80151;08;4;36;027;2021;07;20;5;2;5;3;1;0;0;1;0;1;0;537251,876000000163913;5309605,352999499067664;9,498794855000028;47,938681520000046;08210729436400071570;0
80156;08;3;17;057;2021;08;05;5;3;7;7;1;0;0;0;0;1;0;412976,170699378475547;5374740,970397353172302;7,821494380000047;48,519745611000076;08210805317200104400;0
80158;08;3;36;084;2021;08;16;7;3;3;6;1;0;0;0;1;0;0;405487,464546677656472;5279828,055390909314156;7,741120066000065;47,664937113000065;08210814336100127170;0
80161;08;1;16;049;2021;07;16;2;3;3;2;1;1;0;0;0;0;0;522963,310159662738442;5384982,969478668645024;9,311574242000063;48,617496696000046;08210726116500036700;1
80168;08;3;37;126;2021;08;18;1;3;0;6;1;0;0;0;0;0;0;439967,480018354952335;5274552,268035260960460;8,201048756000034;47,621591343000034;08210829337010158830;0
80170;08;3;11;000;2021;07;19;6;3;2;6;1;0;0;0;0;0;0;415116,761999988928437;5315993,261999497190118;7,862263301000041;47,991603620000035;08210723311010043180;0
80171;08;4;26;038;2021;08;09;2;2;7;7;1;0;0;0;1;0;0;561348,228000003844500;5316768,366999499499798;9,822434945000055;48,001267856000027;08210816426100121890;0
80173;08;4;26;128;2021;08;22;6;3;0;1;1;0;0;0;0;2;0;559853,111301142722368;5331163,822910845279694;9,804408986000055;48,130913965000047;08210806426100108750;0
80174;08;4;36;009;2021;08;18;4;3;5;3;1;1;0;0;0;0;0;556746,283000002615154;5307662,679999496787786;9,759545270000046;47,919774047000033;08210804436400085730;1
80176;08;3;15;074;2021;07;18;5;3;5;3;1;1;0;0;0;0;0;397291,699032325297594;5296277,092012198641896;7,628103656000064;47,811647090000065;08210722311400059580;0
80178;08;1;18;019;2021;08;17;4;3;8;1;1;0;0;0;0;0;0;504568,236000000499189;5404080,212999524548650;9,062195212000063;48,789701719000050;08210825118200147200;1
80179;08;2;31;000;2021;07;11;1;2;9;1;1;0;0;0;0;0;0;481412,532000000588596;5412759,224999524652958;8,746544750000055;48,867515335000064;08210725231000051240;0
80182;08;3;11;000;2021;07;05;4;2;0;1;1;0;0;0;0;1;0;417202,438841589726508;5306689,114734975621104;7,892003949000070;47,908180892000075;08210728311010043450;1
80183;08;2;21;000;2021;08;10;7;3;0;7;1;0;0;0;0;0;0;477522,215342212468386;5471065,554032629355788;8,690247598000042;49,391868479000038;08210814221400106890;0
80198;08;1;25;108;2021;07;18;1;3;0;7;1;0;0;0;0;0;0;495322,390643512830138;5433520,325668958947062;8,935978089000059;49,054536301000041;08210725121400066640;0
80206;08;3;17;011;2021;08;11;1;3;2;6;1;1;0;0;0;0;0;428323,068999994546175;5353791,087999511510134;8,032875362000027;48,333236587000044;08210815317600107680;0
80208;08;3;17;065;2021;07;10;2;3;9;1;1;0;0;0;0;0;0;415559,837197571992874;5352687,057455582544208;7,860917153000059;48,321729279000067;08210726317300033710;0
80210;08;1;16;019;2021;07;19;6;3;0;1;1;0;0;0;0;0;0;524652,064260136336088;5397659,998152250424027;9,335243246000061;48,731474641000034;08210723116100055790;0
80213;08;4;35;057;2021;07;01;7;2;0;1;1;0;0;0;0;2;0;544915,303670417517424;5279877,892800105735660;9,598321808000037;47,670732047000058;08210731435100071840;1
80214;08;1;16;033;2021;08;16;5;3;0;7;1;0;0;0;0;0;0;534099,714999999850988;5387940,046999519690871;9,462915857000041;48,643590388000064;08210812116400103580;0
80217;08;1;18;003;2021;07;12;7;3;5;3;1;1;0;0;0;0;0;511205,459706359542906;5416891,797271031886339;9,152909362000059;48,904868297000064;08210724118300049430;0
80222;08;3;26;074;2021;08;11;5;3;6;4;0;1;1;0;0;0;0;459554,185423480346799;5324277,856151571497321;8,457057291000069;48,070493063000072;08210805326400148100;1
80225;08;3;17;001;2021;08;09;2;3;5;3;1;1;0;0;0;0;0;432426,350072431378067;5385572,177523661404848;8,083095185000047;48,619568877000063;08210802317100088860;0
80229;08;1;15;051;2021;08;19;6;2;0;7;1;0;0;0;0;1;0;503783,683398691006005;5386868,631797594949603;9,051355937000039;48,634870499000044;08210820115100124460;0
80231;08;3;15;113;2021;08;20;7;3;6;6;1;0;1;0;0;1;0;436083,051999998278916;5305435,836999494582415;8,144816420000041;47,899065775000054;08210814311500119800;0
80233;08;2;31;000;2021;07;12;7;2;0;1;1;0;0;0;0;0;0;477765,665462239645422;5414946,014113515615463;8,696698519000051;48,887066968000056;08210731231000074660;0
80237;08;3;15;115;2021;07;09;6;3;3;6;1;0;0;0;1;0;0;407689,195260021835566;5320605,489961981773376;7,761737667000034;48,032061844000054;08210723311010071990;0
80238;08;1;36;079;2021;08;17;2;3;0;7;1;0;0;0;0;0;0;559915,492828262969851;5402867,447875348851085;9,815512416000047;48,775923317000036;08210816136300125340;0
80240;08;2;35;085;2021;08;16;4;3;4;6;1;0;0;0;1;0;0;479750,371000001206994;5391795,663999522104859;8,724912314000051;48,678877860000057;08210804235100085520;0
80244;08;3;27;018;2021;08;13;3;3;0;1;1;0;0;0;0;0;0;471798,742723597213626;5310529,959843790158629;8,622327291000033;47,947462658000063;08210824326300130800;0
80245;08;3;17;121;2021;07;15;1;2;0;7;1;0;0;0;0;0;0;420628,787999991327524;5341025,573999501764774;7,931472905000021;48,217488785000057;08210725317000040650;0
80248;08;2;15;009;2021;07;15;4;3;5;3;1;1;0;0;0;0;0;469683,905375583097339;5441702,395041970536113;8,584458803000075;49,127407860000062;08210728215402062060;0
80257;08;1;11;000;2021;07;04;5;3;0;1;1;0;0;0;0;2;0;513114,661865113303065;5403438,723605275154114;9,178531460000045;48,783809425000072;08210729111500069120;0
80259;08;4;35;029;2021;08;13;2;3;4;2;1;1;0;0;0;0;0;544432,262000000104308;5272269,762999489903450;9,591114944000026;47,602312948000076;08210809435100099190;0
80264;08;3;16;011;2021;07;07;6;3;6;7;1;0;1;0;0;0;0;415656,833670579828322;5329165,940664149820805;7,866903977000050;48,110167932000081;08210723316100038650;0
80268;08;1;18;048;2021;08;17;5;3;5;3;1;0;0;0;0;0;0;511916,408338912762702;5418087,414507580921054;9,162645812000051;48,915610465000043;08210805118400096270;0
80279;08;1;19;083;2021;08;20;4;3;0;1;1;0;0;0;0;1;0;535472,981967052444816;5418404,742497235536575;9,484186588000057;48,917563417000054;08210811119100110090;0
80284;08;2;16;043;2021;07;06;5;2;5;3;1;1;0;0;0;0;0;442804,551710902713239;5410460,908358415588737;8,220448379000061;48,844483115000060;08210722216100023430;0
80291;08;1;16;019;2021;07;18;1;3;6;4;0;1;1;0;0;0;0;520246,324016865342855;5399851,421665031462908;9,275438113000064;48,751347236000072;08210725116100076580;0
80292;08;1;18;001;2021;08;18;4;3;5;3;1;1;0;0;0;0;0;523897,825716306455433;5418934,187979476526380;9,326226450000036;48,922881149000034;08210818118500119470;0
80297;08;1;11;000;2021;08;17;6;2;6;4;0;1;1;0;0;0;0;512967,634124798700213;5402940,774842351675034;9,176514255000029;48,779333003000033;08210827111500158960;0
80299;08;2;26;009;2021;08;16;4;3;0;7;1;0;0;0;0;0;1;467015,914046022109687;5471512,838385766372085;8,545433682000066;49,395413165000036;08210825226400137850;0
80303;08;3;16;043;2021;07;18;5;3;5;3;1;1;0;0;0;0;0;411554,230999982915819;5331176,843999503180385;7,811382937000076;48,127699553000070;08210729316100063090;0
80317;08;4;36;081;2021;07;16;1;3;3;2;1;1;0;0;0;0;0;563743,924213324673474;5284099,938808821141720;9,849732528000061;47,707134522000047;08210725436300033800;1