OID_;ULAND;UREGBEZ;UKREIS;UGEMEINDE;UJAHR;UMONAT;USTUNDE;UWOCHENTAG;UKATEGORIE;UART;UTYP1;IstRad;IstPKW;IstFuss;IstKrad;IstSonstige;ULICHTVERH;IstGkfz;LINREFX;LINREFY;XGCSWGS84;YGCSWGS84;UIDENTSTLAE;IstStrassenzustand
80325;08;1;28;139;2021;08;07;7;3;5;3;1;0;0;0;0;0;1;552988,189870016649365;5488330,334886096417904;9,732483350000052;49,545259782000073;08210828128200160940;0
80332;08;1;19;086;2021;07;19;5;3;5;3;1;1;0;0;0;0;0;534019,236898762173951;5403090,720265239477158;9,463072411000041;48,779886825000062;08210722119300023720;0
80335;08;2;31;000;2021;08;15;3;3;5;3;1;1;0;0;0;0;0;476497,183999999426305;5416096,570999525487423;8,679329087000042;48,897370160000037;08210824231000135950;0
80337;08;3;16;011;2021;08;23;4;3;1;3;1;1;0;0;0;2;0;414469,494977271184325;5329401,741063645109534;7,850908859000072;48,112130640000032;08210818316100166340;0
80343;08;1;36;065;2021;07;07;3;3;5;3;1;1;0;0;0;0;0;564558,889955988153815;5404282,184868019074202;9,878928598000073;48,788184238000042;08210727136300067320;0
80348;08;1;11;000;2021;07;07;6;3;5;2;1;1;0;0;0;0;0;507161,824517197906971;5407299,251324210315943;9,097562280000034;48,818635438000058;08210723111500079330;0
80351;08;1;28;131;2021;08;16;5;3;8;7;1;0;0;0;0;0;0;541408,857981693930924;5513295,000831246376038;9,575065820000077;49,770697827000049;08210812128300103570;0
80353;08;2;12;000;2021;08;17;2;3;5;3;1;1;0;0;0;0;0;460106,874553006142378;5427845,589508118107915;8,454558346000056;49,002217351000070;08210823212010161260;0
80363;08;1;16;077;2021;07;14;2;3;5;3;1;0;0;0;1;0;0;517531,933250402100384;5391269,783362166956067;9,238146321000045;48,674229255000057;08210726116200066300;0
80388;08;2;15;007;2021;08;14;4;3;0;6;1;0;0;0;0;0;1;478474,925000000745058;5430977,290999533608556;8,705525767000040;49,031302352000068;08210825215302137770;0
80391;08;2;26;040;2021;07;18;5;3;0;1;1;1;0;0;0;0;0;475036,806273895315826;5494706,515351964160800;8,654504594000059;49,604414390000045;08210729226600048680;0
80392;08;1;17;051;2021;08;16;3;3;0;6;1;1;0;0;0;0;0;540840,740423564799130;5397031,648395083844662;9,555322035000074;48,724971496000080;08210810117400127860;0
80394;08;4;35;054;2021;08;09;4;3;6;4;0;1;1;0;0;0;0;523979,971717760898173;5280381,476401621475816;9,319473979000065;47,676378405000037;08210811435200863330;0
80396;08;3;17;141;2021;08;11;1;3;8;1;1;1;0;0;0;0;0;417967,413169536739588;5373788,494843587279320;7,889261123000040;48,511850464000076;08210822317200133880;0
80398;08;4;35;053;2021;08;06;2;2;7;7;1;0;0;0;0;1;0;507716,534991600550711;5293410,474545458331704;9,103035542000043;47,794006679000063;08210816435200108640;0
80407;08;3;15;073;2021;08;17;5;3;0;7;1;0;0;0;0;0;0;412659,286255530081689;5312941,398324457928538;7,829951935000054;47,963820125000041;08210819311010120650;0
80412;08;4;35;067;2021;08;18;3;3;5;3;1;0;0;0;1;0;0;529556,706511321477592;5291903,214865455403924;9,394550721000030;47,779813213000068;08210810435200122820;0
80413;08;1;11;000;2021;08;17;7;3;5;3;1;1;0;0;0;0;0;515786,521734684705734;5403611,208124991506338;9,214910188000033;48,785299000000066;08210828111500141880;0
80428;08;3;36;050;2021;08;17;1;3;0;7;1;0;0;0;0;0;0;398779,700816949829459;5274128,922563208267093;7,653117653000038;47,612656953000055;08210808336100091500;0
80435;08;1;16;020;2021;07;21;6;2;4;6;1;0;0;0;0;2;0;527558,778594503179193;5380222,362515127286315;9,373609978000047;48,574484436000034;08210723116500068770;0
80437;08;4;35;034;2021;07;08;7;3;4;2;1;1;0;0;0;0;0;529184,784431422129273;5285277,866734068840742;9,389141446000053;47,720219443000076;08210731435200052790;0
80439;08;2;16;052;2021;08;12;2;3;0;1;1;0;0;0;0;0;0;441280,590192899107933;5416656,268736947327852;8,198790079000048;48,900067687000046;08210830216100164350;0
80449;08;1;25;086;2021;08;00;1;2;6;1;1;0;1;0;0;2;0;504387,157269622199237;5444432,984592361375690;9,060165083000072;49,152702707000060;08210815121400128190;0
80452;08;3;37;126;2021;07;16;5;3;6;6;0;0;1;0;1;0;0;441099,938359107822180;5274752,328296892344952;8,216091859000073;47,623495241000057;08210729337010069240;0
80456;08;2;15;009;2021;07;07;7;3;5;3;1;0;0;0;0;0;0;471005,590410698205233;5441134,713887259364128;8,602615413000024;49,122365232000050;08210731215402068610;0
80458;08;4;35;016;2021;08;14;1;2;5;3;1;1;0;0;0;0;0;536613,331672709435225;5279276,893967563286424;9,487684534000039;47,665848015000051;08210829435100165980;1
80461;08;1;25;006;2021;08;11;3;3;3;6;1;0;0;0;0;0;1;503836,130979125387967;5449899,524240959435701;9,052660503000027;49,201879753000071;08210817121100156470;0
80464;08;4;35;036;2021;08;16;4;3;0;7;1;0;0;0;0;0;0;519755,651000000536442;5282593,876999491825700;9,263296162000074;47,696427562000054;08210804435200085500;1
80466;08;3;36;084;2021;07;17;5;2;5;2;1;1;0;0;0;0;0;408430,812683514319360;5282024,249573636800051;7,779854769000053;47,685116733000029;08210722311010060370;0
80469;08;4;36;064;2021;07;13;1;3;5;3;1;1;0;0;0;0;0;538932,506833790801466;5292975,396628228947520;9,519799207000062;47,788961369000049;08210725436200036020;0
80471;08;3;16;002;2021;07;06;4;3;6;7;0;1;1;0;0;0;0;406176,294283383525908;5330561,241088856011629;7,739262351000036;48,121392228000047;08210728316100046940;0
80480;08;1;18;049;2021;08;05;3;3;5;2;1;1;0;0;0;1;0;517907,369256084784865;5421851,433901336044073;9,244580504000055;48,949325931000033;08210810118500167370;0
80488;08;3;27;017;2021;08;09;6;2;6;2;0;1;1;0;0;0;0;478147,774875706061721;5330340,345215151086450;8,706341469000051;48,125945042000069;08210806325000102790;0
80489;08;3;35;063;2021;08;13;4;3;8;1;1;0;0;0;0;0;0;498691,378266396000981;5291103,299318399280310;8,982533483000054;47,773292719000040;08210804335200084680;1
80498;08;1;21;000;2021;07;19;7;3;5;3;1;1;0;0;0;0;0;515619,891219174489379;5444174,453101901337504;9,214199045000043;49,150194123000063;08210731121200079930;0
80499;08;4;26;124;2021;08;16;3;3;0;1;1;0;0;0;0;0;0;548589,196714795194566;5330236,537598943337798;9,652930770000069;48,123531539000055;08210810426100094830;0
80514;08;3;35;075;2021;08;11;6;3;5;3;1;1;0;0;0;0;0;487986,602469928562641;5289006,966072594746947;8,839712313000064;47,754320240000027;08210813911081115180;0
80523;08;2;15;090;2021;07;21;5;3;0;7;1;0;0;0;0;2;0;465552,176156461238861;5432945,855987722054124;8,528573594000022;49,048423557000035;08210729215102047950;0
80528;08;1;19;084;2021;08;15;3;3;5;3;1;1;0;0;0;0;0;543497,581122742965817;5419230,818904435262084;9,593800428000065;48,924482370000078;08210824119300163630;0
80529;08;3;15;084;2021;07;16;7;3;5;3;1;1;0;0;0;0;0;421886,612592243589461;5310547,819714978337288;7,953976667000063;47,943480701000055;08210724311300063030;0
80540;08;2;12;000;2021;08;15;6;3;5;3;1;1;0;0;0;0;0;457270,371983312070370;5428209,384421747177839;8,415739819000066;49,005299894000075;08210820212502149360;0
80545;08;2;15;108;2021;08;13;4;2;0;7;1;0;0;0;0;0;0;450147,296225607395172;5424687,509452471509576;8,318781732000048;48,973086379000051;08210811212702099830;0
80548;08;3;35;098;2021;07;20;6;3;1;5;1;1;0;0;0;0;0;504318,663000000640750;5296030,206999499350786;9,057691360000035;47,817609450000077;08210723335400026470;0
80550;08;3;15;064;2021;08;14;5;3;0;7;1;0;0;0;0;0;0;421899,063883231952786;5312760,636102320626378;7,953741578000063;47,963388183000063;08210812311010099950;0
80560;08;1;19;003;2021;08;19;7;3;0;1;1;0;0;0;0;0;0;535354,671973427757621;5416908,401007033884525;9,482442167000045;48,904109939000080;08210814119100131120;0
80569;08;1;19;041;2021;08;14;7;3;2;2;1;1;0;0;0;0;0;526486,630856503732502;5411694,742412235587835;9,361095965000061;48,857652555000072;08210821119400151030;0
80570;08;2;15;017;2021;07;17;6;2;4;6;1;0;0;0;0;0;0;454460,038749456405640;5418395,360959585756063;8,378413284000032;48,916820343000040;08210723212010066330;0
80571;08;4;37;100;2021;08;15;1;3;0;1;1;0;0;0;0;0;0;534097,539406320080161;5316630,477801527827978;9,457117841000070;48,002061862000062;08210801437100082800;0
80577;08;1;27;023;2021;08;10;4;3;3;2;1;1;0;0;0;0;0;551652,107605352997780;5427421,228919669985771;9,706151892000037;48,997528262000060;08210804127100090480;0
80581;08;3;17;057;2021;08;14;1;2;5;3;1;1;0;0;0;0;0;411894,333087095059454;5380962,775626270100474;7,805530625000074;48,575555938000036;08210815317010108580;0
80585;08;1;11;000;2021;07;13;6;3;4;6;1;0;0;0;1;0;0;513413,101347341202199;5404920,453814489766955;9,182642503000068;48,797132557000054;08210723111500078330;0
80589;08;1;17;028;2021;08;17;5;2;8;1;1;0;0;0;0;0;0;548066,229831001721323;5381700,368043554946780;9,651782407000042;48,586542504000079;08210812117010100160;0
80599;08;3;17;026;2021;08;20;6;3;5;3;1;1;0;0;0;1;0;411752,143008083105087;5346821,809065107256174;7,810789237000051;48,268452557000046;08210813317300145370;0
80608;08;2;37;040;2021;07;10;5;2;0;1;1;0;0;0;0;0;0;477181,761000001803041;5365716,678999509662390;8,691448953000076;48,444178186000045;08210729237200059430;0
80612;08;2;26;022;2021;08;18;1;3;5;3;1;1;0;0;0;0;0;481333,388156744651496;5467738,562331147491932;8,742922527000076;49,362071176000029;08210829226300154930;1
80616;08;1;25;027;2021;08;16;6;3;0;1;1;0;0;0;0;0;0;519299,000942204147577;5445937,142457675188780;9,264735477000045;49,165945385000043;08210813121500102660;0
80619;08;4;25;039;2021;08;13;5;3;5;2;1;1;0;0;0;0;0;565671,726790959946811;5352299,045938625931740;9,885875478000060;48,320467467000071;08210805421300086920;0
80622;08;4;36;055;2021;08;14;3;3;0;1;1;0;0;0;0;0;0;576350,967854090966284;5296848,742538716644049;10,020004239000059;47,820457108000028;08210803436500084880;0
80627;08;3;15;043;2021;08;18;7;3;6;7;0;0;1;0;1;0;0;405141,542430174537003;5322623,287801411002874;7,727124817000060;48,049838364000038;08210814311100130400;0
80635;08;3;35;066;2021;08;13;5;3;8;1;1;0;0;0;0;0;0;509058,540061450563371;5281689,309050709009171;9,120710677000034;47,688527134000026;08210812335100099590;0
80640;08;3;35;043;2021;08;22;2;3;0;6;1;0;0;0;0;2;0;513250,992598090320826;5279499,280828803777695;9,176511009000023;47,668749655000056;08210802335100098540;0
80642;08;3;11;000;2021;07;12;1;3;0;1;1;0;0;0;0;0;0;405053,961463281884789;5320889,467295235022902;7,726334459000043;48,034229807000031;08210725311010045640;0
80651;08;3;11;000;2021;07;15;3;2;5;3;1;1;0;0;0;0;0;409546,678362229838967;5316459,203125409781933;7,787522991000060;47,995031205000032;08210727311010056180;0
80655;08;4;35;016;2021;08;17;6;3;2;6;1;0;0;0;0;0;0;531163,025029334239662;5279666,206945065408945;9,415117112000075;47,669636447000073;08210820435100122920;0
80656;08;4;35;016;2021;07;12;5;3;4;6;1;0;0;0;0;0;0;536049,792459600605071;5279187,392180273309350;9,480171158000076;47,665074391000076;08210722435100024220;0
80667;08;2;26;098;2021;07;18;6;3;0;6;1;0;0;0;1;0;0;479357,388630832545459;5460840,664386669173837;8,716066374000036;49,299960949000081;08210730226700050910;0
80680;08;3;11;000;2021;08;17;3;3;1;5;1;1;0;0;0;0;0;414012,796401369385421;5315428,313579080626369;7,847582481000074;47,986374196000043;08210817311010127750;0
80683;08;1;21;000;2021;08;16;5;3;5;3;1;0;0;0;0;0;0;516729,556611801497638;5442801,418329987674952;9,229359001000034;49,137814007000031;08210805121200106920;0
80686;08;1;15;041;2021;08;22;4;2;0;1;1;0;0;0;0;1;0;494699,667970353737473;5403931,942107943817973;8,927839432000042;48,788362074000077;08210825115300160490;0
80687;08;3;17;039;2021;07;11;1;2;2;6;1;0;0;0;0;0;0;440122,372392301447690;5348345,238290661945939;8,192836279000062;48,285475130000066;08210725317600063080;0
80695;08;1;27;075;2021;08;21;7;3;3;6;1;1;0;0;0;2;0;571058,949832299724221;5466397,442723160609603;9,978318158000036;49,346153411000046;08210828127202153910;0
80700;08;1;28;131;2021;08;14;3;3;0;6;1;0;0;0;0;0;0;536478,177109307609499;5514287,321831354871392;9,506687019000026;49,779942410000046;08210831128300167690;0
80702;08;1;25;058;2021;07;08;5;3;3;2;1;1;0;0;0;0;0;509743,638818166218698;5443303,797247907146811;9,133595930000070;49,142483620000064;08210722121400055660;0
80703;08;4;15;059;2021;08;17;7;3;4;6;1;1;0;0;0;0;0;516425,801746330223978;5367335,697698736563325;9,222176062000074;48,458942832000048;08210821416010129990;0
80704;08;1;27;086;2021;08;15;2;3;0;1;1;0;0;0;0;0;0;553440,608075487427413;5444762,277366653084755;9,732892191000076;49,153354669000066;08210823127100170650;1
80711;08;1;25;094;2021;08;12;5;3;5;3;1;1;0;0;0;0;0;514286,651477875187993;5436732,678696064278483;9,195652682000059;49,083284994000053;08210826121600164900;0
80712;08;3;35;002;2021;08;13;2;3;5;2;1;1;0;0;0;0;0;505104,296221086755395;5284618,508267777040601;9,068052265000063;47,714926378000030;08210802335100082080;0
80716;08;1;35;019;2021;08;11;5;2;5;2;1;1;0;0;0;0;0;584563,423207524232566;5392374,441400226205587;10,148784209000041;48,678685060000078;08210819135010122780;0
80717;08;4;16;023;2021;07;22;4;2;0;1;1;0;0;0;0;2;0;509459,684414177201688;5374878,220957150682807;9,128123256000038;48,526941633000035;08210728416010049900;0
80733;08;4;35;029;2021;08;11;4;3;4;2;1;1;0;0;0;0;0;545315,575000001117587;5272703,552999489009380;9,602910487000031;47,606154738000043;08210818435100132730;0
80734;08;2;15;017;2021;07;11;4;3;5;3;1;1;0;0;0;0;0;454623,939336648210883;5419970,178257754072547;8,380475065000041;48,930998189000036;08210728212702068330;0
80736;08;2;26;095;2021;08;14;2;3;5;3;1;1;0;0;0;0;0;472320,980000001378357;5461090,935999544337392;8,619267062000063;49,301933811000026;08210809226700093480;0
80742;08;3;17;141;2021;08;20;1;3;8;1;1;0;0;0;0;0;0;418359,762347344309092;5377079,849752554669976;7,893928018000054;48,541506286000072;08210815317200107930;0
80745;08;1;11;000;2021;08;01;7;3;0;7;1;0;0;0;0;2;0;515400,593000002205372;5405122,115999525412917;9,209713014000044;48,798900626000034;08210821111250162800;0
80746;08;1;15;003;2021;07;21;6;3;5;3;1;1;0;0;0;2;0;498456,829371507279575;5392806,682359267026186;8,979032395000047;48,688299618000030;08210723115100059770;0
80747;08;2;16;015;2021;07;07;3;3;6;4;0;1;1;0;0;0;0;449753,241108448244631;5403291,722051130607724;8,316026559000022;48,780595813000048;08210727211000049670;0
80753;08;4;35;035;2021;08;18;3;3;0;1;1;0;0;0;0;0;0;542890,170986648648977;5282304,980279512703419;9,571584693000034;47,692706636000025;08210817435100165440;0
80759;08;3;35;098;2021;08;13;7;3;8;1;1;0;0;0;0;0;0;501793,904729980975389;5294469,837501114234328;9,023957632000077;47,803582044000052;08210814335400115170;0
80763;08;2;37;040;2021;08;21;6;2;5;3;1;1;0;0;0;2;0;476516,628999999724329;5367331,658999513834715;8,682364494000069;48,458682629000066;08210820231000124840;0
80764;08;3;26;006;2021;07;18;5;3;3;6;1;1;0;0;0;0;0;458646,086647910065949;5304105,268212463706732;8,446809922000057;47,888946121000060;08210729326100048930;0
80765;08;2;15;103;2021;08;14;3;3;0;7;1;0;0;0;0;0;0;467110,041029577143490;5442701,329425508156419;8,549098588000049;49,136261043000047;08210810215402098090;0
80766;08;3;16;045;2021;07;19;7;2;5;3;1;0;0;0;1;0;0;412844,417477729730308;5325607,341731749475002;7,829855618000067;48,077779066000062;08210731316200074030;0
80767;08;3;17;065;2021;08;16;4;3;0;1;1;0;0;0;0;0;0;410618,862504167482257;5352686,926334487274289;7,794279223000046;48,321048781000059;08210811317300101700;0
80771;08;1;25;065;2021;08;17;3;3;3;6;1;0;0;0;0;0;0;516474,613327351398766;5449479,094666760414839;9,226137199000050;49,197888489000036;08210817121500117110;0
80772;08;2;15;009;2021;08;17;5;3;4;6;1;0;0;0;0;0;0;465639,985102253034711;5439390,362525433301926;8,529227700000035;49,106398030000037;08210812215402113830;0
80797;08;2;11;000;2021;07;17;1;3;8;1;1;0;0;0;0;0;0;441849,002274156548083;5403526,873458800837398;8,208408505000023;48,782022342000062;08210725211100033330;0
80798;08;3;35;075;2021;07;17;5;3;5;3;1;1;0;0;0;0;0;487852,425533303990960;5289170,352934196591377;8,837917512000047;47,755787805000068;08210729911081064420;0
80807;08;2;21;000;2021;08;17;7;3;0;4;1;0;1;0;0;0;0;477662,943251132965088;5473797,530091924592853;8,692033199000036;49,416447384000037;08210821226095125670;0
80808;08;4;35;030;2021;07;16;5;3;5;3;1;1;0;0;0;0;0;541010,086930035613477;5271858,955171698704362;9,545551031000059;47,598842306000051;08210722435100043710;0
80815;08;4;35;016;2021;08;11;3;3;5;7;1;0;0;0;0;0;0;536822,835882424376905;5277793,446914501488209;9,490350003000060;47,652488963000053;08210817435100148920;0
80816;08;2;26;046;2021;08;16;6;2;0;7;1;0;0;0;0;0;0;475609,895842317491770;5455514,002123411744833;8,664846263000072;49,251909321000028;08210813226700104060;0
80821;08;2;35;008;2021;07;11;4;3;6;4;0;0;1;0;0;0;1;480496,518790556117892;5402266,322369780391455;8,734553211000048;48,773095134000073;08210728235100075640;0
80825;08;4;35;016;2021;08;17;6;3;3;2;1;1;0;0;0;0;0;536170,347763955593109;5277872,431683821603656;9,481668023000054;47,653236427000081;08210827435100075500;0
80831;08;4;35;029;2021;07;23;3;2;8;1;1;0;0;0;0;2;0;545319,873399794101715;5272708,645507471635938;9,602968199000031;47,606200256000079;08210727436500066080;1
80836;08;2;31;000;2021;07;11;7;3;6;4;0;1;1;0;0;0;0;479697,938262697309256;5416073,955236664041877;8,723000521000074;48,897279879000052;08210724231000032620;0
80841;08;2;26;009;2021;08;10;5;3;0;7;1;0;0;0;0;0;0;465862,655000000260770;5471062,810999548062682;8,529579390000038;49,391301729000077;08210805222500086450;0
80843;08;3;35;063;2021;08;15;7;3;0;1;1;0;0;0;0;0;0;501184,642338867299259;5286672,909315632656217;9,015799660000027;47,733430191000082;08210814335200107500;0
80844;08;4;16;050;2021;08;18;4;2;5;3;1;0;0;1;0;0;0;485050,016017558984458;5365503,172450246289372;8,797851221000030;48,442493465000041;08210825416010156570;0
80846;08;2;26;085;2021;08;18;6;2;2;6;1;1;0;0;0;0;0;496458,015693319030106;5452534,258217269554734;8,951354145000039;49,225581689000080;08210820221011130140;0
80849;08;2;36;072;2021;07;14;7;3;8;2;1;1;0;0;0;0;0;461022,233453184366226;5410457,237218480557203;8,468734848000054;48,845861568000032;08210731231202075090;0
80850;08;4;21;000;2021;08;15;4;3;6;4;1;0;1;0;0;0;0;572155,762200601398945;5361422,858926547691226;9,974893958000052;48,401832211000055;08210811421300098360;0
80855;08;3;17;085;2021;08;16;5;3;8;1;1;0;0;0;0;0;0;431951,365118495188653;5361034,497163791209459;8,080652595000061;48,398795505000066;08210812317600102840;0
80859;08;3;17;116;2021;07;18;5;3;6;4;1;0;1;0;0;0;0;432790,687260979786515;5387326,240035586059093;8,087753849000023;48,635386022000034;08210722317100062300;0
80865;08;2;16;007;2021;08;14;7;3;5;3;1;1;0;0;0;0;0;431192,212715083733201;5396534,566253034397960;8,064527942000041;48,718040355000028;08210814216200105940;0
80866;08;1;15;050;2021;08;12;2;3;5;3;1;1;0;0;0;0;0;490262,364744208753109;5399488,489630958065391;8,867533753000032;48,748335321000070;08210809115300120050;0
80874;08;1;18;050;2021;08;10;3;2;0;2;1;0;0;0;0;0;0;503892,543566045351326;5420906,725973447784781;9,053155934000074;48,941074660000027;08210831118000154580;0
80875;08;2;15;047;2021;07;18;5;2;0;1;1;0;0;0;0;0;0;459186,392724830657244;5412043,837075226008892;8,443555483000068;48,860015691000058;08210722212702024630;1
80877;08;1;11;000;2021;08;12;2;2;0;1;1;0;0;0;0;0;0;511170,568759496323764;5401923,189957255497575;9,152025220000041;48,770213738000052;08210802111130101850;1
80888;08;3;15;113;2021;08;06;6;2;5;3;1;1;0;0;0;1;0;441402,313487557694316;5306669,688423670828342;8,215811181000049;47,910674056000062;08210820311500120500;0
80893;08;1;19;091;2021;08;13;5;3;5;3;1;1;0;0;0;0;0;526944,273000001907349;5406859,985999524593353;9,367017079000050;48,814140882000061;08210812119400114620;0
80895;08;1;18;048;2021;08;18;3;3;5;2;1;0;0;0;1;0;0;513973,611029766499996;5414980,079656396061182;9,190617875000044;48,887614733000078;08210824118400145420;0
80897;08;4;36;012;2021;07;14;5;2;5;3;1;1;0;0;0;0;0;548090,222838642075658;5300832,774093722924590;9,642931714000042;47,859034627000028;08210729436000052910;0
80899;08;1;28;131;2021;07;10;4;3;0;1;1;0;0;0;0;0;0;536538,056746993213892;5511054,188902763649821;9,507215228000064;49,750859758000047;08210728128300068290;0
80917;08;3;35;043;2021;07;10;6;3;0;1;1;0;0;0;0;0;0;515508,161155042238533;5281048,322232371196151;9,206632652000053;47,682637178000050;08210723335100069220;0
80921;08;1;21;000;2021;08;15;5;3;0;1;1;0;0;0;0;0;0;515900,446559861302376;5444772,907273685559630;9,218069961000026;49,155570204000071;08210805121200087140;0
80923;08;3;17;065;2021;07;22;5;3;5;2;1;1;0;0;0;2;0;416352,941034324467182;5354435,196997079998255;7,871266815000070;48,337559102000057;08210722317300022840;0
80925;08;2;15;029;2021;08;06;3;3;5;3;1;1;0;0;0;1;0;466842,627000000327826;5448228,598999537527561;8,544977351000057;49,185964902000080;08210803215502083690;0
80932;08;4;16;015;2021;08;14;6;3;5;3;1;1;0;0;0;0;0;506897,719364987686276;5366758,111344423145056;9,093289613000024;48,453923233000069;08210820416200121620;0
80936;08;3;15;131;2021;07;11;7;3;4;6;1;0;0;0;0;0;0;405034,800999977625906;5309732,413999492302537;7,728544850000048;47,933869376000075;08210731311010073580;0
80943;08;3;16;053;2021;08;14;6;3;9;1;1;0;0;0;0;0;0;404377,146999975666404;5342997,309999501332641;7,712294411000073;48,232982457000048;08210806316100089490;0
80945;08;4;36;081;2021;08;09;4;3;0;1;1;0;0;0;0;0;0;563276,347891222685575;5282404,968539193272591;9,843254300000069;47,691931392000072;08210825436300145380;0
80947;08;4;36;082;2021;08;16;2;3;5;3;1;1;0;0;0;0;0;548085,114252817817032;5296316,037985539063811;9,642361599000026;47,818398501000047;08210802436400090210;0
80950;08;4;35;036;2021;08;14;5;3;4;6;1;0;0;0;0;0;0;519907,778553405776620;5282423,957074511796236;9,265315885000064;47,694894026000043;08210819435200145810;0
80968;08;3;15;125;2021;08;06;4;2;0;3;1;0;0;0;0;0;0;411850,584081029519439;5310930,722703548148274;7,819532725000045;47,945622541000034;08210818311010116440;0
80972;08;2;16;043;2021;07;08;6;3;5;3;1;1;0;0;0;0;0;443776,536518338136375;5412229,766982130706310;8,233452026000066;48,860482882000042;08210730216100051340;0
80980;08;4;15;061;2021;08;21;3;3;3;2;1;0;0;1;0;2;0;515081,102462363429368;5375647,382769325748086;9,204287930000021;48,533751331000076;08210810415400095640;0
80988;08;4;35;034;2021;08;17;3;2;5;3;1;1;0;0;0;0;0;530281,449066614732146;5288509,476237058639526;9,403988522000077;47,749244951000037;08210803435200143310;0
80992;08;1;19;008;2021;07;23;6;2;0;1;1;0;0;0;0;2;0;534090,664300723001361;5422861,651197902858257;9,465692192000063;48,957732833000080;08210730119100071120;0
80998;08;3;35;043;2021;07;09;4;3;6;4;1;0;1;0;0;0;0;514081,166790260933340;5279679,478161159902811;9,187575167000034;47,670353464000073;08210728335100068040;1
80999;08;3;16;010;2021;08;12;7;3;5;3;1;1;0;0;0;0;0;432045,802530682645738;5337268,307792652398348;8,085752973000069;48,185015118000081;08210814316200106810;0
81002;08;1;36;038;2021;08;09;4;3;4;2;1;1;0;0;0;0;0;591077,610002588480711;5413890,604820964857936;10,242022995000070;48,871282123000071;08210811136100110390;0
81004;08;4;36;094;2021;08;14;7;2;8;1;1;0;0;0;0;0;0;576101,733130617067218;5281776,716211929917336;10,014037339000026;47,684896250000065;08210821436500125190;0
81005;08;3;11;000;2021;07;12;6;3;4;2;1;1;0;0;0;0;0;414605,705999987199903;5317485,551999500021338;7,855117759000052;48,004959310000061;08210723311010069610;0
81015;08;1;11;000;2021;08;17;5;3;0;1;1;0;0;0;0;0;0;516380,665811914019287;5407146,146230634301901;9,223139536000076;48,817083444000048;08210819111320120780;0
81019;08;4;26;113;2021;07;08;6;3;2;6;1;1;0;0;0;0;0;567424,357306940481067;5317242,983372090384364;9,903956168000036;48,004925515000082;08210730426010055410;0
81021;08;3;36;069;2021;08;21;6;3;0;1;1;0;0;0;0;1;0;403130,411516794934869;5266966,997722726315260;7,712575399000059;47,548896396000032;08210827336200263830;0
81027;08;4;35;016;2021;07;09;5;3;8;7;1;0;0;0;0;0;0;534163,122215257026255;5278175,176667764782906;9,454963049000071;47,656069458000047;08210722435100023780;0
81036;08;1;26;094;2021;08;21;4;3;8;1;1;0;0;0;0;2;0;538336,764855661429465;5454857,221369720995426;9,526730319000023;49,245286793000048;08210804126200119050;0
81037;08;1;19;018;2021;08;14;1;2;8;1;1;0;0;0;0;0;0;526791,604361671954393;5419902,772720040753484;9,365791927000032;48,931475605000060;08210808119100092470;1
81039;08;3;35;043;2021;08;18;5;3;5;2;1;1;0;0;0;0;0;511466,161625578068197;5280188,325635833665729;9,152754196000046;47,674983565000048;08210826335100148890;0
81040;08;3;35;079;2021;08;16;3;2;5;2;1;1;0;0;0;0;0;501375,663634158670902;5300348,566982248798013;9,018390692000025;47,856476675000067;08210824335400134230;0
81061;08;1;27;008;2021;08;22;4;3;0;7;1;0;0;0;0;2;0;570648,623597487807274;5460832,075737483799458;9,971684355000036;49,296147189000067;08210818127202117050;0
81070;08;1;27;059;2021;07;18;3;3;6;4;0;1;1;0;0;0;0;545881,785043204203248;5439544,131759848445654;9,628642758000069;49,107029521000072;08210727127100069060;0
81072;08;3;35;099;2021;07;11;5;3;2;6;1;0;0;0;0;0;0;499162,247666813433170;5298174,326109549030662;8,988804638000033;47,836915025000053;08210722335400048740;0
81076;08;1;15;048;2021;08;15;5;1;0;7;1;0;0;0;0;0;0;510858,649133741855621;5387016,610917344689369;9,147388105000061;48,636118896000028;08210812115100126960;0
81079;08;2;22;000;2021;07;15;7;3;0;7;1;0;1;0;0;0;0;461372,465059493668377;5484063,812396127730608;8,466438502000074;49,507971237000049;08210724222600048840;0
81081;08;3;15;064;2021;08;17;5;2;5;3;1;1;0;0;0;0;0;419638,720013436861336;5313911,740567184984684;7,923251702000073;47,973463319000075;08210812311010103520;0
81083;08;2;21;000;2021;08;17;5;3;0;1;1;0;0;0;0;0;0;477458,651030071079731;5474334,492227669805288;8,689186111000026;49,421269730000063;08210805221300087880;0
81100;08;1;36;065;2021;08;20;3;2;5;2;1;1;0;0;0;2;0;561331,396763172000647;5405804,818281151354313;9,835220659000072;48,802206971000032;08210831136010159190;0
81107;08;4;35;016;2021;08;15;4;3;0;1;1;0;0;0;0;0;0;536280,865863000974059;5277958,729643303900957;9,483146862000069;47,654006697000057;08210818435100129740;0
81108;08;2;12;000;2021;07;15;4;3;5;2;1;1;0;0;0;0;0;455681,463242052122951;5427715,592642739415169;8,394069141000045;49,000746131000028;08210728212010071250;1
81113;08;3;11;000;2021;07;14;3;3;3;3;1;0;0;0;1;0;0;412807,948830080218613;5314677,495268981903791;7,831590771000037;47,979457209000032;08210727311010067950;0