OID_;ULAND;UREGBEZ;UKREIS;UGEMEINDE;UJAHR;UMONAT;USTUNDE;UWOCHENTAG;UKATEGORIE;UART;UTYP1;IstRad;IstPKW;IstFuss;IstKrad;IstSonstige;ULICHTVERH;IstGkfz;LINREFX;LINREFY;XGCSWGS84;YGCSWGS84;UIDENTSTLAE;IstStrassenzustand
81115;08;1;27;025;2021;08;14;2;2;6;4;0;0;1;0;0;0;1;556452,217188382521272;5427594,139187095686793;9,771793731000059;48,998663283000042;08210830127010160410;0
81118;08;1;17;002;2021;07;07;6;3;5;3;1;1;0;0;0;0;0;541048,733949509449303;5386692,883584177121520;9,557123463000039;48,631953465000038;08210723117400027750;0
81127;08;4;35;057;2021;08;14;3;3;5;3;1;1;0;0;0;0;0;543261,649559888057411;5279327,412416657432914;9,576239948000023;47,665891987000066;08210803435100083520;0
81128;08;1;18;010;2021;08;12;1;2;5;3;1;1;0;0;0;0;0;506944,180832029320300;5432247,769000176340342;9,095022365000034;49,043067604000044;08210808118100100030;0
81135;08;2;15;084;2021;08;12;6;1;2;6;1;1;0;0;0;0;0;476470,269471766427159;5448485,295036569237709;8,677080977000060;49,188718891000065;08210820212010129700;0
81137;08;1;19;086;2021;08;14;3;3;5;3;1;1;0;0;0;0;0;535135,511000000871718;5405974,017999522387981;9,478513271000054;48,805761849000078;08210810119300110700;0
81138;08;3;15;043;2021;07;18;7;3;0;7;1;1;0;0;0;0;0;404360,978218838572502;5322129,556790309026837;7,716763730000025;48,045280824000031;08210731311100170500;0
81141;08;1;11;000;2021;08;12;2;3;6;4;0;1;1;0;0;0;0;517748,613729421980679;5400588,519085599109530;9,241490500000054;48,758054310000034;08210823111500129660;0
81142;08;2;35;046;2021;07;19;6;3;3;3;1;1;0;0;0;0;0;479699,142648035660386;5378275,592604253441095;8,724878122000064;48,557248125000058;08210723235200074910;0
81144;08;1;26;066;2021;07;13;4;3;0;6;1;1;0;0;0;0;0;538101,285719472914934;5451045,805521266534925;9,523132989000032;49,211018257000035;08210728126200046950;0
81147;08;2;16;043;2021;08;17;4;3;0;3;1;1;0;0;0;0;0;441398,930300445295870;5410771,540518907830119;8,201247792000061;48,847146124000062;08210804216100086720;0
81156;08;4;26;038;2021;08;13;7;2;0;1;1;0;0;0;0;0;0;558093,668000001460314;5315341,769999498501420;9,778615452000054;47,988737741000079;08210814426010143660;0
81158;08;2;26;046;2021;07;08;2;2;0;1;1;0;0;0;0;0;0;475586,079353296197951;5454475,220815926790237;8,664582299000074;49,242564455000036;08210726226700063310;0
81163;08;4;36;055;2021;08;11;4;3;0;1;1;0;0;0;0;0;0;580529,110178685747087;5290943,382106026634574;10,074715816000037;47,766823447000036;08210811436100098330;0
81165;08;3;17;005;2021;08;01;1;3;4;6;1;0;0;1;0;2;0;425851,773176440037787;5375169,060482203960419;7,995753622000052;48,525249147000068;08210822317200146900;1
81168;08;2;22;000;2021;08;16;5;3;5;3;1;1;0;0;0;0;0;462863,674167068675160;5480401,530011957511306;8,487379772000054;49,475124046000076;08210812222700116670;0
81175;08;4;26;014;2021;08;18;5;3;5;3;1;1;0;0;0;0;0;545982,052721716463566;5318396,557938857004046;9,616624862000037;48,017206215000044;08210819426200133580;0
81187;08;3;25;049;2021;08;05;4;3;5;3;1;1;0;0;0;1;0;473177,886653374880552;5333709,834620635956526;8,639343179000036;48,156069572000035;08210804325202091200;1
81204;08;4;35;016;2021;07;07;3;2;2;6;1;1;0;0;0;0;0;534737,650282115675509;5278587,118064153939486;9,462646740000025;47,659745279000049;08210727435100039800;0
81205;08;1;18;019;2021;08;12;1;3;5;3;1;1;0;0;0;0;0;503234,216000000014901;5404223,269999526441097;9,044034049000061;48,790997021000067;08210801118200098950;0
81208;08;1;35;019;2021;08;13;2;2;1;7;1;1;0;0;0;0;0;585454,464998162351549;5395795,336754191666842;10,161594022000031;48,709332105000044;08210823135010155150;0
81209;08;4;35;016;2021;07;18;6;3;3;3;1;1;0;0;0;0;0;535031,361000000499189;5278081,607999488711357;9,466517820000035;47,655181148000054;08210723435100071580;0
81210;08;1;16;049;2021;08;11;4;3;5;3;1;0;0;0;0;0;0;524511,431637392379344;5385722,721445214003325;9,332623061000049;48,624092808000057;08210818116500116750;0
81222;08;4;35;024;2021;08;12;2;2;0;1;1;0;0;0;0;0;0;526434,959988018497825;5279966,100123209878802;9,352154888000030;47,672545320000040;08210809435100099010;0
81223;08;4;25;033;2021;07;17;7;2;6;4;1;0;1;0;0;0;0;553888,067576550878584;5346629,065454389899969;9,726211385000056;48,270574713000030;08210731426010053860;0
81246;08;2;16;043;2021;08;17;2;3;5;3;1;1;0;0;0;0;0;441754,723394940607250;5411134,055573794990778;8,206045327000027;48,850440437000032;08210816216100123710;0
81258;08;3;25;051;2021;07;17;6;3;0;1;1;0;0;0;0;0;0;447104,476232071407139;5348573,899927390739322;8,286919880000028;48,288154229000043;08210730325302072270;1
81275;08;3;35;043;2021;08;05;4;3;0;7;1;0;0;0;0;2;0;512994,442515768110752;5284315,725428061559796;9,173237082000071;47,712091465000071;08210818335100136100;0
81281;08;4;36;081;2021;08;12;1;2;4;6;1;0;0;0;0;0;0;563537,600275542587042;5283694,021582983434200;9,846923295000067;47,703502952000065;08210815436300134570;0
81288;08;4;37;088;2021;08;16;4;2;0;1;1;0;0;0;0;0;0;523108,206574103794992;5304402,279211796820164;9,309138826000037;47,892534832000081;08210811437100165350;0
81291;08;1;18;048;2021;07;18;7;3;4;2;1;1;0;0;0;0;0;514207,762154209427536;5416215,096694050356746;9,193854926000029;48,898719292000067;08210724118400061440;0
81298;08;1;19;003;2021;07;11;6;2;6;4;0;1;1;0;0;0;0;534251,976824560202658;5417283,680118644610047;9,467427046000068;48,907547712000053;08210730119010063770;0
81301;08;3;35;002;2021;08;07;4;3;3;6;1;1;0;0;0;0;0;505988,267308767884970;5284332,043587174266577;9,079833729000029;47,712341281000079;08210825335100133080;0
81304;08;3;17;089;2021;07;23;4;2;9;1;1;0;0;0;0;2;0;430519,196897529996932;5376458,229833256453276;8,058744021000052;48,537379451000049;08210728317000044920;0
81309;08;3;36;107;2021;08;01;1;3;0;1;1;0;0;0;0;2;0;409787,011518753133714;5282473,577027527615428;7,797828884000069;47,689349466000067;08210829336300153930;0
81312;08;3;35;075;2021;08;11;2;3;5;3;1;1;0;0;0;0;0;488688,168849973008037;5287936,520114405080676;8,849100709000027;47,744701540000051;08210816911081133460;0
81314;08;3;15;076;2021;08;11;6;3;5;3;1;1;0;0;0;0;0;392121,358339737169445;5296634,040574077516794;7,558975523000072;47,814011715000049;08210806311400088190;0
81317;08;3;15;098;2021;07;18;5;3;5;3;1;1;0;0;0;0;0;406767,914999979548156;5312147,407999493181705;7,751219931000037;47,955847094000035;08210722311010043430;0
81318;08;3;15;074;2021;08;07;2;3;5;3;1;0;0;0;0;0;0;397322,627225772477686;5296263,485348086804152;7,628519872000027;47,811529636000046;08210802311400112220;0
81320;08;4;17;008;2021;07;20;1;3;0;1;1;0;0;0;0;0;0;495643,534442082978785;5352611,601920802146196;8,941226810000046;48,326675918000035;08210725417300063210;0
81333;08;1;36;007;2021;07;18;5;2;3;6;1;1;0;0;0;0;0;570240,533000005409122;5397883,265999523922801;9,955177788000071;48,730011858000069;08210722136010048760;0
81338;08;2;35;066;2021;08;16;2;3;3;1;1;1;0;0;0;0;0;460624,027268760837615;5386019,673595480620861;8,465642557000024;48,626004973000079;08210823235200131770;0
81342;08;1;36;088;2021;08;18;4;3;0;7;1;0;1;0;0;0;0;588219,381756157614291;5408560,916534194722772;10,201906628000074;48,823760805000063;08210804136100104720;0
81343;08;3;15;048;2021;08;16;1;3;0;7;1;0;0;0;0;0;0;398549,045164953917265;5310945,274331510066986;7,641448001000072;47,943784700000037;08210808311400092970;0
81344;08;2;35;079;2021;07;17;6;3;5;3;1;1;0;0;0;0;0;468841,994000000879169;5402574,418999524787068;8,575912839000068;48,775392220000072;08210730235100071460;0
81346;08;2;26;085;2021;08;17;1;3;5;5;1;1;0;0;0;0;0;496771,864814942702651;5456691,896619692444801;8,955631073000063;49,262982343000033;08210815226500133750;1
81347;08;2;21;000;2021;08;11;4;3;0;1;1;0;0;0;0;0;0;477667,743522130884230;5473662,091586805880070;8,692107001000068;49,415229313000054;08210825221300156300;0
81349;08;3;11;000;2021;08;15;6;3;0;3;1;1;0;0;0;0;0;414006,545580060221255;5315337,670954985544086;7,847516877000032;47,985557990000075;08210820311010122690;0
81359;08;4;35;016;2021;08;15;5;2;6;7;1;0;1;0;0;0;0;537022,372045002877712;5278748,527508214116096;9,493087917000025;47,661070813000038;08210812435100103830;0
81361;08;1;16;008;2021;08;15;7;2;0;1;1;0;0;0;0;0;0;519811,557553775608540;5379793,600938135758042;9,268563144000041;48,570920088000037;08210807416010108370;1
81362;08;3;15;113;2021;08;16;5;3;5;3;1;1;0;0;0;0;0;439430,033982027322054;5308191,932017391547561;8,189205716000060;47,924185529000056;08210805311500087870;1
81364;08;1;16;042;2021;08;16;3;3;0;1;1;1;0;0;0;0;0;517694,992706283926964;5381882,820528386160731;9,239960463000045;48,589778461000037;08210803116500092690;0
81369;08;3;15;037;2021;08;11;7;2;1;6;1;1;0;0;0;0;0;432802,676671368069947;5302979,323256608098745;8,101314156000058;47,876631120000070;08210814311500116020;0
81379;08;3;26;061;2021;08;06;3;3;5;3;1;1;0;0;0;0;0;470889,180630158632994;5320096,958224765956402;8,609497850000025;48,033496180000043;08210810326200095360;0
81380;08;1;27;063;2021;08;02;1;2;6;4;0;0;1;1;0;2;0;565730,203335901722312;5434181,387052340433002;9,899691372000063;49,056993909000028;08210801127100093930;0
81385;08;4;36;082;2021;08;14;3;3;5;3;1;1;0;0;0;0;0;547105,826163587160408;5295392,500820944085717;9,629179880000038;47,810161950000065;08210817436400138960;0
81389;08;4;26;019;2021;08;10;5;3;0;1;1;0;0;0;0;0;0;579707,501607657410204;5321622,317077962681651;10,069423129000029;48,042906413000026;08210805426100086460;1
81391;08;4;25;033;2021;08;11;7;3;5;1;1;1;0;0;0;0;0;553231,699000001884997;5348618,678999504074454;9,717617346000054;48,288528875000054;08210814426010105370;0
81392;08;4;35;036;2021;08;14;3;3;4;6;1;0;0;0;0;0;0;519889,410456944257021;5282443,883139068260789;9,265072000000032;47,695073878000073;08210803435200109710;0
81395;08;1;35;021;2021;08;15;5;3;3;6;1;1;0;0;0;0;0;591898,583703628741205;5384680,375788515433669;10,246700870000041;48,608447669000043;08210819135010120240;0
81403;08;3;17;073;2021;07;13;6;3;5;3;1;1;0;0;0;0;0;412098,886999986134470;5347893,441999502480030;7,815238005000026;48,278139937000049;08210723317300050890;0
81413;08;1;18;079;2021;08;17;5;3;5;3;1;1;0;0;0;0;0;509868,894839005544782;5423019,507976818829775;9,134819037000057;48,960014068000078;08210819118100971610;0
81416;08;1;15;003;2021;08;20;2;3;3;6;1;0;0;0;0;0;0;497080,264744778163731;5390238,973128864541650;8,960346662000063;48,665195272000062;08210809115100115760;0
81420;08;2;16;023;2021;07;19;6;3;1;5;1;1;0;0;0;0;0;436842,965912680141628;5408150,317911544814706;8,139559436000070;48,823121680000042;08210723216100027000;0
81425;08;2;26;095;2021;07;13;6;3;0;1;1;0;0;0;0;0;0;473083,750820654444396;5463135,813758157193661;8,629621091000047;49,320361456000057;08210723226700029360;0
81426;08;1;18;046;2021;08;06;2;3;3;2;1;0;0;0;1;0;0;513625,538279636763036;5412478,530598897486925;9,185786393000058;48,865119141000037;08210802118300097350;0
81430;08;4;36;009;2021;07;13;7;3;0;1;1;0;0;0;0;0;0;555759,099498936906457;5308745,268892513588071;9,746473180000066;47,929600231000052;08210724436400028560;0
81437;08;4;35;057;2021;08;17;5;2;6;4;0;1;1;0;0;0;0;544074,491596521809697;5279681,081234175711870;9,587102009000034;47,669019145000050;08210826435100158340;0
81438;08;1;18;073;2021;07;10;6;3;6;4;0;1;1;0;0;0;0;498817,455444804392755;5418343,630303446203470;8,983858797000039;48,918028870000057;08210730118600071860;0
81446;08;2;15;090;2021;08;11;4;3;5;3;1;1;0;0;0;0;0;465285,945427476428449;5432877,857605446130037;8,524936124000021;49,047796956000070;08210811215102264960;0
81448;08;3;17;150;2021;08;13;1;3;3;6;1;1;0;0;0;0;0;408109,809104652144015;5355907,156304966658354;7,759738675000051;48,349653565000040;08210822317300128470;0
81450;08;3;15;132;2021;08;17;3;2;8;7;1;0;0;0;0;0;0;411433,896763592027128;5325293,975609555840492;7,810987221000062;48,074765910000053;08210817311010132650;0
81459;08;4;35;057;2021;08;20;5;3;3;2;1;0;0;0;0;0;0;542334,169888510368764;5279511,411916974931955;9,563904486000069;47,667608859000040;08210819435100146940;0
81462;08;4;15;088;2021;08;15;2;2;0;1;1;0;0;0;0;0;0;543062,833198852837086;5370772,450179129838943;9,582810227000039;48,488600341000051;08210809415100107910;0
81466;08;4;35;057;2021;08;15;7;2;4;6;1;0;0;0;0;0;0;543450,101000000722706;5279446,616999492049217;9,578761823000036;47,666951867000080;08210821436000151320;0
81471;08;4;26;070;2021;08;17;4;3;4;2;1;1;0;0;0;0;0;566516,783257693052292;5341280,856513164937496;9,895539740000061;48,221263239000052;08210804426010093490;1
81473;08;4;35;045;2021;08;13;7;3;1;2;0;0;1;0;1;0;0;535304,436980789527297;5287187,289763217791915;9,470891350000045;47,737093420000065;08210821435100125100;0
81486;08;3;36;014;2021;07;22;5;2;0;7;1;0;0;0;0;2;0;389454,431970462203026;5279886,734766107052565;7,527617298000052;47,662923475000071;08210722336400026210;0
81489;08;3;17;065;2021;07;18;6;3;5;3;1;1;0;0;0;0;0;414175,918365465477109;5354888,193397026509047;7,841803929000037;48,341341735000071;08210723317300057830;0
81498;08;1;15;003;2021;07;09;6;3;6;2;0;1;1;0;0;0;0;500351,059000000357628;5393196,575999520719051;9,004770294000025;48,691808950000052;08210730115100064350;0
81502;08;3;15;132;2021;08;10;2;2;2;1;1;0;0;0;1;0;0;408119,523043656721711;5323124,218879347667098;7,766968058000032;48,054779959000030;08210809311100093000;0
81506;08;2;36;068;2021;07;17;6;3;3;6;1;0;0;0;0;0;1;484967,181003767997026;5413582,146723967045546;8,794984675000023;48,875014496000063;08210723231102059060;0
81511;08;1;18;048;2021;07;16;6;3;8;1;1;0;0;1;0;0;0;512759,674677809700370;5418878,016797719523311;9,174180139000043;48,922705682000071;08210723118010029580;0
81512;08;2;12;000;2021;07;07;3;3;5;3;1;1;0;0;0;0;0;458062,589490494690835;5427708,674909615889192;8,426623279000069;49,000850272000037;08210727212010061960;0
81514;08;3;35;075;2021;08;17;4;3;5;3;1;1;0;0;0;0;0;487631,282839427702129;5289569,759732341393828;8,834955500000035;47,759377276000066;08210811911081168000;0
81516;08;1;11;000;2021;08;18;3;3;5;2;1;1;0;0;0;0;0;515937,972144933417439;5403720,509557599201798;9,216976185000021;48,786278401000061;08210824111250133060;0
81524;08;3;17;001;2021;08;17;5;3;3;6;1;1;0;0;0;0;0;432384,866980787366629;5385249,040534200146794;8,082585052000070;48,616657757000041;08210826317100159360;0
81525;08;3;36;004;2021;08;10;7;3;4;7;1;0;0;0;1;0;0;416159,877336517907679;5295628,724078565835953;7,880199926000046;47,808549638000045;08210814336300170690;0
81526;08;1;25;024;2021;07;10;4;3;0;1;1;0;0;0;0;0;0;523275,856911403127015;5444316,395049158483744;9,319193781000024;49,151228447000051;08210728121600068360;1
81528;08;2;25;075;2021;07;14;2;2;5;3;1;1;0;0;0;0;0;533239,169169274158776;5473440,927909759804606;9,458242965000068;49,412741870000048;08210726225200068800;0
81559;08;3;17;098;2021;08;19;1;2;8;1;1;0;0;0;0;0;0;443335,136999999172986;5371650,136999513953924;8,232996620000051;48,495416416000069;08210801317010081970;0
81563;08;3;16;011;2021;07;16;4;2;5;3;1;1;0;0;0;0;0;414402,408156275749207;5329590,650206148624420;7,849969823000038;48,113820900000064;08210728316100048040;0
81565;08;3;17;093;2021;08;23;1;3;0;1;1;0;0;0;0;2;0;441955,834647585637867;5351789,700045846402645;8,217075607000027;48,316631874000052;08210808317600102800;0
81573;08;1;16;033;2021;07;17;6;3;3;2;1;0;0;0;0;0;1;534292,017000000923872;5387901,514999520033598;9,465523146000066;48,643233238000050;08210723116010063380;0
81577;08;4;16;048;2021;08;16;2;2;0;1;1;0;0;0;0;0;0;497318,600317517295480;5378138,587802221998572;8,963661724000076;48,556338548000042;08210830416100147680;1
81579;08;1;26;045;2021;07;14;7;3;1;3;1;1;0;0;0;0;0;545815,415193597786129;5470119,615058407187462;9,631229491000056;49,382051464000028;08210724126100060740;0
81581;08;3;35;063;2021;08;14;3;2;0;1;1;0;0;0;0;0;0;497229,300582374446094;5291223,214983781799674;8,963017988000047;47,774367037000047;08210817335200127570;0
81585;08;3;35;043;2021;08;03;5;3;0;7;1;0;0;0;0;2;0;513794,280180581845343;5280020,770971726626158;9,183764352000026;47,673430484000050;08210805335100165820;1
81592;08;4;36;064;2021;07;12;4;3;5;3;1;1;0;0;0;0;0;543534,075000001117587;5292194,622999494895339;9,581154678000075;47,781642057000056;08210728436000066040;1
81609;08;2;12;000;2021;08;11;6;2;6;4;1;0;1;0;0;0;0;456015,517492386512458;5429094,116471545770764;8,398486780000042;49,013169998000080;08210813212010130950;0
81611;08;1;17;006;2021;08;11;1;3;0;7;1;0;0;0;0;0;0;551440,936218706890941;5381683,203522119671106;9,697538185000042;48,586120006000044;08210808117200144240;0
81617;08;3;35;098;2021;07;14;5;3;8;1;1;0;0;0;0;0;0;504770,182181839831173;5296752,918550672009587;9,063730986000053;47,824108831000046;08210729335400067370;0
81621;08;2;31;000;2021;07;16;7;3;5;3;1;1;0;0;0;0;0;480007,937218008562922;5408997,115818938240409;8,727575840000043;48,833628655000041;08210731231000057010;0
81625;08;4;35;035;2021;07;16;6;3;5;2;1;1;0;0;0;0;0;541994,033791304565966;5283220,080279670655727;9,559730842000022;47,700998870000035;08210723435100060480;0
81627;08;4;35;016;2021;08;19;5;3;0;1;1;0;0;0;0;0;0;537225,016938879154623;5281806,727052481845021;9,496047482000051;47,688574911000046;08210812435100159750;0
81630;08;1;16;076;2021;08;10;5;1;5;3;1;1;0;0;0;0;0;528179,024678317829967;5400126,159806452691555;9,383373999000071;48,753510267000081;08210826116010147870;1
81638;08;1;19;008;2021;08;16;2;1;6;4;0;1;1;0;0;0;0;531619,293882376514375;5421811,708709383383393;9,431851792000032;48,948419489000059;08210809119010111160;0
81643;08;1;11;000;2021;07;17;4;3;2;6;1;0;0;0;0;0;0;509375,831553700380027;5398181,647899739444256;9,127514708000035;48,736584527000048;08210728111210079610;0
81651;08;2;37;028;2021;08;16;3;2;3;1;1;1;0;0;0;0;0;455706,609483544714749;5370367,336903566494584;8,400579358000073;48,484870443000034;08210824231000136510;0
81654;08;2;21;000;2021;07;09;4;3;1;5;1;1;0;0;1;0;0;477663,918203845620155;5473743,239886784926057;8,692049696000026;49,415959088000079;08210728221011067860;0
81658;08;3;17;057;2021;08;21;6;3;5;3;1;1;0;0;0;2;0;411894,760889366269112;5380960,209994403645396;7,805536967000023;48,575532922000036;08210827317200151470;0
81660;08;4;36;009;2021;07;10;2;3;0;1;1;0;0;0;0;0;0;554433,387955939397216;5307204,438166165724397;9,728532086000030;47,915852006000080;08210726436400038140;0
81664;08;2;36;028;2021;08;13;3;2;5;3;1;1;0;0;0;0;0;494406,619424864649773;5421939,596168646588922;8,923603552000031;48,950353003000032;08210810231102121000;0
81673;08;4;15;014;2021;08;21;7;3;5;3;1;1;0;0;0;2;0;524625,577997972257435;5375779,307682285085320;9,333582919000037;48,534636146000025;08210807415100263550;0
81675;08;1;16;047;2021;08;15;6;2;5;3;1;1;0;0;0;0;0;519466,064000001177192;5393359,472999522462487;9,264516879000041;48,692970832000071;08210827116200154060;0
81677;08;2;21;000;2021;08;16;3;3;6;4;0;1;1;0;0;0;0;478093,338624420575798;5473331,233992738649249;8,697992819000035;49,412268775000030;08210803221200084970;1
81679;08;3;15;132;2021;07;15;2;3;5;3;1;1;0;0;0;0;0;409124,588083200156689;5323114,734407177194953;7,780454817000020;48,054838586000074;08210726311100068510;0
81681;08;3;36;084;2021;07;05;4;3;4;6;1;0;0;0;0;1;0;406307,501999977976084;5277328,807999487966299;7,752575664000062;47,642574203000038;08210728336100070450;1
81690;08;2;22;000;2021;08;16;5;3;3;2;1;1;0;0;0;0;0;463856,678733852691948;5480713,276909081265330;8,501057911000032;49,477987994000046;08210812222700101300;0
81694;08;3;15;131;2021;07;17;5;2;9;7;1;0;0;0;0;0;0;406074,985206787474453;5311297,522116439417005;7,742126484000039;47,948101016000066;08210722311010037730;0
81699;08;1;18;078;2021;08;18;7;3;4;2;1;1;0;0;0;0;0;514802,146985714323819;5419660,545601965859532;9,202089815000022;48,929699582000069;08210814118500118160;0
81710;08;1;25;108;2021;08;13;2;2;6;4;0;1;1;0;0;0;0;494426,174857366830111;5433994,015062719583511;8,923705174000077;49,058789927000078;08210802125102099530;0
81712;08;2;15;066;2021;08;07;2;3;4;6;1;0;0;1;0;0;0;461655,122529983520508;5454471,597940199077129;8,473195123000039;49,241817658000059;08210830212010163460;1
81717;08;4;35;029;2021;09;11;5;3;0;1;1;0;0;0;0;0;0;542553,356131410226226;5271458,016340654343367;9,566040986000075;47,595135435000032;08210902435100193080;0
81722;08;3;17;078;2021;09;17;6;2;0;1;1;0;0;0;0;0;0;433979,872939601540565;5344890,103635957464576;8,110583457000075;48,253782933000082;08210917317600222360;0
81727;08;3;37;096;2021;10;09;4;2;0;1;1;0;0;0;0;0;0;420166,944196904078126;5267290,795826340094209;7,938892716000055;47,554127344000051;08211006337100897140;0
81728;08;1;25;110;2021;09;15;2;3;5;3;1;1;0;0;0;0;0;528536,229000000283122;5441436,746999535709620;9,391126487000065;49,125103527000078;08210906121600178140;0
81734;08;2;25;074;2021;09;14;4;3;6;4;0;1;1;0;0;0;0;507018,245977765880525;5466590,561940459534526;9,096635825000021;49,351990300000068;08210929225100273100;1
81735;08;3;36;105;2021;09;20;6;2;6;4;0;1;1;0;0;2;0;398727,460294079966843;5267582,420074880123138;7,653933421000033;47,553760679000050;08210917311010225980;0
81739;08;2;26;102;2021;09;18;5;3;5;7;1;1;0;0;0;0;0;484048,436770888045430;5452727,371205482631922;8,780913256000076;49,227121278000027;08210909226500187550;0
81750;08;3;26;003;2021;09;11;3;3;0;6;1;1;0;0;0;0;0;467859,457607340067625;5319690,362561453133821;8,568887793000044;48,029692763000071;08210907326300196140;0
81751;08;3;37;096;2021;10;16;3;3;4;2;1;1;0;0;0;0;0;420604,941677781753242;5267571,248115083202720;7,944662710000046;47,556704102000026;08211005337100870730;0
81761;08;1;16;054;2021;09;14;5;1;5;3;1;1;0;0;0;0;0;531862,312000000849366;5380824,867999516427517;9,431996863000052;48,579700518000038;08210902116010188470;0
81763;08;3;35;063;2021;09;09;3;3;4;6;1;1;0;0;0;0;0;498773,249286663718522;5290681,466609463095665;8,983627428000034;47,769497421000040;08210914335200197880;0
81770;08;3;11;000;2021;09;11;3;3;0;3;0;1;1;0;1;0;0;414605,705999987199903;5317485,551999500021338;7,855117759000052;48,004959310000061;08210928311010862900;0
81774;08;4;36;009;2021;09;15;4;2;6;4;0;1;1;0;0;0;0;556575,646013302728534;5308374,310669060796499;9,757354963000068;47,926191330000051;08210901436400185470;0
81779;08;3;17;065;2021;09;07;7;3;3;6;1;1;0;0;0;1;0;414181,861212337389588;5354838,694148976355791;7,841894198000034;48,340897306000045;08210925317300258900;0
81787;08;4;17;002;2021;10;17;4;3;6;4;0;1;1;0;0;0;0;488966,510989257134497;5347003,266160730272532;8,851293757000064;48,276138201000037;08211006417200906210;0
81790;08;4;36;010;2021;09;12;4;3;0;1;1;0;0;0;0;0;0;570044,112793222069740;5310353,842704469338059;9,937951237000050;47,942668936000075;08210908436100185630;0
81791;08;1;19;067;2021;09;01;7;2;5;3;1;1;0;0;0;2;0;538638,423615936189890;5407429,353142753243446;9,526354728000058;48,818645458000049;08210904119300194660;0
81792;08;4;17;057;2021;09;07;2;3;6;4;0;1;1;0;0;0;0;482180,535999999381602;5339793,242999507114291;8,760138453000025;48,211116972000070;08210927417200238560;1
81794;08;4;35;016;2021;10;12;2;3;5;3;1;1;0;0;0;0;0;537361,476362154819071;5278832,423796005547047;9,497611326000026;47,661806162000062;08211004435100866760;1
81798;08;1;15;054;2021;10;13;1;3;4;2;1;1;0;0;0;0;0;493340,167058539576828;5395499,745160643011332;8,909467114000051;48,712492985000040;08211010115400893640;0
81803;08;1;11;000;2021;09;20;3;3;0;7;1;0;0;0;0;2;0;516438,529714250937104;5409506,234813498333097;9,224022379000075;48,838312843000040;08210914111330224860;0
81804;08;2;21;000;2021;09;16;1;3;3;2;1;1;0;0;0;0;0;477685,871709338389337;5473116,698164314031601;8,692387587000042;49,410324251000077;08210919221400240360;0
81824;08;2;12;000;2021;10;13;6;3;5;2;1;1;0;0;0;0;0;455210,719434562139213;5428864,601874586194754;8,387506682000037;49,011047599000051;08211008212010875060;0
81826;08;3;35;079;2021;09;16;7;3;0;2;1;1;0;0;0;0;0;501023,311000000685453;5299687,027999497950077;9,013678666000033;47,850525190000042;08210904335400200940;0
81828;08;1;36;019;2021;09;15;2;2;0;7;1;0;1;0;0;0;0;585164,583492943085730;5423947,901728129014373;10,163504323000041;48,962576660000082;08210913136200205330;0
81832;08;1;19;067;2021;10;18;7;3;0;1;1;0;0;0;0;0;0;538629,017323238775134;5405745,316000942140818;9,526068087000056;48,803497231000051;08211002119300886210;0
81843;08;3;11;000;2021;09;22;2;2;6;2;0;1;1;0;0;2;0;414026,372210472822189;5314945,866970494389534;7,847860980000064;47,982036226000048;08210920311010228470;1
81851;08;1;35;025;2021;09;18;5;2;1;3;1;1;0;0;0;0;0;581559,286136873997748;5399658,551313333213329;10,109421096000062;48,744600827000056;08210930135010269360;0
81858;08;3;27;057;2021;09;16;1;2;4;2;0;1;1;1;0;0;0;495754,095808548852801;5309213,541572498157620;8,943150992000028;47,936225361000027;08210912325069194010;0
81860;08;1;27;014;2021;09;13;7;3;6;7;0;1;1;0;0;0;0;574876,092318999581039;5443451,142556186765432;10,026575421000075;49,139322615000026;08210925127202235280;0
81876;08;1;25;110;2021;09;11;5;3;0;7;1;0;0;0;0;0;0;527921,940115342848003;5442696,780385522171855;9,382794304000072;49,136466008000070;08210902121600172100;0
81877;08;2;15;103;2021;09;15;6;2;5;3;1;1;0;0;0;0;0;466832,877999998629093;5442688,745999535545707;8,545300011000052;49,136132952000025;08210924215402807810;0
81879;08;1;15;053;2021;09;16;3;3;0;7;1;0;0;0;0;0;0;483583,626195703633130;5380067,162701401859522;8,777450368000075;48,573479256000041;08210921115200220770;0
81901;08;2;25;058;2021;09;10;2;3;6;4;0;0;1;0;1;0;0;510411,413999999873340;5466638,356999544426799;9,143358248000027;49,352371718000029;08210920225100235490;0
81904;08;1;21;000;2021;10;00;1;3;5;2;1;1;0;0;0;2;0;516760,348372766748071;5443105,558731928467751;9,229793794000045;49,140549010000029;08211003121200972330;0
81906;08;1;16;079;2021;09;17;7;3;3;6;1;1;0;0;0;0;0;539151,495747909881175;5378132,595713639631867;9,530567936000068;48,555067922000035;08210904116010175310;0
81911;08;1;15;051;2021;09;13;4;3;3;2;1;1;0;0;0;0;0;503343,235550660640001;5385269,361848847940564;9,045364843000073;48,620485661000032;08210901115100178500;0
81915;08;1;36;049;2021;09;02;7;1;6;1;0;1;1;0;0;2;0;566764,232785614207387;5415986,813205873593688;9,910856225000032;48,893231372000059;08210925136010260500;0
81918;08;4;35;057;2021;09;12;2;3;4;6;1;0;0;0;0;0;0;544587,027626635506749;5279151,702344307675958;9,593874928000048;47,664221066000039;08210913435100200460;0