OID_;ULAND;UREGBEZ;UKREIS;UGEMEINDE;UJAHR;UMONAT;USTUNDE;UWOCHENTAG;UKATEGORIE;UART;UTYP1;IstRad;IstPKW;IstFuss;IstKrad;IstSonstige;ULICHTVERH;IstGkfz;LINREFX;LINREFY;XGCSWGS84;YGCSWGS84;UIDENTSTLAE;IstStrassenzustand
81921;08;2;12;000;2021;09;10;2;2;5;2;1;1;0;0;0;0;0;455815,292576652951539;5430978,753986040130258;8,395543476000057;49,030108160000054;08210906212010180410;0
81923;08;4;35;018;2021;10;13;7;3;8;1;1;0;0;0;0;0;0;524599,041098197922111;5280013,293972237035632;9,327700672000049;47,673042405000047;08211002435200967260;0
81927;08;1;18;048;2021;09;15;4;3;0;2;1;1;0;0;0;0;0;511970,878958773799241;5415259,079940794035792;9,163306355000032;48,890166474000068;08210929118400261660;1
81931;08;3;11;000;2021;10;14;7;3;0;7;1;0;0;0;0;0;0;406176,463076127693057;5316831,676944587379694;7,742276743000048;47,997895953000068;08211009311010876760;0
81938;08;1;19;090;2021;10;21;6;3;0;1;1;0;0;0;0;2;0;530225,672780967317522;5408123,616773193702102;9,411806107000075;48,825357115000031;08211008119400886400;0
81942;08;1;35;025;2021;09;16;3;3;1;7;1;0;0;0;1;0;0;582203,439565908163786;5399040,862546587362885;10,118058297000061;48,738960463000069;08210928135200246070;0
81946;08;1;19;008;2021;09;13;7;3;2;6;1;1;0;0;0;0;0;531468,186842784285545;5419041,064614770933986;9,429574145000061;48,923503969000080;08210911119100191520;0
81959;08;3;11;000;2021;09;18;3;3;3;2;1;1;0;0;0;0;0;404414,968334480188787;5315114,269864667207003;7,719052013000066;47,982187026000076;08210907311010210340;0
81966;08;2;22;000;2021;09;18;5;3;0;3;1;0;0;0;1;1;0;462498,982070078141987;5485968,377318464219570;8,481817420000027;49,525172446000056;08210930222014863440;0
81968;08;1;25;007;2021;10;08;3;2;0;1;1;0;0;0;0;0;0;512311,007231459021568;5452956,559777533635497;9,169092825000064;49,229266888000041;08211005121500892610;1
81970;08;3;36;045;2021;09;18;4;3;0;7;1;0;0;0;0;0;0;399569,301480894908309;5285205,861440964043140;7,661075637000067;47,712419799000031;08210901336400196530;0
81971;08;4;36;055;2021;10;12;6;3;8;1;1;0;0;0;0;0;0;576294,519111670553684;5296775,009685268625617;10,019237256000054;47,819800501000032;08211001436100878330;0
81974;08;2;26;036;2021;09;12;7;3;0;3;1;1;0;0;0;0;0;468523,281037327833474;5479803,670189771801233;8,565548507000074;49,470066352000060;08210925222400260520;0
81980;08;2;37;024;2021;09;12;3;1;6;4;0;0;1;0;0;0;1;479961,616244977340102;5360340,178736463189125;8,729294974000027;48,395903542000042;08210914325000206840;0
81983;08;4;35;016;2021;09;18;2;3;5;2;1;1;0;0;0;0;0;531187,301936701871455;5279659,258648127317429;9,415439995000042;47,669572759000062;08210906435100179680;0
81985;08;3;37;126;2021;10;16;1;3;2;6;0;1;1;0;1;0;0;441313,890210352838039;5274493,818521283566952;8,218973742000060;47,621188864000032;08211003337010869740;1
81991;08;3;36;069;2021;09;14;1;3;5;3;1;1;0;0;0;0;0;407374,704842257313430;5268797,699168272316456;7,768583686000056;47,565984276000052;08210905336200202490;0
81996;08;1;25;008;2021;10;16;1;2;8;7;1;0;0;0;0;0;0;523185,157189122401178;5433971,668864693492651;9,317356028000063;49,058177817000058;08211010121600964460;0
82005;08;3;11;000;2021;10;16;6;3;5;3;1;1;0;0;0;0;0;412281,946534956805408;5318651,315969733521342;7,823731329000054;48,015130988000067;08211008311200918240;0
82015;08;1;15;042;2021;09;19;4;2;5;3;1;0;0;1;0;1;0;496675,318893130868673;5407716,113037213683128;8,954705975000024;48,822417869000049;08210908118000207670;0
82018;08;1;18;071;2021;09;18;5;3;5;3;1;1;0;0;0;0;0;510124,037999999709427;5418761,027999527752399;9,138198733000024;48,921702006000032;08210930118100269030;0
82019;08;3;35;063;2021;10;08;2;3;6;2;0;1;1;0;0;0;0;497565,523242793977261;5287923,594629982486367;8,967524212000058;47,744679848000033;08211004335200867170;1
82023;08;1;16;049;2021;10;17;1;3;8;1;1;0;0;0;0;0;0;525029,248512848280370;5385805,534033710137010;9,339654770000038;48,624817287000042;08211010116500911610;0
82024;08;3;15;006;2021;09;15;5;2;3;7;1;1;0;0;0;0;0;401630,194885795004666;5310427,160108869895339;7,682815304000030;47,939604918000043;08210902311400222410;0
82027;08;1;35;019;2021;09;08;3;3;6;4;1;0;1;0;0;0;0;584224,382559478282928;5392397,757599454373121;10,144184092000046;48,678940606000026;08210921135200220160;0
82030;08;3;26;074;2021;10;07;4;3;5;3;1;1;0;0;0;0;0;460374,649403763003647;5323216,902762861922383;8,468169007000029;48,060999500000037;08211006326400912980;0
82035;08;2;26;029;2021;09;16;6;3;4;6;1;1;0;0;0;0;0;484224,142000000923872;5484140,948999553918839;8,782081108000057;49,509690177000039;08210903226300175500;0
82037;08;1;28;131;2021;09;11;4;1;6;4;0;1;1;0;0;0;0;528402,096955695189536;5513076,791915271431208;9,394423959000051;49,769490874000041;08210929128010245920;0
82040;08;2;35;085;2021;09;19;1;1;6;4;0;1;1;0;0;0;0;481021,322746716439724;5395392,796021856367588;8,742012494000051;48,711277605000078;08210905231000196540;0
82044;08;2;37;004;2021;09;08;6;2;5;3;1;1;0;0;0;0;0;448070,901447914540768;5369140,219636999070644;8,297405593000065;48,473247104000052;08210924231000251290;0
82050;08;4;35;052;2021;09;14;7;3;5;3;1;1;0;0;0;0;0;521592,034260706976056;5291475,665739217773080;9,288211169000022;47,776282589000061;08210904435200204510;0
82054;08;1;15;021;2021;10;16;4;3;0;7;1;0;0;0;0;0;0;489997,498794881626964;5381938,769479257985950;8,864355066000030;48,590451914000028;08211006115200883450;0
82055;08;1;11;000;2021;09;17;7;3;5;2;1;1;0;0;0;1;0;516115,446132241748273;5405651,191304538398981;9,219468006000056;48,803641993000042;08210911111500861940;0
82057;08;4;35;016;2021;10;15;2;3;5;2;1;0;0;0;1;0;0;535169,066279273480177;5277766,343832695856690;9,468326235000063;47,652337110000076;08211011435100883020;0
82060;08;2;35;046;2021;09;15;7;2;4;6;1;0;0;0;0;0;0;479226,221323270350695;5380588,810539271682501;8,718353528000023;48,578042772000060;08210925235200265190;0
82063;08;1;11;000;2021;10;14;7;3;6;4;0;1;1;0;0;0;0;513619,578042066656053;5402961,320910504087806;9,185389090000058;48,779503901000055;08211009111500910650;0
82067;08;1;11;000;2021;09;17;4;2;5;2;1;1;0;0;0;0;0;507432,007000001147389;5405610,939999524503946;9,101212273000044;48,803444386000081;08210915111500225270;0
82068;08;4;25;079;2021;09;18;2;3;6;7;0;1;1;0;0;1;0;547958,647230821661651;5376395,725817792117596;9,649712194000074;48,538831660000028;08210920117010216250;0
82069;08;1;18;012;2021;10;19;5;2;5;3;1;0;0;1;0;1;0;495737,548000001348555;5416272,503999527543783;8,941841082000053;48,899383980000039;08211007118600888100;0
82071;08;2;21;000;2021;10;19;2;2;6;4;0;1;1;0;0;2;0;477700,337213130667806;5472797,844797588884830;8,692604906000042;49,407456744000058;08211004221011868480;0
82073;08;2;36;013;2021;09;13;7;3;0;7;1;0;0;0;0;0;0;475184,465533894486725;5409173,607261152938008;8,661838639000052;48,835042275000035;08210904231202175770;0
82076;08;1;16;077;2021;09;12;4;3;4;6;1;0;0;0;0;0;0;514816,145574947819114;5389801,085022676736116;9,201203870000029;48,661087076000058;08210929116200272960;0
82082;08;3;35;098;2021;09;10;5;3;5;3;1;1;0;0;0;0;0;504363,941000000573695;5296106,085999492555857;9,058296976000065;47,818291864000059;08210902335400220300;0
82083;08;1;27;009;2021;09;12;7;3;0;1;1;0;0;0;0;0;0;557769,500187932513654;5448422,369153726845980;9,792779000000053;49,185883289000060;08210925127100231980;0
82084;08;1;19;004;2021;09;14;5;3;5;3;1;1;0;0;0;0;0;541870,602917355485260;5418013,870435843244195;9,571466270000030;48,913647765000064;08210916119100208750;0
82090;08;1;16;068;2021;09;13;1;3;0;1;1;0;0;0;0;0;0;526082,686083621345460;5388599,123989969491959;9,354125827000075;48,649905415000035;08210919116500217420;0
82094;08;4;35;034;2021;09;20;7;2;0;1;1;0;0;0;0;2;0;531854,677057744003832;5284845,994989307597280;9,424708472000077;47,716207492000080;08210911435200202990;0
82099;08;2;36;071;2021;09;23;4;3;6;4;0;1;1;0;0;2;0;468678,498092281632125;5421983,714210817590356;8,572202061000041;48,949981910000076;08210929231202266740;0
82102;08;4;35;016;2021;09;17;1;3;4;6;1;0;0;0;1;0;0;532382,416171645745635;5279021,919911192730069;9,431312179000031;47,663779587000079;08210905435100176220;0
82106;08;3;15;098;2021;10;06;6;2;4;6;1;0;0;0;0;2;0;407987,761531445197761;5312684,735692653805017;7,767440028000067;47,960856916000068;08211001311010863710;0
82107;08;3;26;003;2021;10;16;1;1;5;3;1;1;0;0;0;0;0;467450,221714813262224;5316796,781930219382048;8,563618469000062;48,003638779000028;08211010325000062180;0
82109;08;3;35;055;2021;09;09;6;2;0;7;1;0;0;0;0;0;0;496517,749604290351272;5284136,280757699161768;8,953577263000057;47,710598256000026;08210924335200257340;0
82111;08;2;31;000;2021;09;16;3;3;6;4;0;1;1;0;0;0;0;475632,143252189271152;5415198,423501465469599;8,667580301000044;48,889257334000035;08210921231000269090;0
82113;08;3;17;001;2021;09;15;7;3;6;2;0;1;1;0;0;0;0;430310,692880169488490;5386310,654151134192944;8,054267809000066;48,625979353000048;08210918317100213800;0
82118;08;1;19;038;2021;09;20;2;3;0;1;1;0;0;0;0;2;0;524319,428798401728272;5420997,583224534988403;9,332104695000055;48,941426147000072;08210913119100194360;0
82119;08;3;15;084;2021;09;12;6;2;0;4;0;1;1;0;0;0;0;417022,304999988526106;5305465,713999496772885;7,889829229000043;47,897152327000072;08210903311010174610;0
82121;08;1;16;015;2021;09;17;6;3;0;2;0;1;1;0;0;0;0;523345,707035974599421;5393502,735179457813501;9,317243184000063;48,694126513000072;08210917116200058330;0
82123;08;1;17;026;2021;10;05;7;2;0;1;1;0;0;0;0;2;0;548656,720250781625509;5394678,068490071222186;9,661313571000051;48,703238784000064;08211009117300897770;0
82129;08;3;35;075;2021;10;19;5;3;6;6;1;0;1;0;0;2;0;487646,894815706647933;5289753,219171211123466;8,835158606000050;47,761028257000078;08211007335300873120;0
82130;08;1;36;065;2021;09;14;3;2;5;3;1;1;0;0;0;0;0;563675,527673535048962;5403170,901159817352891;9,866731473000073;48,778279399000041;08210907136300194610;0
82132;08;2;12;000;2021;09;16;5;3;0;7;0;1;1;0;0;0;0;455612,628971991129220;5426431,337472371757030;8,393268396000053;48,989189157000055;08210909212402216340;0
82135;08;4;26;021;2021;09;07;3;3;5;3;1;1;0;0;0;0;0;559128,933731564320624;5326433,160576155409217;9,794021335000025;48,088423926000075;08210928426010272400;1
82144;08;3;35;100;2021;09;16;4;3;5;3;1;1;0;0;0;0;0;490514,212000000290573;5287430,021999493241310;8,873471014000074;47,740173729000048;08210922335300238090;0
82145;08;3;37;097;2021;10;07;6;2;6;4;0;1;1;0;0;0;0;434246,350421825423837;5289864,735859837383032;8,122609397000076;47,758796327000027;08211008337010893110;0
82156;08;1;17;028;2021;09;18;5;3;0;7;1;0;0;0;0;0;0;546974,291793585754931;5383486,106133664026856;9,637178569000071;48,602689313000042;08210902117010186200;0
82165;08;2;37;040;2021;09;14;3;2;3;2;1;1;0;0;0;0;0;470844,781485720537603;5361369,580994848161936;8,606063751000022;48,404808718000027;08210928231000251340;0
82166;08;3;17;001;2021;09;06;2;3;0;1;1;0;0;1;0;0;0;428206,506366007030010;5388460,628134701400995;8,025344304000043;48,645080125000050;08210913317100224180;0
82167;08;3;35;043;2021;09;12;3;3;0;1;1;0;0;0;0;0;0;513552,755077778361738;5280242,525638785213232;9,180553707000058;47,675430864000077;08210928335100242450;0
82171;08;2;16;043;2021;10;15;7;3;4;6;1;0;0;0;0;0;0;441246,304999999701977;5414259,280999526381493;8,198666945000070;48,878503750000050;08211002216100865250;0
82173;08;2;16;043;2021;09;12;1;3;0;1;1;0;0;0;0;0;0;436511,432486271485686;5410335,539399337023497;8,134704769000052;48,842743624000036;08210912216100781270;0
82178;08;1;21;000;2021;10;20;7;2;5;3;1;1;0;0;0;2;0;514097,953987373970449;5443176,097355967387557;9,193293577000077;49,141250405000051;08211009121300903870;0
82180;08;1;21;000;2021;09;15;6;2;0;1;1;0;0;0;0;0;0;515543,372352903708816;5443335,073018778115511;9,213117348000026;49,142645568000034;08210924121200260020;0
82182;08;1;11;000;2021;09;13;2;2;0;2;1;1;0;0;0;0;0;515527,286999999545515;5399206,917999520897865;9,211214898000037;48,745684871000037;08210920111500235880;0
82187;08;2;15;109;2021;09;15;7;3;5;3;1;1;0;0;0;0;0;462654,186790466308594;5438318,227863539010286;8,488419558000032;49,096580006000067;08210904215102197110;0
82192;08;3;11;000;2021;09;10;4;3;3;2;1;1;0;0;0;0;0;412807,288079001940787;5314676,512737169861794;7,831582118000028;47,979448281000032;08210901311010185830;0
82193;08;4;35;016;2021;10;15;6;1;5;3;1;1;0;0;0;0;0;535912,250206034630537;5280976,469175687059760;9,478486334000024;47,681179063000059;08211001436000876790;0
82200;08;2;36;046;2021;09;18;5;3;6;4;0;1;1;0;0;0;0;483940,555999998934567;5418398,633999526500702;8,780794455000034;48,918316489000063;08210923231102256810;0
82207;08;3;11;000;2021;10;05;7;3;0;7;1;0;0;0;0;0;0;414449,369816324673593;5316797,634647766128182;7,853159376000065;47,998750326000049;08211002311010868710;0
82212;08;3;17;096;2021;09;07;6;3;4;6;1;0;0;0;0;0;0;422575,972797648049891;5370215,459982953965664;7,952313300000071;48,480296517000056;08210917317500246740;0
82223;08;4;17;031;2021;09;19;3;2;0;1;1;0;0;0;0;2;0;497071,699000000953674;5357760,307999512180686;8,960458390000042;48,373005177000039;08210921417300219560;0
82226;08;1;25;065;2021;09;10;2;2;3;6;1;1;0;0;0;0;0;515888,171025928109884;5448072,842414587736130;9,218031920000044;49,185254377000035;08210913125102199420;0
82230;08;2;15;064;2021;09;20;7;3;3;6;1;1;0;0;0;2;0;476428,158022043295205;5451316,593573946505785;8,676336892000052;49,214185250000071;08210911215202189210;1
82235;08;1;25;007;2021;09;12;1;2;8;1;1;0;0;0;0;0;0;512397,497124330140650;5453583,019367001950741;9,170300136000037;49,234900281000080;08210926121500252530;0
82236;08;2;21;000;2021;09;20;6;3;3;2;1;0;0;0;1;2;0;473904,371744677424431;5470195,715323263779283;8,640450403000045;49,383900115000074;08210917221400208700;0
82241;08;3;35;066;2021;09;18;6;2;5;2;1;1;0;0;0;0;0;509095,687073839828372;5281703,477680353447795;9,121205979000024;47,688654096000050;08210924335000262510;0
82242;08;1;15;003;2021;09;19;4;3;6;6;1;0;1;0;0;1;0;499771,902000000700355;5392508,358999518677592;8,996900916000072;48,685617735000051;08210915115100259790;0
82244;08;3;15;130;2021;10;13;5;2;8;1;1;0;0;0;0;0;0;409795,350911743938923;5301167,692337669432163;7,794057662000057;47,857514571000081;08211007311400880560;0
82268;08;4;17;008;2021;09;17;2;3;3;6;1;0;0;1;0;0;0;493832,569608189165592;5350891,883192373439670;8,916820215000030;48,311189087000059;08210906417300204130;0
82276;08;1;16;081;2021;09;15;4;3;5;3;1;1;0;0;0;0;0;518676,570045149885118;5385947,151524038985372;9,253454335000072;48,626313259000028;08210901116500179200;0
82296;08;2;16;052;2021;09;14;7;2;5;3;1;1;0;0;0;0;0;439931,691775167360902;5417062,858812291175127;8,180326878000074;48,903595571000039;08210918211000237910;0
82303;08;2;26;107;2021;09;08;4;3;5;2;1;1;0;0;0;0;0;475580,283342421986163;5484297,313843499869108;8,662671795000051;49,510810121000077;08210908226600194290;0
82306;08;1;17;026;2021;09;17;5;2;6;7;0;1;1;0;0;0;0;548915,993112172931433;5394770,837644901126623;9,664848200000051;48,704053007000027;08210930117010854450;0
82309;08;1;25;102;2021;09;19;4;3;0;1;1;0;0;0;0;0;0;523708,742243979126215;5444975,037835871800780;9,325168837000035;49,157136528000080;08210901121600176100;0
82316;08;4;16;022;2021;09;13;5;3;5;3;1;1;0;0;0;0;0;510176,239270240068436;5375397,266164386644959;9,137841017000028;48,531599925000080;08210923416000228570;0
82319;08;3;35;043;2021;09;13;3;3;5;2;1;0;0;0;0;0;0;513433,353094891645014;5279350,513342672958970;9,178935571000068;47,667407332000039;08210907335100224510;0
82324;08;2;36;028;2021;09;18;6;3;5;3;1;1;0;0;0;0;0;494014,155866893939674;5422348,831194823607802;8,918237130000023;48,954030676000059;08210903231102255890;0
82326;08;2;15;046;2021;09;11;4;3;6;3;0;1;1;0;0;0;0;450569,756263985298574;5413836,219588819891214;8,325869200000056;48,875511769000070;08210929212702248250;0
82327;08;2;35;046;2021;09;07;6;2;5;3;1;1;0;0;0;0;0;479573,081084375269711;5379349,152390608564019;8,723117019000028;48,566901987000051;08210917231000240350;0
82329;08;1;36;071;2021;09;14;1;3;0;1;1;0;0;0;0;0;0;599222,411907367408276;5426658,666703639551997;10,356168946000025;48,984858314000064;08210905136200187750;0
82344;08;3;35;002;2021;09;11;7;3;5;3;1;1;0;0;0;0;0;503458,976322121918201;5285614,515066934749484;9,046124202000044;47,723898986000052;08210918335100224150;0
82351;08;4;21;000;2021;09;05;1;3;0;1;1;0;0;0;0;2;0;573393,209776948206127;5357628,748174704611301;9,990947689000052;48,367560434000040;08210926421300248020;0
82353;08;1;36;050;2021;09;06;5;3;5;3;1;0;0;0;1;2;0;581809,273919124156237;5404286,708414241671562;10,113741134000065;48,786195002000056;08210923136100256970;0
82355;08;2;16;043;2021;09;13;5;3;4;6;1;0;0;0;0;0;0;441202,884272699244320;5414246,563677450641990;8,198076626000045;48,878385241000046;08210930216100861090;0
82360;08;2;26;049;2021;10;12;5;3;0;7;1;0;0;0;0;0;0;486739,094753329642117;5463327,122772013768554;8,817516491000049;49,322531709000032;08211007226300878490;0
82362;08;2;26;028;2021;10;05;2;3;5;3;1;1;0;0;0;2;0;472370,167999998666346;5484057,738999549299479;8,618345760000068;49,508517451000046;08211004222400058250;1
82367;08;1;27;046;2021;10;06;3;3;0;1;1;0;0;0;0;2;0;571882,129760716110468;5450917,274697193875909;9,986867791000066;49,206830725000032;08211005127202892780;1
82373;08;1;11;000;2021;09;20;6;3;0;7;1;0;0;0;0;2;0;513354,705622425302863;5404531,143058679997921;9,181834691000063;48,793631616000027;08210903111120190360;0
82375;08;3;26;074;2021;09;09;5;3;5;3;1;1;0;0;0;0;0;460169,683468564413488;5323932,220130335539579;8,465351542000064;48,067422226000076;08210916326400205210;1
82378;08;2;31;000;2021;09;14;7;3;1;5;1;1;0;0;0;0;0;474869,477679274976254;5416778,988004254177213;8,657079175000035;48,903445028000078;08210918231402221410;0
82382;08;3;35;075;2021;09;16;3;3;4;6;1;0;0;0;0;0;0;490670,488812226802111;5287408,573317004367709;8,875556013000050;47,739983023000036;08210907335300207220;0
82383;08;1;26;066;2021;10;18;5;3;3;6;1;1;0;0;0;0;0;534241,914348526857793;5449420,363234663382173;9,470006969000053;49,196625243000028;08211007126200900480;0
82388;08;4;35;052;2021;09;17;6;3;4;2;1;1;0;0;0;0;0;521360,707857044413686;5291507,650443183258176;9,285125030000074;47,776578081000025;08210903435200208030;0
82394;08;3;11;000;2021;10;17;6;3;5;2;1;1;0;0;0;0;0;413750,468471619300544;5316864,250358493998647;7,843778899000029;47,999255649000077;08211001311010885830;0
82395;08;4;35;016;2021;10;16;7;3;3;2;1;1;0;0;0;0;0;535242,853768462315202;5277759,998756473883986;9,469308275000060;47,652276005000033;08211009435100877970;0
82397;08;2;26;096;2021;09;15;7;3;5;3;1;1;0;0;0;0;0;475000,072474814020097;5488605,626963187009096;8,654383946000053;49,549538128000052;08210925222000236560;0
82403;08;1;27;008;2021;09;17;2;2;5;3;1;1;0;0;0;0;0;569851,324452993460000;5458229,082899549975991;9,960265357000026;49,272827798000037;08210906127202178420;0
82405;08;1;18;048;2021;10;15;1;3;5;3;1;1;0;0;0;0;0;512740,559857383370399;5415282,251201866194606;9,173806991000049;48,890359569000054;08211003118400892310;0
82407;08;2;36;038;2021;09;08;6;3;6;4;0;1;1;0;0;0;0;486437,110572016797960;5427531,050443764775991;8,814567023000052;49,000528088000067;08210903231101178550;0
82411;08;1;18;049;2021;09;16;5;2;6;3;0;1;1;0;0;0;0;519252,440999999642372;5420920,601999530568719;9,262907432000077;48,940912118000028;08210923118000248490;0
82412;08;2;37;045;2021;09;14;1;2;0;2;1;0;0;0;0;0;0;461650,960210740566254;5356554,115268951281905;8,482283863000021;48,360995397000067;08210905231000175360;0
82413;08;2;36;076;2021;10;15;7;3;5;2;1;1;0;0;0;0;0;473205,726000001654029;5423290,222999529913068;8,633948806000035;48,961947354000074;08211009231000905440;0
82414;08;1;25;046;2021;09;22;1;3;0;7;1;0;0;0;0;2;0;520276,199863034300506;5434166,911529680714011;9,277548825000054;49,060036722000063;08210905121600201070;0
82416;08;1;27;076;2021;09;12;5;3;5;2;1;1;0;0;0;0;0;556286,239351409487426;5438775,932758165523410;9,771078558000056;49,099255607000032;08210902127100190460;0
82418;08;2;37;028;2021;09;12;4;3;6;4;0;1;1;0;0;0;0;456290,385350741446018;5368247,668551741167903;8,408700761000034;48,465842861000056;08210915231000207610;0
82420;08;3;17;031;2021;10;11;5;2;6;7;0;1;1;0;0;0;0;417503,830828382633626;5358449,703741094097495;7,886006823000059;48,373820623000029;08211007317300879920;0
82424;08;1;28;139;2021;09;10;3;3;0;1;1;0;0;0;0;0;0;552800,174492590129375;5488761,058670636266470;9,729942257000062;49,549150146000045;08210928128200255080;0
82429;08;1;15;028;2021;10;13;7;2;0;2;1;0;0;0;0;0;0;502368,751157301478088;5407183,173562312498689;9,032267772000068;48,817627981000044;08211002118000880000;0
82431;08;2;26;037;2021;09;20;1;2;0;1;1;0;0;0;0;2;0;465372,619191020727158;5468434,158858457580209;8,523055698000064;49,367630093000059;08210912222014194090;0
82434;08;2;22;000;2021;09;11;5;3;3;6;1;0;0;0;1;0;0;461957,834198630414903;5481442,179685818031430;8,474776239000050;49,484428069000046;08210916222200223270;0
82435;08;3;35;079;2021;09;19;4;2;5;2;1;1;0;0;0;0;0;500899,570745928213000;5299711,812686715275049;9,012024674000031;47,850748374000034;08210922335400230680;0
82436;08;4;35;029;2021;10;14;6;2;5;3;1;1;0;0;0;0;0;544689,172320432960987;5273528,214828968048096;9,594660951000037;47,613617979000026;08211008435100876460;0
82443;08;1;36;002;2021;09;11;1;3;2;6;1;0;0;0;0;0;0;572699,111160349100828;5416854,867782071232796;9,991967359000057;48,900371123000070;08210905136100191650;0
82444;08;3;17;001;2021;10;10;7;2;2;6;1;0;0;0;0;0;0;425873,692550549283624;5385728,197102619335055;7,994168144000071;48,620230130000039;08211009317100907270;0
82446;08;1;18;046;2021;10;16;6;2;0;2;1;1;0;0;0;0;0;512770,536247676238418;5411355,178550148382783;9,174093312000025;48,855031892000056;08211001118000879970;0
82450;08;1;25;107;2021;09;13;3;3;5;3;1;1;0;0;0;0;0;537045,023116241209209;5440982,114825977012515;9,507704683000043;49,120560103000059;08210921121600252040;0
82451;08;1;21;000;2021;10;13;6;3;5;3;1;1;0;0;0;0;0;513469,871857068501413;5443704,725425116717815;9,184699817000023;49,146019692000039;08211008121300876400;0
82452;08;3;35;061;2021;09;12;1;3;9;1;1;0;0;0;0;0;0;492594,733937446959317;5281567,195567362010479;8,901322261000075;47,687449458000060;08210905335200205180;0
82454;08;1;19;067;2021;09;17;1;3;3;2;1;0;0;0;1;0;0;539458,824248530901968;5405895,559385882690549;9,537382713000056;48,804796624000062;08210905119300200470;0
82459;08;3;11;000;2021;10;17;3;3;6;4;1;0;1;0;0;0;0;415105,116651825606823;5312607,282174086198211;7,862776370000063;47,961143666000055;08211005311010879590;0
82468;08;4;36;064;2021;09;17;4;3;4;6;1;0;0;0;0;0;0;544420,340637611225247;5290332,445600707083941;9,592794715000025;47,764827422000053;08210922436200253910;0
82470;08;3;15;132;2021;09;10;5;2;6;7;0;1;1;0;0;0;0;409037,926189626567066;5323862,839430917054415;7,779132982000021;48,061555480000038;08210930311100261760;0
82474;08;3;17;098;2021;10;13;5;2;0;1;1;0;0;0;0;0;0;438923,113830846734345;5369800,678538039326668;8,173553041000048;48,478366235000067;08211007317000893860;0
82475;08;1;15;048;2021;09;16;3;3;6;4;0;1;1;0;0;0;0;509749,145620947703719;5387254,814773125573993;9,132334089000040;48,638280103000056;08210907115100213740;0
82479;08;3;15;064;2021;09;14;2;3;0;6;1;0;0;0;0;0;0;421457,263181270100176;5312897,532085556536913;7,947799130000021;47,964565601000061;08210927311010165540;0
82481;08;3;17;096;2021;09;17;3;3;5;2;1;1;0;0;0;0;0;419745,676849920302629;5367781,193568971008062;7,914488475000041;48,458045743000071;08210928317500257790;0
82486;08;1;18;012;2021;10;06;2;3;2;6;1;1;0;0;0;2;0;500288,160096243955195;5415082,035649718716741;9,003930954000054;48,888689383000042;08211011118600881840;0
82487;08;2;12;000;2021;09;10;1;3;0;4;1;0;1;0;0;0;0;456377,894883288070560;5425943,113301247358322;8,403780628000050;48,984852041000067;08210912212010190850;0
82491;08;1;15;003;2021;09;12;4;3;5;3;1;1;0;0;0;0;0;500306,132211962714791;5392291,297844137996435;9,004159145000074;48,683664996000061;08210922115100224200;0
82492;08;2;25;014;2021;10;07;6;3;1;2;1;1;0;0;0;1;0;523441,362510576844215;5485732,559666374698281;9,323898931000031;49,523758287000078;08211008225200902860;0
82495;08;1;25;098;2021;09;07;3;2;3;6;1;1;0;0;0;0;0;520955,875002932734787;5436987,686050718650222;9,286998502000074;49,085387941000079;08210914121600213930;0
82503;08;4;35;016;2021;09;17;6;3;0;6;1;0;0;0;0;0;0;533003,363920526579022;5278490,082320554181933;9,439542371000073;47,658963014000051;08210903435100199040;0
82504;08;1;11;000;2021;09;16;2;3;5;2;1;1;0;0;0;0;0;512901,609450607560575;5402845,941841896623373;9,175612562000026;48,778481265000039;08210927111500265010;0
82516;08;4;36;064;2021;09;16;2;2;5;3;1;1;0;0;0;0;0;543773,519805571064353;5289623,276030397042632;9,584091854000064;47,758491212000081;08210913436200272330;0
82528;08;3;35;066;2021;09;13;1;3;2;6;1;0;0;0;0;0;0;508322,204864361323416;5281550,172076171264052;9,110895919000029;47,687285129000031;08210905335100200540;0
82529;08;2;22;000;2021;10;09;7;2;6;4;0;1;1;0;0;0;0;463064,629971276968718;5483059,086142303422093;8,489905306000026;49,499039687000050;08211009221011900790;0
82531;08;1;27;099;2021;09;19;5;3;6;1;0;0;1;0;1;0;0;560840,807699588127434;5446408,110632698982954;9,834617722000075;49,167469280000034;08210902127100174920;0
82534;08;4;35;035;2021;09;17;2;3;5;3;1;1;0;0;0;0;0;542248,433694293722510;5282847,936513364315033;9,563085470000033;47,697634020000066;08210920435100248450;0
82537;08;1;36;019;2021;10;10;2;3;5;3;1;1;0;0;0;0;0;580038,948659006506205;5425460,946200514212251;10,093790199000068;48,976869980000060;08211004136200866940;1
82547;08;2;15;017;2021;09;09;1;3;5;3;1;1;0;0;0;0;0;455074,887000001035631;5418865,608999529853463;8,386753218000024;48,921095254000079;08210912212702208650;0
82550;08;4;26;067;2021;09;20;3;3;0;1;1;0;0;0;0;2;0;530548,836679529398680;5332551,179960485547781;9,410682834000056;48,145477333000031;08210907426300056550;0
82552;08;2;36;076;2021;09;18;4;3;6;4;0;1;1;0;0;0;0;473644,979744266718626;5423205,305263156071305;8,639955064000048;48,961202361000062;08210922231000226850;0
82561;08;3;11;000;2021;10;10;1;3;5;3;1;1;0;0;0;0;0;419489,488101560622454;5313929,729482509195805;7,921249162000038;47,973606381000081;08211003311010866070;0
82562;08;2;37;004;2021;09;16;4;3;6;4;0;1;1;0;0;0;0;453648,102999999187887;5372534,743999516591430;8,372482802000036;48,504219714000044;08210908231000200430;0