OID_;ULAND;UREGBEZ;UKREIS;UGEMEINDE;UJAHR;UMONAT;USTUNDE;UWOCHENTAG;UKATEGORIE;UART;UTYP1;IstRad;IstPKW;IstFuss;IstKrad;IstSonstige;ULICHTVERH;IstGkfz;LINREFX;LINREFY;XGCSWGS84;YGCSWGS84;UIDENTSTLAE;IstStrassenzustand
84010;08;1;11;000;2021;09;07;4;3;5;2;1;1;0;0;0;0;0;512909,160584372468293;5407301,367760958150029;9,175855394000052;48,818561631000080;08210915111340202220;1
84019;08;3;35;043;2021;09;08;7;3;0;1;1;0;0;0;0;0;0;515545,121538326144218;5281040,595767576247454;9,207124838000027;47,682566770000051;08210918335100224030;0
84021;08;1;19;067;2021;10;07;3;3;6;4;0;1;1;0;0;1;0;538972,612598721869290;5405667,903942245990038;9,530739772000061;48,802779419000046;08211005119300869500;1
84023;08;1;18;070;2021;10;13;7;2;9;1;1;0;0;0;0;0;0;521575,876452375203371;5422637,889522850513458;9,294726349000030;48,956283433000067;08211002118500864650;0
84029;08;4;25;071;2021;09;12;4;3;6;4;0;1;1;0;0;0;0;550336,539743481203914;5370811,399820536375046;9,681250178000028;48,488410208000062;08210922425000229010;0
84031;08;1;19;055;2021;09;18;7;3;0;7;1;1;0;0;0;0;0;543240,268180110491812;5405036,686159610748291;9,588788369000042;48,796819092000078;08210918119300246590;0
84033;08;3;17;040;2021;09;14;3;3;5;3;1;1;0;0;0;0;0;432453,088532213121653;5348027,519552268087864;8,089516222000043;48,281845040000064;08210914317600245690;0
84035;08;2;37;074;2021;09;20;3;3;6;3;0;1;1;0;0;2;0;468013,158121887594461;5370041,516080543398857;8,567142418000060;48,482686118000061;08210907231000204050;0
84039;08;4;17;008;2021;09;14;4;3;8;1;1;0;0;0;0;0;0;491628,641353281214833;5350902,711727321147919;8,887095796000040;48,311261171000069;08210908417300183380;0
84040;08;2;21;000;2021;09;18;7;3;3;2;1;1;0;0;0;0;0;477695,968599651008844;5472983,877390405163169;8,692534237000075;49,409129919000065;08210904221200190870;0
84042;08;1;11;000;2021;09;08;5;3;6;4;0;1;1;0;0;0;0;511044,835385208949447;5397117,079478390514851;9,150185165000039;48,726980310000044;08210930111500250620;0
84045;08;1;17;024;2021;09;13;1;2;0;7;1;0;0;0;0;0;0;563302,858621288090944;5389243,640291200950742;9,859522484000024;48,653041074000043;08210905117010176870;0
84049;08;1;16;080;2021;10;13;4;3;5;3;1;1;0;0;0;0;0;520014,475995381362736;5396884,904419491067529;9,272139917000061;48,724668163000047;08211006116200880580;0
84072;08;4;36;064;2021;09;08;3;3;0;1;1;0;0;0;0;0;0;545555,422665470279753;5292199,220549507066607;9,608137445000068;47,781543634000059;08210928436200243090;1
84083;08;2;15;064;2021;09;15;7;2;8;7;1;0;0;0;0;0;0;477994,493971955962479;5451422,956543857231736;8,697837971000070;49,215200262000053;08210918215202715790;0
84085;08;2;12;000;2021;09;20;3;3;2;6;1;1;0;0;0;2;0;462071,727535871788859;5427722,715098127722740;8,481433235000054;49,001235930000064;08210914212010243150;0
84088;08;4;16;023;2021;09;11;2;3;6;7;0;1;1;0;0;0;0;508934,907447578385472;5374126,383498214185238;9,120999510000047;48,520185535000053;08210906416010199670;0
84093;08;4;36;008;2021;09;06;1;3;3;2;1;1;0;0;0;2;0;541599,109469952061772;5308446,385741539299488;9,556888737000065;47,927986900000064;08210926436000859860;0
84098;08;1;11;000;2021;09;08;2;3;0;7;1;0;0;0;1;0;0;511716,806870003230870;5402006,224568143486977;9,159461552000039;48,770950667000079;08210906111140195710;0
84099;08;3;36;079;2021;09;10;5;3;4;6;1;0;0;0;0;0;0;416698,937768704257905;5291703,644275320693851;7,888151893000042;47,773310333000040;08210909336300183690;0
84101;08;2;15;100;2021;10;06;6;3;5;3;1;1;0;0;0;1;0;474740,389700319617987;5451876,074086455628276;8,653127494000046;49,219150579000029;08211001215202863740;0
84104;08;4;25;137;2021;09;17;6;3;5;3;1;1;0;0;0;0;0;575544,104400532320142;5352825,344290602952242;10,019122269000036;48,324098975000027;08210924421300232710;0
84105;08;2;22;000;2021;09;17;4;3;2;6;1;1;0;0;0;0;0;460941,352872645482421;5482530,721004443243146;8,460635419000027;49,494154334000029;08210915222014247550;0
84109;08;1;11;000;2021;10;13;4;3;5;3;1;1;0;0;0;0;0;513469,164192997850478;5402659,964984750375152;9,183331801000065;48,776796203000060;08211006111120883570;1
84133;08;4;36;093;2021;09;15;6;3;3;6;1;0;0;0;1;0;0;543290,631354883313179;5311425,606355495750904;9,579831685000045;47,954678373000036;08210910436400220570;0
84137;08;2;25;074;2021;09;11;6;3;0;7;1;0;0;0;0;0;0;506657,383000002242625;5466693,322999544441700;9,091668745000050;49,352918688000045;08210903225100273970;0
84138;08;4;15;093;2021;09;14;7;3;0;1;1;0;0;0;0;0;0;527834,151200195774436;5369534,458599610254169;9,376629448000074;48,478322120000030;08210925415200260580;0
84145;08;4;35;047;2021;09;12;1;3;3;6;1;0;0;0;0;0;0;510823,442018738016486;5297199,078234838321805;9,144615211000030;47,828049741000029;08210919435200240960;0
84147;08;1;11;000;2021;09;10;3;3;5;3;1;1;0;0;0;0;0;509075,941668502055109;5397431,781005544587970;9,123419595000030;48,729843155000026;08210907111500204460;0
84155;08;2;12;000;2021;09;18;4;3;0;7;1;0;0;0;0;0;0;457014,344351432286203;5428267,424599725753069;8,412233093000054;49,005804194000063;08210901212102176460;0
84170;08;2;12;000;2021;09;14;2;2;5;3;1;1;0;0;0;0;0;455596,860999999567866;5434083,541999535635114;8,392215198000031;49,058020166000063;08210927212010264150;0
84178;08;4;21;000;2021;09;20;5;3;4;2;1;1;0;0;0;2;0;571632,650859327055514;5361277,845723178237677;9,967802525000025;48,400587441000027;08210930421300249850;0
84186;08;2;26;098;2021;10;16;3;2;6;4;0;1;1;0;0;0;0;481334,030874677933753;5462748,140702161937952;8,743165085000044;49,317182382000055;08211012226700888460;1
84187;08;4;35;016;2021;11;19;1;3;4;2;1;1;0;0;0;2;0;536295,043921869248152;5277812,307545712217689;9,483323506000033;47,652688482000030;08211107435100003770;0
84188;08;2;16;005;2021;11;13;2;2;6;4;0;1;1;0;0;0;0;447774,854305787011981;5415310,781115150079131;8,287566886000036;48,888546476000045;08211101212010991490;0
84197;08;4;17;022;2021;10;16;6;3;4;2;1;1;0;0;0;0;0;485736,265999999828637;5348111,050999507308006;8,807720255000049;48,286040066000055;08211022417200917470;0
84203;08;4;21;000;2021;10;01;1;2;0;2;1;0;0;0;0;2;0;573562,251116961240768;5361890,370118681341410;9,993975978000037;48,405874999000048;08211031421200963560;1
84205;08;1;19;089;2021;10;06;3;3;8;1;1;0;0;0;0;2;0;534220,240999999456108;5408225,184999527409673;9,466236332000051;48,826063532000035;08211012119500972460;1
84209;08;3;11;000;2021;10;22;4;3;6;4;1;0;1;0;0;2;0;412675,738999984227121;5315360,188999496400356;7,829680669000027;47,985580235000043;08211013311010969130;0
84213;08;1;26;066;2021;10;12;6;3;6;4;0;1;1;0;0;0;0;536849,394752788357437;5449954,407614201307297;9,505845009000041;49,201277761000028;08211022126200919320;0
84214;08;1;27;014;2021;10;06;4;2;6;4;0;1;1;0;0;1;0;575438,123629399575293;5443584,923677584156394;10,034304781000060;49,140457072000061;08211020127202944580;0
84224;08;1;16;019;2021;10;16;3;3;6;4;0;1;1;0;0;0;0;522089,874999999068677;5397966,019999518990517;9,300416982000058;48,734323687000028;08211026116010957340;1
84233;08;4;36;055;2021;11;18;3;2;0;1;1;0;0;0;0;2;0;574618,685293926857412;5296805,646847572177649;9,996858198000041;47,820272691000071;08211102436100993540;1
84235;08;3;11;000;2021;10;09;5;3;6;4;0;1;1;0;0;0;0;413634,869827473536134;5317114,802956325933337;7,842179129000044;48,001493850000031;08211028311010961080;0
84244;08;4;17;022;2021;10;09;7;2;9;1;1;0;0;0;0;0;0;485851,695539355278015;5348772,695150885730982;8,809254108000061;48,291995259000032;08211030417010965310;0
84246;08;1;11;000;2021;10;18;2;3;5;2;1;1;0;0;0;0;0;511185,616448646411300;5405190,658630874007940;9,152318938000064;48,799607361000028;08211018111500922890;0
84249;08;3;11;000;2021;10;12;4;3;6;5;0;1;1;0;0;0;0;413415,393915356136858;5316255,884654618799686;7,839410748000034;47,993737895000038;08211013311010918800;0
84253;08;1;19;085;2021;10;08;3;3;5;3;1;1;0;0;0;0;0;527943,823647146113217;5413036,672714054584503;9,381053267000027;48,869660139000075;08211026119500930290;0
84268;08;1;36;003;2021;10;17;6;3;8;1;1;0;0;0;0;0;0;574497,718067616224289;5421814,351623220369220;10,017410834000032;48,944764613000075;08211022136200920010;0
84273;08;1;21;000;2021;10;17;4;3;5;3;1;1;0;0;0;0;0;515719,532578625716269;5444278,916712952777743;9,215569516000073;49,151131264000071;08211013121200904090;0
84275;08;1;18;011;2021;11;16;3;3;0;7;1;0;0;0;0;0;0;505285,728208745829761;5407998,191006813198328;9,072014105000051;48,824941818000070;08211102118200981430;0
84290;08;2;12;000;2021;10;17;5;3;0;4;0;0;1;0;1;0;0;455730,574455753900111;5428190,398084208369255;8,394688799000050;49,005020582000043;08211014212010972530;0
84291;08;4;17;057;2021;10;14;6;3;1;2;0;0;1;0;1;0;1;481016,647000000812113;5336811,704999504610896;8,744605264000029;48,184258958000044;08211015417010946280;0
84297;08;4;35;045;2021;10;14;2;2;3;6;1;1;0;0;0;0;0;535465,252075962722301;5288002,332632174715400;9,473102665000056;47,744417775000045;08211018435100936350;0
84299;08;3;17;146;2021;11;15;3;3;8;7;1;0;0;0;0;0;0;430375,926999996416271;5355006,842999510467052;8,060369325000067;48,344402379000030;08211102317600974130;0
84300;08;1;19;067;2021;10;14;2;3;5;3;1;1;0;0;0;0;0;540092,707146547734737;5407502,548891590908170;9,546172041000034;48,819211734000078;08211018119300903960;0
84301;08;3;11;000;2021;10;17;1;3;0;7;1;0;0;0;0;0;0;413626,982211980968714;5316644,332474671304226;7,842168119000064;47,997260738000080;08211024311010926540;0
84305;08;4;35;035;2021;10;12;4;3;5;3;1;1;0;0;0;0;0;541940,311803572811186;5281970,264280887320638;9,558894650000070;47,689757469000028;08211027435100937500;0
84319;08;4;35;016;2021;10;08;5;3;5;3;1;1;0;0;0;0;0;535890,336020166054368;5279596,542879076674581;9,478080943000066;47,668764551000038;08211028435100970060;0
84322;08;3;35;075;2021;11;17;5;3;6;2;0;1;1;0;0;2;0;487937,342699252068996;5289055,382097529247403;8,839053729000057;47,754754946000048;08211104335300984720;0
84325;08;1;16;033;2021;10;07;3;3;6;4;0;1;1;0;0;1;0;533604,340353684499860;5389131,982912182807922;9,456287924000037;48,654339732000039;08211012116400884950;1
84332;08;3;37;096;2021;10;16;2;3;5;3;1;1;0;0;0;0;0;421089,711425269953907;5267735,802580388262868;7,951075716000048;47,558243599000036;08211025337010925710;0
84338;08;2;12;000;2021;11;12;6;3;5;3;1;1;0;0;0;0;0;455716,444000000134110;5428009,169999528676271;8,394515364000029;49,003389403000028;08211105212010987430;1
84344;08;3;11;000;2021;10;09;3;3;1;6;1;1;0;0;0;0;0;404405,874259665608406;5315114,209416326135397;7,718930187000069;47,982185124000068;08211019311010918220;0
84346;08;3;16;051;2021;10;16;4;3;0;4;0;1;1;0;0;0;0;399340,006092758849263;5335379,895088683813810;7,646287437000069;48,163689101000045;08211013316100066770;0
84348;08;2;15;100;2021;11;10;5;3;3;6;1;1;0;0;0;0;0;475161,170610462315381;5451826,858262225985527;8,658908721000046;49,218725084000027;08211104215202976330;1
84354;08;1;27;052;2021;10;18;7;3;0;7;1;0;0;0;0;1;0;540554,392138934694231;5435985,480513164773583;9,555296945000066;49,075393664000046;08211030127100965370;1
84355;08;2;15;101;2021;11;14;3;3;6;2;0;1;1;0;0;0;0;465299,316871250048280;5428002,366960551589727;8,525536254000031;49,003941369000074;08211102212102974210;1
84356;08;2;12;000;2021;10;07;2;3;6;7;0;0;1;0;1;1;0;461959,039705995470285;5427614,539916612207890;8,479902732000028;49,000255933000062;08211018212102910500;0
84360;08;4;35;030;2021;10;11;5;3;0;1;1;0;0;0;0;0;0;541886,431411275640130;5271654,419057592749596;9,557188809000024;47,596945980000044;08211014435100905580;0
84363;08;4;35;016;2021;10;07;2;3;8;1;1;0;0;0;0;0;0;534394,589527725242078;5279475,557903558015823;9,458147842000074;47,667757285000050;08211025435100926580;0
84369;08;3;35;100;2021;10;19;3;2;4;1;1;0;0;0;1;2;0;488141,379118344746530;5286376,504030346870422;8,841849099000058;47,730655370000079;08211012335010912220;0
84394;08;2;12;000;2021;10;13;6;2;5;2;1;1;0;0;0;0;0;456369,234439508989453;5426434,873323468491435;8,403609476000042;48,989274884000054;08211022212010924380;0
84399;08;2;15;106;2021;10;13;1;2;5;3;1;1;0;0;0;0;0;467998,168593652546406;5454111,323736624792218;8,560365493000063;49,238941510000075;08211024212010942330;0
84400;08;1;16;033;2021;10;20;4;3;8;1;1;0;0;0;0;2;0;534414,649383364245296;5387855,924076398834586;9,467184067000062;48,642816367000080;08211013116400888650;1
84430;08;1;18;046;2021;11;07;5;3;5;3;1;1;0;0;0;0;0;516359,555028249509633;5412538,018957313150167;9,223067257000025;48,865588193000065;08211104118300976710;1
84431;08;3;17;096;2021;10;16;2;2;6;3;0;1;1;0;0;0;0;421807,729806795716286;5369732,432812819257379;7,942009782000071;48,475856648000047;08211025317500939090;0
84451;08;3;11;000;2021;10;07;6;2;2;2;1;0;0;0;0;0;0;413385,520146499387920;5316131,386659163981676;7,839035527000021;47,992613946000063;08211015311010921190;0
84455;08;3;35;063;2021;10;16;4;3;2;6;1;0;0;0;0;0;0;501516,246388446539640;5286527,535979203879833;9,020221781000032;47,732121485000050;08211020335200909260;0
84471;08;3;35;043;2021;10;10;3;3;0;1;1;0;0;0;0;0;0;513103,701179591007531;5279701,462351221591234;9,174555076000047;47,670571818000042;08211012335100885900;0
84488;08;2;36;070;2021;11;15;6;3;5;3;1;1;0;0;0;0;0;469080,406000002287328;5416512,551999524235725;8,578106077000029;48,900786357000072;08211105231202978670;0
84497;08;1;28;131;2021;10;13;7;3;0;1;1;0;0;0;0;0;0;535553,303442660719156;5506986,530488342046738;9,493174730000021;49,714333721000060;08211016128300896730;0
84501;08;1;16;078;2021;10;20;3;3;5;3;1;0;0;0;1;2;0;511838,548000001348555;5393126,852999521419406;9,160863386000074;48,691069511000080;08211012116010885730;1
84510;08;2;26;085;2021;10;15;4;2;5;3;1;1;0;0;0;0;0;493202,951984040439129;5454399,264637457206845;8,906617306000044;49,242330389000074;08211013226500891810;0
84530;08;1;17;051;2021;10;15;7;2;9;1;1;0;0;0;0;0;0;539452,907000000588596;5399913,921999521553516;9,536728153000070;48,750988766000035;08211023117400938320;0
84531;08;3;35;063;2021;10;12;3;3;0;1;1;0;0;0;0;0;0;501524,475451122038066;5290708,760258160531521;9,020346188000076;47,769742361000056;08211012335200903240;1
84532;08;1;16;014;2021;11;19;2;3;5;3;1;1;0;0;0;2;0;528176,075000001117587;5395699,196999521926045;9,383031229000039;48,713686183000050;08211108116100057720;0
84533;08;4;26;070;2021;10;17;1;3;6;4;0;1;1;0;0;0;0;565163,724720662459731;5341993,027857426553965;9,877434759000039;48,227810214000044;08211031426200948710;0
84534;08;1;36;088;2021;11;19;4;3;5;3;1;1;0;0;0;2;0;580606,710000010207295;5411331,912999529391527;10,098756953000077;48,849718337000070;08211103136100975260;1
84554;08;2;12;000;2021;11;18;7;2;6;4;0;1;1;0;0;2;0;459766,936697011813521;5424378,208893140777946;8,450253966000048;48,971005426000033;08211106212102014540;1
84563;08;1;36;082;2021;10;13;7;3;5;3;1;1;0;0;0;0;0;591745,019391683861613;5416595,494773117825389;10,251729229000034;48,895510575000060;08211030136100964070;0
84565;08;2;21;000;2021;10;09;2;3;0;3;1;1;0;0;0;0;0;476556,665079648606479;5472839,680568275973201;8,676837469000077;49,407790065000029;08211018221200937870;0
84569;08;1;19;079;2021;10;13;5;3;0;7;1;0;1;0;0;0;0;523662,568942972458899;5408790,827591747045517;9,322428065000054;48,831643904000032;08211028119400967790;0
84573;08;1;16;019;2021;11;17;7;2;6;4;1;0;1;0;0;0;0;523365,056514714844525;5398212,287087557837367;9,317772835000028;48,736492563000070;08211106116100000150;1
84576;08;2;21;000;2021;10;18;4;3;0;1;1;0;0;0;0;2;0;476345,575348136015236;5472955,127133706584573;8,673920803000044;49,408820319000029;08211020221200939170;1
84580;08;4;37;053;2021;10;15;3;3;5;3;1;1;0;0;0;0;0;527990,068749091587961;5319669,444307740777731;9,375440432000062;48,029699977000064;08211012437100899090;0
84585;08;3;11;000;2021;10;18;5;3;3;6;1;1;0;0;0;1;0;413169,774906099773943;5315395,398427728563547;7,836293198000021;47,985964217000060;08211021311010946450;0
84590;08;1;27;009;2021;11;05;6;2;2;6;0;1;1;0;1;2;0;555268,870531346648932;5447879,575816065073013;9,758391117000031;49,181231565000076;08211105127010979230;1
84605;08;1;26;047;2021;10;15;6;2;6;4;0;1;1;0;0;0;0;549607,013414790853858;5452337,900536477565765;9,681256690000055;49,221816732000036;08211022125102970760;0
84612;08;1;16;078;2021;10;18;4;3;5;3;1;1;0;0;0;0;0;510225,314000000245869;5393415,123999522998929;9,138949808000064;48,693691339000054;08211013116200918700;0
84617;08;2;12;000;2021;10;07;3;2;5;2;1;0;0;0;1;2;0;458070,535029383376241;5427696,096819773316383;8,426733204000072;49,000737670000035;08211026212010932070;0
84621;08;1;11;000;2021;10;02;7;3;6;4;0;1;1;0;0;2;0;512609,810387095436454;5402487,868053147569299;9,171629724000070;48,775266043000045;08211030111500967410;0
84624;08;4;36;087;2021;10;13;7;3;3;6;1;0;0;0;0;0;1;547355,297447046265006;5302571,757272899150848;9,633297480000067;47,874734589000070;08211023436400922370;0
84632;08;2;16;043;2021;10;10;5;3;6;6;0;0;1;0;1;0;0;441953,020792706869543;5412024,866522008553147;8,208621800000060;48,858471850000058;08211014216100920560;0
84637;08;1;25;068;2021;10;11;7;3;0;7;1;0;0;0;0;0;0;519964,598480298183858;5459928,758629878982902;9,274562288000027;49,291780848000030;08211030121500968100;0
84641;08;3;11;000;2021;11;04;2;1;6;4;0;1;1;0;0;2;0;403237,146422469057143;5312935,094334648922086;7,703762746000052;47,962408423000056;08211101311010976770;1
84644;08;4;36;064;2021;10;18;3;2;0;7;1;0;0;0;0;2;0;543721,903975234366953;5292032,574384680017829;9,583645633000060;47,780171373000030;08211019436200921350;0
84656;08;3;11;000;2021;10;15;3;3;5;3;1;1;0;0;0;0;0;412833,314509997144341;5315339,773565640673041;7,831796185000030;47,985418086000038;08211019311010968230;0
84657;08;3;25;053;2021;10;20;5;2;0;1;1;0;0;0;0;2;0;461843,223043379373848;5345637,194143049418926;8,485866907000059;48,262794787000075;08211028325302937010;0
84676;08;1;21;000;2021;10;05;4;2;6;2;0;1;1;0;0;2;0;514349,853000001050532;5443242,388999540358782;9,196749642000043;49,141840888000047;08211020121300944500;0
84678;08;4;26;070;2021;10;13;7;2;5;3;1;1;0;0;0;0;0;563901,897534590214491;5343987,823782162740827;9,860747137000033;48,245883395000078;08211016426200899330;0
84683;08;2;35;025;2021;10;17;1;2;4;6;1;0;0;0;0;0;0;461490,661849881522357;5391482,624484328553081;8,476894731000073;48,675202492000039;08211031235100947350;0
84688;08;2;16;043;2021;10;10;5;3;6;6;0;0;1;0;1;0;0;441873,509573332034051;5411977,707364065572619;8,207544596000048;48,858040209000080;08211014216100920510;0
84695;08;1;21;000;2021;10;15;4;3;5;3;1;1;0;0;0;0;0;513679,518976639956236;5444316,902347519993782;9,187595286000033;49,151521794000075;08211027121300959160;0
84698;08;3;26;074;2021;11;17;3;3;0;1;1;0;0;0;0;1;0;459551,913765637204051;5323380,349681319668889;8,457111721000047;48,062418342000058;08211102326400003810;1
84701;08;2;22;000;2021;10;17;5;3;5;3;1;1;0;0;0;0;0;462880,009628261439502;5480428,320956910029054;8,487602739000067;49,475366017000056;08211028222700963180;0
84704;08;1;35;019;2021;11;12;7;3;6;1;1;0;1;0;0;0;0;584282,821404922753572;5392892,159191751852632;10,145078621000039;48,683379524000031;08211106135200979020;1
84709;08;1;19;067;2021;10;19;2;3;5;7;1;1;0;0;0;2;0;539078,034000000916421;5405688,052999526262283;9,532177283000067;48,802954051000029;08211018119300940900;0
84712;08;1;27;076;2021;10;07;4;3;6;2;0;1;1;0;0;2;0;554403,139514532871544;5440330,342655485495925;9,745493290000070;49,113406460000078;08211027127100933150;0
84713;08;4;15;053;2021;10;16;6;3;3;6;1;1;0;0;0;0;0;543177,528569654561579;5361448,550004705786705;9,583400909000034;48,404714506000062;08211022415200970420;0
84752;08;2;31;000;2021;10;13;2;3;6;2;0;0;1;0;1;0;0;477986,513394244015217;5414780,771906062960625;8,699719991000052;48,885588387000041;08211018231000902150;0
84755;08;3;17;005;2021;10;09;3;3;8;1;1;0;0;0;0;0;0;424661,063710249960423;5376941,651744976639748;7,979309114000046;48,541051668000080;08211026317200961720;1
84787;08;1;26;066;2021;10;07;4;3;5;3;1;1;0;0;0;2;0;538647,592000001110137;5449312,272999539971352;9,530466653000076;49,195391070000028;08211013126200937300;1
84789;08;3;17;065;2021;11;17;2;3;0;3;1;1;0;0;0;2;0;419145,473111527971923;5354514,865150529891253;7,908926717000043;48,338639279000063;08211101317300994270;1
84791;08;1;17;026;2021;10;20;3;3;5;3;1;1;0;0;0;2;0;549019,917000001296401;5394805,662999523803592;9,666264731000069;48,704358119000062;08211026117300930150;1
84793;08;3;11;000;2021;10;17;4;2;5;3;1;0;0;1;0;0;0;414623,595024902373552;5313112,236859405413270;7,856227111000067;47,965621920000046;08211027311010936820;0
84803;08;3;15;130;2021;10;05;3;3;0;7;1;0;0;0;0;2;0;409927,648037103936076;5297686,182906914502382;7,796550581000076;47,826215396000066;08211019311400049420;0
84808;08;3;35;075;2021;10;07;2;1;6;4;0;1;1;0;0;1;0;487960,118161370046437;5289984,620064245536923;8,839331870000024;47,763116219000040;08211018335000904430;1
84814;08;3;35;066;2021;11;16;3;3;5;3;1;1;0;0;0;0;0;509459,001000000163913;5281812,496999492868781;9,126049726000076;47,689629799000045;08211102335100973970;0
84816;08;1;21;000;2021;10;12;2;3;0;3;1;1;0;0;0;0;0;513469,685096332803369;5443705,014473577961326;9,184697266000057;49,146022296000069;08211025121300961120;0
84817;08;1;18;049;2021;10;06;5;3;5;3;1;0;0;0;1;2;0;518585,469000000506639;5421041,314999530091882;9,253804999000067;48,942018406000045;08211028118500937410;0
84823;08;1;15;045;2021;10;13;5;3;5;3;1;1;0;0;0;0;0;500610,867818355560303;5396579,738834775984287;9,008305661000065;48,722243940000055;08211021118010953010;0
84824;08;2;15;017;2021;10;08;4;2;0;2;1;1;0;0;0;0;0;457588,546134054660797;5420652,437548741698265;8,420877982000036;48,937345586000049;08211027212702970130;0
84831;08;1;17;026;2021;11;09;5;3;6;4;0;1;1;0;0;0;0;548676,788000000640750;5394686,203999523073435;9,661587260000033;48,703310401000067;08211104117300992300;1
84837;08;1;17;038;2021;10;20;7;2;6;6;0;1;1;0;0;2;0;546097,886466015130281;5398044,583880787715316;9,626913852000030;48,733716701000048;08211016117010912480;0
84839;08;3;35;043;2021;10;18;6;2;0;7;0;0;1;0;1;0;0;513792,773448409512639;5279972,624966453760862;9,183742759000040;47,672997315000032;08211022335010164810;0
84841;08;1;17;042;2021;10;06;3;2;6;2;0;1;1;0;0;2;0;554044,967103817500174;5392799,455207934603095;9,734295686000053;48,685896390000039;08211012117100911690;0
84852;08;2;16;009;2021;10;08;6;3;5;3;1;1;0;0;0;0;0;446420,763804356567562;5420912,989776650443673;8,268360996000069;48,938822852000044;08211022216100916120;0
84861;08;3;35;079;2021;10;09;3;2;6;4;0;1;1;0;0;0;0;500734,487081944011152;5299636,455918677151203;9,009817852000026;47,850070567000046;08211019335400956400;0
84866;08;1;16;077;2021;10;07;3;3;6;2;0;1;1;0;0;0;0;515818,429893282242119;5389112,454201435670257;9,214788516000056;48,654867514000046;08211019116200967640;1
84868;08;2;26;084;2021;10;22;3;3;2;6;1;1;0;0;0;2;0;468723,260584672912955;5471069,117885177955031;8,568997482000043;49,391512122000051;08211026226400943120;0
84880;08;4;36;009;2021;10;17;2;3;5;3;1;1;0;0;0;0;0;556611,810501559637487;5308774,024188771843910;9,757891576000077;47,929784164000068;08211025436400955820;0
84886;08;3;35;043;2021;10;11;3;2;0;1;1;0;0;0;0;0;0;509964,331405441276729;5288098,364665925502777;9,132927469000037;47,746179973000039;08211012335100890630;0
84888;08;4;35;029;2021;11;16;4;3;6;4;0;1;1;0;0;1;0;545045,690119789913297;5271570,903905900195241;9,599203571000032;47,595982743000036;08211103435100974500;1
84893;08;2;21;000;2021;10;20;7;3;5;2;1;1;0;0;0;2;0;477731,566744381561875;5473236,660406198352575;8,693010779000076;49,411404967000067;08211016221200929600;0
84895;08;2;16;024;2021;10;15;6;3;5;3;1;1;0;0;0;0;0;445245,041662907227874;5408507,892096536234021;8,253969208000058;48,827135618000057;08211022216300932680;0
84902;08;3;17;009;2021;10;15;5;3;5;3;1;1;0;0;0;0;0;426137,868835972622037;5361571,982145601883531;8,002028705000043;48,402975968000078;08211028317500961820;0
84903;08;2;12;000;2021;10;07;4;3;0;2;1;1;0;0;0;0;0;457258,420637113973498;5428213,639148417860270;8,415575964000027;49,005337338000061;08211013212402951590;0
84904;08;3;16;011;2021;10;20;6;2;5;3;1;1;0;0;0;2;0;413620,387999985367060;5330510,592999501153827;7,839278960000058;48,121990317000041;08211015316100909920;0
84912;08;2;16;023;2021;10;11;1;2;5;3;1;1;0;0;0;0;0;436573,680999998934567;5406418,467999521642923;8,136158887000022;48,807516455000041;08211024216100936210;0
84914;08;2;21;000;2021;10;17;3;3;5;3;1;1;0;0;0;0;0;483715,129708153195679;5473496,647243600338697;8,775487811000062;49,413933094000072;08211019221300942340;0
84918;08;1;11;000;2021;11;11;5;3;6;4;0;1;1;0;0;0;0;515901,583297253586352;5405574,873694859445095;9,216552584000056;48,802960959000075;08211104111500976700;1
84919;08;2;26;013;2021;11;17;6;3;5;2;1;1;0;0;0;2;0;499101,644703353755176;5478569,591036537662148;8,987603234000062;49,459781168000063;08211105226100985440;0
84926;08;4;26;011;2021;10;23;7;3;8;1;1;0;0;0;0;2;0;549592,717880435287952;5333012,907043363898993;9,666738242000065;48,148431369000036;08211023426100934910;0
84927;08;3;35;043;2021;10;16;3;3;0;1;1;0;0;0;0;0;0;508776,178601680323482;5286797,718988401815295;9,117050921000043;47,734494576000031;08211012335100917950;0
84936;08;4;35;029;2021;10;17;3;3;5;2;1;1;0;0;0;0;0;544432,262000000104308;5272269,762999489903450;9,591114944000026;47,602312948000076;08211019435100940190;0
84942;08;1;11;000;2021;11;09;2;3;5;3;1;1;0;0;0;0;0;509191,774443558417261;5397405,030331347137690;9,124994151000067;48,729600808000043;08211108111500003870;0
84943;08;2;15;096;2021;11;05;2;3;0;7;1;0;0;0;0;2;0;461939,841193617321551;5422898,291439782828093;8,480081706000021;48,957830783000077;08211101212010015110;1
84950;08;1;11;000;2021;11;12;6;2;6;4;0;1;1;0;0;0;0;506779,500297776423395;5405531,540229540318251;9,092324858000040;48,802737573000059;08211105111500977430;1
84952;08;1;17;038;2021;10;16;3;3;6;1;1;0;1;0;0;0;0;547350,968785232864320;5397647,949052080512047;9,643908627000030;48,730054815000074;08211019117400925470;0
84954;08;4;36;096;2021;11;23;7;1;6;6;0;1;1;0;1;2;0;540470,052000001072884;5300790,248999496921897;9,541056666000031;47,859177297000031;08211106436500980820;0
84958;08;1;36;088;2021;11;07;4;3;0;1;1;0;0;0;0;0;0;580551,256173452362418;5412106,304087264463305;10,098153542000034;48,856690560000061;08211103136100974680;1