OID_;ULAND;UREGBEZ;UKREIS;UGEMEINDE;UJAHR;UMONAT;USTUNDE;UWOCHENTAG;UKATEGORIE;UART;UTYP1;IstRad;IstPKW;IstFuss;IstKrad;IstSonstige;ULICHTVERH;IstGkfz;LINREFX;LINREFY;XGCSWGS84;YGCSWGS84;UIDENTSTLAE;IstStrassenzustand
84965;08;4;35;016;2021;10;07;3;3;5;3;1;1;0;0;0;2;0;536398,380499476566911;5278023,034518513828516;9,484717084000067;47,654578674000049;08211026435100059530;1
84966;08;1;15;048;2021;10;15;6;2;2;6;1;1;0;0;0;0;0;508602,286687419749796;5385164,037322798743844;9,116723370000045;48,619487926000033;08211022118000943150;0
84968;08;1;17;024;2021;10;23;1;2;5;3;0;1;1;0;0;2;0;561962,039232675917447;5385023,969495445489883;9,840688085000068;48,615218608000077;08211031117010965520;0
84973;08;3;37;038;2021;10;08;5;3;0;1;1;0;0;0;0;0;0;428765,314898305572569;5274477,594062438234687;8,051994703000048;47,619784464000077;08211014337100891250;0
84987;08;2;31;000;2021;11;09;4;3;5;3;1;1;0;0;0;0;0;476102,020216590724885;5416230,628685459494591;8,673929744000077;48,898560976000056;08211103231000064760;1
84989;08;3;26;074;2021;10;17;3;3;5;3;1;1;0;0;0;0;0;460579,943000000901520;5319874,448999501764774;8,471232115000021;48,030941063000057;08211019326400909760;0
84993;08;3;35;075;2021;11;17;5;3;9;1;1;0;0;0;0;1;0;488209,625957975164056;5288562,679001837968826;8,842700020000052;47,750326865000034;08211104335300983190;1
85004;08;2;11;000;2021;10;06;6;3;6;7;0;1;1;0;0;0;0;443128,975873919203877;5402358,111328484490514;8,225992360000021;48,771627502000058;08211015211100931370;0
85006;08;3;35;043;2021;10;12;3;3;6;4;0;1;1;0;0;0;0;511494,331402303650975;5281395,865706961601973;9,153161274000070;47,685848098000065;08211019335100969850;0
85009;08;4;36;064;2021;10;20;6;1;6;4;0;0;1;0;1;2;0;543032,686456467024982;5288843,169776521623135;9,574129849000030;47,751522382000076;08211015436000952280;0
85011;08;4;35;016;2021;10;12;6;3;5;2;1;1;0;0;0;0;0;532374,243829391896725;5279027,861265888437629;9,431203772000060;47,663833453000052;08211022435100917440;1
85012;08;3;35;022;2021;10;10;2;3;6;4;0;1;1;0;0;0;0;481904,628306095488369;5296688,320811791345477;8,758244439000066;47,823290753000038;08211018335300927990;0
85015;08;1;25;087;2021;10;17;4;3;0;1;1;0;0;0;0;0;0;506410,709742591716349;5456956,971155555918813;9,088115853000033;49,265341661000036;08211027121100934350;0
85016;08;3;27;051;2021;10;17;6;3;5;3;1;1;0;0;0;0;0;484121,130788861773908;5333592,234326187521219;8,786491732000059;48,155379042000050;08211022327200917740;0
85018;08;3;26;074;2021;11;15;3;2;5;3;1;1;0;0;0;0;0;465203,576133056543767;5323808,374844308942556;8,532929842000044;48,066602549000038;08211102326200993120;0
85019;08;1;18;079;2021;10;06;3;2;6;2;0;1;1;0;0;2;0;510181,776650106534362;5421421,373354217037559;9,139053345000036;48,945632712000076;08211012118000914790;1
85020;08;1;16;035;2021;10;10;2;3;0;1;1;0;0;0;0;0;0;526439,653060882352293;5392251,506201269105077;9,359205721000023;48,682747109000047;08211025116500926310;0
85021;08;3;16;039;2021;10;15;5;3;0;7;1;0;0;0;0;0;0;418266,212126121856272;5331396,591226682066917;7,901524767000069;48,130573656000081;08211028316100938560;0
85030;08;1;19;020;2021;10;14;2;3;0;7;1;0;0;0;0;0;0;519798,516956153325737;5406237,293694768100977;9,269653602000062;48,808808057000078;08211018119200907080;0
85031;08;2;12;000;2021;10;14;1;2;5;2;1;1;0;0;0;0;0;456371,346410734578967;5426442,190640078857541;8,403637557000025;48,989340853000044;08211024212010953340;0
85038;08;3;11;000;2021;10;08;4;3;5;3;1;0;0;1;0;0;0;412559,624999984167516;5313903,761999500915408;7,828421332000062;47,972463320000031;08211027311010933480;0
85039;08;4;17;079;2021;10;21;3;3;5;3;1;1;0;0;0;2;0;502703,445000000298023;5339179,551999505609274;9,036386374000074;48,205840132000048;08211019417010964590;0
85048;08;1;18;073;2021;10;17;2;2;4;7;1;1;0;0;0;0;0;500511,968373195268214;5423374,546332197263837;9,006994460000044;48,963286447000030;08211025118600930330;0
85049;08;2;26;096;2021;10;07;3;3;2;6;1;1;0;0;0;1;0;476362,254999999888241;5489184,903999552130699;8,673180593000041;49,554803206000031;08211019226600935340;1
85059;08;3;17;001;2021;11;08;3;3;5;2;1;1;0;0;0;0;0;431778,295384316705167;5387050,943299585953355;8,074059617000046;48,632800077000070;08211102317100990980;1
85066;08;4;35;057;2021;10;19;5;3;6;6;1;0;1;0;0;2;0;543553,582135180942714;5279480,192711004987359;9,580143482000040;47,667246996000074;08211021435100951210;0
85071;08;1;26;069;2021;10;19;4;2;5;3;1;1;0;0;0;2;0;536593,465204842388630;5447271,566154407337308;9,502087651000068;49,177161004000027;08211020126200942060;1
85074;08;4;25;033;2021;10;12;7;2;0;1;1;0;0;0;0;0;0;553120,014878930523992;5347611,190603069961071;9,715985166000053;48,279474857000025;08211023426010940570;0
85085;08;2;21;000;2021;10;17;4;3;0;7;1;0;0;0;0;0;0;477732,247153278440237;5473183,106609474867582;8,693023163000021;49,410923284000035;08211027221200960120;0
85087;08;3;11;000;2021;10;15;6;3;3;3;1;1;0;0;0;0;0;414554,473999987356365;5317171,331999499350786;7,854493623000053;48,002125934000048;08211029311200956310;0
85096;08;4;21;000;2021;10;15;5;3;5;3;1;0;0;0;1;0;0;572154,513340224511921;5356816,752592276781797;9,974086174000035;48,360399115000064;08211028421300939160;0
85097;08;2;26;022;2021;10;17;5;2;5;3;1;1;0;0;0;0;0;481338,059999999590218;5467736,852999543771148;8,742986947000077;49,362055944000076;08211014226300914250;0
85101;08;3;17;141;2021;10;07;3;3;3;2;1;1;0;0;0;1;0;419870,815409233793616;5380077,343353454023600;7,913819033000038;48,568662672000073;08211012317200894220;1
85107;08;3;36;050;2021;10;15;4;3;6;4;0;1;1;0;0;0;0;399396,806999968364835;5274861,908999482169747;7,661158495000052;47,619346515000075;08211013311010890410;0
85108;08;3;36;091;2021;10;10;6;3;2;6;1;1;0;0;0;0;0;395521,730999961495399;5271903,557999482378364;7,610308943000064;47,592122317000076;08211015336400928650;0
85120;08;1;17;019;2021;10;16;4;3;6;4;0;1;1;0;0;0;0;551708,526882151141763;5393743,305205419659615;9,702671725000073;48,694584672000076;08211013117100891240;0
85121;08;1;11;000;2021;10;14;6;3;6;4;0;1;1;0;0;0;0;518726,342968315817416;5400777,677844088524580;9,254802114000029;48,759727321000071;08211015111500911120;0
85129;08;1;18;048;2021;10;17;1;3;0;1;1;0;0;0;0;0;0;512721,495158046483994;5417124,448636779561639;9,173604291000061;48,906931879000069;08211017118400973020;0
85136;08;1;21;000;2021;10;12;4;2;5;2;1;1;0;0;0;0;0;512746,809000001288950;5444868,823999537155032;9,174822021000068;49,156506585000045;08211020121300958700;0
85145;08;1;27;076;2021;10;08;4;3;2;6;1;1;0;0;0;0;0;554203,817895565181971;5440098,205801568925381;9,742731028000037;49,111336066000035;08211027127100934170;0
85146;08;4;26;134;2021;10;07;6;2;5;3;1;1;0;0;0;2;0;558597,294826936908066;5335672,424390858039260;9,788153720000025;48,171590666000043;08211022426010915190;1
85148;08;2;16;009;2021;11;18;4;3;0;1;1;0;0;0;0;2;0;445716,250787124969065;5420455,409893151372671;8,258802460000027;48,934645518000082;08211103216100980960;1
85151;08;3;17;150;2021;10;14;5;2;6;6;1;0;1;0;0;0;0;408965,304750214330852;5358815,602386554703116;7,770653266000068;48,375937612000030;08211028317000950740;0
85154;08;1;25;078;2021;10;14;6;3;6;4;0;1;1;0;0;0;0;518304,441431371495128;5454086,525939282029867;9,251464094000028;49,239281291000054;08211029121500962570;0
85155;08;2;21;000;2021;10;17;5;3;5;2;1;0;0;0;1;0;0;476556,648887117393315;5472840,162739995867014;8,676837217000070;49,407794402000036;08211014221200909600;0
85158;08;4;15;059;2021;10;17;6;3;5;3;1;1;0;0;0;0;0;516242,225937223061919;5369124,728951387107372;9,219762506000052;48,475042415000075;08211022415300969110;0
85159;08;1;36;088;2021;10;21;3;3;0;6;1;0;0;0;0;2;0;580567,371200025081635;5412211,069052910432220;10,098393813000030;48,857630743000072;08211019136100906890;0
85162;08;1;11;000;2021;11;11;4;3;0;7;1;0;0;0;0;0;0;515870,343393017537892;5403671,114373384043574;9,216053601000056;48,785835777000045;08211103111250975120;1
85163;08;1;17;024;2021;10;10;2;2;6;2;0;1;1;0;0;0;0;560810,040197326801717;5385930,743615010753274;9,825192654000034;48,623488321000082;08211025117200924220;0
85164;08;3;35;075;2021;10;17;3;3;6;3;0;1;1;0;0;0;0;488674,720457957126200;5287952,806670198217034;8,848920885000041;47,744847843000059;08211019335300962900;0
85178;08;3;26;074;2021;10;07;5;3;0;7;1;0;0;0;0;1;0;463387,699360540136695;5323449,591524966061115;8,508587078000062;48,063273002000074;08211021326200947040;1
85179;08;2;12;000;2021;10;16;5;3;0;7;1;0;0;0;0;0;0;455145,430337079800665;5428122,752434648573399;8,386695870000040;49,004369855000050;08211028212402952100;0
85186;08;3;25;012;2021;11;09;6;1;5;3;1;1;0;0;0;0;0;464613,792999999597669;5353791,208999512717128;8,522513177000064;48,336312439000039;08211105325000992960;0
85193;08;3;35;075;2021;10;11;3;3;5;2;1;0;0;0;1;0;0;487988,319787528365850;5289005,204302217811346;8,839735275000066;47,754304421000029;08211019335300906740;0
85195;08;2;26;041;2021;10;09;5;1;5;7;1;0;0;0;0;0;1;477437,090377363376319;5467248,155337287113070;8,689291077000064;49,357528221000052;08211014221011893450;0
85203;08;3;35;015;2021;10;10;6;3;8;1;1;0;0;0;0;0;0;477246,570383206941187;5282594,837935179471970;8,696751020000022;47,696337581000080;08211022335300970540;0
85205;08;1;25;005;2021;11;16;3;2;6;4;0;1;1;0;0;2;0;515759,126023335382342;5452841,584628710523248;9,216448223000043;49,228153633000034;08211102121500993910;1
85209;08;1;11;000;2021;10;14;5;3;5;3;1;1;0;0;0;0;0;516021,762995160184801;5403786,395848015323281;9,218119456000068;48,786868954000056;08211014111500925820;0
85221;08;3;11;000;2021;11;01;4;3;5;3;1;1;0;0;0;2;0;413721,152291212230921;5316815,329804541543126;7,843395820000069;47,998811635000038;08211103311010973670;1
85226;08;1;27;102;2021;10;19;1;3;0;7;1;0;0;0;0;2;0;588427,152632551267743;5435249,799876183271408;10,210529100000031;49,063763182000059;08211017127202903210;0
85231;08;1;27;014;2021;10;13;4;2;5;3;1;1;0;0;0;0;0;575349,036748924292624;5442355,545439815148711;10,032853778000060;49,129411050000044;08211020127202946670;0
85245;08;2;26;032;2021;10;13;1;2;2;6;1;0;0;0;0;0;0;463126,939215909689665;5466767,497196806594729;8,492280157000039;49,352507228000036;08211017221011924690;0
85258;08;3;35;079;2021;10;07;2;2;6;4;1;0;1;0;0;1;0;500817,288924183696508;5299396,300023691728711;9,010924206000027;47,847909682000079;08211018335400939580;0
85263;08;2;12;000;2021;10;17;7;3;6;7;1;0;1;0;0;2;0;459208,484662696719170;5428089,199170269072056;8,442251177000060;49,004349947000037;08211030212010966320;1
85266;08;1;16;033;2021;10;17;2;3;3;6;1;1;0;0;0;0;0;531001,266778847202659;5389207,544072862714529;9,420949452000059;48,655154057000061;08211025116010957130;0
85276;08;4;15;061;2021;10;13;6;3;5;2;1;1;0;0;0;0;0;515600,355727128684521;5372050,910306200385094;9,211187137000024;48,501383646000079;08211029415400956180;0
85278;08;2;16;063;2021;10;16;1;3;0;1;1;0;0;0;0;0;0;430916,765756128355861;5398218,242928553372622;8,060501568000063;48,733154289000026;08211024211000938410;0
85281;08;1;16;049;2021;11;23;3;3;0;7;0;1;1;0;0;2;0;525375,814551112242043;5385178,317779596894979;9,344319311000049;48,619160855000075;08211102116500004910;1
85289;08;2;21;000;2021;11;20;6;3;3;6;1;1;0;0;0;2;0;477592,435115817002952;5472113,522394737228751;8,691156136000075;49,401297401000079;08211105221200991820;0
85291;08;2;37;028;2021;10;07;3;3;4;2;1;1;0;0;0;2;0;457453,525009945034981;5368211,731985215097666;8,424438415000054;48,465599337000072;08211012231000887440;1
85305;08;2;35;085;2021;10;21;3;2;8;7;1;1;0;0;0;2;0;478156,526412036269903;5399177,821316994726658;8,702869725000028;48,745233622000057;08211012235100885680;1
85309;08;2;12;000;2021;10;16;5;3;5;2;1;0;0;0;0;0;1;455814,699297703802586;5430984,318907821550965;8,395534754000039;49,030158175000054;08211021212010962530;0
85325;08;2;21;000;2021;10;07;4;3;0;7;1;0;0;0;0;0;0;476382,193494308739901;5472965,614327382296324;8,674424957000042;49,408916072000068;08211013221200888070;1
85341;08;1;16;020;2021;10;15;4;3;6;4;0;0;1;1;0;0;0;527184,087095549330115;5381078,611112875863910;9,368586451000056;48,582203696000079;08211020116500946810;0
85350;08;3;35;043;2021;10;13;1;3;0;1;1;0;0;0;0;0;0;508181,707922918722034;5287842,834380902349949;9,109141927000053;47,743905900000073;08211031335100966840;0
85354;08;3;35;043;2021;10;15;5;3;3;6;1;0;0;0;0;0;0;513702,739601373672485;5279735,025478847324848;9,182535909000023;47,670861390000027;08211028335100938820;0
85362;08;3;37;096;2021;10;12;2;3;5;3;1;1;0;0;0;0;0;421648,051770494319499;5267897,578882429748774;7,958467406000068;47,559766632000049;08211018337100952620;0
85364;08;1;36;088;2021;11;10;3;3;5;3;1;1;0;0;0;0;0;580114,637905530631542;5409769,798249730840325;10,091745294000077;48,835732043000064;08211102136100973320;0
85368;08;1;36;033;2021;10;12;4;3;5;3;1;1;0;0;0;0;0;580752,438759644515812;5416167,162153333425522;10,101697541000021;48,893188369000029;08211013136100889590;0
85376;08;4;36;093;2021;10;16;6;2;5;3;1;1;0;0;0;0;0;542074,563737681135535;5315717,779724637046456;9,563964931000044;47,993375235000030;08211029437000947500;0
85379;08;4;15;059;2021;10;12;7;3;3;6;1;1;0;0;0;0;0;516284,982306848280132;5368919,161376234143972;9,220333001000029;48,473191946000043;08211023415300967430;0
85389;08;2;15;106;2021;11;13;7;3;5;3;1;1;0;0;0;0;0;469169,819000000134110;5455696,891999542713165;8,576338904000067;49,253263803000038;08211106215502016040;0
85402;08;3;35;043;2021;10;16;5;3;6;4;0;1;1;0;0;0;0;512597,341997261159122;5279826,188268579542637;9,167813467000030;47,671704123000040;08211028335100954220;0
85408;08;2;16;043;2021;10;18;3;3;5;3;1;1;0;0;0;0;0;442114,964336878620088;5411942,360615873709321;8,210841090000031;48,857744842000045;08211019216100910210;0
85418;08;2;35;033;2021;10;14;6;3;6;4;0;0;1;1;0;0;0;459157,125253832899034;5406361,030914347618818;8,443722749000074;48,808894359000078;08211015235100893960;0
85425;08;1;11;000;2021;10;10;2;3;5;2;1;1;0;0;0;0;0;512306,124000000767410;5406527,451999524608254;9,167617338000071;48,811611825000057;08211018111500937240;0
85438;08;1;15;045;2021;10;18;7;3;4;6;1;1;0;0;0;2;0;495635,123000000603497;5393463,137999521568418;8,940685952000024;48,694191799000066;08211023115400951270;0
85441;08;3;35;063;2021;10;09;1;3;0;1;1;0;0;0;0;0;0;496584,333999999798834;5287348,341999489814043;8,954439721000028;47,739499510000030;08211031335200956050;1
85445;08;2;16;043;2021;10;08;5;3;6;4;0;1;1;0;0;0;0;442409,381193458102643;5412313,776590628549457;8,214802284000029;48,861113127000067;08211014216100891030;0
85449;08;2;26;096;2021;10;07;2;3;0;1;1;0;0;0;0;1;0;478405,051200114190578;5487692,954206373542547;8,701505986000029;49,541459976000056;08211018226600903250;0
85455;08;3;35;075;2021;11;17;3;3;6;4;0;1;1;0;0;0;0;488578,374606612138450;5290029,631909992545843;8,847581078000076;47,763532467000061;08211102335300979130;1
85472;08;3;17;059;2021;12;13;2;2;6;7;0;1;1;0;0;0;0;412736,396501627750695;5349716,271628526970744;7,823452115000066;48,294624187000068;08211213317300097790;0
85474;08;1;27;076;2021;11;15;6;3;5;2;1;1;0;0;0;0;0;554516,187000001780689;5439052,837999533861876;9,746869760000038;49,101905698000053;08211126127100057260;0
85485;08;4;35;016;2021;11;07;6;3;0;1;1;0;0;0;0;0;0;536054,058815214782953;5279923,599474994465709;9,480288749000067;47,671698099000025;08211112435100002620;1
85486;08;2;35;050;2021;12;15;6;3;6;2;0;1;1;0;0;0;0;470305,079338309355080;5389478,372039582580328;8,596768817000054;48,657653862000075;08211217235100141050;1
85495;08;4;36;013;2021;11;00;1;3;6;7;0;1;1;0;0;2;0;545645,717212970368564;5296486,078792955726385;9,609793945000035;47,820106067000040;08211128436000061900;0
85502;08;4;35;016;2021;11;12;3;3;6;4;0;1;1;0;0;0;0;534984,509151428937912;5279461,441942796111107;9,466004379000026;47,667598633000068;08211109435100157390;0
85505;08;4;35;016;2021;11;03;5;3;8;7;1;0;0;0;0;2;0;533367,560201988555491;5280104,272162748500705;9,444515920000072;47,673467909000067;08211111435100010500;0
85508;08;2;22;000;2021;12;09;5;2;6;4;0;1;1;0;0;0;0;467487,191001999191940;5478676,614812949672341;8,551341101000048;49,459874331000037;08211202222014076250;1
85520;08;1;19;068;2021;12;17;2;3;6;4;0;1;1;0;0;2;0;525363,376000001095235;5413744,630999527871609;9,345909848000076;48,876139599000055;08211206119500106170;1
85521;08;2;21;000;2021;11;16;5;3;5;5;1;1;0;0;0;0;0;477302,508403085172176;5469710,407325461506844;8,687297367000042;49,379670949000058;08211111221400016280;0
85525;08;1;11;000;2021;11;14;7;3;5;7;1;1;0;0;0;0;0;511370,367984310723841;5401869,205703858286142;9,154742874000021;48,769724480000036;08211120111500045540;0
85527;08;4;21;000;2021;12;19;6;2;5;3;1;1;0;0;0;2;0;573971,359192785806954;5362301,253191838040948;9,999575424000057;48,409523082000078;08211217426010139920;0
85534;08;2;22;000;2021;11;17;2;3;3;1;1;0;0;0;1;1;0;463057,607417353428900;5483053,475266000255942;8,489808850000031;49,498988793000080;08211108222600000670;0
85535;08;4;35;016;2021;11;12;2;3;3;2;1;1;0;0;0;0;0;536339,866045570932329;5277991,352489957585931;9,483935242000030;47,654296907000059;08211129435100043450;0
85553;08;2;26;018;2021;11;17;2;3;0;1;1;0;0;0;0;2;0;472825,651444351300597;5472268,303905948996544;8,625446231000069;49,402495477000059;08211115221011027250;0
85557;08;1;15;041;2021;11;19;7;3;0;7;0;1;1;0;0;2;0;494236,290860327892005;5400155,713316485285759;8,921583779000059;48,754387124000061;08211127115300056180;1
85560;08;3;17;021;2021;11;11;7;2;6;3;0;1;1;0;0;0;0;427366,431999993510544;5371686,785999512299895;8,016870790000041;48,494102994000059;08211113211000992710;0
85569;08;2;21;000;2021;12;08;6;2;0;7;1;0;0;0;0;1;0;476791,813753204420209;5472181,429204750806093;8,680117368000026;49,401878212000042;08211203221200088550;2
85572;08;3;17;031;2021;11;13;1;3;0;7;1;0;0;0;0;0;0;418075,073607447557151;5361393,397592658177018;7,893145054000058;48,400373278000075;08211128317000037380;1
85576;08;1;15;003;2021;12;12;6;3;5;2;1;1;0;0;0;0;0;502230,191558176651597;5393533,183760102838278;9,030306322000058;48,694833219000031;08211217115100137700;0
85594;08;3;35;063;2021;12;13;6;3;6;4;0;1;1;0;0;0;0;498511,196856305003166;5291841,089072741568089;8,980126025000061;47,779930620000073;08211210335200117860;2
85595;08;2;35;008;2021;11;10;3;2;3;2;0;1;1;0;0;0;1;480141,569703453220427;5400890,195297883823514;8,729788755000072;48,760704430000033;08211109231000003440;0
85600;08;1;25;065;2021;11;23;4;3;6;7;0;1;1;0;0;2;0;517021,748506816104054;5449891,910140095278621;9,233664827000041;49,201586911000049;08211124121500050340;0
85601;08;3;11;000;2021;11;15;3;3;3;2;1;1;0;0;0;0;0;414749,120140041224658;5319060,962571203708649;7,856726877000028;48,019149864000042;08211116311010002290;0
85607;08;2;36;004;2021;12;16;2;2;0;7;1;0;0;0;0;0;0;469413,502000000327826;5412669,996999526396394;8,582938526000021;48,866236959000048;08211213231202095910;1
85623;08;2;15;084;2021;12;13;6;2;4;6;1;0;0;0;0;0;0;471741,864261895418167;5444677,136933587491512;8,612457854000070;49,154264305000027;08211217215202133610;0
85624;08;1;25;074;2021;12;06;2;3;6;4;0;1;1;0;0;2;0;508865,077627997845411;5439275,404914068058133;9,121461391000025;49,106259923000039;08211213121400106480;0
85627;08;3;36;069;2021;11;17;6;2;6;6;0;1;1;0;0;2;0;409561,351897553540766;5271600,357177417725325;7,797070165000036;47,591505003000066;08211112311010994970;0
85630;08;1;19;044;2021;11;11;5;3;6;2;0;1;1;0;0;0;0;542604,854451119899750;5425222,048100613057613;9,582240965000040;48,978436940000051;08211118119101027130;0
85632;08;1;18;079;2021;12;15;6;3;5;3;1;1;0;0;0;0;0;511194,223113492131233;5422790,369059646502137;9,152917990000049;48,957930235000049;08211203118100133710;0
85634;08;1;36;019;2021;11;15;2;3;5;2;1;1;0;0;0;0;0;582552,587950211018324;5424128,395669866353273;10,127863639000054;48,964554372000066;08211115136200001510;0
85640;08;1;19;090;2021;12;14;6;3;6;2;0;0;1;0;1;0;0;530700,208016318269074;5407414,382134644314647;9,418218090000039;48,818953809000050;08211217119400104970;0
85646;08;4;21;000;2021;11;16;3;3;6;4;0;0;1;0;1;2;0;574021,986948686651886;5361928,987944677472115;10,000193777000050;48,406168547000050;08211123421200051990;0
85647;08;2;26;012;2021;11;07;4;3;5;3;1;1;0;0;0;1;0;475936,595000000670552;5477569,235999548807740;8,668003097000053;49,450307237000061;08211117221300018730;0
85648;08;3;11;000;2021;12;10;4;3;5;3;1;1;0;0;0;0;0;412761,760177914984524;5314611,102532299235463;7,830985442000042;47,978853686000036;08211208311010091420;1
85651;08;4;16;036;2021;11;11;6;3;1;1;1;1;0;0;0;0;0;494932,066000000573695;5368822,911999514326453;8,931432656000027;48,472516513000073;08211119416101010050;0
85653;08;4;15;061;2021;12;09;2;3;3;3;1;0;0;0;1;0;0;516273,524000000208616;5372328,821999516338110;9,220310803000075;48,503866752000079;08211213415400123110;1
85660;08;2;21;000;2021;12;11;2;3;3;6;1;1;0;0;0;0;0;477736,153277277015150;5473170,038852721452713;8,693077744000050;49,410805884000069;08211206221011100510;0
85681;08;2;12;000;2021;12;17;2;3;5;2;1;1;0;0;0;2;0;450466,526215700432658;5431800,712645551189780;8,322275818000037;49,037095169000054;08211220212010132050;0
85691;08;3;15;113;2021;11;07;3;3;5;3;1;1;0;0;0;1;0;439430,147265890613198;5308192,862293284386396;8,189207101000022;47,924193908000063;08211116311500001360;1
85695;08;3;27;050;2021;11;09;2;3;5;3;1;1;0;0;0;0;0;486826,580686328932643;5314766,961299585178494;8,823449462000042;47,986069252000050;08211115327100024630;1
85698;08;1;18;007;2021;12;20;4;3;5;2;1;1;0;0;0;2;0;510498,639636666513979;5427769,593965334817767;9,143544618000021;49,002733650000039;08211201118100070110;1
85707;08;4;36;094;2021;11;09;4;3;2;6;1;0;0;0;1;0;0;566657,410699160769582;5285582,380365416407585;9,888792546000047;47,720177244000070;08211110436300986020;0
85715;08;3;11;000;2021;11;16;3;3;3;2;1;1;0;0;0;1;0;414446,090212069451809;5316784,683555506169796;7,853118003000077;47,998633387000041;08211130311010056800;0
85717;08;2;22;000;2021;11;11;6;3;5;2;1;1;0;0;0;0;0;462619,629000000655651;5480274,249999552965164;8,484023206000074;49,473964247000026;08211112222700992010;0
85721;08;4;15;061;2021;12;12;5;3;5;3;1;1;0;0;0;0;0;514351,117122506722808;5372921,546466862782836;9,194305828000040;48,509245969000062;08211202415400072000;1
85727;08;1;18;077;2021;12;17;3;3;6;6;1;0;1;0;0;2;0;513993,740595984272659;5423125,640303092077374;9,191171951000058;48,960889178000059;08211221118100122600;0
85747;08;1;15;042;2021;12;22;6;3;5;3;1;1;0;0;0;2;0;495843,560361665673554;5406169,816342284902930;8,943390124000075;48,808502527000030;08211210115300111990;1
85751;08;2;12;000;2021;11;17;5;3;5;3;1;1;0;0;0;2;0;459008,482353813946247;5428312,651303987950087;8,439494091000029;49,006346688000065;08211111212010020430;0
85752;08;3;11;000;2021;12;17;7;3;6;4;0;0;1;0;1;2;0;412578,107304158620536;5314219,440104167908430;7,828604685000073;47,975305479000042;08211218311010135990;0
85758;08;4;35;015;2021;12;10;7;3;5;3;1;1;0;0;0;0;0;519987,218487023375928;5295004,278332961723208;9,266952834000051;47,808082776000049;08211211435200119640;0
85762;08;2;21;000;2021;12;07;3;3;5;3;1;1;0;0;0;2;0;476756,921455898322165;5471656,595652386546135;8,679667156000050;49,397156081000048;08211214221011098300;1
85764;08;1;36;065;2021;12;06;5;3;5;2;1;1;0;0;0;2;0;558687,659550957381725;5404994,543747304007411;9,799105781000037;48,795173740000052;08211209136300111000;1
85769;08;2;26;028;2021;11;06;2;3;4;6;1;0;0;0;0;2;0;472408,620526852086186;5483926,643561018630862;8,618886057000054;49,507340048000060;08211122222400017580;1
85777;08;1;27;062;2021;11;14;6;3;2;6;1;0;0;0;0;0;0;547277,353931387886405;5431228,308355897665024;9,646790976000034;49,032123545000047;08211112127100008020;0
85788;08;2;26;013;2021;11;13;2;3;0;1;1;0;0;0;0;0;0;498891,665161590091884;5479762,987656652927399;8,984702300000038;49,470515291000027;08211108226100982330;0
85790;08;1;18;019;2021;12;18;1;2;6;4;0;1;1;0;0;2;0;504577,554941373877227;5405107,144099470227957;9,062333531000036;48,798939855000071;08211205118010102380;1
85801;08;2;15;100;2021;11;07;6;2;6;3;0;1;1;0;0;2;0;474200,317140772938728;5449698,171672631055117;8,645851161000053;49,199537585000030;08211112212010009900;0
85804;08;3;36;050;2021;12;16;3;3;0;2;1;1;0;0;0;0;0;399238,383537424728274;5275162,239435952156782;7,658981673000028;47,622023461000026;08211214311010113560;0
85817;08;4;25;071;2021;12;14;2;2;5;3;1;1;0;0;0;0;0;550660,359000001102686;5371018,137999517843127;9,685657465000077;48,490243957000075;08211206117010076290;1
85819;08;3;35;075;2021;11;19;3;3;0;3;1;1;0;0;0;2;0;488286,579000000841916;5288106,396999495103955;8,843738965000057;47,746222847000070;08211123335300052870;1
85828;08;1;17;042;2021;12;18;5;3;4;6;1;1;0;0;0;2;0;554404,025477287359536;5393724,069015802815557;9,739295455000047;48,694182422000040;08211202117100078000;1
85831;08;2;15;084;2021;12;10;6;3;6;7;0;1;1;0;0;0;0;472128,873724179342389;5446699,661977790296078;8,617625264000026;49,172474932000057;08211210215202094800;0
85833;08;4;35;052;2021;11;09;2;2;6;4;0;1;1;0;0;0;0;521375,329495890997350;5289690,573402296751738;9,285230796000064;47,760228554000037;08211129435200045930;1
85841;08;2;21;000;2021;12;17;6;2;5;3;1;1;0;0;0;2;0;470783,990540916100144;5474493,184380952268839;8,597142250000047;49,422413137000035;08211217221011107610;0
85843;08;2;36;072;2021;12;17;4;2;6;4;0;1;1;0;0;2;0;466854,699738007038832;5410604,019921261817217;8,548216405000062;48,847520861000078;08211201231202089620;1
85860;08;1;25;001;2021;11;18;5;1;6;4;0;1;1;0;0;2;0;520676,597761407494545;5434744,972424574196339;9,283059095000056;49,065223306000064;08211125125102060470;0
85869;08;2;31;000;2021;12;12;5;2;0;1;1;0;0;0;0;0;0;477821,818833985365927;5416090,496553262695670;8,697402378000049;48,897364355000036;08211202231000092360;1
85872;08;1;16;020;2021;12;13;5;2;6;4;0;1;1;0;0;0;0;527340,989024755544960;5380796,069637164473534;9,370695236000074;48,579655100000082;08211216116010131520;0
85889;08;2;37;030;2021;12;18;7;2;6;4;0;1;1;0;0;2;0;464177,799153821542859;5365466,099574187770486;8,515634561000070;48,441318156000079;08211204231000075850;1
85898;08;2;37;002;2021;12;15;2;2;6;4;0;0;1;0;1;0;0;456018,973648749291897;5354976,051148826256394;8,406420337000043;48,346431620000033;08211206231000090510;1
85904;08;1;11;000;2021;11;11;7;3;6;4;1;0;1;0;0;0;0;516591,292414731346071;5405797,507270088419318;9,225954174000037;48,804945710000027;08211120111500039410;0