OID_;ULAND;UREGBEZ;UKREIS;UGEMEINDE;UJAHR;UMONAT;USTUNDE;UWOCHENTAG;UKATEGORIE;UART;UTYP1;IstRad;IstPKW;IstFuss;IstKrad;IstSonstige;ULICHTVERH;IstGkfz;LINREFX;LINREFY;XGCSWGS84;YGCSWGS84;UIDENTSTLAE;IstStrassenzustand
85917;08;1;18;021;2021;12;13;2;3;9;1;1;0;0;0;0;0;0;519373,783964736387134;5429826,343912513926625;9,264988818000063;49,021020378000060;08211220118500129160;0
85921;08;2;31;000;2021;12;09;6;3;6;2;0;1;1;0;0;0;0;475985,697485974989831;5415495,058664107695222;8,672385875000032;48,891939559000036;08211217231000113470;0
85928;08;1;19;020;2021;12;17;6;3;0;1;1;0;0;0;0;2;0;519149,311567114666104;5408769,257612546905875;9,260929795000038;48,831605456000034;08211203119200114730;0
85931;08;4;25;008;2021;11;19;2;2;9;1;0;1;1;0;0;2;0;564723,955000003799796;5380373,279999515041709;9,877431954000031;48,573105125000041;08211129117010057860;2
85935;08;4;35;016;2021;12;20;5;3;9;1;1;0;0;0;0;2;0;536876,387403776869178;5280649,923477562144399;9,491304205000063;47,678186728000071;08211216435100142240;0
85946;08;1;19;093;2021;11;03;1;3;0;1;1;0;0;0;0;2;0;524670,100916738621891;5406184,849915344268084;9,335999808000054;48,808161983000048;08211114119200007500;1
85952;08;1;25;013;2021;11;13;6;3;5;3;1;1;0;0;0;0;0;504932,240870237350464;5436176,763754593208432;9,067539400000044;49,078430320000052;08211126121400045890;0
85958;08;2;15;017;2021;11;07;5;2;6;4;0;1;1;0;0;2;0;457607,716640689410269;5416484,025795793160796;8,421572868000055;48,899850849000075;08211111212702988170;0
85962;08;1;16;077;2021;12;07;4;3;0;7;1;1;0;0;0;1;0;515216,663332283496857;5389088,235246289521456;9,206616672000052;48,654664584000045;08211208116200092860;1
85970;08;1;16;049;2021;11;07;3;3;2;6;1;0;0;0;0;2;0;525852,844739457592368;5388223,235865483060479;9,350981854000054;48,646533477000048;08211116116500031340;0
85982;08;3;11;000;2021;12;10;3;3;6;7;0;1;1;0;0;0;0;414003,139207080006599;5315276,116561641916633;7,847483562000036;47,985003827000071;08211221311010142140;0
85996;08;3;15;074;2021;11;07;2;3;0;1;1;0;0;0;0;0;0;396766,424737484194338;5294069,925952911376953;7,621614924000028;47,791709817000026;08211115311400015730;0
85999;08;4;36;081;2021;12;23;5;3;6;4;0;1;1;0;0;2;0;562513,965203492902219;5282522,830216165632010;9,833112388000075;47,693065970000077;08211209436300109800;2
86001;08;4;26;021;2021;11;07;2;3;5;3;1;1;0;0;0;2;0;558103,520000001415610;5328583,447999503463507;9,780545530000040;48,107862653000041;08211129426100037960;1
86007;08;2;26;060;2021;11;13;3;3;0;1;1;0;0;0;0;0;0;476723,417607722803950;5462829,794589122757316;8,679721400000062;49,317758467000033;08211116226700002760;1
86009;08;3;36;050;2021;11;13;6;3;5;3;1;0;0;0;0;0;0;399801,212231091223657;5274655,567839313298464;7,666586072000030;47,617553081000040;08211112311010010260;0
86015;08;3;35;021;2021;11;08;6;2;2;4;0;0;1;0;1;1;0;492355,331746876239777;5300652,148174112662673;8,897796231000029;47,859164104000058;08211112335400998410;0
86020;08;2;15;100;2021;12;17;5;3;5;2;1;0;0;1;0;2;0;474715,828999998979270;5451836,484999537467957;8,652792720000036;49,218793458000050;08211209212010114060;1
86028;08;3;15;047;2021;11;17;3;2;6;2;0;1;1;0;0;2;0;415547,360999986529350;5321634,139999501407146;7,866922307000038;48,042402592000030;08211109311010024290;0
86037;08;3;35;043;2021;11;11;7;3;0;7;1;0;0;0;0;0;0;513920,512282193638384;5279588,660781200975180;9,185432206000030;47,669539799000063;08211113335100067780;1
86039;08;3;25;049;2021;11;14;7;3;5;3;1;0;0;0;0;0;0;472374,234000000171363;5332203,611999504268169;8,628635079000048;48,142484030000048;08211120325202012860;0
86041;08;1;11;000;2021;12;13;5;2;6;4;0;0;1;0;1;0;0;513622,775957353413105;5402409,435632085427642;9,185414334000029;48,774539116000028;08211202111500080860;1
86056;08;4;21;000;2021;12;12;6;3;6;3;0;1;1;0;0;0;0;572145,128533260896802;5361421,522909641265869;9,974750079000046;48,401821411000071;08211217421300146780;0
86061;08;3;26;074;2021;12;15;4;3;6;2;0;1;1;0;0;0;0;459570,627881278283894;5322673,448498340323567;8,457429718000071;48,056059757000071;08211215326200131770;1
86067;08;3;35;075;2021;11;07;4;3;5;3;1;1;0;0;0;0;0;488512,519000000320375;5290262,245999492704868;8,846696104000046;47,765624248000051;08211110335300994960;0
86071;08;1;35;019;2021;11;17;6;3;5;3;1;1;0;0;0;2;0;584818,888556003570557;5391921,760280657559633;10,152161081000031;48,674578853000071;08211112135200993000;0
86076;08;2;36;040;2021;11;14;3;3;0;1;1;0;0;0;0;0;0;487413,831054956652224;5422428,531169703230262;8,828078691000030;48,954648497000051;08211130231102056620;1
86079;08;4;36;064;2021;11;17;4;3;0;2;1;1;0;0;0;2;0;544947,786000002175570;5292304,071999493986368;9,600037180000072;47,782529674000045;08211124436200054550;0
86081;08;2;21;000;2021;11;14;5;3;5;2;1;1;0;0;0;0;0;477723,998953928239644;5473259,205662170425057;8,692905188000054;49,411607481000033;08211118221011047840;0
86082;08;4;35;034;2021;12;07;3;3;5;3;1;1;0;0;0;1;0;531314,131796960718930;5284741,418812461197376;9,417494234000060;47,715293024000061;08211214435200095930;0
86091;08;2;26;076;2021;12;15;5;1;8;1;1;1;0;0;0;0;0;474271,567583890631795;5466952,256357936188579;8,645719291000034;49,354741259000036;08211216221011104160;0
86098;08;3;11;000;2021;11;06;3;3;5;3;1;1;0;0;0;2;0;413367,264302723109722;5316146,451598446816206;7,838787840000066;47,992746987000032;08211116311010015320;1
86101;08;2;22;000;2021;11;13;6;3;0;3;1;1;0;0;0;0;0;463809,312228792347014;5485894,273002346977592;8,499929394000048;49,524585586000057;08211119222800038230;0
86104;08;3;27;046;2021;12;17;2;2;6;4;0;1;1;0;0;2;0;480498,467000001110137;5324554,299999501556158;8,738195049000069;48,073964736000050;08211213327200123300;1
86105;08;3;11;000;2021;12;08;4;2;5;3;1;1;0;0;0;0;0;404594,417999975383282;5319527,538999496027827;7,720474753000076;48,021910904000038;08211201311010087360;0
86110;08;2;15;108;2021;11;11;2;3;0;7;1;0;0;0;0;0;0;448118,727578461170197;5423186,799099598079920;8,291255629000034;48,959420516000080;08211129212702052830;1
86113;08;2;12;000;2021;12;10;3;2;6;4;0;0;1;0;0;0;1;453008,082268696278334;5428917,132882636040449;8,357381479000026;49,011356305000049;08211221212010122960;0
86117;08;3;25;053;2021;11;09;3;3;6;4;0;1;1;0;0;0;0;454271,418331856839359;5341318,420069163665175;8,384314765000056;48,223440481000068;08211109325302982550;0
86123;08;3;25;069;2021;12;12;4;3;6;4;0;1;1;0;0;0;0;465550,149473342113197;5336484,658931892365217;8,536556953000058;48,180666073000054;08211208325202082020;1
86140;08;1;16;047;2021;12;17;4;3;6;2;0;1;1;0;0;2;0;520528,802000000141561;5392711,616999523714185;9,278925652000055;48,687108661000082;08211208116200091640;1
86142;08;2;22;000;2021;11;09;6;3;6;3;0;1;1;0;0;0;0;462032,624718161299825;5481669,891111550852656;8,475786911000057;49,486480899000071;08211119222014039330;0
86151;08;2;36;019;2021;11;12;2;3;5;3;1;1;0;0;0;0;0;487760,787000000476837;5409188,522999525070190;8,833214614000042;48,835551756000029;08211108231102983710;0
86154;08;3;26;074;2021;11;07;4;3;5;3;1;1;0;0;0;0;0;460515,698706028051674;5323128,904699558392167;8,470070139000029;48,060216554000078;08211110326400013060;0
86160;08;1;18;079;2021;12;10;7;3;0;7;1;0;1;0;0;0;0;509939,476338537409902;5422111,858716169372201;9,135761090000074;48,951848033000033;08211211118100121470;1
86167;08;2;36;072;2021;12;16;5;3;5;3;1;1;0;0;0;1;0;466784,975999999791384;5410598,492999527603388;8,547266522000029;48,847467415000040;08211202231202078030;1
86173;08;2;35;046;2021;12;10;3;3;5;3;1;1;0;0;0;0;0;478880,566350912675261;5377450,607571575790644;8,713826588000074;48,549799349000068;08211221235200117680;0
86189;08;2;12;000;2021;12;18;5;3;5;3;1;1;0;0;0;2;0;456397,248890003189445;5426645,011990811675787;8,403969837000034;48,991167090000033;08211202212402072500;1
86194;08;1;21;000;2021;11;05;2;3;0;7;1;0;0;0;0;2;0;515894,762860635295510;5442132,369450638070703;9,217887849000022;49,131817852000040;08211108121200004490;1
86197;08;1;19;079;2021;11;12;4;3;6;7;0;0;1;0;1;0;0;523405,278653968125582;5415399,945463903248310;9,319300230000067;48,891107259000080;08211110119400994670;0
86200;08;2;21;000;2021;12;16;3;3;4;6;1;0;0;0;0;2;0;480764,253352965228260;5474111,832577252760530;8,734776011000065;49,419380462000049;08211207221011113700;1
86213;08;2;15;106;2021;11;17;6;2;2;6;1;1;0;0;0;2;0;467483,745500099845231;5456856,129173150286078;8,553075855000031;49,263603785000043;08211126212010041810;0
86214;08;4;35;036;2021;12;18;4;3;0;1;1;0;0;0;0;2;0;519953,882000000216067;5282509,530999492853880;9,265934225000024;47,695662561000063;08211215435200115830;1
86216;08;2;12;000;2021;11;16;3;3;5;2;1;1;0;0;0;0;0;455156,721928965300322;5428237,085308285430074;8,386837626000045;49,005399110000042;08211109212010999220;0
86220;08;2;35;085;2021;12;15;7;3;3;6;1;1;0;0;0;0;0;480437,268984762951732;5395790,291222585365176;8,734054375000028;48,714835410000035;08211218235100122940;0
86222;08;1;17;024;2021;12;17;4;3;6;4;0;1;1;0;0;2;0;560419,564466125331819;5386378,736676527187228;9,819959747000041;48,627555986000061;08211208135010082590;1
86231;08;2;22;000;2021;12;11;5;3;1;5;1;1;0;0;0;0;0;462359,622816311195493;5481975,210307987406850;8,480272485000057;49,489247457000033;08211209222014097410;0
86236;08;3;16;011;2021;12;15;3;3;6;4;0;1;1;0;0;0;0;414673,844992273487151;5329880,055607749149203;7,853557985000066;48,116460592000067;08211221316100119350;0
86238;08;1;18;011;2021;12;12;6;3;2;6;1;0;0;0;0;0;1;505053,207000001333654;5408292,629999527707696;9,068849808000039;48,827592492000065;08211217118200105980;0
86240;08;4;37;056;2021;11;16;3;2;4;2;1;1;0;0;0;0;0;527861,600000000558794;5300888,787999495863914;9,372501233000037;47,860734480000076;08211109437100984180;1
86256;08;2;26;098;2021;11;17;3;3;6;4;0;1;1;0;0;2;0;478717,338427755050361;5460515,733752368018031;8,707280083000057;49,297016222000082;08211109226700010420;0
86261;08;3;11;000;2021;11;09;3;3;0;7;1;0;0;0;0;0;0;412740,964366354048252;5318208,950757067650557;7,829975299000068;48,011214639000059;08211116311200001550;1
86264;08;2;15;007;2021;11;13;7;3;5;3;1;1;0;0;0;0;0;478191,062057503499091;5431480,303744541481137;8,701615369000024;49,035817199000064;08211120215302165490;0
86270;08;3;17;065;2021;12;07;4;2;5;3;1;0;0;0;1;2;0;416770,436189537867904;5354697,201686564832926;7,876847592000047;48,339970952000044;08211215317000113990;1
86271;08;3;17;026;2021;12;06;6;3;4;6;1;0;0;0;1;2;0;412001,427651133388281;5346585,334088785573840;7,814197013000069;48,266360190000057;08211203317300079860;1
86272;08;4;15;062;2021;12;19;5;3;6;4;0;1;1;0;0;2;0;519429,841923526488245;5378620,102180371060967;9,263333895000073;48,560375007000061;08211209415100128430;0
86275;08;3;17;096;2021;12;17;1;3;6;4;0;1;1;0;0;1;0;422053,532031690701842;5369727,771997908130288;7,945335921000037;48,475845246000063;08211205317500117350;0
86299;08;3;35;063;2021;11;11;3;3;0;2;1;1;0;0;0;0;0;497235,442852651700377;5287926,863291077315807;8,963120938000031;47,744707928000025;08211130335200043470;0
86301;08;1;19;061;2021;11;23;6;2;0;1;1;0;0;0;0;2;0;539596,994732637889683;5412020,165333896875381;9,539855958000032;48,859881607000034;08211112119300018620;0
86306;08;4;35;035;2021;12;07;4;2;6;4;0;1;1;0;0;1;0;541975,383000001311302;5282238,446999493986368;9,559387787000048;47,692168097000035;08211208435100079980;1
86311;08;2;15;009;2021;12;16;5;3;5;3;1;1;0;0;0;1;0;470100,877999999560416;5441636,335999535396695;8,590178969000021;49,126834075000033;08211202215402071640;1
86314;08;1;11;000;2021;11;17;2;3;5;3;1;1;0;0;0;2;0;513599,254204148426652;5402914,650237008929253;9,185110900000041;48,779084501000057;08211122111500035180;0
86322;08;3;17;152;2021;11;16;5;2;5;3;1;1;0;0;0;1;0;409275,902098148129880;5348193,517036551609635;7,777133263000053;48,280440777000081;08211111317300997280;0
86333;08;4;36;064;2021;12;16;2;2;6;4;1;1;1;0;0;1;0;545422,274400239810348;5292206,266775712370872;9,606360836000022;47,781616432000078;08211220436200145910;0
86339;08;1;19;008;2021;12;16;2;2;6;2;0;1;1;0;0;0;0;532049,419999999925494;5421108,439999528229237;9,437670887000024;48,942071136000038;08211206119100086900;1
86340;08;2;26;041;2021;11;16;5;2;0;4;0;0;1;0;1;1;0;477406,482159580104053;5466389,464799959212542;8,688918297000043;49,349803226000063;08211111221011017990;0
86343;08;4;36;010;2021;11;10;3;3;0;7;0;1;1;0;0;0;0;564938,476406493224204;5305257,112641075626016;9,868822712000053;47,897355320000031;08211116436100023250;1
86347;08;3;17;096;2021;11;07;2;3;6;4;0;0;1;0;1;0;0;421915,295912911184132;5369766,273774795234203;7,943458640000074;48,476174413000081;08211115317500024010;0
86351;08;4;15;061;2021;11;17;5;3;6;4;0;1;1;0;0;2;0;516828,250621995888650;5374936,198089946061373;9,227925819000063;48,527308886000071;08211125416010050950;0
86353;08;2;26;056;2021;12;06;4;3;1;7;1;1;0;0;0;2;0;484326,502900382503867;5471223,960467191413045;8,784006162000026;49,393506515000070;08211215226300104950;1
86356;08;3;15;074;2021;11;07;2;3;5;3;1;1;0;0;0;0;0;397261,462985120713711;5296286,781602291390300;7,627697610000041;47,811729421000052;08211108311400003320;0
86372;08;1;11;000;2021;11;17;5;3;6;4;0;0;1;1;0;2;0;509785,303000001236796;5402657,010999523103237;9,133190042000024;48,776838479000048;08211118111500009810;0
86386;08;3;37;066;2021;12;17;2;3;6;4;0;1;1;0;0;2;0;430525,574188315309584;5268434,057395080104470;8,076374677000047;47,565604019000034;08211206337101104110;0
86411;08;3;17;067;2021;11;17;7;1;6;4;0;1;1;0;0;2;0;434866,865363124758005;5374336,552280500531197;8,117965861000073;48,518760787000076;08211113211000017660;1
86419;08;1;27;076;2021;12;16;6;3;6;4;0;0;1;0;1;1;0;553798,907924259081483;5440636,114027699455619;9,737254908000068;49,116209946000026;08211210127100118320;0
86423;08;4;25;031;2021;11;12;4;3;5;3;1;1;0;0;0;0;0;569971,436000006273389;5368680,660999514162540;9,946597931000042;48,467364397000040;08211110421200984890;0
86424;08;4;16;022;2021;12;15;7;3;6;4;0;1;1;0;0;0;0;510688,490105664357543;5374588,581204315647483;9,144758889000059;48,524316212000031;08211218416000149560;0
86427;08;3;15;074;2021;12;08;5;2;5;3;1;1;0;0;0;0;0;395955,498876432888210;5296374,372293319553137;7,610237791000031;47,812307452000027;08211216311400128980;0
86429;08;1;17;026;2021;11;19;3;3;4;2;1;0;0;0;1;2;0;548937,517986444756389;5394778,097505128011107;9,665141599000037;48,704116625000040;08211109117300983390;0
86431;08;1;11;000;2021;12;07;2;3;6;4;0;1;1;0;0;2;0;515945,448258632794023;5405604,127513749524951;9,217151082000044;48,803222999000070;08211206111310087380;0
86436;08;2;21;000;2021;12;17;4;3;1;3;1;1;0;0;0;2;0;477825,392377279698849;5472805,966696195304394;8,694328280000036;49,407534369000075;08211208221200082840;0
86439;08;4;17;008;2021;11;08;2;2;0;1;1;0;0;0;0;1;0;494325,551525497809052;5350211,619950227439404;8,923478178000039;48,305073582000034;08211115417300996880;1
86442;08;2;16;017;2021;12;12;4;2;6;4;0;1;1;0;0;0;0;452035,818292341195047;5400519,537951856851578;8,347418727000047;48,755839111000057;08211201211000070630;1
86460;08;3;11;000;2021;12;12;3;3;6;4;0;1;1;0;0;0;0;414579,988836701028049;5318130,441951230168343;7,854644591000067;48,010756901000036;08211207311010078010;0
86463;08;1;19;086;2021;11;06;5;3;5;3;1;1;0;0;0;2;0;534691,068279500119388;5406248,459379594773054;9,472483781000051;48,808255584000051;08211118119300007610;1
86466;08;1;15;021;2021;12;17;5;3;5;3;1;1;0;0;0;2;0;490215,059000002220273;5382510,301999518647790;8,867291949000048;48,595596990000047;08211209115200110400;1
86468;08;3;36;050;2021;12;20;7;3;5;3;1;1;0;0;0;2;0;399176,572004645131528;5275470,919342918321490;7,658088196000051;47,624790514000040;08211204336100094510;1
86471;08;2;12;000;2021;12;17;3;3;5;3;1;1;0;0;0;2;0;459994,898007420822978;5427874,651169151067734;8,453024549000077;49,002471519000039;08211221212010138810;0
86487;08;1;16;078;2021;12;17;5;3;6;4;0;1;1;0;0;2;0;510545,070222285576165;5393425,959198502823710;9,143295176000038;48,693783491000033;08211202116200081250;1
86492;08;2;26;096;2021;11;20;2;3;6;4;0;1;1;0;0;2;0;475289,021310731768608;5486810,688099289312959;8,658491034000065;49,533405216000062;08211129226600061570;1
86494;08;1;15;021;2021;11;17;5;2;6;2;0;1;1;0;0;2;0;489163,471801654435694;5384022,029430560767651;8,852990405000071;48,609179490000031;08211111118000016120;0
86504;08;2;26;085;2021;12;08;3;3;0;7;0;1;1;0;0;0;0;492400,040466737933457;5457596,021755337715149;8,895525678000070;49,271076415000039;08211214226500109410;1
86512;08;3;27;036;2021;11;12;5;3;0;7;1;1;0;0;0;0;0;491581,125365630723536;5319551,787606230005622;8,887075905000074;48,029199352000035;08211118327100006800;0
86513;08;2;26;009;2021;11;12;3;3;4;6;1;0;0;0;0;0;0;466562,314611461013556;5471496,076477659866214;8,539184076000026;49,395237652000048;08211116222500005580;0
86515;08;1;27;025;2021;12;18;6;2;6;4;0;1;1;0;0;2;0;556193,429668203927577;5425010,328552724793553;9,767898793000029;48,975445963000027;08211217127010126620;1
86518;08;3;11;000;2021;11;07;3;3;5;3;1;1;0;0;0;0;0;409549,211642635986209;5316459,205246731638908;7,787556940000059;47,995031582000081;08211130311010061820;0
86526;08;1;18;011;2021;12;10;7;3;5;3;1;1;0;0;0;0;0;505191,400000002235174;5408430,700999522581697;9,070734430000073;48,828833422000059;08211204118200082160;1
86528;08;1;36;044;2021;12;07;3;1;8;1;1;1;0;0;0;2;0;556195,003879022784531;5410502,090089173987508;9,765922889000024;48,844944934000068;08211214136010104810;1
86531;08;1;11;000;2021;12;19;5;3;5;2;1;1;0;0;0;2;0;512017,065594655461609;5404868,528596911579370;9,163631636000048;48,796693996000045;08211216111120144050;0
86533;08;4;36;005;2021;11;17;2;3;4;6;1;0;0;0;0;0;0;540250,443176765926182;5308063,843653280287981;9,538799188000041;47,924631332000047;08211108436400982570;0
86534;08;1;11;000;2021;11;09;3;3;6;4;0;1;1;0;0;0;0;516995,426929083652794;5406115,010283902287483;9,231471116000023;48,807790999000076;08211130111500061050;1
86535;08;1;21;000;2021;12;08;2;3;6;4;0;1;1;0;0;0;0;513307,218171187676489;5443894,405959371477365;9,182475776000047;49,147729479000077;08211206121300098510;0
86549;08;3;11;000;2021;12;18;7;3;5;2;1;1;0;0;0;2;0;412725,580827397294343;5317904,804956080392003;7,829830972000025;48,008476657000074;08211204300700099110;1
86552;08;1;19;008;2021;12;16;3;3;4;2;1;1;0;0;0;1;0;532690,233239206485450;5420336,956152819097042;9,446359753000024;48,935097764000034;08211221119010119380;0
86561;08;1;19;079;2021;11;17;4;3;4;3;1;1;0;0;0;2;0;522855,233000001870096;5407638,498999522998929;9,311363186000051;48,821308079000062;08211117119400008600;0
86570;08;2;12;000;2021;12;07;4;3;5;2;1;0;0;0;1;2;0;459903,320491587743163;5427882,471377298235893;8,451771730000075;49,002535921000060;08211215212010113760;0
86580;08;1;36;065;2021;12;12;6;3;5;2;1;1;0;0;0;0;0;557299,331000003032386;5405093,577999524772167;9,780217623000055;48,796194062000041;08211217136300135780;0
86582;08;3;11;000;2021;12;20;4;3;0;7;1;0;0;0;0;1;0;414608,829366858117282;5317788,714695330709219;7,855099267000071;48,007686791000026;08211201311010070390;1
86588;08;1;18;076;2021;11;06;2;2;2;6;1;0;0;0;1;2;0;502916,249390263110399;5427077,590563016012311;9,039868058000025;48,996591053000031;08211108118000987660;0
86590;08;2;21;000;2021;11;08;4;3;5;3;1;1;0;0;0;0;0;477751,030797585844994;5473510,129143467172980;8,693263777000027;49,413865487000066;08211110221300986000;0
86602;08;4;35;016;2021;11;08;4;3;5;3;1;1;0;0;0;0;0;535577,685000000521541;5279703,125999491661787;9,473925072000043;47,669740799000067;08211117435100019280;0
86607;08;1;21;000;2021;11;17;1;2;6;4;0;1;1;0;0;2;0;513844,352697243914008;5443376,991613140329719;9,189823434000061;49,143063287000075;08211121121300033560;0
86611;08;1;36;033;2021;12;18;5;3;6;4;0;1;1;0;0;2;0;580418,343069953843951;5416213,593433685600758;10,097149522000052;48,893649429000050;08211216136100121670;1
86612;08;2;35;008;2021;12;16;6;2;6;7;0;1;1;0;0;2;0;480455,469189417548478;5402079,100634131580591;8,734003420000022;48,771409623000068;08211210235100086160;1
86614;08;1;17;019;2021;11;14;3;3;5;3;1;0;0;0;0;0;1;552742,329295020550489;5393434,024349372833967;9,716679532000057;48,691716035000070;08211130117100065690;1
86615;08;3;11;000;2021;12;18;2;3;2;6;1;1;0;0;0;2;0;412047,818444873206317;5315278,162716461345553;7,821283920000042;47,984756344000061;08211206311010077320;0
86616;08;2;21;000;2021;11;13;5;3;2;6;1;0;0;0;0;0;0;476557,887923209927976;5472803,267447441816330;8,676856475000022;49,407462582000051;08211111221200987750;0
86625;08;4;36;081;2021;12;17;4;3;4;6;1;0;0;0;0;2;0;556813,956534096971154;5275944,545438395813107;9,756301187000076;47,634407953000050;08211201436500071570;1
86627;08;3;11;000;2021;12;14;4;3;3;2;1;1;0;0;0;0;0;411858,389441087841988;5315206,477375999093056;7,818760506000046;47,984085437000033;08211215311010101930;1
86630;08;1;19;020;2021;11;10;2;3;0;2;1;1;0;0;0;0;0;519073,143052814528346;5406509,613555591553450;9,259786853000037;48,811280485000054;08211108119200981250;1
86637;08;4;26;070;2021;12;14;3;2;6;3;0;1;1;0;0;0;0;565182,910000003874302;5341926,420999504625797;9,877682813000035;48,227209062000043;08211207426010091110;0
86641;08;1;11;000;2021;12;07;4;3;6;2;0;1;1;0;0;1;0;511411,518532754853368;5410230,808890722692013;9,155535356000030;48,844943752000063;08211208111330081150;1
86647;08;3;36;081;2021;12;15;4;3;5;3;1;1;0;0;0;0;0;412229,552741792052984;5278006,898486889898777;7,831268427000055;47,649504342000057;08211201311010070790;1
86648;08;3;16;056;2021;11;17;6;2;1;6;0;1;1;0;0;2;0;423711,305686973035336;5327632,939688414335251;7,975365851000049;48,097393563000026;08211126316200057250;1
86650;08;3;37;053;2021;12;12;6;3;6;6;0;1;1;0;0;0;0;453070,102741141803563;5269032,810805231332779;8,376005418000034;47,573013082000045;08211203337200091720;0
86651;08;1;18;049;2021;12;07;6;3;6;2;0;1;1;0;0;2;0;519368,191305466927588;5421129,924291891977191;9,264498027000059;48,942791487000079;08211210118500110100;2
86655;08;3;26;074;2021;11;10;4;3;6;2;0;1;1;0;0;0;0;465561,804423778317869;5323504,443697050213814;8,537762638000061;48,063887588000057;08211110326200013900;0
86657;08;2;35;008;2021;11;17;3;2;1;6;1;1;0;0;0;2;0;477034,112579127773643;5402548,582607397809625;8,687413993000064;48,775516136000078;08211123235100047300;0
86658;08;3;35;043;2021;12;16;3;3;8;1;1;0;0;0;0;2;0;512310,194396207109094;5279851,854583933949471;9,163989016000073;47,671940591000066;08211207335100080840;0
86669;08;3;17;151;2021;12;17;5;2;4;6;1;0;0;0;0;1;0;411151,869945603422821;5371967,683537447825074;7,797385125000062;48,494546008000043;08211209317000090600;1
86673;08;2;15;009;2021;12;17;3;3;3;6;1;0;0;0;0;2;0;469953,031041719950736;5441672,963805869221687;8,588149787000020;49,127156338000077;08211221215402130830;0
86675;08;4;36;081;2021;11;12;6;3;0;7;1;1;0;0;0;0;0;562337,813783639110625;5281657,170940404757857;9,830641428000035;47,685294887000055;08211126436300055140;1
86683;08;3;17;153;2021;11;13;4;3;5;3;1;0;0;0;1;0;0;420679,952697185799479;5391219,254840336740017;7,922654443000056;48,668982923000044;08211117317200030190;0
86684;08;3;27;046;2021;12;15;5;3;0;1;1;0;0;0;0;0;0;480604,834808930754662;5324433,089180316776037;8,739628506000031;48,072877449000032;08211202327200081200;2
86689;08;1;35;019;2021;12;07;3;3;6;4;0;1;1;0;0;1;0;585391,000000013969839;5393341,194999519735575;10,160224076000077;48,687267653000049;08211214135010120920;1
86691;08;1;27;076;2021;12;07;2;3;5;3;1;1;0;0;0;1;0;553346,791000001132488;5439175,914999533444643;9,730866717000026;49,103115274000061;08211220127100151420;0
86694;08;3;36;084;2021;12;18;6;2;6;4;0;1;1;0;0;2;0;405356,040264075621963;5277446,036887491121888;7,739885658000048;47,643490324000027;08211210311010110470;1
86696;08;2;21;000;2021;11;13;3;3;5;2;0;0;1;0;1;0;0;476598,761447806842625;5471966,357005607336760;8,677469208000048;49,399936279000030;08211130221200063310;1
86697;08;2;22;000;2021;12;17;2;3;6;4;0;1;1;0;0;1;0;465315,651565494015813;5482471,978044949471951;8,521043320000047;49,493891820000044;08211206222301105360;1
86700;08;2;26;038;2021;11;12;3;3;5;3;1;1;0;0;0;0;0;472050,559792752377689;5480075,803381474688649;8,614212651000059;49,472686709000072;08211123222400023080;0
86702;08;1;25;013;2021;12;05;4;3;6;4;0;1;1;0;0;2;0;504988,867296632379293;5435757,875421011820436;9,068309643000021;49,074661758000047;08211208121400092370;1
86704;08;1;16;077;2021;11;09;7;3;1;1;1;1;0;0;0;0;0;517863,411235746927559;5390820,335626618936658;9,242629521000026;48,670176604000062;08211120116200039240;0
86714;08;3;35;075;2021;11;07;2;2;2;6;1;0;0;0;0;0;0;487679,969001633115113;5289435,684573480859399;8,835608951000040;47,758171863000030;08211129335300052860;1
86722;08;2;16;015;2021;11;07;6;3;5;3;1;1;0;0;0;1;0;451592,832999999634922;5404331,790999524295330;8,340943352000068;48,790097480000043;08211112216300002640;1
86729;08;2;31;000;2021;11;06;4;2;6;4;0;1;1;0;0;2;0;475896,737276844680309;5414765,122408201918006;8,671215314000051;48,885369859000036;08211124231000051090;2
86732;08;1;18;077;2021;12;17;6;3;4;6;1;0;0;0;0;2;0;511203,947771943174303;5422791,138602863997221;9,153050854000071;48,957936981000046;08211203118100073480;0
86733;08;1;36;066;2021;12;18;5;3;6;4;0;1;1;0;0;0;0;555884,771152839995921;5414488,136999167501926;9,762239217000058;48,880827577000048;08211209136300111860;0
86742;08;3;15;059;2021;12;14;7;3;6;4;0;1;1;0;0;0;0;399153,738576752133667;5322139,127570806071162;7,646913021000046;48,044565419000037;08211211311100121370;0
86743;08;3;26;003;2021;11;15;3;2;5;3;1;1;0;0;0;0;0;466851,122356673702598;5319594,640373695641756;8,555370467000046;48,028780015000052;08211109326300002860;0
86744;08;1;11;000;2021;11;18;3;3;6;4;0;1;1;0;0;2;0;507153,702999999746680;5397521,662999521940947;9,097281551000037;48,730676768000080;08211130111500062100;1
86745;08;1;18;046;2021;12;17;3;3;5;3;1;1;0;0;0;2;0;515056,373841188848019;5412677,283507773652673;9,205303254000057;48,866873991000034;08211207118300081040;0
86748;08;1;15;021;2021;11;18;6;3;0;7;1;0;0;0;0;2;0;490211,865121226757765;5382510,972521040588617;8,867248616000040;48,595602972000052;08211119115200042780;0
86761;08;2;15;007;2021;11;12;2;3;5;2;1;1;0;0;0;0;0;478288,597490387037396;5431370,713806143030524;8,702955676000045;49,034834832000058;08211129215302053870;0