OID_;ULAND;UREGBEZ;UKREIS;UGEMEINDE;UJAHR;UMONAT;USTUNDE;UWOCHENTAG;UKATEGORIE;UART;UTYP1;IstRad;IstPKW;IstFuss;IstKrad;IstSonstige;ULICHTVERH;IstGkfz;LINREFX;LINREFY;XGCSWGS84;YGCSWGS84;UIDENTSTLAE;IstStrassenzustand
86763;08;1;18;048;2021;12;15;3;2;5;3;1;1;0;0;0;0;0;519364,151437579654157;5417829,631349904462695;9,264286132000052;48,913103387000035;08211221118000120530;0
86775;08;4;36;064;2021;11;15;7;3;6;4;0;0;1;0;1;0;0;545444,727340575307608;5292290,430770942941308;9,606669363000037;47,782372074000079;08211113436200023440;0
86780;08;4;21;000;2021;12;15;2;3;6;2;0;1;1;0;0;0;0;572990,293036282993853;5364135,933813139796257;9,986639651000075;48,426140786000076;08211220421200143860;0
86790;08;1;11;000;2021;11;07;6;3;6;4;0;1;1;0;0;1;0;507817,846657266840339;5396095,922632768750191;9,106286042000022;48,717842782000048;08211119111500024020;1
86809;08;3;17;065;2021;11;13;2;3;6;4;0;0;1;0;1;0;0;417032,381645498797297;5354819,269765051081777;7,880357699000058;48,341103403000034;08211122317300046220;1
86816;08;2;37;040;2021;11;07;3;3;6;1;0;1;1;0;0;1;0;474842,302087378688157;5370095,259934410452843;8,659551714000031;48,483480047000057;08211130231000050290;2
86817;08;2;35;006;2021;12;13;3;2;6;4;0;1;1;0;0;0;0;470892,005142616108060;5381969,747234094887972;8,605265663000068;48,590133952000031;08211207231000116530;1
86822;08;3;36;069;2021;12;08;5;3;6;4;1;0;1;0;0;1;0;408173,352824750356376;5268547,466243002563715;7,779251205000037;47,563846714000078;08211202336200082630;1
86845;08;2;22;000;2021;11;19;6;3;5;3;1;1;0;0;0;2;0;462523,155793530866504;5485935,806183220818639;8,482154528000024;49,524880983000060;08211126222800053920;0
86852;08;3;15;131;2021;12;06;7;2;4;6;1;0;0;0;0;2;0;405654,169361887499690;5306220,129502372816205;7,737604170000054;47,902367424000033;08211218311010146930;1
86855;08;1;15;024;2021;11;11;7;2;6;4;0;1;1;0;0;0;0;501812,912183788605034;5384732,861910678446293;9,024597323000023;48,615665499000045;08211113118010019270;0
86863;08;1;19;061;2021;11;11;3;3;6;4;0;1;1;0;0;0;0;538798,758000001311302;5414807,951999530196190;9,529237924000029;48,885009394000065;08211116119300015620;0
86866;08;1;19;079;2021;12;18;5;3;5;2;1;1;0;0;0;2;0;522355,706000000238419;5410136,639999525621533;9,304694335000022;48,843798915000036;08211202119400093430;1
86875;08;4;26;038;2021;11;16;2;2;0;7;1;0;0;0;0;2;0;561677,519788063131273;5316593,520873343572021;9,826823822000051;47,999663209000062;08211122426100033070;1
86883;08;1;15;045;2021;11;17;5;3;6;7;1;0;1;0;0;2;0;496637,987805037759244;5394067,271061751991510;8,954308897000033;48,699632844000064;08211118115400009770;0
86899;08;4;25;071;2021;12;18;3;2;6;4;0;1;1;0;0;2;0;550971,128610742278397;5370960,022100884467363;9,689856137000049;48,489696030000061;08211207117010090380;2
86906;08;1;11;000;2021;11;21;2;3;5;3;1;1;0;0;0;2;0;513217,161000000312924;5406682,015999525785446;9,180031165000059;48,812983551000059;08211115111500998840;0
86916;08;3;37;126;2021;12;06;2;3;6;1;0;1;1;0;0;2;0;444301,291629930958152;5274264,321004185825586;8,258757348000074;47,619387844000073;08211206337010077470;2
86923;08;1;36;050;2021;11;13;3;2;6;4;0;1;1;0;0;0;0;581152,343210223130882;5403930,530592504888773;10,104729182000028;48,783077503000072;08211116136100004080;1
86924;08;3;27;046;2021;12;11;6;2;6;6;0;1;1;0;0;0;0;480572,956836773082614;5324455,141090486198664;8,739199560000031;48,073074879000046;08211217327200131010;0
86931;08;4;35;016;2021;11;10;2;2;6;7;0;1;1;0;0;0;0;535718,057067208923399;5277749,182455480098724;9,475635170000032;47,652152628000067;08211129435100051030;1
86935;08;1;27;059;2021;11;18;3;3;8;1;1;0;0;0;0;2;0;547611,853406323119998;5441748,235661502927542;9,652605514000072;49,126723596000033;08211123127100039760;0
86938;08;3;11;000;2021;12;16;3;2;4;2;1;0;0;0;0;2;0;413657,013032339513302;5317101,057249169796705;7,842478687000039;48,001373194000053;08211221311010121730;0
86939;08;1;27;014;2021;12;11;6;3;4;2;1;1;0;0;0;0;0;575444,977893573231995;5443558,327051501721144;10,034393762000036;49,140217022000058;08211217127202122300;0
86942;08;2;15;108;2021;11;12;5;3;5;3;1;1;0;0;0;0;0;451681,363387657329440;5423481,177568849176168;8,339885955000057;48,962357212000029;08211125212702041910;0
86943;08;4;36;081;2021;11;07;4;3;5;3;1;1;0;0;0;1;0;562555,686273317784071;5282242,407380064949393;9,833628126000065;47,690539047000073;08211117436300004940;1
86944;08;1;18;079;2021;12;11;4;2;9;1;1;0;0;0;0;0;0;508083,306958591565490;5421393,047849748283625;9,110393876000046;48,945408892000046;08211215118000133260;1
86945;08;3;11;000;2021;12;13;6;3;5;3;1;1;0;0;0;0;0;410169,743997540324926;5318808,123978188261390;7,795380975000057;48,016248031000032;08211203311010091860;1
86953;08;2;26;096;2021;12;12;7;3;5;3;1;1;0;0;0;0;0;475719,041615602560341;5488406,467369826510549;8,664335558000062;49,547776024000029;08211211226600088410;1
86955;08;3;11;000;2021;11;19;3;2;5;3;1;1;0;0;0;2;0;412651,830553817562759;5317839,615658612921834;7,828855626000063;48,007880185000033;08211130311010060680;1
86957;08;3;11;000;2021;11;12;5;3;6;4;0;1;1;0;0;0;0;413628,132826307788491;5317119,035213740542531;7,842087979000041;48,001531010000065;08211111311010002970;0
86964;08;1;17;024;2021;11;11;6;2;5;2;1;1;0;0;0;0;0;561878,920000003650784;5385000,689999517053366;9,839556994000077;48,615017429000034;08211126117010056380;1
86973;08;2;21;000;2021;11;12;2;3;0;2;1;1;0;0;0;0;0;475009,497239232994616;5470167,336478829383850;8,655678481000052;49,383691201000033;08211122221200032700;0
86983;08;2;37;002;2021;12;12;5;3;6;4;0;1;1;0;0;0;0;455569,480759465135634;5354726,316221293061972;8,400380559000041;48,344153505000065;08211202231000082530;1
86986;08;2;25;014;2021;12;16;7;3;3;2;1;1;0;0;0;1;0;523058,692654911428690;5485570,211759656667709;9,318602023000039;49,522312704000058;08211204225200097380;1
86992;08;3;15;047;2021;12;17;6;3;5;3;1;1;0;0;0;2;0;415930,423999987542629;5321095,373999500647187;7,872166523000033;48,037606754000080;08211210311010152670;1
86993;08;2;26;056;2021;11;14;3;3;6;7;0;1;1;0;0;0;0;482579,252521397545934;5473719,369188250973821;8,759818347000021;49,415904989000069;08211109221011005070;0
86994;08;1;18;073;2021;11;07;3;3;6;2;0;1;1;0;0;0;0;497589,748211699537933;5422065,291701337322593;8,967079139000020;48,951504321000073;08211130118600156790;0
86995;08;2;21;000;2021;12;08;2;3;4;6;1;0;0;0;0;0;0;479489,054699487984180;5473553,299872161820531;8,717222556000024;49,414314879000074;08211206221200089190;1
86996;08;1;11;000;2021;11;13;5;3;1;5;1;1;0;0;0;0;0;508944,735826048068702;5397446,658648911863565;9,121635713000046;48,729978892000076;08211111111230989550;0
87001;08;4;26;019;2021;11;06;6;2;0;7;1;0;0;0;0;1;0;578640,070001494139433;5322217,138064997270703;10,055213398000035;48,048389580000048;08211119426100025350;0
87005;08;2;16;007;2021;12;17;5;2;6;4;0;1;1;0;0;2;0;436330,448984244838357;5394341,579283373430371;8,134714161000034;48,698860280000076;08211202211000075770;0
87010;08;2;22;000;2021;11;21;2;3;5;3;1;1;0;0;0;2;0;463338,540629052557051;5483258,843441238626838;8,493669446000069;49,500853018000043;08211108222600007860;0
87014;08;1;16;041;2021;12;14;2;3;4;2;1;1;0;0;0;0;0;518752,633934124372900;5384316,471947520971298;9,254412836000029;48,611641184000064;08211220116500115460;0
87026;08;1;11;000;2021;12;14;4;3;5;3;1;1;0;0;0;0;0;519265,017436210066080;5401686,707590373232961;9,262174132000041;48,767888417000052;08211215111500128770;0
87029;08;2;16;043;2021;11;07;2;3;5;3;1;1;0;0;0;1;0;441983,950243062339723;5411092,747125580906868;8,209175511000069;48,850090341000055;08211115216100028700;1
87030;08;1;21;000;2021;11;07;2;3;5;2;1;1;0;0;0;1;0;516544,844796334393322;5443717,917890356853604;9,226864287000069;49,146063220000030;08211129121200150610;0
87031;08;1;25;013;2021;11;05;2;3;6;4;0;1;1;0;0;2;0;504953,685172419995070;5436169,649309562519193;9,067832959000043;49,078366150000079;08211122121400047890;1
87033;08;1;11;000;2021;11;23;7;3;0;7;1;0;0;0;0;2;0;512940,838719753548503;5399750,043444789946079;9,176049164000062;48,750629924000066;08211127111230034440;0
87034;08;1;19;020;2021;12;15;6;3;6;2;0;0;1;0;1;0;0;520341,423000001348555;5409194,981999523937702;9,277194519000034;48,835397267000076;08211217119200155610;0
87036;08;1;11;000;2021;11;13;4;3;1;5;1;1;0;0;0;0;0;515506,237371648661792;5399227,694587169215083;9,210929348000036;48,745872301000077;08211110111500027470;0
87043;08;3;15;113;2021;12;12;5;3;5;3;1;1;0;0;0;0;0;441047,675959989428520;5307505,454493621364236;8,210951368000053;47,918160493000073;08211202311500089070;2
87048;08;1;11;000;2021;12;22;3;3;6;4;0;1;1;0;0;2;0;513732,086581319570541;5403155,052405485883355;9,186927014000048;48,781244220000076;08211214111500096110;0
87053;08;2;26;106;2021;12;13;6;3;6;4;0;1;1;0;0;0;0;501589,444463510997593;5461410,938479388132691;9,021864795000056;49,305437384000072;08211210226500084930;1
87061;08;1;27;014;2021;11;18;7;3;0;4;0;1;1;0;0;2;0;577934,439944554120302;5443566,242174817249179;10,068521114000021;49,139977416000079;08211113127202994050;1
87068;08;2;36;062;2021;11;11;2;2;5;3;1;1;0;0;0;0;0;486919,923000002279878;5405927,916999522596598;8,821860081000068;48,806202675000065;08211115231000065820;0
87070;08;4;37;100;2021;12;10;2;3;5;3;1;1;0;0;0;0;0;537228,881000000983477;5317629,271999502554536;9,499182300000029;48,010873138000079;08211213437100108440;0
87071;08;4;36;081;2021;12;16;5;3;6;4;0;1;1;0;0;2;0;562481,993249303661287;5281913,343795511871576;9,832599065000068;47,687585682000076;08211202436300088890;1
87072;08;4;37;044;2021;12;18;2;3;6;6;0;0;1;0;1;2;0;534973,270605867728591;5320412,418823359534144;9,469166270000073;48,036040124000067;08211220437100129310;0
87076;08;1;17;026;2021;11;13;3;2;0;1;1;0;0;0;0;0;0;553817,878037992864847;5400015,707820121198893;9,732152018000022;48,750828542000079;08211109117300982850;0
87079;08;1;19;020;2021;11;20;5;3;6;4;0;0;1;1;0;2;0;519793,306682174094021;5406357,061790734529495;9,269588415000044;48,809885635000057;08211111119200988210;0
87082;08;4;36;064;2021;11;19;5;3;0;1;1;0;0;0;0;2;0;547722,981327344663441;5289765,133705150336027;9,636803836000070;47,759487227000079;08211118436200040620;0
87084;08;1;17;042;2021;12;07;4;2;5;3;1;1;0;0;0;1;0;554452,839000001549721;5393712,674999522045255;9,739957222000044;48,694075670000075;08211208117010100700;1
87088;08;2;26;096;2021;12;07;2;3;5;3;1;1;0;0;0;1;0;475243,854957059957087;5488579,804486919194460;8,657755721000058;49,549315881000041;08211213226600108590;1
87095;08;1;18;050;2021;11;15;2;3;5;3;1;1;0;0;0;0;0;505770,830000000074506;5416746,603999527171254;9,078746626000054;48,903636656000060;08211108118600996270;0
87107;08;1;28;126;2021;12;16;2;2;6;4;0;1;1;0;0;1;0;565363,102509995922446;5481521,170823378488421;9,902400493000073;49,482811074000040;08211213128100124460;1
87111;08;1;19;044;2021;11;15;5;2;6;7;0;1;1;0;0;0;0;542593,935910478234291;5425265,380120551213622;9,582096298000067;48,978827472000035;08211125119100047150;0
87112;08;1;17;026;2021;11;15;5;3;3;2;1;1;0;0;0;0;0;546793,036000001244247;5395233,044999521225691;9,636048042000027;48,708373688000052;08211118117300022980;0
87128;08;3;11;000;2021;11;19;4;3;1;5;1;1;0;0;0;2;0;415503,671782381832600;5315649,908073049038649;7,867515798000056;47,988566242000047;08211117311010045960;1
87130;08;4;15;059;2021;12;19;4;2;6;4;0;1;1;0;0;2;0;516917,762905628420413;5369977,773734623566270;9,228937192000046;48,482698901000049;08211208415300081310;1
87132;08;2;31;000;2021;12;04;7;2;6;4;0;1;1;0;0;2;0;478214,593134285882115;5415638,446976523846388;8,702785396000024;48,893311808000078;08211204231302100590;1
87139;08;1;15;045;2021;12;16;5;3;4;2;1;1;0;0;0;1;0;497358,189420564100146;5396122,291719574481249;8,964083571000060;48,718123422000076;08211216115400116780;0
87140;08;3;35;098;2021;12;16;6;3;0;1;1;0;0;0;0;1;0;505320,335217673331499;5294955,509827839210629;9,071059112000057;47,807932385000072;08211210335400118000;1
87143;08;2;22;000;2021;12;16;2;1;6;4;0;1;1;0;0;2;0;467221,672444853000343;5484626,757170852273703;8,547183875000030;49,513379056000076;08211206222014076310;0
87146;08;1;11;000;2021;11;11;3;3;6;2;0;1;1;0;0;0;0;510788,750000000931323;5397246,008999519050121;9,146706359000063;48,728144647000079;08211123111500048940;0
87154;08;2;15;009;2021;12;11;4;3;5;3;1;1;0;0;0;0;0;470840,932040859013796;5441182,241141401231289;8,600355300000047;49,122784960000047;08211201215402086290;0
87158;08;1;36;088;2021;12;18;6;3;6;2;0;1;1;0;0;2;0;580047,534979393705726;5409841,207196554169059;10,090844983000068;48,836382967000077;08211203136100095770;1
87163;08;2;16;007;2021;11;16;4;3;5;3;1;1;0;0;0;0;0;435737,037209345959127;5395176,336826521903276;8,126520583000058;48,706308109000076;08211110216200986590;0
87167;08;4;35;052;2021;11;18;5;3;4;6;1;0;0;0;0;2;0;522093,662713244557381;5292198,605919962748885;9,294943619000037;47,782770175000053;08211118435200061860;0
87168;08;1;16;014;2021;11;19;1;3;6;2;0;1;1;0;0;2;0;528136,522628389298916;5395783,298877215012908;9,382499294000070;48,714444538000066;08211128116100069010;1
87170;08;2;21;000;2021;12;13;7;3;3;3;1;0;0;0;1;0;0;476320,791302209720016;5471762,813092965632677;8,673650243000054;49,398094682000078;08211211221200113330;1
87173;08;3;17;026;2021;11;07;6;3;5;3;1;1;0;0;0;0;0;411652,896822789683938;5345262,648011825978756;7,809777776000033;48,254414328000053;08211112317300999660;1
87174;08;1;11;000;2021;11;15;5;3;5;3;1;1;0;0;0;0;0;514243,913649277761579;5406027,767116036266088;9,193993793000061;48,807075329000043;08211125111500028000;0
87175;08;3;15;064;2021;11;18;5;3;0;1;1;0;0;0;0;2;0;421652,288318827748299;5314101,041353568434715;7,950191920000066;47,975415939000072;08211118311000027530;0
87187;08;2;26;096;2021;11;14;2;3;5;2;1;1;0;0;0;0;0;475170,425748030655086;5486075,792558308690786;8,656898326000032;49,526790257000073;08211108226600008740;0
87190;08;2;16;009;2021;11;17;4;3;4;6;1;0;0;0;0;2;0;446611,374999999068677;5420918,646999528631568;8,270962882000049;48,938890218000040;08211110216100986860;0
87192;08;2;16;009;2021;11;17;1;2;1;7;1;0;0;0;0;2;0;447885,866000001318753;5422143,353999530896544;8,288208340000040;48,950015148000034;08211128216100038140;1
87193;08;3;17;034;2021;11;16;2;3;5;3;1;1;0;0;0;1;0;426794,032904965803027;5362020,204291887581348;8,010814747000040;48,407084368000028;08211122317500024190;0
87199;08;3;11;000;2021;12;08;3;3;0;7;1;0;0;0;0;0;0;414436,078603851608932;5316732,781218335032463;7,852994172000024;47,998165166000035;08211207311010101250;0
87201;08;4;36;055;2021;11;10;4;2;5;3;1;1;0;0;0;0;0;576380,003037812188268;5297201,976631110534072;10,020454349000033;47,823631368000065;08211124436100068120;0
87203;08;1;11;000;2021;11;16;5;3;4;6;1;0;0;0;0;2;0;513204,829383998177946;5406429,050401177257299;9,179855057000054;48,810708169000065;08211118111340035730;0
87205;08;4;36;055;2021;12;17;5;3;6;4;0;1;1;0;0;2;0;576466,383164694532752;5297485,828387906774879;10,021658329000047;47,826174644000048;08211202436100093180;2
87219;08;3;27;050;2021;11;17;3;3;6;4;0;1;1;0;0;2;0;487697,644869796931744;5314180,744894620031118;8,835140232000072;47,980812309000044;08211123327100059720;1
87223;08;3;15;130;2021;11;17;7;2;0;1;1;0;0;0;0;0;0;409187,555732549168169;5296017,295341949909925;7,787014327000065;47,811098922000042;08211120311010042140;2
87235;08;1;16;077;2021;11;16;5;3;5;3;1;1;0;0;0;0;0;515598,261241374537349;5390743,959384271875024;9,211860510000065;48,669550209000079;08211111116200004420;0
87245;08;1;15;028;2021;11;13;5;3;6;7;0;1;1;0;0;0;0;501218,024802586063743;5405406,474971929565072;9,016586993000033;48,801648275000048;08211118115300035760;0
87248;08;1;16;080;2021;12;07;6;3;6;2;0;1;1;0;0;2;0;519144,496333535760641;5394877,045108109712601;9,260217627000031;48,706632852000041;08211210116200098940;1
87254;08;3;17;001;2021;11;07;2;3;6;2;0;1;1;0;0;2;0;432223,538888843730092;5386596,141464451327920;8,080176244000029;48,628757539000048;08211122317100018720;1
87257;08;1;11;000;2021;12;00;7;3;2;6;1;1;0;0;0;2;0;509952,709432293660939;5399277,399783879518509;9,135386906000065;48,746432959000060;08211211111500139820;1
87261;08;4;36;049;2021;11;15;5;3;5;3;1;1;0;0;0;0;0;577953,851111522875726;5283542,984506282955408;10,039027845000021;47,700565202000064;08211111436300006090;0
87272;08;1;11;000;2021;12;16;5;3;5;2;1;1;0;0;0;1;0;516648,443143296055496;5405819,446727542206645;9,226733384000056;48,805141546000073;08211216111320103260;0
87275;08;1;18;046;2021;11;07;3;2;6;4;0;1;1;0;0;2;0;513907,599000001326203;5414396,079999526962638;9,189697521000028;48,882362705000048;08211130118000060920;1
87276;08;3;17;096;2021;12;16;2;3;5;2;1;1;0;0;0;1;0;422584,040314896032214;5370221,919073032215238;7,952421253000068;48,480355610000061;08211206317500078810;0
87282;08;4;35;035;2021;11;13;2;3;5;3;1;0;0;0;0;0;1;540094,191634008660913;5280134,546677572652698;9,534125849000077;47,673358157000052;08211115436000005730;0
87294;08;1;27;014;2021;12;16;4;3;6;4;0;1;1;0;0;1;0;577084,123000007122755;5442474,808999536558986;10,056656234000059;49,130268496000042;08211222127202135340;0
87303;08;4;35;016;2021;12;11;5;3;5;3;1;1;0;0;0;0;0;532589,083637185394764;5278767,557736564427614;9,434045799000046;47,661480593000078;08211223435100150020;0
87318;08;1;11;000;2021;12;08;5;3;6;4;0;0;1;0;1;0;0;517322,479480618610978;5405999,355018861591816;9,235920526000029;48,806741552000062;08211223111500125950;0
87387;08;3;17;096;2021;12;15;4;3;8;1;1;0;0;0;0;0;0;422710,040741691365838;5368586,010940730571747;7,954428381000071;48,465656213000045;08211229317500142870;1
87390;08;1;18;077;2021;12;11;4;3;5;3;1;1;0;0;0;0;0;513459,180650933645666;5423019,700909554958344;9,183865732000072;48,959948057000076;08211222118100155650;0
87419;08;1;26;011;2021;12;18;2;3;6;7;0;1;1;0;0;2;0;529891,144581764005125;5447610,571001298725605;9,410155124000028;49,180573574000050;08211227126200154830;1
87423;08;2;12;000;2021;12;07;4;3;6;2;0;1;1;0;0;1;0;456059,059811719693244;5428979,216838575899601;8,399094652000031;49,012139567000077;08211222212302135070;0
87435;08;1;18;081;2021;12;17;4;2;5;3;1;1;0;0;0;2;0;517093,638105574063957;5413352,006526784971356;9,233110619000058;48,872890821000055;08211222118000136580;0
87463;08;1;11;000;2021;12;09;4;3;5;3;1;1;0;0;0;0;0;513214,916347515769303;5406660,971562251448631;9,179999913000074;48,812794286000042;08211229111500139060;1
87483;08;3;35;063;2021;12;12;6;3;5;3;1;1;0;0;0;0;0;498196,120431466959417;5288555,009534711018205;8,975933725000061;47,750363129000050;08211231335200159490;0
87508;08;3;11;000;2021;12;12;3;3;0;7;1;0;0;0;0;0;0;414579,781534962356091;5318069,477531204000115;7,854653957000039;48,010208475000070;08211228311010156580;1
87543;08;1;18;046;2021;12;17;2;3;6;2;0;1;1;0;0;2;0;515046,866444564424455;5412677,806611871346831;9,205173635000051;48,866878928000062;08211227118300148780;1
87544;08;2;25;058;2021;12;10;6;3;4;2;1;1;0;0;0;0;0;510705,073304113000631;5467107,536760278046131;9,147414339000022;49,356586920000041;08211231225100153720;0
87714;08;3;16;056;2021;12;16;6;2;4;1;1;1;0;0;0;0;0;426473,107539921067655;5324665,653725227341056;8,012964681000028;48,071025428000041;08211231316200147570;0
87762;08;4;36;055;2021;12;10;2;3;5;3;1;1;0;0;0;0;0;576325,046609302051365;5298217,159747175872326;10,019899161000069;47,832770510000046;08211227436100134540;1
87814;08;3;11;000;2021;12;14;3;3;5;3;1;1;0;0;0;0;0;404595,626992140896618;5319527,743835113942623;7,720490918000053;48,021912927000074;08211228311010138420;1
87831;08;3;11;000;2021;12;14;4;3;0;7;1;1;0;0;0;0;0;414807,597375299781561;5319211,280940165743232;7,857481056000040;48,020509834000052;08211222311010136000;0
87859;08;4;36;055;2021;12;19;2;3;4;2;1;1;0;0;0;2;0;581800,902510344982147;5298622,524368252605200;10,093133985000065;47,835743789000048;08211227436100158320;1
87872;08;3;17;065;2021;12;11;4;3;6;4;1;0;1;0;0;0;0;416710,733353524468839;5354673,976688496768475;7,876046678000023;48,339754177000032;08211229317300155640;1
87921;08;1;28;137;2021;12;05;3;3;5;2;1;1;0;0;0;2;0;560590,897668457590044;5495882,271714644506574;9,838731793000022;49,612467075000040;08211228128200145300;1
87922;08;1;16;077;2021;12;15;6;3;5;2;1;1;0;0;0;0;0;514165,950000001117587;5391712,807999519631267;9,192439717000070;48,678300180000065;08211231116200162540;0
87992;08;2;37;004;2021;12;19;4;2;0;7;0;1;1;0;0;2;0;442743,002275119535625;5378940,785560088232160;8,223980922000067;48,560945993000075;08211222237100152880;0
88043;08;1;27;032;2021;12;11;5;3;5;3;0;1;1;0;0;0;1;567128,620836906135082;5456011,737646218389273;9,922468957000035;49,253189902000031;08211223127202125490;0
88055;08;2;36;019;2021;12;13;4;3;1;5;1;1;0;0;0;0;0;487907,383576744236052;5409155,421110725030303;8,835213273000022;48,835256849000075;08211222231102155600;0
88063;08;3;17;057;2021;12;14;5;2;5;3;1;1;0;0;0;0;0;411903,423995562829077;5380955,680983828380704;7,805655348000073;48,575493404000042;08211230317200142440;1
88136;08;4;25;071;2021;12;13;5;3;5;3;1;1;0;0;0;0;0;551918,705000001937151;5367599,855999514460564;9,702262584000039;48,459391195000080;08211223425000149170;0
88190;08;1;25;017;2021;12;14;3;2;0;1;1;0;0;0;0;0;0;502665,283301256597042;5432407,286173082888126;9,036472116000027;49,044535904000043;08211228121400149400;1
88205;08;1;18;040;2021;12;14;5;2;9;1;1;1;0;0;0;0;0;509702,188196239061654;5432262,272047348320484;9,132762477000028;49,043160823000051;08211223118000141990;0
88218;08;2;26;085;2021;12;00;4;2;8;1;1;0;0;0;0;2;0;493085,766808827407658;5455253,464176040142775;8,904992593000031;49,250012789000039;08211222226500142510;0
88230;08;1;25;026;2021;12;15;4;2;6;4;0;1;1;0;0;0;0;487978,942765829153359;5447019,045384727418423;8,835067364000054;49,175863152000034;08211222121100146590;0
88261;08;4;16;041;2021;12;09;6;3;0;1;1;0;0;0;0;0;0;499789,017232704907656;5372057,578825356438756;8,997143844000050;48,501637328000072;08211231416200163290;0
88291;08;4;36;082;2021;12;18;4;3;6;2;0;1;1;0;0;2;0;548171,564661650918424;5295589,629903813824058;9,643435654000029;47,811856605000060;08211229436000159190;1
88336;08;3;15;048;2021;12;16;5;3;0;7;1;0;1;0;0;0;0;395541,010715920478106;5307118,911741090938449;7,602106843000058;47,908884536000073;08211230311400158870;1
88339;08;3;26;074;2021;12;14;3;3;6;4;0;1;1;0;0;0;0;465566,294294791296124;5323504,649139227345586;8,537822884000036;48,063889679000056;08211221326200121140;1
88361;08;3;11;000;2021;12;15;5;3;0;7;1;1;0;0;0;0;0;419182,063968550413847;5315183,937059877440333;7,916894795000076;47,984849988000065;08211223311010152500;0
88389;08;2;26;037;2021;12;11;4;3;5;3;1;1;0;0;0;0;0;465616,165462347678840;5468558,499464714899659;8,526399347000051;49,368762294000078;08211222226400141290;2
88430;08;1;11;000;2021;12;12;2;3;5;3;1;1;0;0;0;0;0;515733,749957152642310;5405408,238994792103767;9,214260610000053;48,801466207000033;08211227111500147000;0
88444;08;4;35;016;2021;12;15;5;3;8;1;1;0;0;0;0;0;0;534746,049885999411345;5279481,749212145805359;9,462829751000072;47,667794202000039;08211223435100160720;0
88467;08;3;26;074;2021;12;06;3;2;6;2;0;1;1;0;0;2;0;459786,279484612867236;5322601,391498040407896;8,460330447000047;48,055425111000034;08211221325000137090;1
88511;08;1;11;000;2021;12;09;6;3;6;4;0;1;1;1;0;0;0;513342,617136031389236;5402682,973576992750168;9,181610097000032;48,777005913000039;08211224111500148590;1
88589;08;3;35;043;2021;12;21;5;2;5;3;1;1;0;0;0;2;0;513034,841817740350962;5280525,830910366028547;9,173662409000030;47,677990597000075;08211223335100147880;0
88613;08;1;27;014;2021;12;06;5;3;5;2;1;1;0;0;0;2;0;578434,012807818129659;5442745,577755095437169;10,075209579000045;49,132532927000057;08211230127202150990;1
88631;08;3;17;031;2021;12;18;5;3;6;6;0;0;1;0;1;2;0;417264,109543789178133;5358394,508887318894267;7,882781230000035;48,373292764000041;08211230317300156670;0
88642;08;2;21;000;2021;12;20;7;3;6;4;0;1;1;0;0;2;0;474943,179802100174129;5469140,207224335521460;8,654829482000025;49,374449593000065;08211225221400150400;1
88695;08;2;25;075;2021;12;03;2;2;6;6;0;0;1;0;1;2;0;532367,225817005150020;5475941,796109106391668;9,446426577000068;49,435283390000052;08211227225200133090;1
178531;08;1;11;000;2021;01;12;3;3;6;4;0;1;1;0;0;0;0;516977,102418423630297;5410024,942305669188499;9,231383416000028;48,842964533000043;08210119111330510190;1
178534;08;2;12;000;2021;02;08;2;3;5;3;1;1;0;0;0;0;0;454615,505535519681871;5429309,925045082345605;8,379317833000073;49,015009819000056;08210201212010538990;1
178539;08;1;19;079;2021;02;15;6;2;5;2;1;1;0;0;0;0;0;523504,671870571561158;5409153,399597082287073;9,320297373000074;48,834911504000047;08210205119010559270;1
178542;08;4;35;016;2021;01;18;3;2;0;7;1;0;0;0;0;2;0;536543,859147674404085;5280120,582875642925501;9,486829793000027;47,673442936000072;08210105435100468490;0
178548;08;1;11;000;2021;02;08;5;3;6;4;0;1;1;0;0;0;0;511152,900671573355794;5395547,137203702703118;9,151612155000066;48,712855146000038;08210204111500534080;1
178549;08;1;15;015;2021;01;14;6;3;6;2;0;1;1;0;0;0;0;493090,903057111427188;5387447,558903880417347;8,906213215000037;48,640051901000049;08210122115200494000;1
178550;08;3;27;050;2021;01;15;1;3;5;2;1;1;0;0;0;0;0;486616,798345315270126;5315123,811709625646472;8,820626843000070;47,989275538000072;08210103327100462590;1
178552;08;2;26;082;2021;02;13;5;3;4;5;1;0;0;0;0;0;1;475778,166868950240314;5480510,431465556845069;8,665637371000059;49,476756224000042;08210204222014534520;0
178554;08;1;11;000;2021;02;20;3;3;6;7;0;0;1;0;1;2;0;512760,714301494881511;5402355,232080018147826;9,173679523000033;48,774069783000073;08210209111500540670;0
178558;08;3;36;050;2021;01;11;5;2;6;7;0;0;1;0;1;0;0;399680,763557280413806;5272880,354256348684430;7,665390008000031;47,601565761000074;08210121311010499740;1
178562;08;1;15;045;2021;01;22;5;3;6;6;1;0;1;0;0;2;0;498460,181513065472245;5393358,190392322838306;8,979075886000032;48,693261048000068;08210114115400484960;2
178564;08;3;11;000;2021;02;17;1;3;0;5;1;1;0;0;0;0;0;411186,282757903449237;5315726,402242030948400;7,809647653000070;47,988669328000071;08210207311010537530;0
178566;08;2;22;000;2021;01;11;3;2;6;4;0;0;1;0;1;0;0;461446,121295281685889;5481991,684636788442731;8,467658078000056;49,489338281000073;08210119222014505450;0