OID_;ULAND;UREGBEZ;UKREIS;UGEMEINDE;UJAHR;UMONAT;USTUNDE;UWOCHENTAG;UKATEGORIE;UART;UTYP1;IstRad;IstPKW;IstFuss;IstKrad;IstSonstige;ULICHTVERH;IstGkfz;LINREFX;LINREFY;XGCSWGS84;YGCSWGS84;UIDENTSTLAE;IstStrassenzustand
179129;08;1;15;042;2021;01;06;4;3;6;4;0;1;1;0;0;2;0;496011,995873180218041;5406126,638035275042057;8,945684600000050;48,808115203000057;08210113115300483200;1
179132;08;3;17;114;2021;02;15;7;3;5;3;1;1;0;0;0;0;0;406347,166793350130320;5346739,048729408532381;7,737988995000023;48,266931960000079;08210206317300536910;0
179134;08;2;21;000;2021;01;15;2;3;0;7;1;0;0;0;0;0;0;474798,293984167277813;5474008,731371166184545;8,652524845000073;49,418235167000034;08210118221400510970;1
179135;08;3;36;050;2021;01;07;5;3;6;2;0;1;1;0;0;2;0;400708,912085628136992;5276863,483535068109632;7,678161385000067;47,637553867000065;08210128311010507860;1
179139;08;2;25;118;2021;02;15;5;2;0;1;1;0;0;0;0;0;0;503805,864881196059287;5476861,510327260941267;9,052502239000034;49,444405886000027;08210204225100550110;0
179146;08;1;15;003;2021;02;10;3;3;5;3;1;1;0;0;0;0;0;501824,844667118042707;5393289,830378500744700;9,024796943000069;48,692645306000031;08210209115100559980;1
179147;08;4;36;083;2021;01;07;2;3;6;2;0;0;1;0;1;2;0;532097,188939159736037;5301494,758300717920065;9,429173252000055;47,865988803000050;08210125436400505270;2
179150;08;2;21;000;2021;01;08;5;3;0;7;1;0;0;0;0;0;0;478693,604271411895752;5472947,757155001163483;8,706288599000061;49,408840773000065;08210121221200488830;0
179153;08;1;28;007;2021;02;17;4;3;5;3;1;1;0;0;0;2;0;555851,178000003099442;5482831,095999550074339;9,771277899000040;49,495542439000076;08210203128100540370;1
179154;08;3;36;091;2021;01;09;4;2;0;7;1;0;0;0;0;0;0;397223,795152808539569;5272031,565677506849170;7,632911823000029;47,593545791000054;08210113336400483440;2
179156;08;2;21;000;2021;02;09;2;3;5;3;1;1;0;0;0;0;0;473378,320999797433615;5476141,148249099031091;8,632803880000040;49,437355263000029;08210208221400599900;0
179165;08;2;12;000;2021;02;07;3;3;0;7;1;0;0;0;0;0;0;454306,407661964185536;5429155,103275286033750;8,375108278000027;49,013594374000036;08210202212502531550;1
179168;08;2;12;000;2021;02;14;2;3;0;4;0;0;1;0;1;0;0;461783,999296501278877;5427633,518120968714356;8,477507891000073;49,000415835000069;08210208212010555380;1
179175;08;2;12;000;2021;01;15;3;3;5;3;1;1;0;0;0;0;0;454336,872729243710637;5429329,567577918991446;8,375505253000028;49,015165946000081;08210112212502495390;1
179178;08;4;21;000;2021;02;18;6;3;0;2;0;1;1;0;0;2;0;573749,174315473064780;5361507,780149672180414;9,996434064000027;48,402411685000061;08210205421200552380;1
179182;08;2;21;000;2021;01;12;6;3;8;1;1;0;0;0;0;0;0;476550,745632787235081;5473110,309676503762603;8,676739888000043;49,410224101000040;08210129221200510460;0
179186;08;3;15;076;2021;02;06;4;3;6;2;0;1;1;0;0;2;0;392379,894747423939407;5296387,132171096280217;7,562489189000075;47,811834155000042;08210203311400537030;1
179188;08;3;11;000;2021;01;14;1;3;6;7;0;0;1;0;1;0;0;413846,631816145963967;5316453,172617904841900;7,845150283000066;47,995570823000037;08210103311010475810;0
179190;08;3;11;000;2021;02;06;5;3;5;3;1;1;0;0;0;2;0;414985,830548292025924;5320416,112851275131106;7,859631784000044;48,031371478000040;08210204311010533410;0
179193;08;3;27;050;2021;01;11;4;3;6;4;0;1;1;0;0;0;0;487791,469653416424990;5313159,169836468994617;8,836426575000075;47,971622804000049;08210127327100506180;2
179194;08;1;18;079;2021;01;11;6;3;6;2;0;1;1;0;0;0;0;510695,702208456583321;5421431,687031900510192;9,146072315000026;48,945716816000072;08210108118100506770;0
179199;08;3;11;000;2021;01;19;6;3;0;7;0;1;1;0;0;2;0;409912,653557114303112;5316903,145730637013912;7,792334356000026;47,999076223000031;08210108311010472480;0
179206;08;1;25;005;2021;01;10;4;2;0;7;1;0;0;0;0;0;0;515626,470106973312795;5452910,362801169976592;9,214628915000048;49,228775705000032;08210120121500487420;1
179208;08;3;26;074;2021;01;19;1;3;0;4;0;1;1;0;0;2;0;456636,757806985639036;5320214,637691617012024;8,418307756000047;48,033746026000074;08210124326400519250;1
179210;08;2;12;000;2021;01;07;4;2;0;1;1;0;0;0;0;2;0;454033,923999998718500;5428488,857999529689550;8,371457554000074;49,007581219000031;08210113212502472410;2
179213;08;3;35;075;2021;02;16;6;3;6;6;1;0;1;0;0;0;0;487573,876825965940952;5290212,347087301313877;8,834171121000054;47,765157867000028;08210205335300589290;0
179217;08;2;26;063;2021;01;14;2;3;3;6;1;1;0;0;0;0;0;470796,293599852360785;5470764,685009257867932;8,597586078000063;49,388876774000039;08210118226400507500;0
179219;08;1;18;048;2021;01;18;6;3;6;4;0;1;1;0;0;2;0;512490,040357687510550;5414834,869739888235927;9,170375741000043;48,886340137000047;08210129118400527420;1
179220;08;4;17;002;2021;01;06;3;3;6;2;0;0;1;0;1;2;0;491218,280399366281927;5346857,018180433660746;8,881645431000038;48,274857685000029;08210119417200511440;1
179225;08;1;11;000;2021;01;20;4;3;5;3;1;1;0;0;0;2;0;516174,383000000379980;5405376,441999524831772;9,220259808000037;48,801168856000061;08210113111500481300;1
179228;08;3;17;096;2021;02;14;6;3;5;3;1;1;0;0;0;0;0;420880,019617141224444;5365687,142828833311796;7,930224408000072;48,439353624000034;08210205317500536080;0
179231;08;1;16;080;2021;01;19;7;3;0;1;1;0;0;0;0;2;0;520667,119641113094985;5397116,570383759215474;9,281025516000057;48,726730915000076;08210116116010478920;0
179232;08;2;12;000;2021;01;14;6;3;5;3;1;1;0;0;0;0;0;456362,777087331749499;5425496,300405455753207;8,403621972000053;48,980831821000038;08210129212402510180;1
179237;08;1;18;079;2021;02;07;5;3;3;6;1;0;0;0;1;0;0;509399,983278684318066;5420719,208897577598691;9,128360159000067;48,939328639000053;08210204118100560280;0
179241;08;3;17;096;2021;02;07;4;3;6;7;0;1;1;0;0;1;0;423650,378157787956297;5368995,255645576864481;7,967072307000024;48,469452217000025;08210203317500539360;1
179246;08;2;36;040;2021;01;10;6;3;6;4;0;1;1;0;0;0;0;488130,046476758085191;5421747,946746446192265;8,837881661000040;48,948540359000049;08210108231102465850;1
179252;08;1;11;000;2021;02;12;4;3;0;7;1;0;0;0;0;0;0;512965,686404577456415;5401750,130555039271712;9,176450204000048;48,768622093000033;08210203111120532690;1
179253;08;3;36;008;2021;01;07;4;3;0;1;1;0;0;0;0;1;0;396227,560223581269383;5276272,010682035237551;7,618659963000027;47,631530687000065;08210113336400472350;2
179255;08;3;11;000;2021;02;18;2;3;3;7;1;0;0;0;1;2;0;412251,084239865653217;5316555,067502958700061;7,823746428000049;47,996270410000079;08210208311010572240;0
179257;08;1;26;069;2021;01;13;2;3;6;4;0;0;1;0;1;0;0;541815,462722329422832;5443689,019364530220628;9,573361402000046;49,144602589000044;08210118126200483460;1
179259;08;3;35;043;2021;01;18;1;2;5;3;1;1;0;0;0;2;0;511034,564953571185470;5280768,510462900623679;9,147019074000070;47,680211385000064;08210131335100529480;1
179261;08;2;16;043;2021;01;08;3;3;5;7;1;1;0;0;0;0;0;442889,964067454449832;5413122,526283690705895;8,221241102000022;48,868432260000077;08210112216100489360;1
179264;08;1;11;000;2021;02;18;6;3;3;2;1;1;0;0;0;2;0;512523,688938080333173;5402339,137823831290007;9,170453017000057;48,773929816000077;08210205111500578700;0
179268;08;2;12;000;2021;01;15;6;3;5;2;1;1;0;0;0;0;0;456728,632440764456987;5428854,058827366679907;8,408264083000063;49,011061075000043;08210108212010468270;1
179269;08;1;21;000;2021;01;15;6;3;6;4;0;1;1;0;0;0;0;516597,705055590718985;5443786,696858618408442;9,227591939000035;49,146680482000079;08210129121200527470;0
179271;08;2;22;000;2021;01;11;6;3;6;4;0;1;1;0;0;0;0;465626,796584237366915;5475958,537200933322310;8,525905393000073;49,435323860000040;08210108222014466320;1
179273;08;4;16;041;2021;01;08;4;3;0;1;1;0;0;0;0;0;0;504960,925943922251463;5375758,660967728123069;9,067202001000055;48,534914063000031;08210120416200500470;1
179274;08;4;15;061;2021;01;16;6;3;5;3;1;1;0;0;0;1;0;514352,435000000521541;5372912,753999518230557;9,194323369000074;48,509166839000045;08210101416010461610;0
179276;08;4;35;030;2021;02;18;2;2;4;6;1;1;0;0;0;2;0;543069,596967385150492;5273650,840185005217791;9,573123098000053;47,614830968000035;08210201435100532220;1
179277;08;3;17;089;2021;01;07;4;3;0;1;1;0;0;0;0;1;0;431637,857609900645912;5375235,205402426421642;8,074097049000045;48,526501026000062;08210113317100481660;2
179279;08;1;11;000;2021;02;16;3;3;6;4;0;1;1;0;0;0;0;516075,726323231123388;5406208,305940493941307;9,218948903000069;48,808654744000080;08210209111500540960;0
179280;08;4;15;039;2021;01;17;3;3;6;1;0;1;1;0;0;1;0;529994,989152224734426;5373986,456801619380713;9,406187282000076;48,518273700000066;08210126415100517460;1
179283;08;2;26;085;2021;01;09;3;3;4;6;1;1;0;0;0;0;0;491268,671887900680304;5455620,552061032503843;8,880016223000041;49,253291588000081;08210119226500496350;0
179285;08;1;16;072;2021;01;11;2;3;6;2;0;1;1;0;0;0;0;531087,573625923134387;5393000,816479079425335;9,422406485000067;48,689273615000047;08210125116400521480;0
179288;08;4;37;044;2021;02;15;4;3;5;7;1;1;0;0;0;0;0;532386,677365907467902;5323337,757141632959247;9,434689635000041;48,062495410000054;08210203437100538120;1
179290;08;3;15;108;2021;01;14;7;3;0;7;1;0;0;0;0;0;0;404816,308999977074564;5303958,132999490946531;7,726894906000041;47,881896685000072;08210102311400462100;0
179292;08;3;15;064;2021;02;08;5;3;5;3;1;1;0;0;0;0;0;421790,738399393856525;5313438,900623729452491;7,952167260000067;47,969476443000076;08210204311010548470;0
179295;08;1;18;073;2021;01;05;5;3;3;6;1;1;0;0;0;2;0;496764,152418709360063;5422471,731403922662139;8,955799362000050;48,955156756000065;08210128118600528820;1
179296;08;2;15;090;2021;01;11;1;3;5;3;1;1;0;0;0;0;0;465220,977655945345759;5432745,352913707494736;8,524058444000048;49,046601382000063;08210110215102477220;0
179298;08;3;15;074;2021;01;15;3;3;7;7;0;1;1;0;0;0;0;397485,571999965235591;5295905,084999486804008;7,630780465000043;47,808331834000057;08210119311010500880;0
179302;08;2;22;000;2021;02;19;3;3;6;4;0;1;1;0;0;2;0;461621,945097636431456;5483704,708224374800920;8,469919308000044;49,504757138000059;08210202222600546560;1
179303;08;3;17;096;2021;01;08;4;3;0;1;1;0;0;0;0;0;0;420278,057965222746134;5368587,771514164283872;7,921534376000068;48,465368492000039;08210113317500473700;2
179308;08;4;15;061;2021;01;07;3;3;6;4;0;1;1;0;0;0;0;514754,269692733883858;5369518,782218229025602;9,199644025000055;48,478624148000051;08210105416010463330;0
179310;08;4;35;057;2021;01;14;7;2;6;6;1;0;1;0;0;0;0;545836,948453016579151;5281453,039257757365704;9,610763803000054;47,684839251000028;08210130435100527130;1
179312;08;1;19;020;2021;01;09;4;3;0;1;1;0;0;0;0;0;0;519273,182000000961125;5409045,333999527618289;9,262630624000053;48,834085147000053;08210113119200481310;2
179315;08;3;11;000;2021;02;10;7;3;5;3;1;1;0;0;0;0;0;414075,425982341170311;5317548,108571169897914;7,847997241000030;48,005450961000065;08210206311010545530;0
179316;08;2;26;032;2021;01;13;7;3;5;3;1;1;0;0;0;0;0;467402,065883136354387;5462839,893004374578595;8,551465188000066;49,317422711000063;08210123226200496680;0
179325;08;1;11;000;2021;01;12;6;3;5;2;1;0;0;0;1;0;0;518755,037306414917111;5400648,748118296265602;9,255186668000022;48,758566618000032;08210122111250505610;0
179326;08;2;26;018;2021;01;12;2;3;5;3;1;1;0;0;0;0;0;473366,594310472719371;5473123,872052457183599;8,632844696000063;49,410215049000044;08210104221400467050;0
179329;08;3;11;000;2021;01;08;4;3;0;1;1;0;0;0;0;0;0;412402,180792706087232;5317932,665656998753548;7,825490099000035;48,008683026000028;08210113311010472040;2
179336;08;2;12;000;2021;02;16;2;2;6;6;1;0;1;0;0;0;0;457966,271987417712808;5429677,255509875714779;8,425102633000051;49,018551394000042;08210201212010540900;1
179341;08;2;15;017;2021;02;18;6;2;1;5;1;0;0;0;1;2;0;456161,587520690634847;5421060,251627858728170;8,401350302000026;48,940914492000047;08210205212702598840;1
179345;08;2;22;000;2021;01;17;2;3;0;3;1;0;0;0;1;2;0;462482,625312504358590;5480802,835644114762545;8,482082035000076;49,478710162000027;08210111222014494320;0
179349;08;2;11;000;2021;02;14;2;2;0;1;1;0;0;0;0;0;0;439953,519648447632790;5398440,978731198236346;8,183350566000058;48,736094229000059;08210201216200531130;1
179351;08;2;15;017;2021;01;07;4;3;0;1;1;0;0;0;0;0;0;456286,798360841348767;5421541,861733615398407;8,403008390000025;48,945255541000051;08210113212702473420;2
179354;08;2;12;000;2021;02;07;2;3;0;7;1;0;0;0;0;1;0;455155,965970293618739;5428119,158783603459597;8,386840314000040;49,004338295000082;08210208212502538270;1
179359;08;1;19;020;2021;01;09;3;3;2;3;1;1;0;0;0;0;0;521113,760631668381393;5406923,778636811301112;9,287602165000067;48,814940242000034;08210112119010482300;1
179375;08;2;12;000;2021;02;12;3;2;6;2;0;1;1;0;0;0;0;451930,764000001363456;5427088,099999532103539;8,342866570000069;48,994821134000063;08210202212010541650;1
179376;08;4;35;016;2021;01;07;4;3;0;7;1;0;0;0;0;0;0;535545,811652233824134;5278091,103935001417994;9,473369368000021;47,655238527000051;08210113435100482940;2
179378;08;1;11;000;2021;02;18;2;2;6;2;0;1;1;0;0;2;0;516174,810924883000553;5405373,248218696564436;9,220265510000047;48,801140114000077;08210208111500539680;1
179380;08;1;19;020;2021;01;11;4;2;6;2;0;1;1;0;0;0;0;518941,490721011534333;5409909,988621447235346;9,258150768000064;48,841873596000028;08210120119010504940;0
179382;08;2;26;085;2021;01;10;2;3;6;7;0;1;1;0;0;0;0;490764,994193380698562;5455167,892060576006770;8,873105261000035;49,249212425000053;08210125226500529350;1
179385;08;1;17;049;2021;01;18;4;3;6;4;0;1;1;0;0;2;0;555022,229218165390193;5392001,625840485095978;9,747466130000021;48,678634246000058;08210113117100496780;1
179393;08;2;16;043;2021;01;15;2;3;5;3;1;1;0;0;0;0;0;442378,999601229093969;5412685,786250922828913;8,214335720000065;48,864456527000073;08210111216100470230;0
179397;08;4;35;016;2021;01;13;6;3;5;3;1;1;0;0;0;0;0;535975,027892646379769;5280769,152847485616803;9,479305654000029;47,679310269000041;08210122435100501590;1
179400;08;1;11;000;2021;02;12;6;3;5;3;1;1;0;0;0;0;0;516670,607004489749670;5406390,789645131677389;9,227058433000025;48,810280666000040;08210205111320536330;0
179401;08;3;11;000;2021;01;07;5;2;6;4;0;1;1;0;0;2;0;410163,256999982520938;5315780,249999495223165;7,795928094000033;47,989010809000035;08210114311010484000;1
179408;08;4;35;030;2021;01;15;1;2;0;7;1;0;0;0;0;0;0;540172,907230257987976;5273254,888933029025793;9,534542604000023;47,611454527000035;08210110435100468300;0
179410;08;1;16;049;2021;02;09;4;3;3;2;1;0;0;0;0;0;1;524639,512502816505730;5385993,116126567125320;9,334377172000075;48,626520260000063;08210203116500533010;1
179413;08;1;18;019;2021;01;11;2;3;4;2;1;0;0;0;1;0;0;503646,773153725080192;5404002,944451909512281;9,049649082000030;48,789012702000036;08210104118200475770;1
179418;08;3;11;000;2021;01;12;6;3;1;5;1;1;0;0;0;0;0;413630,306354889646173;5317067,511602820828557;7,842127484000059;48,001067831000057;08210108311010482340;0
179420;08;4;15;078;2021;01;09;4;2;6;7;0;1;1;0;0;0;0;529341,861763283610344;5371068,756468381732702;9,397137833000045;48,492056420000040;08210120415100497130;1
179424;08;2;21;000;2021;01;18;4;3;0;7;1;0;0;0;0;2;0;476463,317505575716496;5472851,701073328033090;8,675549997000076;49,407894584000076;08210113221200475850;0
179428;08;2;12;000;2021;01;13;3;3;5;3;1;1;0;0;0;0;0;455857,688459794968367;5427575,181666731834412;8,396493644000032;48,999495746000036;08210119212010490060;0
179430;08;2;21;000;2021;01;17;2;3;0;4;0;1;1;0;0;2;0;475548,158373925834894;5474062,237202892079949;8,662860309000052;49,418747046000078;08210125221300521680;1
179431;08;3;36;091;2021;01;13;7;2;5;3;1;1;0;0;0;0;0;397378,783726431429386;5271839,496675860136747;7,635017751000021;47,591842627000062;08210130311010512710;1
179433;08;3;36;050;2021;01;16;3;3;0;7;1;0;0;0;0;0;0;400996,064010171219707;5276364,235016865655780;7,682096072000036;47,633106914000052;08210112311010470600;1
179436;08;2;21;000;2021;02;22;6;3;1;7;1;1;0;0;0;2;0;475814,862126246094704;5469471,623923424631357;8,666816984000036;49,377465873000062;08210205221400539840;1
179437;08;2;16;009;2021;02;05;4;3;1;2;1;1;0;0;0;2;0;447177,867135671898723;5420844,072209622710943;8,278707517000043;48,938268049000044;08210210216100561650;2
179442;08;1;11;000;2021;01;13;6;3;2;6;1;1;0;0;0;0;0;512311,362277359701693;5403561,481943422928452;9,167599774000053;48,784930168000074;08210129111120513340;0
179443;08;3;11;000;2021;01;09;5;2;5;3;1;1;0;0;0;0;0;412020,254154199734330;5317279,408975111320615;7,820504354000036;48,002754341000070;08210107311010481170;1
179444;08;4;15;061;2021;01;15;2;3;0;7;1;0;0;0;0;0;0;515644,637409307062626;5369688,452325869351625;9,211698101000025;48,480129036000051;08210111415400491820;0
179451;08;4;15;061;2021;02;17;5;3;6;4;0;1;1;0;0;1;0;515527,530861881561577;5371498,378791294991970;9,210180740000055;48,496414688000073;08210204415400540940;0
179454;08;1;35;020;2021;01;16;5;3;0;7;1;0;0;0;1;0;0;586660,640640536323190;5386073,045321393758059;10,175949653000032;48,621721028000081;08210128135100525430;1
179455;08;1;11;000;2021;01;11;2;3;6;4;0;0;1;1;0;0;0;512425,164772413671017;5403447,215825993567705;9,169145554000067;48,783899977000033;08210111111500470390;0
179458;08;2;12;000;2021;01;15;4;3;6;6;0;0;1;0;1;0;0;453391,676351333037019;5428928,496706467121840;8,362625515000047;49,011487617000057;08210120212010498680;0
179468;08;1;19;020;2021;01;19;7;3;0;1;1;0;0;0;0;2;0;519875,788105241023004;5408852,123276634141803;9,270832717000076;48,832328068000038;08210116119200501600;2
179471;08;4;35;013;2021;01;16;3;3;5;3;1;1;0;0;0;1;0;540247,302749956957996;5275022,493607046082616;9,535694906000060;47,627353744000061;08210112435100486260;0
179474;08;1;15;001;2021;02;14;7;3;0;1;1;1;0;0;0;0;0;491263,884773173369467;5391449,554250335320830;8,881328128000064;48,676031523000063;08210206118000553820;1
179475;08;4;25;141;2021;01;16;7;3;6;1;0;1;1;0;0;0;0;566211,195855341851711;5366182,960796410217881;9,895339567000065;48,445303782000053;08210123421200496320;0
179477;08;3;17;031;2021;01;07;4;3;0;1;1;0;0;0;0;1;0;418188,815375524573028;5361149,902575405314565;7,894728929000053;48,398197840000080;08210113317300472160;2
179479;08;1;15;003;2021;02;17;2;3;6;7;0;1;1;0;0;1;0;501911,259795460850000;5391573,410974569618702;9,025963259000036;48,677203950000035;08210208115100559660;1
179482;08;2;26;084;2021;01;07;3;3;0;3;1;1;0;0;0;1;0;469829,781655805185437;5469690,323116414248943;8,584349864000046;49,379166006000048;08210119226400484980;0
179484;08;2;15;017;2021;01;15;2;3;2;2;1;0;0;0;1;0;0;455213,586000000126660;5421870,252999531105161;8,388316277000058;48,948132697000062;08210125212010516750;1
179485;08;1;36;088;2021;02;16;2;3;5;3;1;1;0;0;0;0;0;580319,671000012196600;5410445,178999520838261;10,094671182000070;48,841780079000046;08210201136100536560;1
179490;08;2;12;000;2021;01;16;1;3;5;3;1;1;0;0;0;0;0;454637,102282754145563;5432300,936597660183907;8,379278584000076;49,041915687000028;08210124215102501190;0
179495;08;2;16;043;2021;01;06;6;3;5;2;1;1;0;0;0;2;0;443798,035720796324313;5412516,362033037468791;8,233705762000056;48,863062761000037;08210129216100511580;1
179496;08;2;16;033;2021;01;15;2;3;0;1;1;0;0;0;0;0;0;447561,193089688196778;5413532,770874056965113;8,284880500000043;48,872535049000078;08210111216100480960;1
179499;08;3;17;096;2021;01;05;4;3;5;3;1;1;0;0;0;2;0;420521,561999990604818;5370048,869999509304762;7,924550129000067;48,478541683000060;08210120317500486540;1
179504;08;1;18;080;2021;02;16;4;3;6;7;0;0;1;0;0;0;1;508532,161519605666399;5410999,359183726832271;9,116306749000046;48,851903767000067;08210210118200545170;2
179505;08;1;18;048;2021;01;07;5;2;6;4;0;1;1;0;0;0;0;515966,407446168363094;5415888,511692401021719;9,217837467000038;48,895738596000058;08210128118000525960;1
179506;08;2;22;000;2021;01;15;7;3;6;7;0;0;1;0;1;0;0;461477,802955918945372;5483136,011606551706791;8,467983958000048;49,499632890000044;08210109222600477340;0
179514;08;1;16;019;2021;01;09;4;3;6;3;0;0;1;0;1;0;0;524080,654399491846561;5398260,060575736686587;9,327507842000045;48,736895079000078;08210113116010483880;1
179517;08;3;11;000;2021;02;16;2;3;5;3;1;1;0;0;0;0;0;414198,651750633493066;5318150,798229753971100;7,849528419000023;48,010888925000074;08210208311010540090;1
179521;08;1;18;079;2021;01;13;6;2;5;3;1;1;0;0;0;0;0;510156,996939782984555;5421401,256192428991199;9,138714426000035;48,945452152000030;08210129118000524830;0
179523;08;3;17;096;2021;01;06;2;3;6;4;0;1;1;0;0;2;0;420381,121031410992146;5368317,149381268769503;7,922979849000058;48,462947337000060;08210111317500468200;0
179532;08;2;21;000;2021;01;10;3;3;0;7;1;0;0;0;0;0;0;477755,886338080279529;5473073,380127469077706;8,693355189000044;49,409937176000028;08210105221200476370;0
179533;08;4;16;036;2021;01;19;5;3;6;4;0;1;1;0;0;2;0;494955,216000000946224;5368990,904999513179064;8,931743839000035;48,474028038000029;08210114416100496260;2
179534;08;3;25;049;2021;02;09;3;3;0;1;1;0;0;0;0;0;0;471682,311544308438897;5335139,241795210167766;8,619138565000071;48,168864710000037;08210209325202540510;1
179538;08;3;11;000;2021;01;11;2;3;0;7;1;0;0;0;0;0;0;416036,410963521338999;5315329,370039081200957;7,874717230000044;47,985753018000025;08210104311010462560;0
179543;08;3;15;131;2021;01;07;4;2;0;7;1;0;0;0;0;2;0;405691,969111488200724;5308477,547004403546453;7,737615978000065;47,922678767000036;08210113311010472370;2
179551;08;2;26;065;2021;01;16;2;3;5;3;1;1;0;0;0;0;0;478538,423456634394825;5457093,189073372632265;8,705003029000068;49,266223982000042;08210104226700467680;0
179552;08;1;21;000;2021;01;18;5;2;6;4;0;1;1;0;0;2;0;514001,124334197491407;5442110,311051465570927;9,191928958000062;49,131665497000029;08210121121300505920;1
179555;08;1;11;000;2021;02;20;4;2;6;4;0;1;1;0;0;2;0;511910,283509897999465;5401159,940716663375497;9,162070188000030;48,763333870000054;08210203111500543520;1
179556;08;3;11;000;2021;01;08;4;3;0;1;1;0;0;0;0;0;0;412755,077374815940857;5314860,964869705960155;7,830845156000066;47,981100372000071;08210113311010472360;2
179557;08;1;36;088;2021;02;20;3;3;6;4;0;0;1;0;1;2;0;580617,760100091807544;5410959,616203093901277;10,098834271000044;48,846368390000066;08210209136010556890;0
179558;08;1;11;000;2021;01;19;4;3;5;2;1;1;0;0;0;2;0;511458,768977682106197;5402472,879976894706488;9,155962765000027;48,775153476000071;08210127111140524420;1
179560;08;2;12;000;2021;01;07;3;3;5;3;1;1;0;0;0;2;0;457221,211000000126660;5428062,821999531239271;8,415083098000025;49,003978139000026;08210119212010489090;0
179570;08;4;15;061;2021;02;14;1;3;5;3;1;1;0;0;0;0;0;516091,341000000946224;5370600,922999514266849;9,217777843000022;48,488326675000053;08210207415400538320;1
179575;08;1;35;019;2021;01;18;2;3;1;1;0;1;1;0;0;2;0;584774,729000014252961;5390141,077999517321587;10,151196456000037;48,658568822000063;08210111135200471500;2
179585;08;2;16;043;2021;01;14;1;2;6;7;0;1;1;0;0;0;0;440607,594779021106660;5412715,168490309268236;8,190180776000034;48,864553721000050;08210110216100467640;0
179590;08;2;12;000;2021;02;14;4;2;5;3;1;1;0;0;0;0;0;455975,186925077810884;5429417,954323519021273;8,397900138000068;49,016080074000058;08210203212010534660;1
179593;08;1;16;056;2021;02;19;1;2;6;4;0;1;1;0;0;2;0;530355,912000000476837;5395615,642999518662691;9,412657451000030;48,712832227000035;08210207116100549240;1
179602;08;3;36;081;2021;02;10;6;3;5;3;1;1;0;0;0;0;0;411943,669450150802732;5278066,114046057686210;7,827450566000039;47,649998198000048;08210205336300534880;0
179603;08;3;11;000;2021;02;15;4;3;0;3;1;1;0;0;0;0;0;412095,852732585743070;5315300,543697573244572;7,821922942000072;47,984964271000081;08210210311010564170;2
179607;08;2;22;000;2021;03;07;4;2;4;2;1;1;0;0;0;0;0;462658,687069330364466;5483026,410458769649267;8,484302371000069;49,498720933000072;08210303222014607980;0
179609;08;4;17;002;2021;03;14;6;2;5;3;1;1;0;0;0;0;0;490803,185638416558504;5346496,094761002808809;8,876058908000061;48,271604659000047;08210326417010671470;0
179611;08;1;15;015;2021;03;16;5;3;5;3;1;1;0;0;0;0;0;492818,091049672104418;5387454,101510366424918;8,902509850000058;48,640107685000032;08210325115200650750;0
179612;08;4;26;097;2021;03;15;1;2;0;1;1;0;0;0;0;0;0;536334,965671954676509;5333476,324281182140112;9,488544867000030;48,153496266000047;08210307426300611430;0
179613;08;1;36;088;2021;02;13;6;2;5;3;1;1;0;0;0;0;0;579995,352462918497622;5409089,374451136216521;10,089987285000063;48,829627522000067;08210226136100589550;0
179615;08;3;11;000;2021;03;20;3;3;5;3;1;1;0;0;0;2;0;412537,138675326481462;5314667,111184692010283;7,827964703000021;47,979326833000073;08210323311010684290;0
179616;08;2;15;066;2021;02;09;5;3;5;3;1;1;0;0;0;0;0;456940,545240533538163;5453649,135691313073039;8,408515215000023;49,234106295000061;08210218215502560030;0
179617;08;1;11;000;2021;03;15;5;3;6;4;1;0;1;0;0;0;0;512738,825154881924391;5402021,132817329838872;9,173371254000074;48,771064697000043;08210318111500683470;0
179618;08;1;11;000;2021;03;16;2;3;5;3;1;1;0;0;0;0;0;513958,731999998912215;5403401,906999520957470;9,190020573000027;48,783459856000036;08210308111120610740;0
179619;08;2;22;000;2021;03;01;6;3;5;3;1;0;0;0;1;2;0;464903,263087630271912;5483977,214522551745176;8,515215122000029;49,507406969000044;08210312222301634020;1
179620;08;1;11;000;2021;03;07;4;3;5;2;1;1;0;0;0;0;0;513025,983000000007451;5408528,760999524965882;9,177485788000070;48,829600636000066;08210303111500611450;0
179624;08;4;16;041;2021;03;23;2;3;0;1;1;0;0;0;0;2;0;504808,977295922115445;5371095,786556553095579;9,065089912000076;48,492966287000058;08210322416200861570;0
179629;08;2;37;040;2021;03;15;5;3;6;4;0;1;1;0;0;0;0;477546,518865409307182;5366795,752645820379257;8,696323305000021;48,453899034000074;08210311231000634170;1
179632;08;4;16;041;2021;03;13;6;3;6;7;0;0;1;0;1;0;0;504287,582061727531254;5373993,587677000090480;9,058062559000064;48,519039802000066;08210319416010683190;0
179635;08;3;11;000;2021;02;15;1;3;6;4;0;0;1;0;1;0;0;411142,069525326602161;5316071,571306521072984;7,808983756000032;47,991768070000035;08210228311010599010;0
179637;08;3;36;050;2021;02;10;3;3;5;3;1;1;0;0;0;0;0;400507,583667037077248;5275275,563853392377496;7,675842801000044;47,623239045000048;08210223311010573270;0