OID_;ULAND;UREGBEZ;UKREIS;UGEMEINDE;UJAHR;UMONAT;USTUNDE;UWOCHENTAG;UKATEGORIE;UART;UTYP1;IstRad;IstPKW;IstFuss;IstKrad;IstSonstige;ULICHTVERH;IstGkfz;LINREFX;LINREFY;XGCSWGS84;YGCSWGS84;UIDENTSTLAE;IstStrassenzustand
179925;08;2;12;000;2021;03;12;7;3;5;2;1;1;0;0;0;0;0;455420,148532108403742;5427467,281384773552418;8,390523866000024;48,998493728000028;08210320212010670190;0
179927;08;2;12;000;2021;03;15;4;2;5;7;1;1;0;0;0;0;0;455377,257000000216067;5428775,599999530240893;8,389793731000054;49,010259085000030;08210303212010615780;0
179928;08;1;27;014;2021;03;07;2;3;5;3;1;1;0;0;0;0;0;576584,212229426950216;5443551,693032292649150;10,050009325000076;49,140016382000056;08210301127202616650;0
179930;08;2;22;000;2021;02;15;3;3;4;6;1;0;0;0;0;0;0;464505,570000000298023;5481505,691999547183514;8,509944087000065;49,485153687000036;08210223222014571780;0
179934;08;1;28;131;2021;02;09;6;2;0;1;1;0;0;0;0;0;0;538608,700349222868681;5508491,909921592101455;9,535704487000032;49,727685049000058;08210219128300575750;2
179936;08;3;26;012;2021;03;07;5;3;6;4;0;1;1;0;0;0;0;462868,073167275637388;5311843,674862138926983;8,502617989000044;47,958826506000037;08210311326100636430;0
179943;08;2;31;000;2021;03;12;2;2;0;1;1;0;0;0;0;0;0;476782,044279623776674;5415254,558534234762192;8,683263493000027;48,889806456000031;08210322231000652340;0
179944;08;1;11;000;2021;02;08;5;3;4;2;1;1;0;0;0;0;0;513928,714000000618398;5401776,685999521985650;9,189556886000048;48,768840174000047;08210218111120572420;0
179945;08;3;27;054;2021;03;18;4;2;0;1;1;0;0;0;0;1;0;483425,780318860895932;5316560,501231821253896;8,777802890000032;48,002126869000051;08210317325000654030;1
179946;08;2;15;105;2021;03;14;7;3;5;3;1;1;0;0;0;0;0;457357,830382416956127;5441451,193419391289353;8,415540351000061;49,124416643000075;08210306215102619410;0
179947;08;1;15;004;2021;02;18;6;3;5;3;1;1;0;0;0;2;0;487361,884738785214722;5372731,167145377025008;8,828892878000033;48,507570062000070;08210226115200589380;0
179951;08;3;35;100;2021;03;17;4;3;2;6;1;0;0;1;0;0;0;486190,001955621875823;5286298,601027160882950;8,815827421000051;47,729915619000053;08210303335300615680;0
179955;08;3;11;000;2021;03;19;5;2;0;7;1;0;0;0;0;2;0;414382,529677611775696;5319926,223862739279866;7,851638784000045;48,026884160000066;08210304311010606270;0
179957;08;3;35;043;2021;02;12;3;3;5;2;1;0;0;1;0;0;0;511486,207958228886127;5280247,205812688916922;9,153022805000035;47,675512993000041;08210223335100598550;0
179960;08;1;19;067;2021;02;14;7;2;5;3;1;1;0;0;0;0;0;538179,822365155443549;5405929,169556044042110;9,519968102000064;48,805178851000051;08210220119010586410;0
179963;08;4;17;002;2021;03;17;6;3;0;7;1;0;0;0;0;0;0;490570,488031822256744;5343047,361194422468543;8,872999826000068;48,240573800000050;08210326417200672410;0
179965;08;4;16;011;2021;03;07;5;2;6;4;0;1;1;0;0;0;0;504025,303659380413592;5366631,448268990963697;9,054439847000026;48,452808646000051;08210325416010673210;0
179966;08;1;21;000;2021;03;16;1;3;1;1;1;1;0;0;0;0;0;513313,390461234375834;5442447,732406135648489;9,182512620000068;49,134716011000080;08210307121300609390;0
179967;08;1;35;020;2021;02;12;6;2;0;1;1;0;0;0;0;0;0;586259,776714328676462;5385865,992390058934689;10,170468215000028;48,619914132000076;08210226135100579800;0
179969;08;2;21;000;2021;03;15;3;3;1;5;1;1;0;0;0;0;0;474627,422417923808098;5474059,484432997182012;8,650165709000021;49,418684577000079;08210309221400637370;0
179971;08;1;25;110;2021;02;14;1;3;1;7;1;1;0;0;0;0;0;526133,844630347564816;5442430,527253016829491;9,358263766000050;49,134149668000077;08210221121600583110;0
179972;08;1;16;019;2021;03;11;5;3;5;3;1;1;0;0;0;0;0;523508,636000001803041;5398330,940999519079924;9,319732303000023;48,737554559000046;08210325116100677810;0
179979;08;1;36;044;2021;02;10;1;3;6;4;0;1;1;0;0;0;0;558552,288238115608692;5408230,432319248095155;9,797724342000038;48,824293459000046;08210214136300575160;0
179980;08;4;15;059;2021;03;16;3;3;0;7;1;1;0;0;0;0;0;516946,966916259378195;5368683,746277019381523;9,229279924000025;48,471056570000030;08210323415300658150;0
179981;08;3;37;002;2021;02;17;6;2;0;7;1;0;0;0;0;0;0;434981,519725067541003;5271575,047464046627283;8,135141603000022;47,594324660000041;08210219337010588050;0
179983;08;4;21;000;2021;03;16;5;3;6;1;0;0;1;0;1;0;0;573347,015505951829255;5360928,197697661817074;9,990900027000066;48,397245143000077;08210311421200617460;1
179984;08;2;16;015;2021;02;15;7;2;5;3;1;1;0;0;0;0;0;449396,440423568710685;5406733,514333015307784;8,310746025000071;48,811526792000052;08210227216300598200;0
179985;08;2;36;071;2021;03;12;6;3;5;1;1;1;0;0;0;0;0;469025,400000001303852;5421416,193999528884888;8,576983166000048;48,944894282000064;08210326231202672350;0
179987;08;4;35;016;2021;03;17;4;3;5;2;1;1;0;0;0;0;0;535185,167458971962333;5278246,733484175056219;9,468579305000048;47,656658507000031;08210324435100660660;0
179991;08;3;36;050;2021;02;12;5;3;5;2;1;1;0;0;0;0;0;399021,245997176505625;5273423,175674490630627;7,656493468000065;47,606346217000066;08210218311010559640;0
179992;08;1;16;049;2021;03;20;4;3;5;3;1;1;0;0;0;2;0;525058,794621986337006;5385448,075420763343573;9,340034111000023;48,621600388000047;08210317116500629870;1
179994;08;1;11;000;2021;03;21;3;3;5;3;1;0;0;0;0;2;0;512876,507514155469835;5399450,940490458160639;9,175164644000063;48,747940538000080;08210302111500616120;0
179995;08;3;11;000;2021;03;07;4;2;0;1;1;0;0;0;0;0;0;414340,634999985806644;5319374,999999498948455;7,851187179000021;48,021920097000077;08210310311010614600;0
179996;08;1;21;000;2021;02;22;4;2;6;6;0;1;1;0;0;2;0;516097,055962140671909;5445953,509851755574346;9,220813590000034;49,166184952000037;08210217121200567690;0
179998;08;1;15;024;2021;03;12;2;3;5;3;1;1;0;0;0;0;0;501505,138859714381397;5386113,791917607188225;9,020426513000075;48,628089450000061;08210322115100665920;0
180001;08;2;35;057;2021;02;14;1;2;6;3;0;1;1;0;0;0;0;488614,532588388770819;5396953,604051807895303;8,845187530000032;48,725503553000067;08210228235100593450;0
180002;08;1;25;056;2021;03;14;1;3;0;7;1;0;0;0;0;0;0;511143,338906331919134;5435635,322036603465676;9,152575622000029;49,073478701000056;08210328121400675940;0
180003;08;2;21;000;2021;02;17;3;2;5;3;1;0;0;0;1;0;0;476538,332588355056942;5472520,410746870562434;8,676603625000041;49,404917579000028;08210223221011861520;0
180006;08;4;21;000;2021;02;18;6;3;3;3;1;1;0;0;0;2;0;570615,450536067597568;5357753,617129301652312;9,953469141000028;48,369000596000035;08210219421300564220;0
180008;08;1;19;067;2021;02;14;7;3;5;3;1;1;0;0;0;0;0;539332,889817149378359;5407093,482486948370934;9,535782516000040;48,815580548000071;08210227119300582240;0
180009;08;3;36;050;2021;03;09;6;3;3;6;1;1;0;0;0;0;0;399310,206080882810056;5274710,292200814932585;7,660041176000050;47,617969219000031;08210326336101661820;0
180012;08;3;17;089;2021;03;16;1;3;6;4;0;1;1;0;0;0;0;432406,366469874978065;5375867,367199720814824;8,084401893000063;48,532270690000075;08210307317100626720;0
180013;08;2;12;000;2021;02;11;6;3;5;2;1;1;0;0;0;0;0;453579,273724303580821;5428644,414778234437108;8,365223254000057;49,008946428000058;08210226212502582420;0
180015;08;1;11;000;2021;03;12;4;3;6;4;0;1;1;0;0;0;0;510514,312562420032918;5401772,103203719481826;9,143090107000035;48,768866004000074;08210324111500648830;0
180016;08;3;26;074;2021;02;07;5;2;0;1;1;0;0;0;0;0;0;464518,351654931902885;5323385,078911980614066;8,523767576000068;48,062756496000077;08210218326200558960;2
180018;08;2;36;040;2021;03;16;1;3;5;3;1;1;0;0;0;0;0;489113,779000001959503;5422506,891999531537294;8,851297018000025;48,955385674000070;08210307231102633010;0
180019;08;3;11;000;2021;03;17;6;3;5;3;1;1;0;0;0;0;0;411680,884416650980711;5315264,838082537055016;7,816370175000031;47,984585923000054;08210312311010620780;0
180021;08;4;35;016;2021;03;13;4;2;2;6;1;1;0;0;0;0;0;534216,152532044798136;5278549,096123950555921;9,455698524000070;47,659430974000031;08210324435100669820;0
180023;08;2;26;018;2021;03;16;2;2;0;7;1;0;0;0;0;0;0;473320,051175726577640;5471070,421520957723260;8,632341009000072;49,391742627000042;08210322221400660130;0
180024;08;2;21;000;2021;03;11;4;3;5;3;1;1;0;0;0;0;0;477557,448413164354861;5472542,962717015296221;8,690649656000062;49,405158865000033;08210317221200641270;1
180025;08;3;17;096;2021;03;16;7;2;6;7;0;1;1;0;0;0;0;422420,637999991886318;5363730,777999512851238;7,951413493000075;48,421947862000081;08210306317010618760;0
180027;08;3;35;022;2021;02;15;4;3;6;4;0;1;1;0;0;0;0;482845,838798608630896;5299950,128959950059652;8,770689697000023;47,852664241000070;08210224335300597840;0
180029;08;4;25;039;2021;03;20;3;3;6;1;0;1;1;0;0;2;0;565773,080142932012677;5353668,178525952622294;9,887456175000068;48,332773089000057;08210323421300644010;0
180031;08;2;15;007;2021;03;05;5;3;5;3;1;1;0;0;0;2;0;478315,282000000588596;5432094,664999531581998;8,703282021000064;49,041348028000073;08210318215302649970;0
180032;08;1;17;020;2021;03;07;2;2;4;3;1;1;0;0;0;0;0;549336,347117727622390;5389205,641746668145061;9,669896922000021;48,653958158000080;08210308117010618350;0
180034;08;4;36;081;2021;02;12;1;3;8;1;1;0;0;0;0;0;0;558405,922081944532692;5276382,834094047546387;9,777549775000068;47,638209551000045;08210221436300589170;0
180035;08;4;37;104;2021;03;18;4;3;6;4;0;1;1;0;0;0;0;516029,608883466571569;5325897,007759094238281;9,215245692000053;48,086141816000065;08210324437000665130;0
180036;08;3;15;064;2021;02;15;4;3;0;1;1;0;0;0;0;0;0;423693,360693372786045;5312922,467856498435140;7,977745664000054;47,965060414000050;08210224311300599340;0
180039;08;1;16;070;2021;03;15;7;3;6;4;0;1;1;0;0;0;0;539609,453214719891548;5384903,267492864280939;9,537419151000051;48,615947247000065;08210306116400765940;0
180040;08;1;28;064;2021;03;15;3;3;5;2;1;1;0;0;0;0;0;537301,944773448631167;5501849,599228952080011;9,516939601000047;49,668025485000044;08210302128300604320;0
180042;08;3;16;011;2021;03;16;5;3;0;1;1;0;0;0;0;0;0;415040,996279337443411;5329729,559370754286647;7,858520001000045;48,115155945000026;08210311316100616320;1
180043;08;2;21;000;2021;02;19;2;2;6;4;0;1;1;0;0;2;0;477188,599047225899994;5472646,523493343964219;8,685559531000024;49,406076665000057;08210215221011574170;1
180044;08;1;16;049;2021;02;15;1;3;2;6;1;0;0;0;0;0;0;524630,762144790031016;5385698,789937939494848;9,334240940000029;48,623872831000028;08210221116500779260;0
180045;08;1;15;003;2021;03;13;7;3;5;3;1;1;0;0;0;0;0;502893,734027883037925;5393244,800160309299827;9,039321253000026;48,692236168000079;08210320115100639020;0
180046;08;4;15;061;2021;03;10;2;3;6;7;0;1;1;0;0;0;0;515637,206293608993292;5371468,979294519871473;9,211664196000072;48,496147480000047;08210315415400670110;1
180047;08;4;26;014;2021;03;12;5;2;6;4;0;1;1;0;0;0;0;548045,336780781857669;5314144,606426175683737;9,643815865000022;47,978801179000072;08210304426010606700;0
180049;08;3;35;075;2021;03;05;7;3;5;2;1;1;0;0;0;1;0;489102,031186638399959;5290039,180395159870386;8,854568890000053;47,763627447000033;08210327335300666810;1
180050;08;4;35;034;2021;02;15;3;3;6;4;1;0;1;0;0;0;0;529156,840498700737953;5284462,081573553383350;9,388714263000054;47,712880739000070;08210223435200576640;0
180051;08;3;17;145;2021;03;12;3;2;3;6;1;1;0;0;0;0;0;442091,532282404601574;5349604,022849004715681;8,219205764000037;48,296982254000056;08210309317000615400;0
180053;08;1;16;004;2021;02;16;7;3;6;1;0;1;1;0;0;0;0;528420,748999999836087;5396512,078999521210790;9,386413302000051;48,720987646000026;08210220116010574340;0
180054;08;3;11;000;2021;03;08;6;2;5;3;1;0;0;0;0;0;0;410383,182424038648605;5316998,448337661102414;7,798620683000024;47,999999623000065;08210319311010657440;0
180055;08;1;21;000;2021;03;13;2;2;6;6;0;0;1;0;1;0;0;516189,632701674476266;5443144,400460407137871;9,221970585000065;49,140913712000042;08210315121200655140;0
180057;08;2;26;041;2021;03;05;6;3;5;3;1;1;0;0;0;2;0;477254,251421412453055;5466245,083170333877206;8,686830566000026;49,348498863000032;08210326226700663190;0
180059;08;1;25;006;2021;03;14;4;3;6;7;0;1;1;0;0;0;0;510763,529299475252628;5456605,060910282656550;9,147936166000022;49,262115049000045;08210324121100660280;0
180061;08;2;16;015;2021;02;14;5;2;4;1;1;0;0;0;0;0;0;450468,231792872771621;5405643,620469262823462;8,325474971000062;48,801809235000064;08210225216300597820;0
180062;08;2;12;000;2021;02;16;5;3;0;1;1;0;0;0;0;0;0;455845,465449097566307;5428737,753900997340679;8,396200122000039;49,009952336000026;08210211212302544550;1
180063;08;4;25;033;2021;03;05;3;2;5;3;1;1;0;0;0;2;0;552097,931709620170295;5348289,619515378028154;9,702293629000053;48,285662989000059;08210323426010662900;0
180065;08;2;26;018;2021;03;13;4;3;5;3;1;1;0;0;0;0;0;473212,752324025146663;5472424,324228571727872;8,630771141000025;49,403916009000056;08210317221400632440;1
180067;08;2;21;000;2021;03;11;6;3;0;7;1;1;0;0;0;0;0;476109,318817926570773;5473466,793317953124642;8,670633243000054;49,413413436000042;08210312221300629710;0
180068;08;4;16;041;2021;03;06;3;3;0;1;1;1;0;0;0;2;0;504635,841111959889531;5375245,925650086253881;9,062792616000024;48,530303806000063;08210302416200608890;0
180070;08;2;36;076;2021;02;14;4;3;5;3;1;1;0;0;0;0;0;471812,721721230074763;5423127,938889507204294;8,614929892000021;48,960425576000034;08210224231000585530;0
180071;08;4;36;082;2021;03;23;2;3;0;1;1;0;0;0;0;2;0;547171,915550910867751;5295709,887618161737919;9,630097105000061;47,813012618000073;08210322436400679910;0
180072;08;1;16;019;2021;03;08;3;3;6;4;0;1;1;0;0;0;0;522442,291694863699377;5397280,630612006410956;9,305172379000055;48,728145391000055;08210316116100681020;0
180074;08;2;11;000;2021;03;14;3;3;8;1;1;0;0;0;0;0;0;441570,532657545991242;5403377,280781522393227;8,204639427000075;48,780650647000073;08210302211100605180;0
180076;08;3;11;000;2021;03;12;5;3;5;3;1;1;0;0;0;0;0;411122,234855161979795;5315090,095840850844979;7,808921135000048;47,982936686000073;08210311311010666270;0
180078;08;3;16;037;2021;02;10;7;3;5;3;1;1;0;0;0;0;0;406841,371517753228545;5333732,505484195426106;7,747503296000048;48,150014866000049;08210220316100564270;0
180081;08;3;11;000;2021;03;14;4;3;5;3;1;0;0;0;0;0;0;411278,567354029975832;5314603,052076440304518;7,811116338000033;47,978577295000036;08210303311300606450;0
180085;08;1;19;091;2021;03;16;5;2;0;1;1;1;0;0;0;0;0;528429,513845228590071;5405704,473043473437428;9,387167542000043;48,803680037000049;08210325119010661700;0
180087;08;3;35;075;2021;02;11;7;2;0;1;1;0;0;0;0;0;0;488489,422585023567080;5290076,848064465448260;8,846392788000060;47,763955713000030;08210213335300560510;2
180088;08;2;22;000;2021;02;12;6;3;6;4;0;1;1;0;0;0;0;461248,592877140268683;5481755,972457433119416;8,464953888000025;49,487205595000034;08210219222200080960;0
180090;08;2;21;000;2021;03;16;5;3;0;1;1;0;0;0;0;0;0;478844,578669155947864;5472779,034137034788728;8,708378761000063;49,407328400000040;08210311221200617350;0
180092;08;4;36;010;2021;02;17;7;3;0;1;1;0;0;0;0;0;0;566297,909577326849103;5312088,386821651831269;9,888060068000073;47,958671919000039;08210220436100579320;0
180093;08;3;11;000;2021;03;06;7;3;3;6;1;1;0;0;0;2;0;413412,702095743268728;5317237,578746479004622;7,839176574000021;48,002568204000056;08210320311010660500;0
180095;08;2;36;040;2021;03;13;4;3;0;1;1;0;0;0;0;0;0;484375,609000001102686;5420441,791999530047178;8,786654440000063;48,936707193000075;08210303231102633360;0
180096;08;1;25;065;2021;03;16;6;3;0;1;1;0;0;0;0;0;0;516850,308774463832378;5449164,675248039886355;9,231280916000060;49,195050001000027;08210305121500650760;0
180097;08;2;12;000;2021;03;16;2;3;6;7;1;0;1;0;0;0;0;457283,440412070602179;5427484,020539062097669;8,415994797000053;48,998776045000056;08210301212402609900;0
180098;08;1;25;110;2021;03;16;1;3;0;1;1;0;0;0;0;0;0;526441,834590307436883;5441738,310751503333449;9,362440459000027;49,127909842000065;08210328121600675570;0
180099;08;2;26;041;2021;02;15;3;2;6;7;0;1;1;0;0;0;0;476233,621399226598442;5463887,437359532341361;8,672919065000031;49,327253054000039;08210223226700573780;0
180100;08;3;11;000;2021;03;14;3;3;3;6;1;1;0;0;0;0;0;413359,895926551893353;5315506,664379466325045;7,838818222000043;47,986990877000039;08210309311010614850;0
180105;08;3;35;043;2021;02;23;7;2;1;5;1;0;0;0;1;2;0;514428,226727792061865;5282290,199683776125312;9,192284624000024;47,693836138000052;08210227335100598910;0
180106;08;1;19;067;2021;03;15;6;3;1;7;1;1;0;0;0;0;0;536475,071409590542316;5404973,670188022777438;9,496667287000037;48,796685956000033;08210326119300672380;0
180107;08;1;27;023;2021;02;15;3;3;0;7;1;0;0;0;0;0;0;552324,659778933972120;5426209,371432395651937;9,715189760000044;48,986571055000070;08210223127100574140;0
180110;08;3;36;069;2021;02;16;5;3;5;3;1;1;0;0;0;0;0;408149,642990347929299;5268687,472300283610821;7,778906805000076;47,565102830000058;08210211336200566280;0
180112;08;2;15;107;2021;02;08;5;3;0;5;0;1;1;0;0;0;0;461494,173586732707918;5458700,165883125737309;8,470577285000047;49,279842778000045;08210218215502570430;0
180113;08;3;15;076;2021;03;15;3;3;5;3;1;0;0;0;0;0;0;392612,413999954238534;5296284,024999480694532;7,565619548000029;47,810945586000059;08210316311400641650;0
180115;08;3;11;000;2021;02;14;5;3;5;2;1;1;0;0;0;0;0;414197,034456906840205;5318149,199138667434454;7,849507058000029;48,010874323000053;08210225311010580520;0
180116;08;1;35;026;2021;03;16;6;3;0;1;1;0;0;0;0;0;0;591568,385339965112507;5394883,184333052486181;10,244479260000048;48,700260515000082;08210312135200619630;0
180117;08;4;15;061;2021;02;13;1;3;0;3;1;1;0;0;0;0;0;516743,352455077692866;5378975,413787189871073;9,226938352000047;48,563648987000079;08210221415400589870;0
180118;08;1;16;019;2021;03;12;7;3;1;7;1;1;0;0;0;0;0;523155,198730744421482;5398698,899347227066755;9,314946088000056;48,740877909000062;08210320116100639240;0
180119;08;2;15;009;2021;03;17;2;3;7;7;1;0;0;0;0;0;0;470760,107952929101884;5441186,094682496041059;8,599247300000059;49,122815783000078;08210315215402627760;0
180120;08;3;25;045;2021;03;05;3;3;6;4;0;1;1;0;0;2;0;466912,529819338582456;5348994,283937104046345;8,553906724000058;48,293281864000051;08210302325102608080;0
180122;08;2;22;000;2021;03;12;3;3;0;7;1;0;0;0;0;0;0;461325,768140248954296;5483164,853209381923079;8,465881533000072;49,499882630000059;08210302222600621000;0
180124;08;3;26;074;2021;03;10;2;3;0;1;1;0;0;0;0;0;0;458972,161681205034256;5324267,964838307350874;8,449245553000026;48,070366892000038;08210308326400643550;0
180125;08;1;15;051;2021;02;13;3;3;6;4;0;1;1;0;0;0;0;502697,202167238108814;5385119,980079419910908;9,036597754000070;48,619144910000045;08210216115100581450;0
180126;08;2;12;000;2021;02;18;1;3;1;5;1;1;0;0;0;1;0;458451,003381649032235;5428525,145094782114029;8,431849932000034;49,008220824000034;08210221212010596750;0
180129;08;3;11;000;2021;03;17;4;2;5;2;1;0;0;0;0;0;0;413478,164476609788835;5316127,662487095221877;7,840277801000070;47,992592988000069;08210303311010620220;0
180130;08;3;11;000;2021;03;11;2;2;0;1;1;0;0;0;0;0;0;414020,502401644363999;5317903,758014965802431;7,847189728000046;48,008642767000026;08210301311010602870;0
180131;08;1;11;000;2021;02;16;3;3;5;3;1;0;0;1;0;0;0;507986,462671395391226;5396010,052419865503907;9,108576762000041;48,717068152000081;08210223111500573080;0
180133;08;2;12;000;2021;03;16;2;3;2;3;1;1;0;0;0;0;0;454525,163709728047252;5426361,573269253596663;8,378412529000059;48,988482497000064;08210308212402612860;0
180134;08;1;36;050;2021;02;14;6;3;5;3;1;1;0;0;0;0;0;581091,693000012077391;5404615,246999522671103;10,104038811000066;48,789243944000077;08210226136100591090;0
180135;08;3;17;047;2021;02;15;1;3;2;6;1;1;0;0;0;0;0;418548,328417264856398;5364499,474839845672250;7,898934625000038;48,428373375000035;08210214317500563160;0
180137;08;1;15;041;2021;03;13;6;3;1;5;1;1;0;0;0;0;0;492898,511113406158984;5402945,879010668024421;8,903334924000035;48,779473547000066;08210319115300636280;1
180139;08;1;16;080;2021;03;19;4;3;0;1;1;0;0;0;0;2;0;521852,680140665732324;5395846,975787403061986;9,297078936000048;48,715269284000044;08210303116200609260;0
180140;08;4;35;066;2021;02;15;7;3;4;2;1;1;0;0;0;0;0;517216,205694619566202;5285674,463911257684231;9,229573350000067;47,724218028000053;08210227435200676640;0
180146;08;4;35;010;2021;02;08;5;3;0;1;1;0;0;0;0;1;0;520422,058478530496359;5284160,212425779551268;9,272251068000060;47,710500025000044;08210218435200559700;2
180152;08;2;22;000;2021;02;14;7;3;5;5;1;0;0;0;1;0;0;463314,932251466438174;5478306,116140320897102;8,493802778000031;49,456304207000073;08210227222500582390;0
180153;08;3;15;113;2021;03;12;6;3;6;4;0;1;1;0;0;0;0;440834,339669974520802;5307055,172480661422014;8,208158060000073;47,914089896000064;08210326311500670400;0
180154;08;1;18;046;2021;02;13;3;3;5;3;1;1;0;0;0;0;0;516309,797855241224170;5412730,939250292256474;9,222396499000070;48,867324968000048;08210223118300601430;0
180155;08;2;12;000;2021;03;10;4;2;5;3;1;1;0;0;0;0;0;454987,981505952775478;5429050,736251225695014;8,384440283000060;49,012705684000082;08210324212010649850;0
180158;08;2;22;000;2021;03;19;2;3;6;2;0;1;1;0;0;2;1;461128,175367800518870;5483567,054866895079613;8,463113183000075;49,503487576000055;08210322222014661840;0
180160;08;2;22;000;2021;03;13;3;3;5;3;1;1;0;0;0;0;0;465948,984228307381272;5486592,890611570328474;8,529433260000076;49,530993291000073;08210316222301629530;0
180162;08;1;18;080;2021;02;16;6;3;0;7;1;0;0;0;0;0;0;509437,467327148653567;5408613,985200550407171;9,128592512000068;48,830432208000047;08210226118200596950;1
180164;08;3;35;066;2021;02;14;1;3;0;1;1;0;0;0;0;0;0;505411,864071193151176;5281455,850055571645498;9,072113610000031;47,686467376000053;08210221335100567880;0
180165;08;4;16;041;2021;03;16;1;3;0;1;1;0;0;0;0;0;0;502227,194734391756356;5374648,819079995155334;9,030164241000023;48,524945194000054;08210321416010666910;0
180167;08;3;15;041;2021;03;17;5;3;4;6;1;1;0;0;0;0;0;422794,936459629796445;5322364,666530886664987;7,964011990000074;48,049891908000063;08210304311010622510;1
180168;08;1;18;079;2021;03;11;3;3;6;4;0;1;1;0;0;0;0;510704,541167697869241;5421416,866202803328633;9,146192640000038;48,945583340000042;08210302118100617840;0
180169;08;2;22;000;2021;02;06;3;3;5;3;1;1;0;0;0;2;0;463242,335486024618149;5483168,399238279089332;8,492349230000059;49,500033697000049;08210223222600590660;0
180170;08;1;36;065;2021;03;07;3;2;0;4;0;1;1;0;0;0;0;561870,602716139517725;5407933,107107151299715;9,842883682000036;48,821297359000027;08210309136300636890;0
180171;08;4;21;000;2021;02;06;4;2;5;3;1;1;0;0;0;2;0;570266,654583204537630;5357842,579628091305494;9,948775143000034;48,369839780000063;08210217421300581750;1
180172;08;1;19;079;2021;02;17;1;3;5;2;1;1;0;0;0;0;0;521754,726553406566381;5411191,215137971565127;9,296559493000075;48,853306947000078;08210221119400591200;0
180176;08;2;12;000;2021;03;11;7;3;6;4;0;1;1;0;0;0;0;461833,715536008588970;5428058,547236440703273;8,478147641000021;49,004242150000039;08210327212010667960;0
180179;08;1;11;000;2021;03;01;1;2;0;7;1;0;0;0;0;2;0;511088,970932766795158;5406351,764308454468846;9,151034245000062;48,810054273000048;08210307111340614170;0
180184;08;3;17;041;2021;03;15;5;2;5;7;1;1;0;0;0;0;0;438257,595147673040628;5348227,168167056515813;8,167718638000053;48,284233830000062;08210318317600658350;1
180185;08;3;35;043;2021;03;13;6;3;5;3;1;0;0;1;0;0;0;511995,682127230800688;5281618,903142262250185;9,159847847000037;47,687845798000069;08210312335100626890;0
180186;08;4;36;064;2021;03;06;6;3;5;3;1;1;0;0;0;1;0;544295,519000002183020;5286633,483999492600560;9,590752323000061;47,731556068000032;08210326436200662220;0
180188;08;2;12;000;2021;03;16;4;3;5;2;1;0;0;0;1;0;0;458722,611988208256662;5429326,233254743739963;8,435482310000054;49,015444968000054;08210324212102646780;0
180192;08;1;11;000;2021;03;15;7;3;0;4;1;0;1;0;0;0;0;507369,444974823854864;5397714,348151601850986;9,100218817000041;48,732407654000042;08210306111230615910;0
180193;08;3;35;075;2021;03;17;2;3;5;2;1;1;0;0;0;0;0;488448,512763234786689;5289862,738353282213211;8,845852545000071;47,762028523000026;08210301335300630240;0
180196;08;4;37;105;2021;02;17;6;3;2;7;1;1;0;0;0;0;0;519747,154420766048133;5323595,619284834712744;9,265058049000061;48,065331943000047;08210226437200684300;0
180197;08;1;36;065;2021;02;11;3;3;3;2;1;0;0;0;1;0;0;558716,533891636878252;5405103,771934708580375;9,799514515000055;48,796153528000048;08210216136300566540;1
180198;08;3;17;065;2021;02;16;7;3;6;6;1;0;1;0;0;0;0;415655,907101418823004;5354356,023259535431862;7,861878815000068;48,336754273000054;08210220317300569470;0
180201;08;2;15;108;2021;03;14;5;3;6;3;0;1;1;0;0;0;0;449677,430417697876692;5425132,180924769490957;8,312306657000022;48,977048113000080;08210304212702861410;0
180203;08;1;11;000;2021;02;11;4;3;8;1;1;1;0;0;0;0;0;514110,028186003677547;5402502,690747918561101;9,192049297000040;48,775367172000074;08210224111250589280;0
180204;08;2;21;000;2021;03;12;2;3;5;3;1;0;0;0;0;0;0;478950,542420709505677;5473217,471969917416573;8,709816176000061;49,411275762000059;08210308221200631380;0
180207;08;3;27;049;2021;02;18;4;3;6;2;0;1;1;0;0;1;0;472164,291973791085184;5325154,831080798059702;8,626273058000038;48,079058256000053;08210217327200580200;0
180209;08;2;15;099;2021;03;13;7;3;5;3;1;0;0;0;0;0;0;461349,110613532364368;5445070,058504415675998;8,469895749000045;49,157232335000060;08210320215502637850;0
180212;08;4;15;061;2021;02;16;1;3;3;6;1;0;0;0;0;0;0;514890,210136291570961;5372624,877544889226556;9,201594203000070;48,506564485000069;08210228415400168240;0
180214;08;2;22;000;2021;02;17;3;3;5;7;1;1;0;0;0;0;0;461319,262050647288561;5482056,350332943722606;8,465900190000070;49,489911840000048;08210223222200571670;0
180218;08;1;11;000;2021;03;16;2;3;5;3;1;0;0;0;1;0;0;508523,337328839115798;5396263,124956002458930;9,115880841000035;48,719337694000046;08210315111210627630;0
180219;08;3;35;075;2021;02;14;7;3;6;4;0;1;1;0;0;0;0;488055,858568770810962;5289571,145563546568155;8,840620852000029;47,759397752000041;08210227335300590710;0
180224;08;2;22;000;2021;02;15;6;3;5;3;1;1;0;0;0;0;0;466559,205235317349434;5474123,595762206241488;8,538919954000050;49,418871197000044;08210226222500591030;0