OID_;ULAND;UREGBEZ;UKREIS;UGEMEINDE;UJAHR;UMONAT;USTUNDE;UWOCHENTAG;UKATEGORIE;UART;UTYP1;IstRad;IstPKW;IstFuss;IstKrad;IstSonstige;ULICHTVERH;IstGkfz;LINREFX;LINREFY;XGCSWGS84;YGCSWGS84;UIDENTSTLAE;IstStrassenzustand
180226;08;3;17;001;2021;03;10;3;3;6;4;0;0;1;0;0;0;1;431807,787281017750502;5386579,001222375780344;8,074537484000075;48,628558165000072;08210323317100668220;0
180229;08;1;11;000;2021;03;16;2;3;5;3;1;0;0;0;1;0;0;511066,166832598857582;5397615,327143339440227;9,150488598000038;48,731462172000079;08210308111500612980;0
180231;08;4;16;041;2021;02;10;1;2;0;1;1;0;0;0;0;0;0;504593,918000000528991;5374485,376999516040087;9,062216385000056;48,523461949000080;08210221416200578320;1
180232;08;3;37;118;2021;03;19;4;3;9;7;0;0;1;1;0;2;0;437618,316999997943640;5282640,596999496221542;8,168633481000029;47,694138270000053;08210324337010665240;0
180233;08;1;15;028;2021;02;16;5;3;5;3;1;1;0;0;0;0;0;500718,967135334387422;5404869,615156196057796;9,009789914000066;48,796819498000048;08210225115300596550;0
180235;08;3;17;065;2021;03;15;3;3;5;2;1;1;0;0;0;0;0;414495,896999985910952;5353942,288999509066343;7,846313135000059;48,332876877000047;08210316317300633180;0
180238;08;1;17;026;2021;02;16;5;3;0;4;1;0;1;0;0;0;0;544756,519416466355324;5391245,982354564592242;9,607935824000037;48,672657173000061;08210225117010587800;0
180239;08;2;15;007;2021;03;17;5;3;5;3;1;1;0;0;0;0;0;478832,181477188132703;5435732,895708633586764;8,710164578000047;49,074093376000064;08210311215302626510;0
180240;08;3;11;000;2021;02;13;4;3;1;7;1;1;0;0;0;0;0;414761,567681312561035;5318498,979573523625731;7,857005524000044;48,014096281000036;08210217311010558930;0
180241;08;4;37;100;2021;02;14;7;3;5;3;1;1;0;0;0;0;0;536816,632917717099190;5318779,723174424842000;9,493753711000068;48,021247434000031;08210220437000564160;0
180242;08;4;36;082;2021;03;18;4;3;6;4;0;1;1;0;0;1;0;547590,596056353300810;5296196,772002533078194;9,635742730000061;47,817362248000052;08210303436400631620;1
180243;08;1;19;085;2021;03;11;2;3;3;2;1;0;0;0;1;0;0;528794,124857326038182;5414093,031113622710109;9,392722412000069;48,879123818000039;08210322119500674740;0
180244;08;2;11;000;2021;03;14;2;3;5;3;1;1;0;0;0;0;0;439601,188314335420728;5396596,012323256582022;8,178829547000021;48,719464481000045;08210315216200627210;1
180247;08;1;19;024;2021;03;11;1;3;6;1;1;0;1;0;0;0;0;536401,380091575905681;5432398,180422529578209;9,498111033000043;49,043384803000038;08210328119100674080;0
180248;08;2;21;000;2021;02;17;3;3;5;2;1;1;0;0;0;0;0;476561,747092246077955;5472852,931756576523185;8,676906740000049;49,407909453000059;08210223221011597180;0
180252;08;2;22;000;2021;03;10;6;3;2;6;1;1;0;0;0;0;0;465863,992073740810156;5482159,957451997324824;8,528642041000069;49,491116439000052;08210319222301641940;0
180254;08;3;35;075;2021;02;15;7;3;2;1;1;1;0;0;0;0;0;487486,760602064430714;5290735,539705235511065;8,832993475000023;47,769863615000077;08210227335300583500;0
180258;08;1;18;019;2021;02;18;6;3;6;4;0;1;1;0;0;2;0;505783,628184411674738;5405968,571224682033062;9,078769004000037;48,806679131000067;08210212118200549340;0
180259;08;3;11;000;2021;03;19;3;3;5;2;1;1;0;0;0;2;0;414132,028330355882645;5319692,013827797025442;7,848326527000040;48,024743734000026;08210323311010643490;0
180260;08;2;21;000;2021;02;09;5;3;5;3;1;1;0;0;1;0;0;476403,465393443591893;5472317,487460419535637;8,674756699000056;49,403087102000029;08210218221011581920;0
180261;08;2;15;007;2021;03;13;3;3;6;7;0;1;1;0;0;0;0;477378,296828011982143;5431492,073809763416648;8,690494821000073;49,035893789000056;08210316215302634590;1
180263;08;3;35;043;2021;03;07;6;3;1;5;1;1;0;0;0;0;0;512333,504774692468345;5278970,632961340248585;9,164274660000046;47,664011203000030;08210312335100630090;0
180264;08;1;11;000;2021;03;14;5;3;5;2;1;1;0;0;0;0;0;513253,447711944580078;5408989,303380319848657;9,180599986000061;48,833738787000073;08210304111500606650;0
180265;08;2;35;046;2021;02;13;1;3;6;3;0;1;1;0;0;0;0;479582,563652928918600;5375367,632944101467729;8,723440802000027;48,531083675000048;08210221235200594010;0
180268;08;1;36;019;2021;03;15;6;2;3;6;1;0;0;0;0;0;0;591061,329367946833372;5418310,171059554442763;10,242785935000029;48,911032634000037;08210326136010654340;0
180269;08;3;11;000;2021;02;15;2;3;5;3;1;1;0;0;0;0;0;414774,842918423935771;5319053,286446299403906;7,857073293000042;48,019084247000080;08210222311010568970;0
180270;08;3;36;014;2021;03;16;5;2;0;7;1;0;0;0;1;0;0;392016,004048409871757;5278254,206830512732267;7,562127539000073;47,648671769000032;08210325311010652570;0
180277;08;4;36;082;2021;03;16;7;3;5;3;1;1;0;0;0;0;0;547904,440821364521980;5295294,231550768017769;9,639835220000066;47,809218871000041;08210306436400630300;0
180280;08;2;12;000;2021;03;08;4;2;5;2;1;0;0;0;1;0;0;451685,435438456013799;5427362,935499869287014;8,339480337000055;48,997274137000034;08210324212010656920;0
180281;08;4;16;006;2021;02;06;6;2;2;6;1;0;0;1;0;2;0;497048,767000000923872;5359215,646999515593052;8,960138512000071;48,386098156000060;08210226416100580430;0
180284;08;2;15;106;2021;03;16;4;2;0;1;1;1;0;0;0;0;0;464368,541000001132488;5455530,958999540656805;8,510377992000031;49,251510480000036;08210317212010645810;0
180287;08;2;15;108;2021;02;16;4;3;5;3;1;1;0;0;0;0;0;451342,745368467643857;5423813,617152014747262;8,335220440000057;48,965320965000046;08210224212010577940;0
180290;08;1;19;087;2021;02;11;7;2;8;1;1;0;0;0;0;0;0;527607,730000000447035;5425679,434999531134963;9,377326172000039;48,983403627000030;08210220119100564770;0
180292;08;1;15;003;2021;03;15;1;3;5;3;1;1;0;0;0;0;0;500895,426428368315101;5392690,837604202330112;9,012166225000044;48,687258732000032;08210321115100667130;0
180294;08;4;16;041;2021;03;13;5;2;0;7;1;0;0;0;0;0;0;504996,864731966517866;5375452,975583517923951;9,067685171000051;48,532163727000068;08210304416200615120;0
180296;08;4;16;041;2021;03;06;7;2;0;6;1;1;0;0;0;0;0;503736,556820548139513;5374196,661361869424582;9,050602382000022;48,520870248000051;08210327416010673200;1
180297;08;2;22;000;2021;02;17;3;3;0;7;1;0;0;0;0;1;0;464081,093081364408135;5477063,139612350612879;8,504486899000028;49,445169946000078;08210223222014589600;0
180298;08;2;12;000;2021;03;17;3;3;5;2;1;0;0;0;0;1;0;455098,903513424098492;5428815,891894618049264;8,385983079000027;49,010601322000070;08210309212302622060;0
180300;08;2;36;004;2021;02;14;6;3;6;4;0;0;1;0;1;0;0;473682,132186586968601;5413373,018792277202010;8,641096814000036;48,872756926000079;08210219231202577340;0
180302;08;1;21;000;2021;03;13;6;3;5;3;1;1;0;0;0;0;0;513981,063175350427628;5442354,992864975705743;9,191662444000031;49,133866954000041;08210312121300618550;0
180303;08;1;36;088;2021;02;16;7;3;1;1;1;1;0;0;0;0;0;577280,886453604325652;5408971,848726682364941;10,052985460000059;48,828914191000081;08210227136100598390;0
180304;08;3;11;000;2021;03;16;6;2;0;1;1;0;0;0;0;0;0;411036,316726217977703;5316729,971683928743005;7,807430123000074;47,997675838000077;08210326311010679460;0
180305;08;1;26;039;2021;02;08;3;3;5;3;1;1;0;0;0;0;0;547535,712882036343217;5460678,186514439061284;9,653803603000028;49,296998726000027;08210223126100570840;0
180306;08;3;11;000;2021;03;16;4;3;4;6;1;0;0;0;0;0;0;412178,812789416871965;5317376,946692219004035;7,822609628000066;48,003653525000061;08210324311010646700;0
180309;08;2;21;000;2021;03;10;2;3;5;3;1;1;0;0;0;0;0;476932,428128704428673;5469693,857561243698001;8,682199825000055;49,379508183000041;08210322221400641220;0
180310;08;3;17;026;2021;02;15;5;3;5;3;1;1;0;0;0;0;0;411229,189999984577298;5345550,722999503836036;7,804010398000059;48,256946292000066;08210218317300561460;0
180312;08;1;18;048;2021;03;13;7;3;2;6;1;1;0;0;0;0;0;513721,793708795681596;5415705,210043074563146;9,187207137000030;48,894143444000065;08210306118400609640;0
180314;08;1;11;000;2021;03;18;5;2;5;3;1;0;0;0;0;1;0;511771,713509120978415;5409418,744375748559833;9,160421347000067;48,837631830000078;08210304111500606880;0
180317;08;1;16;019;2021;03;22;7;3;0;1;1;0;0;0;0;2;0;524655,851762856356800;5397926,685436952859163;9,335310704000051;48,733873578000043;08210320116100656800;0
180320;08;2;12;000;2021;03;08;3;3;6;7;1;0;1;0;0;0;0;454717,014000000432134;5429989,320999532938004;8,380630163000035;49,021128487000055;08210302212502604230;0
180321;08;4;36;085;2021;02;14;3;3;0;7;1;0;0;0;1;0;0;561372,572781406342983;5292934,632007190957665;9,819371412000066;47,786847014000045;08210223436300576770;0
180322;08;2;26;056;2021;03;11;2;3;8;1;1;0;0;0;0;0;0;484530,829720998182893;5471286,029901189729571;8,786819519000062;49,394070052000075;08210308226300628220;0
180323;08;4;36;082;2021;02;15;6;2;2;6;1;0;0;0;0;0;0;546827,304969736374915;5295074,835610276088119;9,625425663000044;47,807324260000030;08210226436400596830;0
180325;08;2;26;096;2021;02;16;7;3;2;7;1;1;0;0;0;0;0;475901,250724620185792;5486069,799262188374996;8,666997244000072;49,526765853000029;08210220226600566960;0
180326;08;1;11;000;2021;03;18;5;3;4;7;1;1;0;0;0;0;0;512054,701095832511783;5403932,908392690122128;9,164116647000071;48,788276517000043;08210325111500665270;0
180327;08;1;26;011;2021;03;02;7;2;0;7;1;0;0;0;0;2;0;529424,180340242572129;5448102,871417427435517;9,403783811000039;49,185024447000046;08210313126200637970;1
180329;08;2;26;084;2021;03;07;2;3;0;1;1;0;0;0;0;0;0;468886,429607900790870;5470399,028413390740752;8,571298381000076;49,385493190000034;08210301226400614220;0
180331;08;1;25;074;2021;02;09;4;3;6;7;0;0;1;0;1;0;0;508147,141615838743746;5438810,277137449011207;9,111615508000057;49,102085826000064;08210224121400592140;0
180332;08;3;37;096;2021;03;13;2;3;5;3;1;1;0;0;0;0;0;421853,833195483312011;5267969,123011913150549;7,961189670000067;47,560435077000079;08210322337010642420;0
180335;08;4;37;088;2021;03;16;2;3;4;2;1;1;0;0;0;0;0;520038,440935143269598;5307924,419367149472237;9,268236064000064;47,924327561000041;08210301437100603450;0
180336;08;1;11;000;2021;02;13;5;3;6;4;0;1;1;0;0;0;0;512465,472491421736777;5401934,937311124056578;9,169648418000065;48,770294824000075;08210225111500586770;0
180338;08;1;11;000;2021;02;18;3;2;5;2;1;1;0;0;0;2;0;512869,485278934240341;5409318,481550512835383;9,175378230000035;48,836708096000052;08210216111500558460;0
180341;08;1;18;081;2021;03;18;2;3;0;7;1;0;0;0;0;1;0;519916,702383471652865;5415287,742026824504137;9,271703405000039;48,890219864000073;08210315118300649560;0
180342;08;3;11;000;2021;03;07;2;3;5;2;1;1;0;0;0;0;0;409833,002450775355101;5315817,241739913821220;7,791494977000070;47,989297079000039;08210301311010615220;0
180347;08;4;35;030;2021;02;11;7;3;0;6;1;1;0;0;0;0;0;540548,790581556968391;5271688,475822683423758;9,539398991000041;47,597337451000044;08210213435100569420;2
180348;08;3;26;074;2021;02;18;6;3;5;3;1;1;0;0;0;2;0;460053,033755061216652;5322546,649105498567224;8,463915248000035;48,054949368000052;08210219326400592320;0
180351;08;1;28;006;2021;03;16;4;2;0;1;1;0;0;0;0;0;0;549916,318269994109869;5474833,821821790188551;9,688318711000022;49,424130349000052;08210303128100613170;0
180352;08;2;15;106;2021;03;14;6;3;0;7;1;0;0;0;0;0;0;463815,194058951921761;5454725,984043153002858;8,502847300000042;49,244237346000034;08210326215502651980;0
180358;08;2;21;000;2021;02;08;5;3;0;1;1;0;0;0;0;0;0;476469,623380753211677;5473377,054502114653587;8,675605785000073;49,412620293000032;08210218221300559120;0
180359;08;4;21;000;2021;03;13;4;3;6;4;0;1;1;0;0;0;0;570595,754873101599514;5362519,155988676473498;9,954004265000037;48,411870374000046;08210317421300640580;0
180362;08;3;26;074;2021;03;10;4;2;6;4;0;0;1;1;0;0;0;464890,668502673506737;5323030,259435487911105;8,528793746000076;48,059584864000044;08210310326200635930;0
180363;08;4;36;052;2021;02;17;4;2;5;3;0;1;1;0;0;0;0;568442,095000005327165;5289912,896999491378665;9,913267119000068;47,758949780000080;08210217436500584880;0
180364;08;3;17;089;2021;02;15;1;3;4;6;1;0;0;0;0;0;0;430376,410999996587634;5375667,140999512746930;8,056942148000076;48,530247676000045;08210221317200599500;0
180365;08;1;19;020;2021;03;10;5;3;5;3;1;1;0;0;0;0;0;520713,012000000104308;5406789,244999524205923;9,282136626000067;48,813743494000050;08210304119200620370;0
180366;08;2;16;002;2021;03;18;1;3;0;7;1;0;0;0;0;2;0;444409,447999998927116;5422413,855999529361725;8,240693605000047;48,952145539000071;08210321211000663080;0
180367;08;2;21;000;2021;03;10;2;3;0;7;1;0;0;0;0;0;0;477734,304893440566957;5473007,297608252614737;8,693061390000025;49,409341984000037;08210315221011631680;1
180368;08;3;35;043;2021;03;19;5;3;0;1;1;0;0;0;0;2;0;513365,076568836346269;5278248,849731547757983;9,177992418000031;47,657496335000076;08210304335100623210;1
180369;08;2;12;000;2021;03;09;3;3;5;3;1;0;0;0;0;0;1;455479,688698020763695;5428225,119164649397135;8,391254746000072;49,005314855000051;08210302212010665460;0
180371;08;3;11;000;2021;03;12;2;3;5;3;1;0;0;0;0;0;0;414316,204888511449099;5315694,893948694691062;7,851594771000066;47,988812912000071;08210308311010621720;0
180375;08;1;19;089;2021;03;16;2;2;6;7;0;1;1;0;0;0;0;534556,445355725474656;5410320,113057294860482;9,470993446000023;48,844889989000080;08210301119010603530;0
180376;08;4;36;011;2021;03;18;6;3;5;2;1;0;0;0;1;0;0;548480,824969206005335;5297886,725929720327258;9,647823307000067;47,832500102000040;08210326436000669150;0
180381;08;2;22;000;2021;02;06;5;3;6;7;0;1;1;0;0;2;0;462999,773384377360344;5479044,745973035693169;8,489385229000050;49,462928729000055;08210211222500544570;2
180382;08;3;17;096;2021;03;16;3;3;5;3;1;1;0;0;0;0;0;420420,423460007645190;5369124,993182739242911;7,923357698000075;48,470218755000076;08210323317500657610;0
180383;08;2;12;000;2021;02;18;5;3;5;2;1;1;0;0;0;2;0;455553,206810579635203;5427825,302441854029894;8,392303693000031;49,001723761000051;08210218212010562360;0
180386;08;3;35;075;2021;03;19;5;2;5;2;1;0;0;0;1;2;0;487803,736602100543678;5289250,421626100316644;8,837265622000075;47,756507307000049;08210311335010638550;1
180387;08;4;36;082;2021;02;13;1;3;1;5;1;1;0;0;0;0;0;548866,654172219336033;5295074,383556537330151;9,652661379000051;47,807168570000044;08210221436400267710;0
180388;08;2;12;000;2021;03;15;4;3;5;3;1;0;0;0;0;0;0;455542,190769504755735;5425491,132870078086853;8,392408462000049;48,980726824000044;08210324212010683460;0
180389;08;1;11;000;2021;02;10;3;3;1;5;1;1;0;0;0;0;0;507945,107521268539131;5398844,744913231581450;9,108069169000032;48,742569643000081;08210223111230591300;0
180392;08;3;15;015;2021;02;15;6;3;5;2;1;1;0;0;0;0;0;394166,244829045608640;5322027,479307651519775;7,580042600000070;48,042753745000027;08210226311100582440;0
180394;08;2;26;084;2021;03;12;3;3;3;6;1;1;0;0;0;0;0;469146,803548547439277;5470575,691798085346818;8,574872157000073;49,387095483000053;08210323226400667650;0
180395;08;4;25;072;2021;02;15;6;2;6;2;0;1;1;0;0;0;0;582760,808496323414147;5372409,403334885835648;10,120323735000056;48,499350436000043;08210219426010573650;0
180396;08;1;15;028;2021;03;11;6;3;6;4;0;1;1;0;0;0;0;501151,127589334733784;5405428,641170911490917;9,015676053000050;48,801847808000048;08210319115300635200;1
180400;08;2;22;000;2021;02;12;2;3;5;3;1;1;0;0;0;0;0;462645,469172351062298;5481098,285201741382480;8,484302052000032;49,481377626000040;08210222222700569050;0
180401;08;2;12;000;2021;03;16;4;2;5;3;1;0;0;0;0;0;0;457967,259828384034336;5429216,697221320122480;8,425163850000047;49,014408677000063;08210324212010645710;0
180407;08;2;12;000;2021;03;14;3;3;1;5;1;1;0;0;0;0;0;460013,612192777916789;5427639,137722762301564;8,453303598000048;49,000354240000036;08210302212102605060;0
180414;08;2;15;066;2021;03;17;5;3;5;3;1;1;0;0;0;0;0;460247,441516341641545;5453760,354149296879768;8,453927003000047;49,235330333000036;08210304215502625030;0
180415;08;4;37;053;2021;02;14;1;2;0;7;1;0;0;0;0;0;0;527378,408122372813523;5318810,987356333062053;9,367181334000065;48,022002990000033;08210228437000599610;0
180416;08;1;16;071;2021;03;17;7;2;0;1;1;0;0;0;0;0;0;527998,035101377405226;5390564,327552121132612;9,380262982000033;48,667501414000071;08210327116010654070;0
180417;08;1;11;000;2021;02;13;4;3;5;3;1;1;0;0;0;0;0;514769,970787556841969;5406426,455204183235765;9,201172685000074;48,810649591000072;08210224111500574190;0
180419;08;1;21;000;2021;02;10;7;3;6;7;0;1;1;0;0;0;0;513555,097479911521077;5444175,029814984649420;9,185884256000065;49,150248363000060;08210213121300572190;1
180420;08;1;18;048;2021;02;16;7;2;6;7;0;1;1;0;0;0;0;515035,292819622904062;5415262,625773360952735;9,205110871000045;48,890131594000081;08210220118400582800;0
180423;08;2;26;009;2021;03;16;6;3;0;1;1;0;0;0;0;0;0;465590,703381394036114;5472894,324121825397015;8,525673329000028;49,407760300000064;08210326222500652120;0
180426;08;2;35;032;2021;03;11;1;2;0;1;1;0;0;0;0;0;0;473316,530949549749494;5376734,283425536006689;8,638479871000072;48,543143116000067;08210307235200634730;0
180427;08;2;21;000;2021;02;13;6;3;4;6;1;1;0;0;0;0;0;482282,060627874918282;5474482,614541579037905;8,755686892000028;49,422761705000028;08210226221300596870;0
180429;08;1;19;085;2021;03;17;4;2;5;2;1;1;0;0;0;0;0;530080,090457397513092;5413313,321815229952335;9,410203855000077;48,872048814000038;08210324119500669920;0
180431;08;4;35;059;2021;03;13;4;3;5;3;1;1;0;0;0;0;0;512300,900000000372529;5290729,062999490648508;9,164172390000033;47,769809429000077;08210317435200632090;0
180432;08;3;26;074;2021;03;13;1;3;0;1;1;0;0;0;0;0;0;455288,920659937895834;5327431,378624876961112;8,399473520000072;48,098579117000043;08210307326300629410;0
180433;08;1;18;048;2021;03;07;6;3;7;1;1;0;0;0;0;0;0;514675,234233725816011;5415617,113116946071386;9,200211730000035;48,893329098000038;08210312118400640870;0
180435;08;4;35;042;2021;03;16;4;3;0;7;1;0;1;0;0;0;0;553005,344512249343097;5278695,761385625228286;9,705938932000038;47,659483820000048;08210324435100853500;0
180436;08;3;37;070;2021;02;08;4;3;0;7;1;0;0;0;0;0;0;467900,143415262922645;5275108,617977688089013;8,572738452000067;47,628583762000062;08210224337010593660;0
180440;08;4;15;059;2021;03;17;2;2;5;2;1;1;0;0;0;1;0;516274,053358923643827;5369527,955667531117797;9,220208837000030;48,478669169000057;08210301415300617310;0
180441;08;3;36;050;2021;02;11;4;3;6;7;0;1;1;0;0;0;0;400495,436092920601368;5275265,286128740757704;7,675683508000077;47,623144727000067;08210224311010576060;0
180442;08;3;11;000;2021;03;18;5;3;6;2;0;1;1;0;0;2;0;411638,402915949001908;5316013,548835370689631;7,815646879000042;47,991314920000036;08210311311010639640;1
180444;08;2;16;063;2021;02;17;7;2;6;1;0;0;1;1;0;0;0;429812,966444229707122;5402165,738166401162744;8,044819747000076;48,768537691000063;08210220211000567890;0
180445;08;4;25;020;2021;03;12;6;3;6;4;0;1;1;0;0;0;0;558066,701000002212822;5362082,409999512135983;9,784649234000028;48,409220689000051;08210319425000639610;1
180449;08;2;12;000;2021;03;16;7;3;5;3;1;1;0;0;0;0;0;456229,773557433858514;5428469,431091025471687;8,401484048000043;49,007566121000082;08210327212302674300;0
180450;08;4;16;036;2021;02;13;3;3;6;4;0;1;1;0;0;0;0;495620,039362057112157;5369539,594691080972552;8,940733176000037;48,478969271000039;08210223416100600130;0
180451;08;3;35;043;2021;02;14;4;3;2;6;1;1;0;0;0;0;0;510949,128909481689334;5281242,095887757837772;9,145892651000054;47,684473997000055;08210224335000576030;0
180453;08;3;16;011;2021;03;16;3;3;0;1;1;0;0;0;0;0;0;414316,381999986246228;5330206,662999501451850;7,848690470000065;48,119350478000058;08210316316100639380;1
180455;08;1;35;016;2021;03;17;3;2;6;2;0;1;1;0;0;0;0;590066,233762241899967;5385652,815928068011999;10,222060159000023;48,617460350000044;08210302135010615280;0
180457;08;1;25;110;2021;02;04;3;2;0;7;1;0;0;0;0;2;0;524757,063235300593078;5443914,599729377776384;9,339481266000064;49,147556273000077;08210216121600574080;2
180462;08;4;16;036;2021;02;10;1;3;0;1;1;0;0;0;0;0;0;498287,610209975391626;5370636,960002716630697;8,976824534000059;48,488854563000075;08210228416100602220;0
180463;08;3;17;001;2021;03;19;7;3;8;1;1;0;0;0;0;2;0;431028,444260785356164;5386607,049687543883920;8,063957520000031;48,628724995000027;08210327317100675130;0
180464;08;2;21;000;2021;02;14;3;3;5;3;1;0;0;1;0;0;0;477569,701075928285718;5471999,736990014091134;8,690849223000043;49,400273081000080;08210223221200574200;0
180475;08;2;35;085;2021;02;10;5;2;6;7;0;1;1;0;0;0;0;478134,667738815769553;5397007,298375537618995;8,702687553000032;48,725707025000077;08210225231000576920;0
180479;08;2;15;100;2021;03;16;5;3;5;3;1;1;0;0;0;0;0;473785,489595234394073;5450081,504050340503454;8,640131976000021;49,202968107000061;08210318212010642140;0
180480;08;2;16;043;2021;03;15;2;3;6;6;0;1;1;0;0;0;0;441844,726717026904225;5412762,410293748602271;8,207040728000038;48,865095892000056;08210308216100611860;0
180484;08;3;37;096;2021;03;10;4;3;0;7;1;0;0;0;0;0;0;420850,354703263379633;5267248,038337158039212;7,947982435000029;47,553826354000080;08210303337100604590;0
180485;08;3;35;075;2021;02;14;4;2;6;4;0;1;1;0;0;0;0;487738,905989944934845;5290325,881088292226195;8,836370252000052;47,766182552000032;08210224335300593900;0
180486;08;3;11;000;2021;03;08;2;3;1;5;1;1;0;0;0;0;0;413991,003066010773182;5315101,598458213731647;7,847355905000029;47,983432336000078;08210322311010679830;0
180487;08;3;17;065;2021;03;18;2;3;6;3;0;1;1;0;0;1;0;414125,758801305666566;5354520,455235946923494;7,841202149000026;48,338027183000065;08210315317010640420;1
180488;08;2;16;043;2021;03;21;5;3;0;2;1;1;0;0;0;2;0;443408,876442347653210;5412192,738910691812634;8,228444960000047;48,860116381000068;08210304216100620060;1
180489;08;1;11;000;2021;03;13;3;3;2;6;1;1;0;0;0;0;0;512735,878076450899243;5402378,756248001009226;9,173342220000052;48,774281913000038;08210302111500618400;0
180491;08;3;35;075;2021;03;08;4;1;6;7;0;0;1;0;1;0;0;492289,355533329769969;5287225,889434438198805;8,897152864000077;47,738360692000072;08210310335000631610;0
180492;08;3;17;096;2021;02;10;3;3;5;2;1;1;0;0;0;0;0;422668,151781561784446;5369747,965860461816192;7,953646922000075;48,476102785000080;08210216317500570540;0
180494;08;1;11;000;2021;03;15;7;3;0;7;1;0;0;0;0;0;0;511594,230389314703643;5403281,170539908111095;9,157829287000027;48,782422291000046;08210320111130659810;0
180496;08;3;17;057;2021;03;13;4;3;0;7;1;0;0;0;0;0;0;415701,716487948782742;5386255,206300972029567;7,856062787000042;48,623682275000078;08210303317200611140;0
180498;08;1;11;000;2021;03;16;7;3;1;5;1;0;0;0;1;0;0;511674,519250827841461;5404246,761214314028621;9,158949666000069;48,791107162000060;08210327111500653990;0
180503;08;2;36;071;2021;02;18;6;2;4;2;1;1;0;0;0;2;0;468378,692016934044659;5422559,660976568236947;8,568062622000070;48,955147543000066;08210219231202577460;0
180504;08;1;19;079;2021;03;14;5;3;5;2;1;1;0;0;0;0;0;522235,441090957261622;5408365,566161574795842;9,302959136000027;48,827871101000028;08210318119400681140;0
180505;08;3;27;054;2021;03;14;5;2;6;7;0;1;1;0;0;0;0;483443,507978717796504;5316763,457453915849328;8,778032715000052;48,003953349000028;08210311327100638190;1
180507;08;3;17;031;2021;02;13;2;2;6;7;0;0;1;0;1;0;0;415071,932506115175784;5360591,356003018096089;7,852741361000028;48,392761675000031;08210222317010587910;0
180508;08;2;26;096;2021;03;13;4;3;6;4;0;1;1;0;0;0;0;476103,275148297660053;5488740,441385902464390;8,669626922000020;49,550795275000041;08210324226600661220;0
180509;08;1;36;027;2021;02;16;6;2;3;6;1;0;0;1;0;0;0;555056,187089556828141;5420699,639579178765416;9,751776555000049;48,936774096000079;08210226119010587810;0
180510;08;3;15;076;2021;02;07;5;3;6;1;0;1;1;0;0;0;0;393019,242476425133646;5296650,007501967251301;7,570961493000027;47,814305244000082;08210211311400546590;2
180511;08;4;25;020;2021;03;15;2;3;0;7;1;0;0;0;1;0;0;558049,239223244599998;5362127,510858431458473;9,784419538000066;48,409628012000042;08210322425000641840;0
180512;08;3;37;116;2021;02;07;5;2;6;4;0;1;1;0;0;0;0;418328,599071278236806;5271703,085828613489866;7,913641941000037;47,593592724000075;08210218337010578580;0
180513;08;3;35;079;2021;03;17;4;3;6;2;0;1;1;0;0;0;0;500738,444787192158401;5299826,680261984467506;9,009871079000050;47,851782091000075;08210317335400646640;1
180514;08;2;16;043;2021;03;12;7;2;6;4;0;1;1;0;0;0;0;442050,963695400394499;5411405,425841353833675;8,210044642000071;48,852909146000059;08210306211000610430;0
180519;08;2;21;000;2021;03;13;6;3;5;3;1;1;0;0;0;0;0;477298,266853268258274;5472676,961986865848303;8,687069467000072;49,406354555000064;08210319221200668870;0
180520;08;1;36;065;2021;03;10;7;3;0;7;1;0;0;0;0;0;0;559242,191683124750853;5405678,328343052417040;9,806754284000021;48,801271819000078;08210313136300620610;0
180523;08;1;21;000;2021;03;22;6;2;0;1;1;0;0;0;0;2;0;517543,469265449792147;5443441,717985585331917;9,240545360000056;49,143551001000048;08210326121200678310;0
180524;08;1;11;000;2021;02;14;3;3;5;3;1;1;0;0;0;0;0;516267,458364742808044;5406370,040574142709374;9,221566654000071;48,810104695000064;08210223111500573930;0
180525;08;2;26;084;2021;03;13;4;3;6;4;1;0;1;0;0;0;0;469107,425851559266448;5470291,082324001938105;8,574351700000022;49,384533491000070;08210324226400645750;0
180527;08;2;22;000;2021;03;13;3;3;5;3;1;1;0;0;0;0;0;459623,483386081643403;5488604,176536472514272;8,441816241000026;49,548694986000044;08210323222800652520;0
180528;08;1;11;000;2021;02;18;6;3;5;7;1;1;0;0;0;2;0;511455,326707962900400;5404213,685606893151999;9,155964429000051;48,790813694000065;08210219111500684720;0
180529;08;1;21;000;2021;03;12;3;3;6;4;0;1;1;0;0;0;0;516804,844942348077893;5442130,193222351372242;9,230363200000056;49,131774059000065;08210316121200627980;0
180533;08;1;11;000;2021;02;16;7;3;0;7;1;0;0;0;0;0;0;509538,639091334305704;5398588,539687778800726;9,129738363000058;48,740242456000033;08210227111130585080;0
180534;08;4;25;039;2021;02;15;1;3;0;1;1;0;0;0;0;0;0;566068,640000005252659;5352221,367999512702227;9,891216775000032;48,319727349000061;08210221421300570160;0
180535;08;3;35;075;2021;02;12;6;3;6;2;0;0;1;0;1;0;0;487904,532203755341470;5289584,707231404259801;8,838601227000026;47,759516952000070;08210226335300601830;0
180538;08;2;26;032;2021;03;13;6;3;5;3;1;1;0;0;0;0;0;466333,583092719316483;5464340,880756452679634;8,536637109000026;49,330865826000036;08210305226200615570;0
180539;08;1;19;083;2021;03;17;3;3;6;7;0;0;1;0;1;0;0;535431,373150990344584;5418328,731218503788114;9,483612071000039;48,916882046000069;08210302119100615970;0