OID_;ULAND;UREGBEZ;UKREIS;UGEMEINDE;UJAHR;UMONAT;USTUNDE;UWOCHENTAG;UKATEGORIE;UART;UTYP1;IstRad;IstPKW;IstFuss;IstKrad;IstSonstige;ULICHTVERH;IstGkfz;LINREFX;LINREFY;XGCSWGS84;YGCSWGS84;UIDENTSTLAE;IstStrassenzustand
180540;08;3;36;050;2021;02;18;4;3;0;7;1;1;0;0;0;0;0;401166,819470449350774;5276593,881072765216231;7,684316626000054;47,635198756000079;08210224336100600060;0
180542;08;2;12;000;2021;02;18;2;3;5;3;1;1;0;0;0;2;0;455711,955187194980681;5432713,262396819889545;8,393940349000047;49,045702743000049;08210215212010573600;1
180543;08;2;12;000;2021;02;18;1;3;1;5;1;1;0;0;0;1;0;463508,824696168303490;5428236,055660963058472;8,501034733000040;49,005940198000076;08210221212010599630;0
180544;08;2;37;040;2021;03;14;5;3;5;2;1;0;0;0;1;0;0;477608,388830414973199;5364961,943468447774649;8,697258133000048;48,437403630000063;08210325231000658880;0
180546;08;1;19;067;2021;03;12;2;2;6;7;0;1;1;0;0;0;0;538458,536605776287615;5405821,937262311577797;9,523753680000027;48,804197054000042;08210301119010603510;0
180547;08;2;26;091;2021;02;11;3;3;6;4;0;1;1;0;0;0;0;494193,879357109777629;5460594,925440674647689;8,920141453000042;49,298071705000041;08210223226500571990;0
180548;08;4;26;097;2021;03;17;5;3;4;2;1;1;0;0;0;0;0;535083,535750278271735;5333378,938124591484666;9,471711232000075;48,152690401000029;08210325426300779670;0
180549;08;2;15;009;2021;03;13;2;3;2;2;0;1;1;0;0;0;0;470483,378837128169835;5441574,184460207819939;8,595426238000073;49,126293500000031;08210308215402635520;0
180551;08;3;35;063;2021;02;15;1;3;5;3;1;1;0;0;0;0;0;495075,513000002130866;5288609,801999490708113;8,934299858000031;47,750839847000066;08210214335200562410;0
180552;08;1;17;015;2021;02;14;7;2;4;2;1;1;0;0;0;0;0;558442,663093921728432;5392385,513280753046274;9,793981804000055;48,681776573000036;08210220117100586570;0
180554;08;4;21;000;2021;03;11;5;3;0;1;1;0;0;0;0;0;0;570654,881863218732178;5362240,002071598544717;9,954756156000030;48,409352676000026;08210311421300616780;0
180555;08;1;25;005;2021;02;16;1;3;5;3;1;1;0;0;0;0;0;516116,324599697254598;5450961,661605054512620;9,221278721000033;49,211234043000047;08210228121500593250;0
180557;08;2;22;000;2021;02;11;1;3;8;7;1;0;0;0;0;0;0;464452,049807227216661;5486605,180993983522058;8,508746107000036;49,531017860000077;08210221222301566710;0
180559;08;3;17;151;2021;02;14;5;3;2;3;1;0;0;0;1;0;0;411624,001353427767754;5365637,650341508910060;7,805111731000068;48,437677151000059;08210225216100597230;0
180561;08;2;26;098;2021;02;16;5;3;6;4;0;1;1;0;0;0;0;477995,326682365499437;5459850,006159288808703;8,697386398000049;49,291002402000061;08210211221011557430;1
180562;08;2;26;037;2021;03;17;2;3;6;7;0;0;1;0;1;0;0;465952,212021880783141;5468516,727163735777140;8,531031440000049;49,368405433000078;08210322226400641080;0
180563;08;2;15;009;2021;02;14;5;3;5;3;1;1;0;0;0;0;0;468337,971207586117089;5442855,643316943198442;8,565920129000062;49,137713630000064;08210218215402579580;0
180566;08;4;37;100;2021;02;14;5;3;6;7;0;1;1;0;0;0;0;537486,909943767823279;5318018,132704533636570;9,502675937000049;48,014356563000035;08210225437100579290;0
180567;08;2;12;000;2021;03;08;4;3;6;4;1;0;1;0;0;0;0;455747,994709901511669;5428484,570966998115182;8,394894915000066;49,007667947000073;08210310212302614910;0
180568;08;4;21;000;2021;03;17;3;3;6;4;0;1;1;0;0;0;0;572896,786805525422096;5361246,641406813636422;9,984873782000022;48,400161836000052;08210302421200604480;0
180573;08;3;17;057;2021;03;18;3;3;6;6;1;0;1;0;0;0;0;412326,355118596926332;5380785,564279632642865;7,811423700000034;48,574022639000077;08210302317200619940;0
180575;08;1;15;052;2021;03;09;2;3;6;6;0;1;1;0;0;0;0;494785,971393500454724;5410473,422749292105436;8,928931257000045;48,847209278000037;08210301115300617170;0
180577;08;4;26;087;2021;03;12;2;2;0;1;1;0;0;0;0;0;0;571116,046530102379620;5324575,539921998977661;9,954661526000052;48,070488207000039;08210308426010615390;0
180580;08;3;17;151;2021;02;16;1;2;0;1;1;0;0;0;0;0;0;410203,849750166758895;5372098,603683978319168;7,784527920000073;48,495588785000052;08210221317500567810;0
180582;08;2;21;000;2021;03;08;2;3;2;6;1;1;0;0;0;0;0;477219,982696303166449;5475065,382109278813004;8,685853289000022;49,427835059000074;08210315221011642310;1
180585;08;2;12;000;2021;03;10;3;3;5;3;1;0;0;0;0;0;0;455398,128893429413438;5430385,908643310889602;8,389902125000049;49,024745446000054;08210302212010606520;0
180586;08;3;26;003;2021;02;23;3;1;0;1;1;0;0;0;0;2;0;472000,373277762904763;5315214,975493771955371;8,624722236000025;47,989622796000049;08210223335000600870;0
180592;08;2;31;000;2021;03;16;2;3;6;4;0;1;1;0;0;0;0;476568,494444017298520;5415882,491276687011123;8,680314306000071;48,895447078000075;08210301231000612070;0
180594;08;4;25;033;2021;03;15;5;3;2;1;1;0;0;0;0;0;0;553368,591000000946224;5341078,327999504283071;9,718511561000071;48,220683764000057;08210325425000650670;0
180595;08;1;11;000;2021;03;18;1;2;1;1;1;1;0;0;0;0;0;517018,201585124246776;5410170,612643430009484;9,231949610000072;48,844273827000052;08210307111500611410;0
180596;08;2;35;047;2021;02;13;6;3;0;7;1;1;0;0;0;0;0;478828,052461444400251;5390438,822342123836279;8,712452405000022;48,666641091000031;08210226235100596390;0
180597;08;4;35;052;2021;02;11;6;2;9;7;1;0;0;0;0;0;0;521906,176735444925725;5291268,556169774383307;9,292393850000053;47,774408532000052;08210226435200590260;0
180599;08;1;15;003;2021;03;10;4;3;6;2;0;1;1;0;0;0;0;501525,666529519483447;5392622,722279639914632;9,020729091000021;48,686644737000051;08210324118000652460;0
180601;08;2;22;000;2021;03;16;5;3;5;3;1;0;0;0;1;0;0;464938,566548526287079;5484252,287655273452401;8,515678319000074;49,509883157000047;08210318222301634840;0
180602;08;4;16;041;2021;03;09;6;3;2;6;1;1;0;0;0;0;0;503929,689246181398630;5372252,565682282671332;9,053199568000025;48,503379249000034;08210312416200618690;0
180603;08;2;26;084;2021;02;15;7;3;5;6;1;0;0;0;0;0;0;469226,304463962092996;5469826,721676487475634;8,576025540000046;49,380362692000062;08210227226400593100;0
180607;08;1;17;042;2021;02;15;6;3;0;7;1;0;1;0;0;0;0;554110,134587885811925;5393763,541709829121828;9,735307292000073;48,694563049000067;08210212117100602410;2
180609;08;4;35;030;2021;02;12;5;1;0;7;1;0;0;0;0;0;0;540520,152325621806085;5272074,418576357886195;9,539053717000058;47,600811730000032;08210218435100559470;0
180610;08;4;35;016;2021;03;12;3;2;5;3;1;0;0;0;1;0;0;533570,738119428977370;5278426,818029457703233;9,447093627000072;47,658364600000027;08210316436000681220;1
180611;08;2;22;000;2021;03;11;7;3;6;7;0;0;1;0;1;0;0;461391,932875956408679;5481903,204151254147291;8,466918534000058;49,488539001000049;08210306222200628020;0
180612;08;4;37;104;2021;03;14;2;3;1;4;0;1;1;0;0;0;0;516628,006033835001290;5325478,667523838579655;9,223264622000045;48,082362683000042;08210301437200683160;0
180614;08;4;35;016;2021;02;12;3;3;6;4;0;1;1;0;0;0;0;535611,653927178122103;5279709,936482068151236;9,474378106000074;47,669800206000048;08210216435100558020;0
180615;08;1;15;045;2021;02;15;1;2;0;1;1;0;0;0;0;0;0;499559,328527741134167;5396183,729411672800779;8,994008836000035;48,718681561000039;08210221118000569380;0
180617;08;2;15;066;2021;03;13;2;3;0;7;1;0;0;0;0;0;0;461207,184731096029282;5453270,999930113554001;8,467157545000020;49,230990225000028;08210315215502637780;0
180618;08;2;16;028;2021;03;08;6;3;5;3;1;1;0;0;0;0;0;426180,001141254790127;5395758,616637228056788;7,996534093000037;48,710487591000060;08210305216200610230;0
180620;08;4;35;016;2021;03;11;7;3;3;6;1;0;0;0;1;0;0;534974,469999999739230;5278152,793999491259456;9,465765915000077;47,655824718000076;08210327435100666340;0
180621;08;2;26;103;2021;02;19;3;3;6;7;0;0;1;0;1;2;0;472752,297398875467479;5458168,629366863518953;8,625399034000054;49,275667139000063;08210223221011592330;0
180624;08;1;16;078;2021;02;16;7;3;0;7;1;0;0;0;1;0;0;511766,037999999709427;5393803,911999519914389;9,159897404000048;48,697161747000052;08210220116200580960;0
180625;08;4;35;059;2021;03;08;7;3;3;6;1;1;0;0;0;0;0;513092,265216332860291;5289810,095008485019207;9,174706506000064;47,761525409000058;08210313435200620690;0
180626;08;2;37;028;2021;03;16;6;3;5;3;0;1;1;0;0;0;0;457337,514830721542239;5367967,378591092303395;8,422894053000050;48,463393275000044;08210326237100665140;0
180629;08;1;18;046;2021;03;20;2;3;4;6;1;0;0;0;0;2;0;512955,676083370111883;5411476,032227545976639;9,176621028000056;48,856115229000068;08210308118000632960;0
180633;08;1;11;000;2021;03;12;5;3;6;7;0;1;1;0;0;0;0;512120,862658326514065;5403292,938174609094858;9,164998514000047;48,782518112000048;08210318111500667730;0
180635;08;4;16;041;2021;05;19;2;3;6;3;0;1;1;0;0;0;0;504813,537887765094638;5375210,199441818520427;9,065199110000037;48,529981062000047;08210503416010782020;0
180636;08;4;36;012;2021;04;00;2;3;0;1;1;0;0;0;0;2;0;549522,764472309499979;5299024,742961496114731;9,661875445000021;47,842659255000058;08210419436400733800;0
180638;08;1;18;081;2021;04;10;7;3;6;7;0;1;1;0;0;0;0;518376,903622471727431;5412037,527077028527856;9,250551652000070;48,861029401000053;08210417118300721610;0
180640;08;2;15;009;2021;04;12;4;3;5;3;1;1;0;0;0;0;0;471121,771575108170509;5442596,133652290329337;8,604103047000024;49,135516464000034;08210428215402776500;0
180643;08;4;36;079;2021;04;11;7;2;0;7;1;0;0;0;0;0;0;556261,899524655193090;5289676,572685446590185;9,750724281000032;47,758001757000045;08210410436300696440;0
180644;08;1;19;079;2021;05;00;1;3;1;5;1;1;0;0;0;2;0;523166,092278469353914;5408291,063123952597380;9,315634904000035;48,827166871000031;08210502119400791110;1
180645;08;1;16;071;2021;04;10;1;2;0;1;1;0;0;0;0;0;0;528715,736717480234802;5390950,793150035664439;9,390037241000073;48,670945442000061;08210425116500764200;0
180646;08;1;16;033;2021;04;07;3;3;3;6;1;1;0;0;0;0;0;532681,665445458143950;5388708,604691283777356;9,443726594000054;48,650580012000034;08210427116400769230;0
180647;08;3;25;049;2021;03;16;1;2;6;6;1;0;1;0;0;0;0;467473,530386389233172;5339026,904925025999546;8,562236018000021;48,203639098000053;08210328325202676600;0
180649;08;1;11;000;2021;04;14;7;3;0;1;1;0;0;0;0;0;0;513958,921217809431255;5404884,983009371906519;9,190073535000067;48,796801449000043;08210403111120695190;0
180650;08;1;18;081;2021;04;16;7;3;5;2;1;1;0;0;0;0;0;516423,298599622212350;5412853,469246808439493;9,223949074000075;48,868424222000044;08210417118300712620;0
180652;08;1;17;051;2021;04;03;5;3;0;1;1;0;0;0;0;2;0;543153,379000000655651;5392141,421999519690871;9,586254753000048;48,680825091000031;08210422117010735360;1
180654;08;1;11;000;2021;04;21;7;3;0;1;1;0;0;0;0;2;0;514083,913074770011008;5403008,712335247546434;9,191711184000042;48,779919891000077;08210424111120726710;0
180655;08;4;25;072;2021;04;16;1;3;3;7;1;1;0;0;0;0;0;575468,578725553117692;5369786,956035193055868;10,021153020000042;48,476679920000038;08210425421200765310;0
180657;08;2;22;000;2021;03;17;3;3;6;4;0;1;1;0;0;0;0;461364,775999999605119;5482918,193999549373984;8,466444356000068;49,497666553000045;08210330222014660230;0
180659;08;1;25;065;2021;04;10;6;3;2;2;1;1;0;0;0;0;0;514873,460945989936590;5449244,175810825079679;9,204150592000076;49,195816275000027;08210430121500762460;0
180661;08;2;15;090;2021;04;16;5;3;0;1;1;0;0;0;0;0;0;465686,636248598806560;5433317,750274449586868;8,530382141000075;49,051776335000056;08210401215102697580;0
180662;08;2;22;000;2021;04;18;3;2;1;5;1;1;0;0;0;1;0;461334,438301895745099;5482081,138485249131918;8,466107308000062;49,490135764000058;08210420222700771890;0
180664;08;4;15;061;2021;03;16;2;3;3;2;1;1;0;0;0;0;0;515379,349634553305805;5371203,171760665252805;9,208164100000033;48,493762547000074;08210329415400685010;0
180667;08;1;18;079;2021;04;12;6;3;5;3;1;1;0;0;0;0;0;510833,466000000946224;5422358,118999531492591;9,147978406000050;48,954048290000060;08210423118100744330;0
180668;08;4;15;061;2021;03;21;4;3;6;4;0;1;1;0;0;2;0;516291,820652497000992;5372638,754758860915899;9,220570600000030;48,506654534000063;08210331415400672880;0
180669;08;3;36;081;2021;05;10;2;3;5;3;1;1;0;0;0;0;0;409926,339999983087182;5277957,564999487251043;7,800616369000068;47,648744063000038;08210503336300796230;0
180670;08;3;37;126;2021;04;10;2;2;0;1;1;0;0;0;0;0;0;441755,544347313232720;5273406,907061805948615;8,224995476000061;47,611449822000054;08210419337010715720;0
180671;08;3;15;131;2021;03;17;2;3;5;3;1;1;0;0;0;0;0;406308,778995559550822;5308044,259721705690026;7,745964600000036;47,918871734000049;08210329311010669780;0
180672;08;3;37;116;2021;04;15;7;3;0;1;1;1;0;0;0;0;0;417406,599194215610623;5276129,241416202858090;7,900545811000029;47,633294241000044;08210403337100688160;0
180673;08;4;16;041;2021;04;08;4;3;0;1;1;0;0;0;0;0;0;499083,801130607724190;5374553,363647041842341;8,987591576000057;48,524089725000067;08210428416200768280;0
180675;08;3;11;000;2021;04;19;7;3;6;4;0;1;1;0;0;0;0;411305,431919640861452;5319675,398274451494217;7,810427583000035;48,024208018000081;08210410311010717460;0
180677;08;1;16;078;2021;04;19;1;3;1;1;1;1;0;0;0;0;0;511934,383744676597416;5393366,761811422184110;9,162172537000060;48,693225920000032;08210425116200763750;0
180680;08;4;15;061;2021;03;12;3;3;5;3;1;1;0;0;0;0;0;515590,518364578485489;5372301,385074468329549;9,211063322000030;48,503637245000050;08210330415400661150;0
180681;08;3;17;096;2021;04;13;6;3;5;3;1;1;0;0;0;0;0;422698,943499929271638;5369372,470291091129184;7,954132912000034;48,472729011000069;08210402317500691310;0
180683;08;1;25;005;2021;04;06;4;3;5;3;1;1;0;0;0;1;0;515807,122160512953997;5453016,311414107680321;9,217114321000054;49,229724097000030;08210421121500718300;0
180684;08;3;17;057;2021;04;11;6;3;0;1;1;0;0;0;0;0;0;411955,950053313747048;5381765,168258883059025;7,806195842000022;48,582781577000048;08210430317010771260;1
180689;08;1;15;003;2021;04;10;6;3;5;3;1;1;0;0;0;0;0;501120,609796996228397;5392511,589842781424522;9,015225321000059;48,685645836000049;08210416115100710900;0
180690;08;2;15;009;2021;04;13;6;3;0;1;1;0;0;0;0;0;0;471141,594420017674565;5442442,158045930787921;8,604385818000026;49,134132355000077;08210430212010759250;0
180693;08;2;26;084;2021;04;08;3;3;1;3;1;1;0;0;0;0;0;469393,066062066704035;5469987,828728925436735;8,578310578000071;49,381820216000051;08210420226400753440;0
180694;08;1;19;085;2021;04;14;6;3;5;3;1;1;0;0;0;0;0;529688,674275103956461;5413174,488693490624428;9,404856155000061;48,870818793000069;08210402119500722760;0
180695;08;2;16;015;2021;04;14;3;2;1;5;1;1;0;0;0;0;0;450438,231625846587121;5405923,241987880319357;8,325032705000069;48,804322123000077;08210427216300736470;0
180696;08;2;21;000;2021;04;13;4;3;0;7;1;0;0;0;0;0;0;475474,736217156052589;5472634,666331272572279;8,661936186000048;49,405903355000078;08210421221200735130;0
180697;08;4;16;041;2021;04;10;6;3;5;3;1;0;0;0;0;0;0;504268,706906097009778;5373305,856582693755627;9,057799913000053;48,512852846000044;08210430416200777460;0
180699;08;1;18;048;2021;04;12;2;3;6;4;0;1;1;0;0;0;0;513757,883244064636528;5416198,011303395032883;9,187716104000060;48,898575751000067;08210426118400767430;0
180700;08;2;21;000;2021;04;12;6;3;0;7;1;0;0;0;0;0;0;476948,202884017489851;5472413,595628306269646;8,682259398000042;49,403972456000076;08210409221200694900;0
180701;08;4;36;064;2021;03;06;3;3;5;2;1;1;0;0;0;2;0;546340,652793948538601;5292391,730866787955165;9,618639718000054;47,783219636000069;08210330436200675200;0
180703;08;3;16;009;2021;04;09;6;3;4;6;1;1;0;0;0;0;0;416208,751718679443002;5324640,176172308623791;7,875205360000052;48,069530144000055;08210430316200773770;1
180704;08;1;11;000;2021;04;16;7;3;5;3;1;1;0;0;0;0;0;513043,241942116990685;5409014,347879512235522;9,177736399000025;48,833968535000054;08210424111500760890;0
180705;08;1;25;024;2021;04;14;5;3;0;6;1;1;0;0;0;0;0;523343,382240288890898;5443904,956283470615745;9,320095931000026;49,147524893000082;08210401121600715160;0
180706;08;4;36;005;2021;04;07;3;3;5;3;1;1;0;0;0;0;0;540405,497494266368449;5309123,181784022599459;9,540974062000032;47,934152332000053;08210420436400733100;0
180707;08;1;36;035;2021;04;12;2;2;0;1;1;0;0;0;0;0;0;580280,230116453953087;5431769,890590608119965;10,098334193000028;49,033581039000069;08210405136010689690;0
180709;08;3;37;123;2021;04;17;4;2;3;2;1;1;0;0;0;0;0;452838,747821466065943;5279181,841132404282689;8,371836618000032;47,664309643000081;08210414337010704290;0
180712;08;4;35;034;2021;03;17;4;3;0;7;1;0;0;0;0;0;0;529286,635346125811338;5285380,929873446002603;9,390506394000056;47,721142132000068;08210331435200666290;0
180714;08;1;36;065;2021;04;15;1;3;6;2;0;1;1;0;0;0;0;558865,413107816129923;5405819,539466338232160;9,801644121000038;48,802577814000074;08210425136300765680;0
180716;08;2;31;000;2021;03;14;2;3;6;7;0;0;1;0;1;0;0;477910,242525907233357;5415455,506886942312121;8,698643143000027;48,891655365000076;08210329231000681590;0
180717;08;1;11;000;2021;04;21;1;3;5;2;1;1;0;0;0;2;0;513259,351434331387281;5401816,077375687658787;9,180448800000022;48,769209158000081;08210404111500694520;0
180719;08;1;25;005;2021;04;05;4;3;6;4;0;1;1;0;0;1;0;515830,049599206075072;5453095,136671509593725;9,217432344000031;49,230432553000071;08210428121500735310;0
180720;08;2;12;000;2021;04;07;5;2;6;7;1;0;1;0;0;0;0;460466,496082625351846;5427525,968701398000121;8,459506180000062;48,999365431000058;08210422212010723080;0
180724;08;1;36;088;2021;04;22;3;3;5;3;1;0;0;0;1;2;0;579946,042247902601957;5409836,138291016221046;10,089461168000071;48,836350453000080;08210427136100773510;0
180725;08;1;25;065;2021;04;15;6;2;6;7;0;1;1;0;0;0;0;514263,667959685437381;5449113,018636049702764;9,195776073000047;49,194650973000080;08210409121500713900;0
180727;08;2;26;041;2021;04;09;7;3;0;7;1;0;0;0;0;0;0;476268,381368725560606;5464006,008162098005414;8,673390381000047;49,328320946000076;08210410226700696490;1
180729;08;2;21;000;2021;04;09;3;3;4;3;1;1;0;0;0;0;0;482723,599689210765064;5473609,529457071796060;8,761813239000048;49,414921109000034;08210427221200734200;0
180731;08;1;35;032;2021;04;17;2;3;3;6;1;1;0;0;0;0;0;578340,237731186673045;5393941,094763930886984;10,064555785000039;48,693588363000060;08210426135200755040;0
180733;08;2;26;105;2021;04;17;6;2;6;4;0;1;1;0;0;0;0;470107,353403225541115;5476944,667043168097734;8,587627579000070;49,444430621000038;08210416221011715700;0
180735;08;1;36;088;2021;04;17;5;3;0;7;1;0;0;0;0;0;0;579644,506454757414758;5412836,949739176779985;10,085936346000040;48,863379211000051;08210415136100708610;0
180736;08;2;22;000;2021;04;12;5;3;5;2;1;1;0;0;0;0;0;462198,069859867915511;5478795,353422049432993;8,478345760000025;49,460636193000028;08210429222500773850;0
180737;08;3;15;064;2021;04;08;6;3;5;3;1;1;0;0;0;0;0;422490,202444934286177;5312873,716740779578686;7,961638868000023;47,964477287000079;08210423311010736810;0
180738;08;3;15;108;2021;03;09;4;3;4;2;1;1;0;0;0;0;0;405282,242999976500869;5304141,139999492093921;7,733085162000066;47,883611785000028;08210331311400670470;0
180740;08;1;11;000;2021;04;13;1;3;2;6;1;1;0;0;0;0;0;510747,457749584689736;5400453,653316043317318;9,146228551000036;48,757001300000070;08210404111500688070;0
180743;08;4;35;034;2021;04;17;5;3;0;1;1;0;0;0;0;0;0;528287,030846356414258;5282932,589180264621973;9,377019115000053;47,699157893000063;08210422435100725130;0
180744;08;3;11;000;2021;03;05;4;3;1;1;1;1;0;0;0;2;0;413461,006570828147233;5315364,011367101222277;7,840201808000074;47,985721351000052;08210331311010663460;0
180745;08;1;21;000;2021;04;17;1;2;1;6;1;1;0;0;0;0;0;512618,509834606200457;5445546,495729045942426;9,173083652000059;49,162605113000041;08210411121300719930;0
180746;08;2;21;000;2021;05;19;2;3;1;5;1;1;0;0;0;0;0;476613,507493342272937;5472851,797155249863863;8,677620305000062;49,407901239000068;08210503221011793060;0
180747;08;3;25;070;2021;04;15;1;2;0;7;1;0;0;0;0;0;0;462808,702000001445413;5348374,742999510839581;8,498634568000057;48,287480324000057;08210425325102750820;0
180748;08;2;21;000;2021;04;21;2;3;6;4;0;1;1;0;0;2;0;475369,746452805586159;5469884,873474169522524;8,660659433000035;49,381165162000059;08210419221011860720;1
180749;08;1;19;091;2021;03;10;2;3;6;2;0;1;1;0;0;0;0;526929,800584439188242;5406787,644777672365308;9,366815202000055;48,813490748000049;08210329119400677580;0
180750;08;1;16;049;2021;04;14;6;3;5;3;1;1;0;0;0;0;0;525557,349278631620109;5384058,923696368932724;9,346713514000044;48,609083332000068;08210402116500687040;0
180753;08;1;18;021;2021;04;11;7;3;3;6;1;1;0;0;0;0;0;521589,906426673755050;5428181,867810921743512;9,295212396000068;49,006153947000030;08210417118500821250;0
180755;08;3;11;000;2021;04;17;5;3;0;1;1;0;0;0;0;0;0;414353,281281620264053;5316213,623078817501664;7,851988096000071;47,993484051000053;08210429311010748360;0
180756;08;1;21;000;2021;04;16;5;2;3;1;1;1;0;0;0;0;0;513307,183304551057518;5443525,079496568068862;9,182463099000074;49,144407262000072;08210422121300737890;0
180757;08;1;15;028;2021;04;18;5;2;5;2;1;1;0;0;0;0;0;500622,019014703109860;5404892,359865738078952;9,008469841000021;48,797024213000043;08210401115300699910;0
180758;08;3;11;000;2021;05;18;2;3;6;4;1;0;1;0;0;0;0;415701,871527589857578;5315424,945752495899796;7,870215858000051;47,986568760000068;08210503311010808010;0
180759;08;4;15;088;2021;04;13;1;3;0;1;1;0;0;0;0;0;0;540003,563389575108886;5368935,480670370161533;9,541232386000047;48,472277099000053;08210425415100729220;0
180761;08;1;21;000;2021;03;20;2;2;0;7;1;0;0;0;0;1;0;513655,929077015258372;5442337,937276506796479;9,187204720000068;49,133720846000074;08210329121300758760;0
180763;08;1;25;005;2021;04;16;2;3;0;1;1;0;0;0;0;0;0;515218,092781149782240;5452864,484319331124425;9,209018169000046;49,228373305000048;08210412121500711490;0
180764;08;2;26;096;2021;04;15;4;3;0;3;1;1;0;0;0;0;0;475354,918000000528991;5487851,465999551117420;8,659336651000046;49,542769297000063;08210428226600743430;0
180767;08;1;11;000;2021;05;18;2;3;0;5;1;1;0;0;0;0;0;506382,449750808067620;5399776,769304983317852;9,086828406000052;48,750972110000077;08210503111230782710;0
180770;08;2;35;085;2021;04;15;6;3;0;1;1;0;0;0;0;0;0;478134,753624497912824;5396809,662554152309895;8,702699201000030;48,723929111000075;08210409235100695690;0
180771;08;4;21;000;2021;03;14;3;3;0;1;1;0;0;0;0;0;0;572060,905033089220524;5355970,501260101795197;9,972677724000050;48,352797499000076;08210330421300664570;0
180774;08;3;11;000;2021;04;07;3;2;4;1;1;0;0;0;0;0;0;410624,297313260845840;5315220,007250808179379;7,802222585000038;47,984035890000030;08210427311010755440;0
180776;08;1;16;015;2021;04;14;2;3;5;3;1;1;0;0;0;0;0;522992,457999999634922;5393944,336999518796802;9,312467567000056;48,698112263000041;08210426116200751980;0
180779;08;3;36;081;2021;04;10;5;3;1;2;1;1;0;0;0;0;0;412601,222918465733528;5278992,311872642487288;7,836019445000034;47,658419299000059;08210415336300714250;0
180781;08;3;15;064;2021;04;11;6;2;5;3;1;1;0;0;0;0;0;421787,779399845749140;5313441,200766576454043;7,952127204000021;47,969496773000060;08210423311010758160;0
180782;08;4;16;036;2021;03;19;4;2;0;1;1;0;0;0;0;0;0;498292,494603996165097;5370639,666996747255325;8,976890629000025;48,488878929000066;08210331416100664880;0
180784;08;2;12;000;2021;04;12;7;2;5;3;1;1;0;0;0;0;0;453232,185833610594273;5428889,135951464995742;8,360449140000071;49,011121498000080;08210403212010704620;0
180787;08;1;16;078;2021;04;10;5;3;5;3;1;1;0;0;0;0;0;510314,269000000320375;5394286,630999522283673;9,140180363000070;48,701530008000077;08210429116200742960;0
180788;08;2;26;096;2021;04;10;5;3;4;2;1;0;0;0;1;0;0;476757,748183286748827;5487968,457765951752663;8,678720422000026;49,543877053000074;08210422226600760090;0
180789;08;1;18;048;2021;03;20;4;3;0;7;1;0;0;0;0;1;0;513749,552666935138404;5415707,608549697324634;9,187585933000037;48,894164405000026;08210331118400672960;0
180792;08;4;36;081;2021;04;16;7;3;4;6;1;0;0;0;0;0;0;562558,705058982595801;5281913,505686530843377;9,833621194000045;47,687579717000062;08210424436300728820;0
180794;08;1;15;044;2021;03;19;2;3;0;7;1;0;0;0;0;0;0;504356,992982201278210;5390389,086923368275166;9,059174511000037;48,666537343000073;08210329115100676460;0
180795;08;2;15;102;2021;03;13;4;3;5;3;1;1;0;0;0;0;0;455740,161538261920214;5436147,204783163964748;8,393950842000038;49,076593140000057;08210331215102666410;0
180796;08;1;11;000;2021;04;10;7;2;6;7;0;1;1;0;0;0;0;515252,565902107395232;5394573,793568244203925;9,207306566000057;48,704012123000041;08210403111500702780;0
180798;08;3;36;050;2021;04;07;3;3;9;1;1;0;0;0;0;0;0;399123,825999968685210;5274067,655999483540654;7,657709543000067;47,612159505000079;08210427311010733200;0
180799;08;4;36;081;2021;04;10;4;2;0;7;1;0;0;0;0;0;0;562157,340034360997379;5281888,742101168259978;9,828269887000033;47,687395654000056;08210421436300753180;0
180800;08;1;16;078;2021;05;06;7;3;0;1;1;0;0;0;0;0;0;508790,246299131773412;5393247,298768561333418;9,119445428000063;48,692203439000082;08210501116200817200;1
180802;08;4;35;020;2021;04;13;1;3;0;1;1;0;0;0;0;0;0;524882,728687918744981;5300434,101909913122654;9,332649183000058;47,856765854000059;08210425435200731650;0
180804;08;1;11;000;2021;03;18;4;3;5;7;1;1;0;0;0;0;0;518539,731635397300124;5402889,469958566129208;9,252358172000072;48,778730359000065;08210331111500679300;0
180806;08;2;15;101;2021;04;11;7;3;6;7;0;1;1;0;0;0;0;466683,685365688055754;5426734,105134932324290;8,544568162000076;48,992609210000069;08210424212102726240;0
180809;08;2;15;090;2021;04;08;3;3;5;3;1;1;0;0;0;0;0;465591,243743536062539;5433417,496266465634108;8,529068156000051;49,052668254000025;08210420215102726970;0
180811;08;3;37;116;2021;04;16;4;2;3;6;1;0;0;1;0;0;0;418186,473283691331744;5273540,024574227631092;7,911408990000041;47,610100254000031;08210421337010754670;0
180813;08;3;15;006;2021;04;19;6;3;5;3;1;0;0;0;1;0;0;400741,431586544960737;5308806,835889879614115;7,671291419000056;47,924893222000037;08210423311400733920;0
180815;08;3;17;122;2021;04;15;6;3;1;3;1;1;0;0;0;0;0;417415,301485340110958;5369590,439582608640194;7,882616990000031;48,474017856000046;08210409317500717150;0
180816;08;1;16;071;2021;03;17;4;2;5;3;1;1;0;0;0;0;0;527860,122999998740852;5390957,250999519601464;9,378416400000049;48,671042297000042;08210331116010667520;0