OID_;ULAND;UREGBEZ;UKREIS;UGEMEINDE;UJAHR;UMONAT;USTUNDE;UWOCHENTAG;UKATEGORIE;UART;UTYP1;IstRad;IstPKW;IstFuss;IstKrad;IstSonstige;ULICHTVERH;IstGkfz;LINREFX;LINREFY;XGCSWGS84;YGCSWGS84;UIDENTSTLAE;IstStrassenzustand
180818;08;2;26;096;2021;04;16;5;3;6;3;1;0;1;0;0;0;0;475031,752051269635558;5488403,169478094205260;8,654834729000072;49,547718412000052;08210401226600686940;0
180819;08;4;15;059;2021;04;09;6;3;2;6;1;1;0;0;0;0;0;516546,931957793422043;5369539,056577900424600;9,223901645000069;48,478761914000074;08210416415300708940;0
180820;08;1;16;077;2021;04;19;3;2;0;1;1;0;0;0;0;0;0;515194,123443445190787;5388731,961373478174210;9,206297545000041;48,651460056000076;08210420116200717690;0
180821;08;2;15;108;2021;04;12;3;2;0;7;1;0;0;0;0;0;0;449579,338665871880949;5424940,864103175699711;8,310989985000049;48,975319220000074;08210406212010700740;0
180823;08;1;11;000;2021;04;19;4;3;0;7;1;0;0;0;0;0;0;517085,771977267228067;5410008,099177841097116;9,232863775000055;48,842810033000035;08210414111330704430;0
180825;08;1;36;065;2021;04;19;6;3;6;4;0;1;1;0;0;0;0;556848,483881848864257;5407254,809119131416082;9,774378522000063;48,815675937000037;08210423136300754410;0
180826;08;4;36;011;2021;03;18;4;2;6;4;0;1;1;0;0;0;0;548817,774495881982148;5297889,019670648500323;9,652325741000027;47,832495244000029;08210331436500663590;0
180829;08;2;26;096;2021;04;12;7;3;0;1;1;0;0;0;0;0;0;474628,919729165732861;5489029,656995089724660;8,649225667000053;49,553336664000028;08210403226600701260;0
180830;08;1;21;000;2021;04;15;7;3;6;7;0;1;1;0;0;0;0;514147,282000000588596;5442813,019999533891678;9,193957152000053;49,137983265000059;08210417121300758570;0
180832;08;1;11;000;2021;04;19;5;3;5;3;1;1;0;0;0;0;0;508619,884957297705114;5406794,083202855661511;9,117414121000024;48,814072482000029;08210429111500861870;0
180837;08;3;35;063;2021;04;18;7;3;2;6;1;0;0;0;0;0;0;498448,174359773285687;5287617,795280301943421;8,979299820000051;47,741931118000025;08210424335200968940;0
180839;08;3;17;096;2021;03;11;2;3;3;6;1;1;0;0;0;0;0;422671,211562436074018;5369051,316126123070717;7,953817161000075;48,469836837000059;08210329317500683000;0
180840;08;1;35;031;2021;03;13;4;3;0;1;1;0;0;0;0;0;0;594689,433585132472217;5380140,176270321011543;10,283517226000072;48,567197077000060;08210331135100679290;0
180841;08;4;37;076;2021;04;11;6;3;1;5;1;1;0;0;0;0;0;524506,770000000484288;5321094,389999501407146;9,328800157000046;48,042663369000081;08210402437100689780;0
180842;08;3;16;011;2021;04;11;6;3;5;3;1;1;0;0;0;0;0;414545,046007905155420;5330443,019488926976919;7,851714945000026;48,121507285000064;08210416316100719010;0
180846;08;1;18;077;2021;04;17;7;3;4;3;1;1;0;0;0;0;0;513764,642898194491863;5423230,880660720169544;9,188045767000062;48,961841026000059;08210424118100775100;0
180847;08;1;18;054;2021;04;12;2;2;6;4;0;0;1;0;1;0;0;518696,565397924743593;5423222,860657107084990;9,255422285000066;48,961639376000051;08210426118000766400;0
180851;08;3;17;029;2021;04;08;6;3;0;3;1;1;0;0;0;0;0;434028,098947385326028;5348740,006754703819752;8,110632267000028;48,288420438000060;08210430317600762780;1
180852;08;3;35;043;2021;04;16;6;3;5;2;1;0;0;0;0;0;0;513014,349647327326238;5285981,275835607200861;9,173552238000070;47,727077000000065;08210423335100859270;0
180853;08;3;15;043;2021;04;20;5;3;3;6;1;0;0;0;1;0;0;404341,479989538900554;5321635,296095298603177;7,716612636000036;48,040832096000031;08210401311010699650;0
180854;08;2;21;000;2021;05;09;3;3;6;7;0;0;1;0;1;0;0;478699,840749603696167;5473265,311432441696525;8,706357531000037;49,411697346000039;08210504221200810900;0
180856;08;2;25;109;2021;04;22;4;3;4;6;1;0;0;0;1;2;0;526181,325242832303047;5491810,196188995614648;9,362161303000050;49,578311870000050;08210407225200774670;1
180857;08;2;26;037;2021;04;16;7;3;6;4;0;1;1;0;0;0;0;466435,861919176764786;5468741,382718194276094;8,537673975000075;49,370452984000053;08210417226400725010;0
180858;08;1;36;065;2021;03;15;3;3;1;5;1;1;0;0;0;0;0;556269,020566895604134;5405941,337002458050847;9,766305862000024;48,803913863000048;08210330136100678250;0
180859;08;2;12;000;2021;04;13;3;3;5;2;1;1;0;0;0;0;0;455199,968130403198302;5428616,646126352250576;8,387387032000049;49,008816435000028;08210413212010723110;0
180861;08;2;12;000;2021;04;14;6;3;5;2;1;1;0;0;0;0;0;456896,462439761497080;5427302,407985122874379;8,410723739000048;48,997115515000075;08210423212010729450;0
180862;08;1;16;019;2021;04;05;5;3;5;3;1;1;0;0;0;2;0;522405,130229091271758;5398017,401159735396504;9,304707108000059;48,734774650000077;08210401116100854770;0
180864;08;3;15;064;2021;04;14;1;3;3;1;1;0;0;0;0;0;0;421572,022446620278060;5314876,170638544484973;7,948975067000049;47,982378940000046;08210425311010776470;0
180867;08;1;35;019;2021;04;18;2;2;6;7;0;1;1;0;0;0;0;585481,341025289148092;5391086,284835087135434;10,160985097000037;48,666974008000068;08210405135010698370;1
180868;08;1;17;026;2021;04;15;7;3;6;2;0;1;1;0;0;0;0;548975,402287639677525;5395470,991387093439698;9,665738687000044;48,710346556000047;08210417117300757410;0
180869;08;1;11;000;2021;04;11;2;3;6;4;0;1;1;0;0;0;0;515535,865153408609331;5403562,693897860124707;9,211496059000069;48,784868883000058;08210412111500730740;0
180871;08;2;16;043;2021;04;15;5;3;6;4;0;1;1;0;0;0;0;441097,328682473860681;5413012,028944240882993;8,196814905000053;48,867270667000071;08210422216100755680;0
180873;08;3;36;069;2021;03;19;2;3;0;1;1;0;0;0;0;1;0;403390,009605268947780;5268492,386822186410427;7,715689332000068;47,562656895000032;08210329336091669630;0
180875;08;2;12;000;2021;04;10;5;2;5;2;1;1;0;0;0;0;0;458593,289786927402020;5431704,932325735688210;8,433470909000050;49,036833022000053;08210429212010746830;0
180880;08;2;31;000;2021;04;17;1;3;0;1;1;0;0;0;0;0;0;478655,933856966905296;5411858,050945162773132;8,709003769000049;48,859319882000079;08210404231000688510;0
180881;08;1;18;079;2021;04;19;7;3;6;7;0;1;1;0;0;0;0;510634,812972323037684;5423829,985705899074674;9,145303395000042;48,967292135000037;08210417118100730360;0
180882;08;3;11;000;2021;04;12;4;3;4;2;1;0;0;0;0;0;0;411632,691005232743919;5314166,024495769292116;7,815950507000025;47,974695114000042;08210428311010761310;0
180883;08;2;15;106;2021;04;17;5;3;5;3;1;1;0;0;0;0;0;464573,145439117215574;5452856,060625683516264;8,513425845000029;49,227461873000038;08210422215502724380;0
180884;08;3;11;000;2021;03;17;4;3;0;7;1;0;0;0;0;0;0;410034,400030213408172;5314432,994090901687741;7,794483676000027;47,976873832000081;08210331311010674960;0
180885;08;4;15;061;2021;04;13;6;3;5;3;1;1;0;0;0;0;0;516480,921977682970464;5370190,605831926688552;9,223034147000021;48,484625221000044;08210409415400706670;0
180886;08;2;22;000;2021;05;11;1;3;0;7;1;0;0;0;0;0;0;461693,676244650967419;5480869,738922938704491;8,471184794000067;49,479262647000041;08210502222700786430;0
180887;08;2;22;000;2021;04;12;7;3;5;3;1;0;0;0;1;0;0;464457,647231509909034;5485300,118054429069161;8,508941038000046;49,519279847000064;08210424222301762240;0
180890;08;2;12;000;2021;03;15;4;2;0;1;1;0;0;0;0;0;0;462586,198691455647349;5427886,694471355527639;8,488451837000071;49,002742364000028;08210331212102674550;0
180892;08;2;26;060;2021;04;10;3;2;0;7;0;1;1;0;0;0;0;477456,204553118906915;5463824,736689329147339;8,689747945000022;49,326735453000026;08210427221011769950;0
180893;08;3;17;056;2021;04;15;4;2;5;3;1;1;0;0;0;0;0;435014,366670010611415;5382924,803889384493232;8,118622017000064;48,596029516000044;08210421211000732080;0
180895;08;2;15;017;2021;04;11;7;2;4;6;1;1;0;0;0;0;0;456317,068118311464787;5422823,489236835390329;8,403284290000045;48,956786182000030;08210424212702762350;0
180896;08;1;36;088;2021;04;08;2;2;5;2;1;0;0;0;0;0;1;580321,446139072999358;5410162,260478114709258;10,094639912000048;48,839235217000066;08210426136010735800;0
180900;08;2;22;000;2021;04;17;6;3;1;5;1;1;0;0;0;0;0;461954,540621303021908;5482189,103562615811825;8,474658884000064;49,491146051000044;08210430222700780010;0
180902;08;1;17;023;2021;04;19;5;2;0;1;1;0;0;0;0;0;0;547896,136975729838014;5387748,166914794594049;9,650174278000065;48,640959376000069;08210401117400686160;0
180903;08;4;21;000;2021;04;17;3;3;6;2;0;1;1;0;0;0;0;570440,827030059881508;5361823,650154028087854;9,951794164000034;48,405631427000060;08210420426010749940;0
180904;08;4;25;141;2021;04;18;1;2;2;6;1;1;0;0;0;0;0;567384,961946147494018;5363343,234624266624451;9,910753066000041;48,419634825000060;08210404426010688520;0
180906;08;3;36;091;2021;04;13;4;3;3;2;1;0;0;0;0;0;0;396307,113646778278053;5271622,846986396238208;7,620818732000032;47,589723328000048;08210414311010717720;0
180908;08;2;21;000;2021;04;13;6;3;5;2;1;1;0;0;0;0;0;477256,489020991139114;5467872,528909051790833;8,686768426000071;49,363137699000049;08210423221011724210;0
180909;08;3;15;074;2021;03;16;4;3;1;1;1;1;0;0;0;0;0;396286,400844928808510;5296549,694461263716221;7,614614486000050;47,813937867000050;08210331311400666680;0
180910;08;4;16;041;2021;05;17;2;3;0;3;1;1;0;0;0;0;0;504283,167666994035244;5373913,470355585217476;9,058001957000045;48,518319067000050;08210503416200818460;0
180911;08;4;25;072;2021;04;14;1;2;8;1;1;0;0;0;0;0;0;583537,964670936577022;5370042,190723748877645;10,130368516000033;48,477955289000079;08210425421200731230;0
180914;08;2;21;000;2021;04;17;6;2;5;3;1;1;0;0;0;0;0;474724,989054151810706;5471865,060191284865141;8,651650610000047;49,398950210000066;08210402221400779060;0
180915;08;2;21;000;2021;04;19;2;3;5;2;1;1;0;0;0;0;0;477927,358000000938773;5472826,718999546021223;8,695732678000070;49,407724740000049;08210412221200716310;0
180916;08;2;12;000;2021;04;17;4;3;2;6;1;1;0;0;0;0;0;455571,655322883278131;5428596,541937455534935;8,392471526000065;49,008662467000079;08210428212502761110;0
180917;08;1;18;046;2021;04;16;5;3;5;3;1;1;0;0;0;0;0;513629,208630247972906;5412245,547434801235795;9,185828679000053;48,863023195000039;08210422118300737110;0
180918;08;1;18;079;2021;04;11;7;3;0;1;1;0;0;0;0;0;0;510944,388505441136658;5421542,624734675511718;9,149471618000064;48,946710424000059;08210410118100705370;0
180920;08;4;16;041;2021;04;21;7;3;5;3;1;1;0;0;0;2;0;504024,661541126668453;5374440,670535081997514;9,054506399000047;48,523063662000027;08210424416010746270;0
180921;08;1;25;034;2021;04;18;3;3;0;7;1;1;0;0;0;0;0;498873,241000001318753;5444693,401999538764358;8,984546995000073;49,155059899000037;08210427121100768210;0
180922;08;1;11;000;2021;04;19;6;3;5;3;1;1;0;0;0;0;0;514039,806338732130826;5408679,740273391827941;9,191304750000029;48,830936726000061;08210409111500712200;0
180926;08;2;22;000;2021;04;17;3;3;1;7;1;1;0;0;0;0;0;461940,252999999560416;5482808,576999550685287;8,474401945000068;49,496716987000070;08210427222600735280;0
180927;08;3;11;000;2021;04;15;4;3;0;3;1;1;0;0;0;0;0;414210,127330399118364;5316705,690178167074919;7,849971286000027;47,997891191000065;08210421311010962470;0
180929;08;1;18;048;2021;04;17;5;3;4;2;1;1;0;0;0;0;0;514248,043000000528991;5414989,840999526903033;9,194361796000067;48,887696295000069;08210408118400695670;0
180934;08;1;25;046;2021;04;15;1;2;0;1;1;0;0;0;0;0;0;518296,719268352724612;5433778,096285382285714;9,250435608000032;49,056601136000040;08210425121600076540;0
180936;08;2;15;066;2021;04;21;6;3;0;7;1;0;0;0;0;2;0;460360,578705789521337;5453527,537490148097277;8,455504091000023;49,233243519000041;08210409215502695400;0
180938;08;4;15;059;2021;04;10;6;3;0;1;1;0;0;0;0;0;0;517191,719454846344888;5367614,398932866752148;9,232547261000036;48,461429671000076;08210409415300712030;0
180939;08;3;37;066;2021;04;17;6;2;5;3;1;1;0;0;0;0;0;431393,062680432572961;5268760,734822383150458;8,087854929000059;47,568635331000053;08210402337010699150;0
180941;08;4;35;020;2021;04;15;1;3;0;1;1;0;0;0;0;0;0;524226,635275336913764;5300451,682450836524367;9,323879213000055;47,856949108000038;08210411435200697680;0
180942;08;4;15;061;2021;04;17;3;3;5;3;1;1;0;0;0;0;0;515627,039250417612493;5377094,113398114219308;9,211737388000074;48,546753160000037;08210427415400735460;0
180943;08;3;35;063;2021;04;16;4;2;3;5;1;1;0;0;0;0;0;497481,557000000029802;5287264,760999491438270;8,966407921000041;47,738751609000076;08210421335000739730;0
180944;08;1;25;026;2021;04;15;2;3;3;2;1;1;0;0;0;0;0;493121,752184142358601;5442197,048433216288686;8,905710529000032;49,132566756000074;08210426121100766590;0
180945;08;3;26;074;2021;04;17;3;3;6;6;0;1;1;0;0;0;0;461344,697910815477371;5321831,105827618390322;8,481313171000068;48,048591380000062;08210406326400697430;1
180947;08;1;11;000;2021;04;08;6;3;6;4;0;1;1;0;0;0;0;515237,950812085531652;5403819,008626751601696;9,207449962000055;48,787182034000068;08210416111500717760;0
180948;08;4;35;066;2021;04;15;6;3;5;3;1;1;0;0;0;0;0;518056,638625610619783;5286562,109257102012634;9,240817004000064;47,732181683000078;08210430435200751160;0
180952;08;4;16;041;2021;04;15;1;3;3;2;1;1;0;0;0;0;0;504025,355808657594025;5374436,571111995726824;9,054515762000051;48,523026778000030;08210404416200688470;0
180955;08;1;18;078;2021;04;06;5;3;3;6;1;1;0;0;0;0;0;515108,000540359877050;5420333,405821878463030;9,206290461000037;48,935745015000066;08210429118500770020;0
180958;08;3;11;000;2021;05;11;2;3;0;1;1;0;0;0;0;0;0;413547,483670523390174;5315557,924955150112510;7,841321486000027;47,987477369000032;08210503311010781460;0
180960;08;3;15;006;2021;04;13;2;3;5;3;1;1;0;0;0;0;0;403830,075999975204468;5307920,932999491691589;7,712823804000038;47,917395365000061;08210419311400757580;0
180961;08;1;25;026;2021;03;07;2;3;6;4;0;1;1;0;0;0;0;493359,744895316660404;5441935,918272273615003;8,908977314000026;49,130220404000056;08210329121100675690;0
180962;08;4;25;090;2021;04;12;6;2;4;2;1;1;0;0;0;0;0;542429,890538570471108;5342341,972881365567446;9,571376850000036;48,232877996000070;08210402426010689350;0
180963;08;1;11;000;2021;04;09;3;2;0;1;1;0;0;0;0;0;0;505016,484915543347597;5397213,732966288924217;9,068214296000065;48,727927490000070;08210413111500711590;0
180969;08;1;19;044;2021;04;20;3;2;0;1;1;0;0;0;0;1;0;542681,121985024772584;5425437,379111355170608;9,583305789000065;48,980368617000067;08210427119100766250;0
180972;08;2;12;000;2021;04;13;7;3;1;5;1;1;0;0;0;0;0;454804,807365606538951;5431573,401449985802174;8,381654360000027;49,035383805000038;08210410212010751110;0
180973;08;3;16;009;2021;04;09;5;2;5;3;1;1;0;0;0;0;0;418115,142707123421133;5324224,216385073959827;7,900871062000022;48,066036048000058;08210401311010078250;0
180975;08;3;17;001;2021;04;11;7;2;0;7;1;0;0;0;0;0;0;432391,838410262018442;5384777,066775051876903;8,082756543000073;48,612413075000063;08210417317100730380;0
180977;08;1;15;021;2021;04;16;4;3;4;7;1;1;0;0;0;0;0;489448,360967338085175;5382175,134384749457240;8,856902171000058;48,592569294000043;08210407115200702190;1
180981;08;2;12;000;2021;04;09;5;2;0;1;1;0;0;0;0;0;0;461560,260000000707805;5427497,521999532356858;8,474461916000052;48,999178625000070;08210429212102080560;1
180983;08;4;35;013;2021;03;15;4;3;0;7;1;0;0;0;0;0;0;540160,953521735034883;5277862,316178383305669;9,534806342000024;47,652910016000078;08210331435100676700;0
180985;08;1;21;000;2021;04;11;2;3;0;7;1;0;0;0;0;0;0;516275,487861349247396;5443393,534883636981249;9,223157769000068;49,143152488000055;08210419121200759760;0
180986;08;2;22;000;2021;04;10;7;2;5;3;1;0;0;0;1;0;0;461801,806628775782883;5477725,030918074771762;8,472980937000045;49,450984362000042;08210403222014689420;0
180989;08;4;35;016;2021;04;17;5;3;5;3;1;1;0;0;0;0;0;536904,029473358765244;5279809,337763562798500;9,491601425000056;47,670622091000041;08210422435100776270;0
180991;08;1;16;077;2021;04;14;1;3;6;4;0;1;1;0;0;0;0;516575,991428554989398;5391446,756531309336424;9,225168417000077;48,675847426000075;08210411116010718750;0
180994;08;3;17;096;2021;03;13;4;3;6;4;1;0;1;0;0;0;0;422795,548856100998819;5368658,698681838810444;7,955571510000027;48,466320538000048;08210331317500675290;0
180998;08;1;15;015;2021;04;09;4;3;6;7;0;1;1;0;0;0;0;492609,062588592991233;5387667,094016280025244;8,899668617000032;48,642021364000072;08210414115200725500;0
180999;08;4;36;010;2021;04;13;4;2;0;7;1;0;0;0;0;0;0;571196,536351498216391;5305093,985023109242320;9,952511978000075;47,895223836000071;08210428436100745830;0
181001;08;2;36;025;2021;03;19;4;3;0;7;1;0;0;0;0;1;1;489554,699618010781705;5405622,969572363421321;8,857751206000046;48,803509268000028;08210331231102683980;1
181002;08;1;18;048;2021;04;12;1;3;5;2;1;1;0;0;0;0;0;511562,120626392774284;5417273,681528128683567;9,157787142000075;48,908297068000081;08210411118400700040;0
181003;08;2;21;000;2021;05;10;2;3;0;7;1;0;0;0;0;0;0;477124,534350442700088;5472423,866464767605066;8,684689280000043;49,404071494000050;08210503221200796530;0
181005;08;1;18;073;2021;04;20;3;2;7;7;1;0;0;0;0;0;0;497416,343999999575317;5419896,573999529704452;8,964724418000060;48,931994474000078;08210427118000769500;0
181008;08;2;22;000;2021;04;20;2;3;0;5;1;0;0;0;0;0;0;461981,634921596385539;5481101,149100776761770;8,475137614000062;49,481362167000043;08210412222700700430;0
181009;08;4;16;036;2021;04;17;3;3;0;1;1;0;0;0;0;0;0;495707,705295755527914;5369478,908335275948048;8,941920037000045;48,478423915000064;08210427416100758220;0
181011;08;2;12;000;2021;04;09;1;3;0;7;1;0;0;0;0;0;0;450633,860186391510069;5428164,084570787847042;8,325007660000040;49,004397272000062;08210418212502712420;0
181012;08;1;11;000;2021;05;11;1;2;5;7;1;1;0;0;0;0;0;512082,198543152771890;5406130,972318297252059;9,164555670000027;48,808049537000045;08210502111500795110;0
181013;08;4;35;030;2021;04;13;6;3;0;4;0;1;1;0;0;0;0;540833,606591470539570;5273450,566062353551388;9,543351734000055;47,613173811000081;08210423435100758030;0
181018;08;1;19;020;2021;04;11;5;3;5;3;1;1;0;0;1;0;0;520263,858004909008741;5406469,447652567178011;9,276002882000057;48,810881470000027;08210401119200693100;0
181019;08;3;11;000;2021;05;16;3;3;5;3;1;1;0;0;0;0;0;412745,819465143606067;5316228,935227999463677;7,830443109000043;47,993404456000064;08210504311010783510;0
181020;08;1;21;000;2021;04;17;3;2;5;7;1;1;0;0;0;0;0;513497,676968406885862;5443153,508793592453003;9,185062616000039;49,141060698000047;08210420121300753520;0
181021;08;2;12;000;2021;04;15;3;3;6;4;0;1;1;0;0;0;0;461807,685436548665166;5427618,437180381268263;8,477833134000036;49,000281644000040;08210406212102700140;0
181022;08;1;11;000;2021;03;12;3;3;8;7;0;1;1;0;0;0;0;515089,540307275019586;5402885,195050265640020;9,205395229000032;48,778785160000041;08210330111500663670;0
181024;08;2;15;017;2021;04;15;5;3;5;3;1;1;0;0;0;0;0;453777,160824571736157;5421474,028775529935956;8,368744061000029;48,944462903000044;08210429212702764730;0
181026;08;4;36;064;2021;03;09;4;2;6;4;0;0;1;0;1;0;0;546770,658021163195372;5292739,268578212708235;9,624417310000069;47,786315349000063;08210331436200674380;0
181027;08;3;11;000;2021;05;14;2;3;3;6;1;0;0;0;0;0;0;415240,213779670186341;5320450,906021457165480;7,863036463000071;48,031718271000045;08210503311010822150;0
181029;08;3;36;081;2021;04;13;1;2;1;5;1;1;0;0;0;0;0;411004,034197627566755;5278159,160505509003997;7,814922284000033;47,650706683000067;08210404311010688020;0
181030;08;1;11;000;2021;04;17;2;3;6;7;0;1;1;0;0;0;0;512898,037557298317552;5401201,945747850462794;9,175512388000072;48,763692060000039;08210412111500700770;0
181031;08;1;11;000;2021;04;15;5;2;0;1;1;0;0;0;0;0;0;511291,228970839641988;5402177,949475755915046;9,153674326000043;48,772503363000055;08210429111500746490;1
181032;08;2;12;000;2021;04;18;5;3;6;4;0;0;1;1;0;0;0;455055,860065112821758;5429887,970921810716391;8,385275766000063;49,020241619000046;08210422212301756290;0
181033;08;1;19;020;2021;03;10;4;2;6;2;0;1;1;0;0;0;0;520179,614032442681491;5406706,847738020122051;9,274867128000039;48,813019817000054;08210331119010675410;0
181036;08;1;11;000;2021;04;15;1;3;0;7;1;0;0;0;0;0;0;511599,147370063699782;5403295,836167849600315;9,157896635000043;48,782554130000051;08210425111130731950;0
181037;08;3;11;000;2021;04;16;2;2;3;1;1;1;0;0;0;0;0;411171,337999983690679;5316209,029999498277903;7,809347523000042;47,993008613000029;08210426311010768880;0
181038;08;1;11;000;2021;03;08;2;3;5;2;1;1;0;0;0;0;0;513522,064819304272532;5402233,118398169055581;9,184037804000070;48,772955176000039;08210329111500667720;0
181039;08;2;15;084;2021;03;16;4;3;0;7;1;0;0;0;0;0;0;472861,277025261893868;5448121,470373613759875;8,627577213000052;49,185297139000056;08210331215202666330;0
181041;08;2;26;032;2021;04;08;3;3;3;2;1;1;0;1;0;0;0;467271,871798075735569;5462815,958897508680820;8,549675789000048;49,317200461000027;08210427226200751620;0
181042;08;4;16;025;2021;04;15;4;3;5;3;1;1;0;0;0;0;0;502525,779106394387782;5361210,838196398690343;9,034127003000037;48,404049869000062;08210421416010721620;0
181045;08;1;16;079;2021;04;15;2;3;5;3;1;1;0;0;0;0;0;534324,202952129766345;5378866,355040514841676;9,465213012000049;48,561951691000047;08210426116400734340;0
181047;08;4;36;064;2021;03;07;3;3;5;3;1;1;0;0;0;0;0;545807,560126502066851;5292461,155923891812563;9,611530770000059;47,783882389000041;08210330436200675380;0
181048;08;1;36;015;2021;04;14;6;3;0;7;1;0;0;0;0;0;0;556792,374232974834740;5412216,466977570205927;9,774301893000029;48,860311423000041;08210416136300709420;0
181049;08;3;37;027;2021;04;07;6;3;6;4;0;1;1;0;0;0;0;434364,175052648410201;5287170,501995841041207;8,124587965000046;47,734569568000040;08210430337010768270;1
181050;08;1;19;076;2021;04;20;7;2;8;1;1;0;0;0;0;1;0;543177,765526674687862;5409957,603572830557823;9,588455281000051;48,841089184000055;08210424119300770440;0
181051;08;1;27;100;2021;05;18;2;3;5;3;1;1;0;0;0;0;0;552910,668000000528991;5435055,673999534919858;9,724352940000074;49,066092352000055;08210503127100782310;0
181054;08;4;26;070;2021;03;12;1;2;0;1;1;0;0;0;0;0;0;565719,836245799437165;5341528,913055583834648;9,884849949000056;48,223577765000073;08210328426010662910;0
181056;08;2;21;000;2021;04;15;6;3;5;3;1;1;0;0;0;0;0;476840,710391913540661;5474385,667769897729158;8,680662719000054;49,421706830000062;08210402221300693680;0
181058;08;2;26;082;2021;04;13;4;2;1;3;1;0;0;0;1;0;0;475089,120321738533676;5479875,118984131142497;8,656165827000052;49,471013886000037;08210421222014746690;0
181060;08;4;26;070;2021;04;16;6;3;8;1;1;0;0;0;0;0;0;565751,656984584406018;5341192,510038452222943;9,885226146000036;48,220548265000048;08210423426200726640;0
181061;08;2;21;000;2021;04;08;2;3;0;2;1;0;0;0;0;0;0;478493,860558790154755;5473371,584663137793541;8,703512186000069;49,412646012000039;08210426221200730010;0
181062;08;3;15;056;2021;04;17;6;2;9;1;1;0;0;0;0;0;0;413882,495999986305833;5310042,427999494597316;7,846915368000055;47,937908358000072;08210409311010706710;0
181063;08;3;17;096;2021;03;17;3;3;0;7;1;0;0;0;1;0;0;420398,444175844080746;5373393,486877914518118;7,922247004000042;48,508610328000032;08210330317500671730;0
181066;08;4;26;021;2021;04;08;6;3;2;6;1;1;0;0;0;0;0;558220,956601664423943;5325483,545578232035041;9,781700162000050;48,079964583000049;08210423426010762590;0
181067;08;1;19;086;2021;04;09;5;3;6;4;0;1;1;0;0;0;0;535217,157644042745233;5405476,195497013628483;9,479582482000069;48,801279011000076;08210401119300686090;0
181068;08;2;21;000;2021;05;15;3;3;5;3;1;1;0;0;0;0;0;477051,014422287233174;5473720,255515243858099;8,683600979000062;49,415729535000025;08210504221300798900;0
181069;08;1;11;000;2021;04;15;3;3;4;6;1;1;0;0;0;0;0;512107,834999999962747;5408366,275999525561929;9,164970802000028;48,828157527000030;08210420111500746210;0
181070;08;2;22;000;2021;04;05;3;3;5;3;1;1;0;0;0;1;0;463854,424377401359379;5483722,123228868469596;8,500751622000053;49,505050944000061;08210406222600689370;0
181072;08;4;21;000;2021;04;12;4;3;6;4;0;0;1;0;1;0;0;572211,017093398608267;5360193,531218264251947;9,975428964000059;48,390767764000032;08210414421200705330;0
181073;08;4;16;036;2021;04;13;5;3;0;1;1;0;0;0;0;0;0;495263,668898298405111;5370060,724027879536152;8,935905095000066;48,483654988000069;08210429416100772230;0
181075;08;3;15;074;2021;03;12;4;3;5;3;1;0;0;0;0;0;0;397573,716999965719879;5295433,621999485418200;7,632068787000037;47,804105095000068;08210331311400666260;0
181076;08;3;35;079;2021;05;16;2;3;0;1;1;0;0;0;0;0;0;501067,508340366184711;5299929,348281454294920;9,014270053000075;47,852705376000074;08210503335400800380;0
181080;08;2;15;102;2021;04;11;2;2;5;3;1;0;0;0;0;0;0;456507,159719393588603;5437684,503926748409867;8,404287351000050;49,090475808000065;08210412215102722450;0
181081;08;3;26;006;2021;04;11;4;3;0;1;1;0;0;0;0;0;0;456902,348031330853701;5304807,354809867218137;8,423415063000050;47,895147984000062;08210428326100756490;0
181082;08;1;25;056;2021;04;07;5;2;1;5;1;1;0;0;0;0;0;509850,142025166191161;5435474,121694194152951;9,134865181000066;49,072050674000081;08210422121400721880;0
181083;08;2;22;000;2021;03;16;4;3;3;2;1;1;0;0;0;0;0;460657,584058958105743;5482321,420766361057758;8,456737850000025;49,492253460000029;08210331222200672230;0
181089;08;3;36;069;2021;03;16;3;3;0;1;1;0;0;0;0;0;0;406480,836299235932529;5273780,752995183691382;7,755640748000076;47,610682211000039;08210330311010675810;0
181091;08;4;35;016;2021;04;12;6;3;4;2;1;1;0;0;0;0;0;534012,233050878159702;5278345,646450836211443;9,452966932000038;47,657611201000066;08210416435100711090;0
181092;08;1;19;008;2021;04;11;4;3;5;3;1;1;0;0;0;0;0;531569,326556540094316;5421461,602109504863620;9,431142232000070;48,945272677000048;08210428119100770830;0
181093;08;4;17;031;2021;04;14;4;2;8;1;1;0;0;0;0;0;0;499027,521333609707654;5354503,798550117760897;8,986875893000047;48,343713634000039;08210421417300720430;0
181095;08;2;21;000;2021;04;15;2;3;5;3;1;1;0;0;0;0;0;474317,459028525277972;5472331,064981177449226;8,646003865000068;49,403124779000052;08210426221400734110;0
181097;08;1;11;000;2021;03;14;3;3;5;3;1;1;0;0;0;0;0;512794,936469957232475;5402091,418287960812449;9,174137093000070;48,771695829000066;08210330111500678140;0
181098;08;1;18;049;2021;04;22;6;3;6;7;0;0;1;0;1;2;0;524075,239906072616577;5423453,989051263779402;9,328915351000035;48,963532403000045;08210416118500741040;0
181099;08;2;21;000;2021;04;13;6;3;5;3;1;1;0;0;0;0;0;476139,419062829576433;5472708,746730964630842;8,671093767000059;49,406596120000074;08210430221200773370;0