OID_;ULAND;UREGBEZ;UKREIS;UGEMEINDE;UJAHR;UMONAT;USTUNDE;UWOCHENTAG;UKATEGORIE;UART;UTYP1;IstRad;IstPKW;IstFuss;IstKrad;IstSonstige;ULICHTVERH;IstGkfz;LINREFX;LINREFY;XGCSWGS84;YGCSWGS84;UIDENTSTLAE;IstStrassenzustand
181100;08;4;26;014;2021;04;18;6;2;0;1;1;0;0;0;0;0;0;548364,725350736640394;5318091,190925054252148;9,648540266000055;48,014283017000025;08210423426200729420;0
181102;08;4;15;078;2021;04;13;3;3;0;1;1;0;0;0;0;0;0;529818,786974350921810;5371395,285879131406546;9,403616096000064;48,494971488000033;08210420415100717920;0
181103;08;4;15;059;2021;04;19;7;3;6;7;0;1;1;0;0;0;0;516344,985006602481008;5368668,357506513595581;9,221135017000051;48,470934063000072;08210403415300688490;0
181104;08;2;12;000;2021;04;16;7;3;1;5;1;1;0;0;0;0;0;454191,036356344819069;5430785,363619433715940;8,373346509000044;49,028250084000035;08210417212502721260;0
181105;08;3;16;009;2021;04;10;3;3;0;1;1;0;0;0;0;0;0;417568,565999989397824;5324666,942999500781298;7,893450477000044;48,069948143000033;08210413316200702050;0
181106;08;3;27;016;2021;04;18;5;3;0;7;1;0;0;0;1;0;0;494810,031270279549062;5318629,660700872540474;8,930397010000036;48,020937252000067;08210429327100749100;0
181107;08;1;18;048;2021;04;17;6;3;3;6;1;0;0;0;0;0;0;513721,623162214644253;5415664,460439953953028;9,187203442000055;48,893776875000071;08210423118400777250;0
181109;08;3;15;006;2021;05;09;2;3;5;3;1;1;0;0;0;0;0;403340,192315435968339;5307786,839508360251784;7,706298806000063;47,916115520000062;08210503311400787360;0
181110;08;4;17;031;2021;04;17;1;3;6;4;0;1;1;0;0;0;0;497546,942218180745840;5355173,737420931458473;8,966890805000048;48,349736818000054;08210425417010730640;0
181111;08;2;21;000;2021;04;17;1;3;5;2;1;1;0;0;0;0;0;476660,812486956827343;5471880,288446584716439;8,678329477000034;49,399164487000064;08210418221200735990;0
181114;08;3;11;000;2021;05;11;3;3;0;1;1;0;0;0;0;0;0;418275,562045888043940;5314749,501382980495691;7,904831005000062;47,980826807000028;08210504311300782400;0
181115;08;3;17;151;2021;04;16;3;3;0;7;1;0;0;0;0;0;0;412024,828429529443383;5365462,251412197947502;7,810566731000051;48,436155653000071;08210420216100720760;0
181116;08;1;19;068;2021;04;17;5;3;0;7;1;0;0;0;0;0;0;525233,020219725556672;5413396,683649012818933;9,344110600000022;48,873014905000048;08210408119500726920;0
181118;08;1;19;067;2021;03;17;3;2;0;1;1;0;0;0;0;0;0;538198,212296308949590;5405914,453443726524711;9,520217173000049;48,805045341000039;08210330119010665600;0
181120;08;1;16;077;2021;04;18;5;3;1;1;1;1;0;0;0;0;0;517267,734682259149849;5390657,655348068103194;9,234532034000040;48,668729879000068;08210429116200778720;0
181121;08;1;18;053;2021;04;19;6;3;4;6;1;1;0;0;0;0;0;516036,759191719815135;5427738,755195146426558;9,219263897000076;49,002337192000027;08210423118500754300;0
181122;08;4;26;087;2021;03;15;4;3;0;5;1;1;0;0;0;0;0;570193,878282648511231;5324233,917485399171710;9,942227987000024;48,067517195000050;08210331426100673080;0
181124;08;2;36;033;2021;04;15;1;3;6;7;1;0;1;0;0;0;0;482170,375601164996624;5430041,268405379727483;8,756122078000033;49,023000299000046;08210425231102767370;0
181125;08;3;36;081;2021;04;18;2;3;6;4;0;1;1;0;0;0;0;412207,411112567409873;5279086,204060994088650;7,830756907000023;47,659210616000053;08210419336300717370;0
181126;08;4;36;082;2021;03;16;1;3;0;1;1;0;0;0;0;0;0;546737,493443395011127;5293851,436276860535145;9,624094363000040;47,796323908000033;08210328436400683180;0
181127;08;1;11;000;2021;04;03;2;3;0;1;1;0;0;0;0;2;0;514573,899000002071261;5403121,096999522298574;9,198384849000036;48,780919606000055;08210405111250701520;0
181128;08;1;18;049;2021;04;15;3;3;6;3;0;1;1;0;0;0;0;518909,316083606332541;5420092,438965376466513;9,258183414000030;48,933472860000052;08210413118500704760;0
181132;08;2;16;009;2021;05;09;7;3;5;3;1;1;0;0;0;0;0;446706,399611905217171;5421354,521149033680558;8,272203354000055;48,942819092000036;08210501216100780330;0
181133;08;4;21;000;2021;04;09;7;2;4;7;1;0;0;0;1;0;0;571993,759494694881141;5362001,721779014915228;9,972804775000043;48,407057753000061;08210424426010756800;0
181134;08;2;11;000;2021;04;17;3;3;6;4;0;0;1;1;0;0;0;444203,013882166706026;5400927,655611734837294;8,240802519000056;48,758857512000077;08210427211100770560;0
181137;08;4;26;058;2021;04;11;6;3;1;7;1;1;0;0;0;0;0;557973,781268830411136;5319020,732241101562977;9,777506067000047;48,021845853000059;08210409426010699290;0
181138;08;2;16;015;2021;04;14;6;3;0;1;1;0;0;0;0;0;0;448275,650801864452660;5408256,331861456856132;8,295289322000031;48,825132586000052;08210402216300687120;0
181139;08;3;17;026;2021;04;11;3;2;0;1;1;0;0;0;0;0;0;411692,205564294010401;5345979,231508418917656;7,810157654000022;48,260865362000061;08210427317300736070;0
181141;08;1;11;000;2021;04;14;2;3;5;3;1;1;0;0;0;0;0;516519,423338168300688;5405578,171716043725610;9,224966583000025;48,802974514000027;08210426111500735110;0
181146;08;2;22;000;2021;04;11;6;3;6;4;0;1;1;0;0;0;0;462406,054340839385986;5481387,197216741740704;8,480969485000060;49,483961461000035;08210430222700751240;0
181147;08;1;11;000;2021;04;08;6;3;5;3;1;1;0;0;0;0;0;513760,448000001721084;5402471,784999527037144;9,187290211000061;48,775096976000043;08210423111500758090;0
181150;08;1;16;019;2021;04;18;1;2;0;1;1;0;0;0;0;0;0;526574,973181311972439;5397249,893842391669750;9,361365910000075;48,727706357000045;08210404116100688460;0
181153;08;1;16;033;2021;04;14;5;2;5;3;1;1;0;0;0;0;0;533177,829547875560820;5388612,812301402911544;9,450455239000064;48,649692128000027;08210429116010771370;0
181154;08;3;36;014;2021;04;09;5;3;0;1;1;0;0;0;0;0;0;392589,848070106469095;5278392,997412465512753;7,569732067000075;47,650015677000056;08210422336400730700;0
181155;08;1;18;048;2021;03;16;4;3;5;3;1;1;0;0;0;0;0;515315,747011812403798;5415287,449240595102310;9,208937720000051;48,890348031000030;08210331118400778370;0
181156;08;3;26;031;2021;04;15;7;3;4;1;1;1;0;0;0;0;0;453168,036089815199375;5334351,401334676891565;8,370228362000034;48,160682300000076;08210410326300696820;0
181157;08;2;21;000;2021;05;11;2;3;3;6;1;0;0;0;0;0;0;476236,427000000141561;5472974,349999547004700;8,672415055000045;49,408988973000078;08210503221200820800;0
181160;08;1;35;019;2021;03;18;2;2;0;1;1;0;0;0;0;0;0;585233,000252192839980;5389849,095732079818845;10,157358094000074;48,655880287000059;08210329135010673070;0
181161;08;3;36;078;2021;04;13;6;3;5;3;1;1;0;0;0;0;0;393027,281126985326409;5290174,333507735282183;7,572664641000074;47,756059661000052;08210402311010689330;0
181162;08;1;11;000;2021;04;15;7;3;0;7;1;0;0;0;0;0;0;514666,162056219764054;5404049,407064221799374;9,199673884000049;48,789268421000031;08210417111240725140;0
181165;08;4;15;061;2021;04;17;4;3;5;3;1;1;0;0;0;0;0;515510,176256930455565;5371472,818047137930989;9,209944880000023;48,496185163000064;08210421415400734320;0
181167;08;1;16;070;2021;04;17;1;2;8;1;1;0;0;0;0;0;0;542168,511166666634381;5383475,020005414262414;9,571993443000054;48,602931798000043;08210425116400780100;0
181169;08;1;15;045;2021;04;13;6;3;0;7;1;0;0;0;0;0;0;501393,417637865990400;5394465,763600381091237;9,018938456000058;48,703225220000036;08210409115400695820;0
181170;08;2;26;103;2021;03;12;3;1;3;6;1;1;0;0;0;0;0;472576,557651526294649;5457060,582325581461191;8,623058967000077;49,265692400000034;08210330221011659730;0
181171;08;1;18;049;2021;04;17;5;3;3;6;1;0;0;0;0;0;1;516996,685549334622920;5419435,921760123223066;9,232041668000022;48,927622557000063;08210415118500731670;0
181172;08;1;18;048;2021;04;17;5;3;1;5;1;1;0;0;0;0;0;515611,450821075588465;5416136,061068482697010;9,213004118000072;48,897974526000041;08210401118400686860;0
181173;08;1;15;037;2021;04;10;6;3;0;7;1;0;0;0;0;0;0;492645,974292499013245;5386287,144732367247343;8,900194181000074;48,629607536000037;08210402115200697390;0
181174;08;2;26;068;2021;04;17;2;3;6;4;0;1;1;0;0;0;0;467630,781142418272793;5460599,245653839781880;8,554793759000063;49,297280564000062;08210412226200712270;0
181175;08;2;26;018;2021;04;15;4;3;5;3;1;1;0;0;0;0;0;472440,880928570404649;5470299,042488463222980;8,620279491000076;49,384765059000074;08210428221400761870;0
181178;08;1;16;073;2021;05;16;1;3;1;1;1;1;0;0;0;0;0;521534,360326973721385;5388995,404871731996536;9,292394539000043;48,653643669000076;08210502116500781420;1
181180;08;3;11;000;2021;04;13;2;3;0;1;1;0;0;0;0;0;0;414925,550923238508403;5318784,081166192889214;7,859147405000044;48,016682732000049;08210426311200734170;0
181182;08;4;25;081;2021;03;10;3;3;6;7;0;1;1;0;0;0;0;547817,032460398040712;5342659,345101937651634;9,643953464000049;48,235349782000071;08210330425000659630;0
181183;08;1;36;088;2021;04;15;7;3;6;7;0;1;1;0;0;0;0;579939,487245374359190;5412866,643957030028105;10,089963389000047;48,863608341000031;08210410136100763870;0
181185;08;4;36;064;2021;04;14;3;3;0;4;0;0;1;0;1;0;0;546359,222600826062262;5292895,485337316989899;9,618941411000037;47,787750579000033;08210427436200739120;0
181187;08;2;21;000;2021;04;14;2;3;0;1;1;0;0;0;0;0;0;475833,489670075476170;5472390,938444796949625;8,666896097000063;49,403725417000032;08210426221200747020;0
181189;08;3;36;045;2021;03;13;2;3;1;7;1;1;0;0;0;0;0;399523,093317734077573;5285303,494070671498775;7,660437261000027;47,713290833000030;08210329336400676650;0
181190;08;3;37;126;2021;04;11;5;3;0;7;1;0;0;0;0;0;0;441091,516999998129904;5274896,494999490678310;8,215960393000046;47,624791534000053;08210415337010716380;0
181191;08;3;26;074;2021;04;21;5;3;6;4;0;1;1;0;0;2;0;458856,309874488040805;5323751,273283844813704;8,447740177000071;48,065710928000044;08210429326400779350;0
181192;08;1;11;000;2021;04;18;6;3;4;6;1;1;0;0;0;0;0;513159,690889843739569;5402961,672364395111799;9,179129170000067;48,779516962000059;08210423111500739620;0
181193;08;4;26;087;2021;03;16;4;3;9;1;1;0;0;0;0;0;0;570607,546548816375434;5325169,025051956996322;9,947934457000031;48,075883610000062;08210331426010681910;0
181194;08;3;26;052;2021;05;15;3;3;3;6;1;1;0;0;0;0;0;450921,385208492167294;5330472,594465743750334;8,340465801000050;48,125617649000048;08210504325000785340;0
181196;08;4;15;093;2021;04;15;7;3;0;1;1;0;0;0;0;0;0;525391,819367622956634;5367540,321621311828494;9,343461331000071;48,460485684000048;08210403415200725220;0
181197;08;4;17;079;2021;04;16;3;3;6;4;0;1;1;0;0;0;0;501779,540000000968575;5339979,673999503254890;9,023954653000033;48,213041979000081;08210413417100707860;0
181198;08;2;12;000;2021;04;14;4;2;0;7;1;0;0;0;0;0;0;456598,643347632139921;5427783,560843436047435;8,406601015000035;49,001422684000033;08210428212402743100;0
181199;08;4;36;064;2021;04;09;5;2;0;7;1;1;0;0;0;0;0;543266,653600154444575;5291700,846634989604354;9,577535741000077;47,777217532000066;08210422436000725330;0
181200;08;1;25;026;2021;03;12;4;2;0;1;1;0;0;0;0;0;0;495438,582350140437484;5446393,360831532627344;8,937422913000034;49,170335723000051;08210331121100663000;0
181201;08;2;21;000;2021;04;15;1;3;4;2;1;0;0;0;1;0;0;476478,421522093005478;5470264,265671694651246;8,675911374000066;49,384621570000036;08210411221400721480;0
181203;08;2;25;058;2021;04;17;7;3;5;3;1;1;0;0;0;0;0;508802,604135115630925;5464903,572673523798585;9,121167740000033;49,336792585000069;08210424225100745290;0
181204;08;2;35;085;2021;04;18;2;2;0;1;1;0;0;0;0;0;0;483372,201999998651445;5393532,639999520033598;8,774043919000064;48,694610740000030;08210426235100735050;0
181206;08;1;17;053;2021;04;16;7;2;0;1;1;0;0;0;0;0;0;551672,548785649240017;5402495,730295160785317;9,703280168000049;48,773318835000055;08210403117010692820;0
181208;08;3;11;000;2021;04;17;4;3;0;7;1;0;0;0;0;0;0;413295,312999986112118;5315209,740999495610595;7,838012801000048;47,984311193000053;08210421311010720670;0
181209;08;2;26;012;2021;04;13;6;3;6;4;0;1;1;0;0;0;0;476111,519235208630562;5477608,306067608296871;8,670414085000061;49,450665566000055;08210430221011766460;0
181214;08;4;35;030;2021;04;11;4;2;0;1;1;0;0;0;0;0;0;540624,784000000916421;5271573,722999487072229;9,540399214000047;47,596300213000063;08210414435100723100;0
181215;08;2;15;017;2021;04;11;7;3;0;7;1;0;0;0;0;0;0;457177,289636202156544;5421238,688960414379835;8,415201034000063;48,942590729000074;08210424212702726580;0
181216;08;4;37;078;2021;04;17;5;3;4;1;1;1;0;0;0;0;0;511876,322426658123732;5316796,113976515829563;9,159223040000029;48,004351266000072;08210401437200730470;1
181217;08;3;17;114;2021;04;13;6;2;1;5;1;1;0;0;0;0;0;405619,891821639612317;5346158,761762302368879;7,728320660000065;48,261604579000050;08210416317000736660;0
181218;08;4;16;048;2021;04;13;1;3;0;1;1;0;0;0;0;0;0;497801,624551443383098;5377926,706881487742066;8,970208777000039;48,554434280000066;08210411416100697640;0
181221;08;1;36;065;2021;04;11;2;3;0;7;1;0;0;0;0;0;0;557511,122803826816380;5404901,559001132845879;9,783074325000030;48,794447277000074;08210405136300703990;0
181223;08;2;12;000;2021;04;07;3;3;5;3;1;1;0;0;0;0;0;455971,063276021741331;5427897,467022981494665;8,398008657000048;49,002402837000034;08210413212010705650;0
181224;08;1;16;079;2021;04;15;5;3;0;6;0;1;1;0;0;0;0;539400,697880425490439;5376744,184787917882204;9,533813500000065;48,542562259000078;08210429116400746880;0
181226;08;1;15;021;2021;04;14;5;3;5;1;1;1;0;0;0;0;0;490257,357470165938139;5382234,349449621513486;8,867872093000074;48,593115117000082;08210401115200697370;0
181227;08;3;11;000;2021;05;11;2;3;0;7;1;0;0;0;0;0;0;416958,668657382018864;5315392,262250347062945;7,887062766000042;47,986439174000054;08210503311010781250;0
181229;08;2;12;000;2021;04;19;3;3;0;7;1;0;0;0;0;0;0;457865,955070239491761;5428461,064642960205674;8,423856924000063;49,007604743000059;08210420212010745600;0
181231;08;1;19;061;2021;03;12;3;3;6;7;0;1;1;0;0;0;0;540307,396506911143661;5412029,962078297510743;9,549541909000027;48,859923979000030;08210330119300671550;0
181232;08;3;11;000;2021;04;18;3;3;0;7;1;0;0;0;0;0;0;414835,338751895353198;5317472,051634030416608;7,858198494000021;48,004868508000072;08210413311010704310;0
181233;08;4;16;041;2021;04;18;5;3;0;1;1;0;0;0;0;0;0;504833,171344779431820;5376623,567222548648715;9,065481440000042;48,542696046000060;08210429416010759580;0
181235;08;3;27;050;2021;03;17;4;3;6;4;0;1;1;0;0;0;0;482592,363965576514602;5311848,174453048035502;8,766821054000047;47,959707239000068;08210331327100684660;0
181236;08;3;37;125;2021;05;19;2;3;8;1;1;1;0;0;0;0;0;449049,514852369204164;5270759,769722839817405;8,322349644000042;47,588247638000041;08210503337200793400;0
181238;08;1;16;047;2021;04;13;1;3;6;4;0;1;1;0;0;0;0;520222,233039885759354;5391358,181788099929690;9,274694123000074;48,674943149000057;08210404116010688980;0
181240;08;4;36;008;2021;04;23;4;3;0;7;1;0;0;0;0;2;0;547578,438786137849092;5310504,795787541195750;9,637156925000056;47,946089831000052;08210428436400778400;1
181244;08;1;21;000;2021;05;13;2;3;5;3;1;0;0;0;1;0;0;515648,954000000841916;5443337,209999537095428;9,214565065000045;49,142662110000060;08210503121200788800;0
181245;08;1;16;080;2021;04;12;1;3;0;1;1;0;0;0;0;0;0;518196,550374178215861;5395554,322216499596834;9,247362858000031;48,712754007000058;08210425116200727930;0
181248;08;1;19;020;2021;03;17;4;3;3;6;1;0;0;0;1;0;0;519337,953957850113511;5410458,511013479903340;9,263579942000035;48,846795750000069;08210331119200679340;0
181251;08;1;16;033;2021;04;06;4;3;5;3;1;1;0;0;0;0;0;532211,227966452948749;5388576,515258345752954;9,437329275000025;48,649416175000056;08210421116400719300;0
181255;08;1;16;049;2021;04;15;6;2;6;4;0;1;1;0;0;0;0;525382,385467395186424;5385869,471340194344521;9,344450774000052;48,625378238000053;08210409116010700180;0
181256;08;3;27;055;2021;03;18;3;3;3;2;1;1;0;0;0;0;0;479608,675999999977648;5319196,905999500304461;8,726505215000032;48,025736393000045;08210330327100662020;0
181258;08;4;16;041;2021;04;22;6;2;1;5;1;1;0;0;0;2;0;504437,057990741916001;5373413,056566270068288;9,060080590000041;48,513816090000034;08210430416200771630;1
181259;08;4;15;061;2021;04;07;6;3;0;1;1;0;0;0;0;0;0;515887,708351954817772;5371233,988827509805560;9,215046010000037;48,494027139000082;08210423415400723450;0
181261;08;2;22;000;2021;05;08;3;3;5;3;1;1;0;0;0;0;0;462447,739013776183128;5487519,999128129333258;8,480961625000020;49,539125202000037;08210504222800782480;0
181262;08;2;26;096;2021;04;13;3;3;6;4;1;0;1;0;0;0;0;475165,002450597472489;5486075,498747536912560;8,656823405000068;49,526787392000074;08210420226600740500;0
181265;08;2;12;000;2021;03;10;3;3;5;3;1;1;0;0;0;0;0;457433,991511272266507;5429500,448659477755427;8,417841546000034;49,016924497000048;08210330212010675730;0
181266;08;2;16;043;2021;04;14;3;3;5;3;1;1;0;0;0;0;0;439727,955465927720070;5411617,912798857316375;8,178349690000061;48,854599148000034;08210413216100703520;0
181267;08;3;11;000;2021;04;06;5;2;1;7;1;1;0;0;0;0;0;413057,322358231991529;5317947,239199586212635;7,834269380000023;48,008903584000052;08210429311010770250;0
181268;08;2;21;000;2021;04;12;6;3;1;7;1;1;0;0;0;0;0;474339,592920718714595;5472380,594841852784157;8,646305742000038;49,403571225000064;08210423221400759340;0
181269;08;3;17;057;2021;03;20;4;3;5;3;1;1;0;0;0;2;0;412229,339433085173368;5380768,186897456645966;7,810112439000022;48,573852759000033;08210331317200680300;0
181270;08;3;11;000;2021;05;08;2;3;0;1;1;0;0;0;0;0;0;416393,757009202614427;5315479,376274293288589;7,879476233000048;47,987149210000041;08210503311010786870;0
181271;08;3;26;074;2021;04;15;1;2;0;1;1;0;0;0;0;0;0;460057,989782694727182;5323884,859131751582026;8,463856754000062;48,066989149000051;08210425326400729720;0
181272;08;3;15;047;2021;04;22;2;2;8;1;1;0;0;0;0;2;0;415780,532770135439932;5320829,218725753948092;7,870208414000047;48,035192831000074;08210419311010741610;0
181273;08;1;17;044;2021;03;17;2;3;6;4;0;1;1;0;0;0;0;537861,773956192657351;5391473,335829161107540;9,514308373000063;48,675158539000051;08210329117400681190;0
181276;08;3;15;074;2021;04;10;4;3;5;3;1;1;0;0;0;0;0;397264,902834095060825;5295920,423510966822505;7,627830367000058;47,808434614000078;08210428311400737700;0
181277;08;3;35;079;2021;04;17;5;3;0;7;0;1;1;0;0;0;0;500345,011559822596610;5299542,672940822318196;9,004611677000071;47,849227089000067;08210422335400777700;0
181278;08;3;27;050;2021;05;15;7;3;5;3;1;1;0;0;0;0;0;488068,433854751288891;5314139,800569368526340;8,840110169000070;47,980450949000044;08210501327100946100;1
181279;08;1;28;007;2021;04;15;1;2;1;5;1;1;0;0;0;0;0;560501,010694490745664;5480442,634373525157571;9,835117475000061;49,473614958000041;08210425128100763500;0
181280;08;2;15;017;2021;04;17;3;2;6;2;0;1;1;0;0;0;0;453537,560528478585184;5419259,130793478339911;8,365724559000057;48,924521572000060;08210427212010765600;0
181282;08;2;31;000;2021;03;13;3;2;6;4;0;1;1;0;0;0;0;475817,336972238495946;5413824,041314318776131;8,670187926000040;48,876901127000053;08210330231000778560;0
181283;08;4;15;053;2021;04;20;6;2;6;4;0;1;1;0;0;1;0;538156,494709402322769;5362415,414637636393309;9,515649289000066;48,413736566000068;08210402415200686850;0
181284;08;3;36;081;2021;04;19;7;3;0;7;1;0;0;0;0;0;0;411537,188876065425575;5277865,047150503844023;7,822079763000033;47,648133994000034;08210417336300738290;0
181285;08;4;25;017;2021;04;16;3;3;0;7;0;0;1;0;1;0;0;557657,243208996951580;5367535,957129836082458;9,779867259000071;48,458316603000071;08210427425000735380;0
181287;08;2;31;000;2021;04;16;1;3;0;7;1;0;0;0;0;0;0;478851,479663398116827;5415992,470331529155374;8,711455886000067;48,896518550000053;08210404231000688610;0
181289;08;2;15;009;2021;04;12;4;3;2;2;1;1;0;0;0;0;0;471023,632190736010671;5442359,979952692985535;8,602774644000021;49,133387595000045;08210428215402855560;0
181295;08;4;25;039;2021;04;09;2;2;0;1;1;0;0;0;0;0;0;563672,309696062467992;5351575,906519211828709;9,858798447000026;48,314166892000060;08210426421300730510;0
181296;08;1;15;045;2021;03;16;2;2;0;7;1;0;0;0;0;0;0;501575,574085651896894;5395769,340064357966185;9,021419188000039;48,714951854000049;08210329115400658370;0
181297;08;2;36;074;2021;03;22;4;3;8;7;1;0;0;0;0;2;0;472703,143329233862460;5421475,151707125827670;8,627204579000022;48,945597892000080;08210331231000676750;0
181298;08;2;26;012;2021;04;12;6;3;0;3;1;0;0;0;0;0;0;476640,885236231610179;5477788,634236978366971;8,677706914000055;49,452308157000061;08210402221300698920;0
181300;08;3;11;000;2021;04;20;4;3;3;6;1;1;0;0;0;2;0;413752,105796352960169;5319115,653915075585246;7,843348027000047;48,019508004000045;08210421311010756320;0
181301;08;2;31;000;2021;04;17;1;3;5;7;1;1;0;0;0;0;0;478102,851419405080378;5415972,551041847094893;8,701243035000061;48,896313355000075;08210411231000713940;0
181302;08;3;37;022;2021;04;16;6;3;0;7;0;1;1;0;0;0;0;451153,661999997682869;5296527,015999499708414;8,347446221000041;47,820239296000068;08210430337200766660;1
181307;08;1;25;065;2021;04;10;6;3;0;1;1;0;0;0;0;0;0;516223,051060889847577;5447974,507991164922714;9,222623444000021;49,184361066000065;08210416121500719550;0
181308;08;2;25;109;2021;04;10;6;3;5;3;1;1;0;0;0;0;0;526029,153616239316761;5489994,295117428526282;9,359936270000048;49,561985230000062;08210430225200762420;0
181309;08;1;17;014;2021;04;10;7;2;5;3;1;1;0;0;0;0;0;553318,249359888955951;5382917,886216761544347;9,723150923000048;48,597069636000072;08210424117010758080;0
181310;08;1;25;098;2021;04;20;5;3;0;1;1;0;0;0;0;1;0;523221,852000001817942;5437100,914999535307288;9,318037927000034;49,086325145000046;08210401121600686020;0
181311;08;4;35;034;2021;04;12;3;3;7;1;1;0;0;0;0;0;0;528687,001612795516849;5284228,324282374233007;9,382435204000046;47,710798568000030;08210420435200716370;0
181313;08;3;15;074;2021;04;15;3;3;5;3;1;1;0;0;0;0;0;396028,402810453437269;5296325,073111021891236;7,611223127000073;47,811875798000074;08210406311400690910;0
181315;08;3;27;050;2021;04;14;4;3;0;1;1;0;0;0;0;0;0;485581,567684395238757;5314082,754102366045117;8,806786830000021;47,979886471000043;08210414327100704210;0
181316;08;1;11;000;2021;04;07;6;2;6;6;1;0;1;0;0;0;0;508735,226060758344829;5406811,427424365654588;9,118985584000029;48,814226898000072;08210430111500760730;0
181318;08;3;17;110;2021;03;21;4;3;0;7;1;0;0;0;0;2;0;426821,488204283639789;5382297,721508339047432;8,007631683000056;48,589484990000074;08210331317100663650;0
181319;08;1;21;000;2021;05;06;3;2;5;3;1;0;0;0;1;1;0;516254,272501631639898;5442641,805504014715552;9,222836563000044;49,136390996000046;08210504121200807140;1
181320;08;1;35;016;2021;04;17;1;3;6;4;1;0;1;0;0;0;0;591536,258000019937754;5386083,773999515920877;10,242096384000035;48,621123079000029;08210425135100752170;0
181322;08;2;21;000;2021;03;16;2;3;4;2;1;0;0;0;0;0;0;477586,206000000238419;5472654,795999545603991;8,691039735000061;49,406165849000047;08210329221200676760;0
181325;08;3;17;001;2021;04;09;4;3;5;2;1;1;0;0;0;0;0;431326,514995344914496;5386758,929117513820529;8,067977045000021;48,630123954000055;08210428317100770780;0
181326;08;3;35;043;2021;04;11;5;3;0;1;1;0;0;0;0;0;0;512430,277578767389059;5279062,174572510644794;9,165566213000034;47,664833012000031;08210422335100734440;0
181328;08;1;21;000;2021;05;18;1;3;0;7;1;0;0;0;0;0;0;515549,842466065660119;5442992,032128999009728;9,213192823000043;49,139559637000048;08210502121200780900;0
181329;08;4;16;041;2021;04;11;7;3;0;1;1;0;0;0;0;0;0;504371,398653247393668;5374787,686936063691974;9,059205931000065;48,526183227000047;08210424416200761860;0
181331;08;1;17;026;2021;04;06;6;3;5;3;1;1;0;0;0;1;0;548754,900244828313589;5393980,646353980526328;9,662565535000056;48,696957467000061;08210409117300703200;0
181332;08;1;11;000;2021;03;13;4;3;0;1;1;0;0;0;0;0;0;511614,859453961253166;5408873,495955582708120;9,158268345000067;48,832729817000029;08210331111330679970;0
181333;08;4;15;061;2021;04;10;5;2;0;1;1;0;0;0;0;0;0;513501,498734218999743;5372040,537714984267950;9,182774048000056;48,501338951000037;08210401415400698060;0
181335;08;3;11;000;2021;04;16;3;3;2;1;1;1;0;0;0;0;0;413911,726648681797087;5315625,839803680777550;7,846188601000051;47,988137423000069;08210427311300737950;0
181336;08;3;26;074;2021;04;15;4;3;0;1;1;0;0;0;0;0;0;459176,844198402017355;5326144,779655460268259;8,451813711000057;48,087265076000051;08210421326400720380;0
181342;08;3;11;000;2021;04;19;5;3;5;3;1;0;0;0;0;0;0;414512,872470047324896;5315873,668178690597415;7,854194526000072;47,990447378000056;08210429311010759450;0
181345;08;3;17;065;2021;04;12;1;3;4;6;1;0;0;0;0;0;0;418553,522482333704829;5354559,409577380865812;7,900931680000042;48,338963919000037;08210411317300710150;0
181347;08;2;12;000;2021;04;10;3;3;6;7;0;1;1;0;0;0;0;455746,403368130326271;5428465,951869186013937;8,394875186000036;49,007500353000069;08210420212010717790;0
181348;08;2;16;013;2021;04;16;7;2;0;1;1;0;0;0;0;0;0;452576,687076504342258;5391851,214430749416351;8,355773548000059;48,677904725000076;08210403216300687910;0
181349;08;1;36;045;2021;04;16;7;3;5;3;1;1;0;0;0;0;0;597086,303437198512256;5401252,086229074746370;10,320951198000046;48,756705871000065;08210417136100712770;0
181351;08;3;35;075;2021;04;11;6;3;9;1;1;0;0;0;0;0;0;488955,327277016825974;5289469,585702233016491;8,852625638000063;47,758500002000062;08210430335300764210;0
181352;08;1;25;102;2021;04;07;2;3;0;6;1;1;0;0;0;0;0;522392,718151592649519;5443871,544280605390668;9,307058302000030;49,147259744000053;08210426121600765830;0
181353;08;2;12;000;2021;04;15;4;3;5;3;1;1;0;0;0;0;0;454536,632814024575055;5426351,911681439727545;8,378570370000034;48,988396434000038;08210407212010694910;0
181354;08;3;35;002;2021;03;16;2;2;4;6;1;0;0;0;0;0;0;505002,226961472071707;5284821,818102944642305;9,066693777000069;47,716756483000040;08210329335100659230;0
181356;08;2;12;000;2021;04;17;6;3;6;4;1;0;1;0;0;0;0;451405,860067815519869;5426908,519451754167676;8,335712819000037;48,993164713000056;08210430212502751320;0
181357;08;3;15;132;2021;04;20;6;3;5;3;1;1;0;0;0;2;0;409386,131405507214367;5322447,349549716338515;7,784105249000049;48,048872605000042;08210423311100724490;0
181358;08;2;22;000;2021;04;16;5;3;5;3;1;1;0;0;0;0;0;461634,415816315449774;5482443,607836969196796;8,470214014000021;49,493415022000079;08210401222200720060;0
181359;08;2;12;000;2021;05;11;3;3;0;2;1;1;0;0;0;0;0;454602,347301714122295;5432857,739719916135073;8,378740656000048;49,046921582000039;08210504212010790240;0