OID_;ULAND;UREGBEZ;UKREIS;UGEMEINDE;UJAHR;UMONAT;USTUNDE;UWOCHENTAG;UKATEGORIE;UART;UTYP1;IstRad;IstPKW;IstFuss;IstKrad;IstSonstige;ULICHTVERH;IstGkfz;LINREFX;LINREFY;XGCSWGS84;YGCSWGS84;UIDENTSTLAE;IstStrassenzustand
181657;08;3;26;006;2021;05;18;3;3;0;1;1;0;0;0;0;0;0;458634,549581903032959;5308602,014822240918875;8,446224166000036;47,929402201000073;08210525326100832770;0
181659;08;2;21;000;2021;05;16;5;3;6;4;1;0;1;0;0;0;0;475542,409434048458934;5469114,035578185692430;8,663085634000026;49,374238533000039;08210513221400829990;0
181662;08;1;25;017;2021;05;13;1;3;0;7;1;1;0;0;0;0;0;502589,221974573098123;5432129,584551800042391;9,035429507000060;49,042038151000042;08210509121400789360;0
181663;08;1;19;041;2021;05;23;7;3;0;1;1;0;0;0;0;2;0;525882,824316712096334;5410018,425900408998132;9,352758402000063;48,842598433000035;08210522119400819310;0
181664;08;3;17;114;2021;05;23;6;3;0;1;1;0;0;0;0;2;0;405615,364999976940453;5346747,416999500244856;7,728128307000077;48,266898595000043;08210528317010834320;0
181666;08;1;21;000;2021;05;16;2;3;5;3;1;0;0;0;1;0;0;515654,201630068011582;5443017,071349838748574;9,214624579000031;49,139782223000054;08210524121200849410;0
181674;08;2;26;085;2021;05;17;1;3;1;5;1;1;0;0;0;0;0;493696,886783572845161;5453239,337589941918850;8,913421565000021;49,231901859000061;08210523226500849110;0
181675;08;3;17;001;2021;05;17;2;3;5;3;1;1;0;0;0;0;0;431092,456933424808085;5387303,809953847900033;8,064710305000062;48,634999406000077;08210510317100812860;1
181676;08;3;37;002;2021;05;20;5;3;6;4;0;1;1;0;0;0;0;435782,732345355674624;5272301,126676645129919;8,145691555000042;47,600936917000070;08210513337010810260;0
181678;08;1;35;015;2021;06;12;5;3;0;1;1;0;0;0;0;0;0;585701,945726700127125;5383617,269952746108174;10,162436177000075;48,599764951000054;08210603135100865400;0
181679;08;1;11;000;2021;05;19;6;3;0;7;1;0;0;0;0;0;0;511416,864460698328912;5411037,402835184708238;9,155630704000032;48,852199628000051;08210507111330787400;0
181680;08;1;11;000;2021;05;17;4;3;5;7;1;1;0;0;0;0;0;519822,035009526647627;5401108,163464169949293;9,269726523000031;48,762666408000030;08210526111500850520;0
181688;08;4;15;061;2021;05;11;3;3;5;3;1;1;0;0;0;0;0;510691,382788785733283;5369879,701019797474146;9,144677451000064;48,481953347000058;08210525415400838300;0
181689;08;3;37;002;2021;06;16;4;3;0;1;1;0;0;0;0;0;0;433518,043163343332708;5270733,767205677926540;8,115804695000065;47,586607450000031;08210602337200871810;0
181690;08;3;36;081;2021;05;08;3;3;5;3;1;1;0;0;0;0;0;411094,604999983683228;5277590,332999490201473;7,816243710000037;47,645602064000059;08210511336300792630;1
181691;08;3;35;043;2021;05;10;7;3;2;6;1;1;0;0;0;0;0;513323,670822557061911;5279733,530077550560236;9,177486266000074;47,670855857000049;08210515335100800820;0
181692;08;1;18;067;2021;06;12;4;3;6;7;0;1;1;0;0;0;0;506042,133344457484782;5413742,586286164820194;9,082404308000037;48,876610587000073;08210602118200865240;0
181693;08;3;36;050;2021;05;14;7;3;4;6;1;0;0;0;0;0;0;403030,645023084245622;5277646,732731241732836;7,708888260000037;47,644951478000053;08210508336100812870;0
181694;08;4;35;029;2021;05;12;6;2;0;1;1;0;0;0;0;0;0;545357,315963344648480;5270471,538529995828867;9,603234943000075;47,586069660000078;08210528435100853010;0
181695;08;1;18;011;2021;06;10;3;3;0;7;1;0;0;0;0;0;0;504616,752574595622718;5408257,094841089099646;9,062902732000055;48,827276220000044;08210601118000868270;0
181698;08;3;17;057;2021;05;23;6;3;4;6;1;0;0;0;0;2;0;416447,886753053404391;5379916,260897405445576;7,867461571000035;48,566766812000026;08210521317200827150;0
181699;08;2;31;000;2021;05;14;6;3;3;2;1;1;0;0;0;0;0;478569,978378070518374;5416012,953274453058839;8,707614143000058;48,896693134000031;08210514231000848380;0
181700;08;2;25;058;2021;05;10;6;2;6;4;0;1;1;0;0;0;0;510587,916930470615625;5466609,262801891192794;9,145787795000047;49,352106976000073;08210521225100850110;0
181701;08;3;17;034;2021;06;17;6;3;8;7;1;0;0;0;0;0;0;425982,184591321274638;5363156,275433164089918;7,999646040000073;48,417208693000077;08210604317500872570;0
181702;08;2;22;000;2021;05;13;7;3;0;7;1;0;0;0;0;0;0;464301,433713777922094;5483069,202493943274021;8,506984551000073;49,499204729000041;08210508222301797920;0
181703;08;3;17;096;2021;05;08;5;3;5;2;1;1;0;0;0;0;0;422091,470726958476007;5371085,768553994596004;7,945595997000055;48,488064997000038;08210527317500831360;0
181704;08;1;35;010;2021;06;10;1;2;0;2;1;0;0;0;0;0;0;601090,746000032871962;5396722,319999514147639;10,374308287000076;48,715330397000059;08210606135010890230;1
181705;08;3;35;063;2021;05;16;7;3;0;2;1;0;0;1;0;0;0;498546,039233888499439;5293437,091673733666539;8,980585788000042;47,794290768000053;08210508335200805420;0
181706;08;1;28;126;2021;05;12;7;3;8;1;1;0;0;0;0;0;0;563589,518625528551638;5479919,115736633539200;9,877660006000042;49,468590899000048;08210529128100854180;0
181713;08;4;16;041;2021;05;17;6;3;5;3;1;1;0;0;0;0;0;504379,835531598888338;5373419,406223103404045;9,059305828000049;48,513873616000069;08210507416200797420;0
181714;08;1;36;028;2021;05;17;6;3;6;7;0;1;1;0;0;0;0;568844,883177900686860;5404250,498380742967129;9,937266483000030;48,787439532000064;08210528136300834600;0
181715;08;4;25;031;2021;06;16;2;2;6;4;0;1;1;0;0;0;0;571001,991100001148880;5367286,451999511569738;9,960301007000055;48,454707711000026;08210607117010902750;0
181716;08;2;26;018;2021;05;16;2;3;6;4;0;1;1;0;0;0;0;473219,702884183265269;5472131,848920702934265;8,630886663000069;49,401285558000041;08210531221011855910;0
181718;08;3;36;091;2021;05;14;3;3;3;3;1;1;0;0;0;0;0;395925,119999961927533;5271937,668999480083585;7,615664808000076;47,592494022000039;08210511311010794460;1
181720;08;2;15;066;2021;05;17;5;2;5;3;1;0;0;0;0;0;0;457478,568696317262948;5453612,924924829974771;8,415909191000026;49,233818190000079;08210520215502860940;0
181721;08;2;36;004;2021;06;14;5;3;4;6;1;1;0;0;0;0;0;474000,999041900970042;5413678,482237949967384;8,645425773000056;48,875518218000082;08210603231202885570;0
181723;08;2;15;103;2021;05;17;4;3;5;3;1;1;0;0;0;0;0;466752,294990829192102;5442564,508468620479107;8,544205553000040;49,135011065000072;08210526215402831960;1
181725;08;2;36;070;2021;05;13;5;3;0;1;1;0;0;0;0;0;0;468913,366285075433552;5416819,580306587740779;8,575803533000055;48,903539877000071;08210513231202796660;0
181726;08;2;26;032;2021;06;15;4;3;1;5;1;1;0;0;0;0;0;467051,617860023863614;5463653,291293183341622;8,546576149000032;49,324720277000040;08210602226200865640;0
181728;08;3;11;000;2021;05;07;3;3;5;3;1;0;0;0;0;0;0;410317,769323620945215;5318860,203913740813732;7,797354637000069;48,016737295000041;08210518311010826430;1
181729;08;3;36;050;2021;05;00;7;3;0;7;1;0;0;0;0;2;0;399505,403227406553924;5275078,071098994463682;7,662553704000061;47,621307821000073;08210529336100859750;0
181730;08;1;11;000;2021;06;21;5;3;6;6;0;1;1;0;0;1;0;513100,532097926363349;5403030,425624191761017;9,178326098000070;48,780136709000033;08210603111110870390;0
181731;08;1;16;033;2021;05;14;1;2;0;7;1;0;0;0;0;0;0;531801,762243966571987;5388736,317910101264715;9,431782431000045;48,650874718000068;08210516116400862840;0
181732;08;1;18;081;2021;06;12;3;3;4;6;1;0;0;0;0;0;0;518730,800195862539113;5412099,230698358267546;9,255379470000037;48,861573885000041;08210601118300878710;0
181736;08;3;35;043;2021;05;16;6;3;1;5;1;1;0;0;0;0;0;513546,550567608326674;5279424,392681607976556;9,180445672000076;47,668069712000033;08210514335100812050;0
181737;08;1;18;076;2021;05;13;1;3;1;7;1;1;0;0;0;0;0;501657,559000001288950;5427513,861999530345201;9,022662279000031;49,000520247000054;08210516118600817840;0
181738;08;4;35;059;2021;06;18;3;3;0;1;1;0;0;0;0;0;0;513789,504347313195467;5289309,524809991940856;9,183994712000072;47,757006979000039;08210601435200967850;0
181739;08;2;37;040;2021;05;12;7;3;0;7;1;0;0;0;0;0;0;471594,142000000923872;5367219,260999513790011;8,615792108000051;48,457468453000047;08210508231000789460;0
181740;08;1;16;081;2021;05;14;7;3;2;6;1;1;0;0;0;0;0;517404,156000001356006;5385353,061999518424273;9,236161994000042;48,621005456000034;08210529116500855720;0
181746;08;4;26;134;2021;05;19;5;3;0;1;1;0;0;0;0;0;0;555496,345581659115851;5333627,876654807478189;9,746181842000055;48,153475968000066;08210520426010832110;0
181748;08;2;22;000;2021;05;14;5;3;0;1;1;0;0;0;0;0;0;461524,395693319849670;5480266,968228179961443;8,468906627000024;49,473830330000055;08210506222500784460;1
181749;08;1;11;000;2021;05;16;4;3;1;5;1;1;0;0;0;0;0;512047,413184671662748;5409120,997029408812523;9,164169731000072;48,834948055000041;08210526111500840440;0
181750;08;4;16;041;2021;06;19;1;3;8;6;1;0;0;0;1;0;0;506850,055745808407664;5375707,121387034654617;9,092791771000066;48,534432614000082;08210606416010876240;0
181752;08;3;35;043;2021;05;21;1;3;0;1;1;0;0;0;0;1;0;513224,453623355366290;5278952,071480983868241;9,176140931000020;47,663826589000053;08210523335100851610;0
181753;08;1;15;051;2021;05;17;2;3;1;5;1;1;0;0;0;0;0;503782,808767332695425;5385452,915137143805623;9,051331147000042;48,622134440000082;08210510115100817300;0
181755;08;3;17;089;2021;05;14;7;2;0;1;1;0;0;0;0;0;0;428256,675950502976775;5379019,953184910118580;8,027656790000037;48,560167575000037;08210529317100848190;0
181757;08;1;11;000;2021;05;07;5;3;5;2;1;1;0;0;0;0;0;518755,836754335090518;5402741,290083751082420;9,255292951000058;48,777390873000058;08210506111250784070;0
181758;08;4;26;014;2021;05;05;2;3;6;1;0;1;1;0;0;1;0;551997,642882916145027;5319644,924042923375964;9,697440304000054;48,027975828000081;08210517426300803940;0
181759;08;3;16;045;2021;05;15;3;3;1;7;1;0;0;0;0;0;0;413980,312327854335308;5324677,958162978291512;7,845289908000041;48,069573310000067;08210525316200841770;0
181761;08;4;17;079;2021;05;14;4;3;4;2;1;1;0;0;0;0;0;501680,516427845694125;5340117,992049723863602;9,022622230000025;48,214286675000039;08210512417100794210;0
181762;08;3;35;043;2021;06;16;4;3;0;2;1;1;0;0;0;0;0;512959,504462853074074;5278333,892708977684379;9,172593667000058;47,658269777000044;08210602335100154140;0
181763;08;4;35;024;2021;05;15;7;2;8;7;1;0;0;0;0;0;0;526994,374493832699955;5278822,200296506285667;9,359536323000043;47,662229929000034;08210508435200787900;0
181764;08;2;12;000;2021;05;11;4;2;2;6;1;1;0;0;0;0;0;459126,296686699613929;5430768,441328391432762;8,440857590000064;49,028444727000078;08210519212010827300;0
181765;08;3;35;075;2021;05;10;6;3;2;6;1;1;0;0;0;0;0;487980,479752467945218;5290055,290420964360237;8,839601633000029;47,763752457000066;08210528335300851680;0
181766;08;1;19;020;2021;05;12;2;3;5;7;1;0;0;0;1;0;0;519030,355753497220576;5409696,606431117281318;9,259351973000037;48,839951340000027;08210531119200859570;0
181772;08;3;17;096;2021;06;12;5;3;5;3;1;1;0;0;0;0;0;419661,490066841244698;5368039,860590040683746;7,913300322000055;48,460361668000075;08210603317500867110;0
181773;08;1;25;046;2021;06;11;2;2;5;3;1;1;0;0;0;0;0;517705,299660002812743;5433528,764246976003051;9,242329750000067;49,054375563000065;08210607121600871130;0
181777;08;3;17;065;2021;05;17;4;3;8;1;1;0;0;0;0;0;0;417199,148727926425636;5355241,698534818366170;7,882524701000023;48,344925004000061;08210512317300801720;0
181778;08;3;16;010;2021;06;16;4;2;0;1;1;0;0;0;0;0;0;431841,171664557419717;5337995,174528036266565;8,082883597000034;48,191531893000047;08210602316200881280;0
181779;08;1;11;000;2021;05;12;1;2;0;7;1;1;0;0;0;0;0;506833,831000002101064;5398423,772999521344900;9,092946651000034;48,738795759000027;08210509111500807620;0
181780;08;2;16;015;2021;05;11;3;3;0;1;1;0;0;0;0;0;0;449093,616999998688698;5406442,185999523848295;8,306657819000066;48,808881484000040;08210518216300807680;1
181781;08;4;17;075;2021;05;15;6;3;0;1;1;0;0;0;0;0;0;508672,845088663510978;5336378,225785644724965;9,116672750000021;48,180583478000074;08210528417100860930;0
181782;08;1;21;000;2021;06;21;5;3;0;7;1;0;0;0;0;2;0;515691,740548003464937;5443013,051986960694194;9,215139091000026;49,139745110000035;08210603121200882760;0
181783;08;2;36;071;2021;05;13;1;2;0;7;1;0;0;0;0;0;0;468400,775861692614853;5422482,544983349740505;8,568370257000026;48,954454981000026;08210516231202803570;0
181785;08;2;12;000;2021;05;14;3;3;5;3;1;0;0;0;0;0;0;452938,574504259042442;5428502,354450272396207;8,356479103000026;49,007620062000058;08210525212010833550;0
181786;08;3;36;078;2021;06;18;4;3;0;1;1;0;0;0;0;0;0;393306,791789124719799;5290019,709682278335094;7,576430900000048;47,754715167000029;08210602336091871790;0
181787;08;1;15;004;2021;05;14;4;3;5;3;1;1;0;0;0;0;0;487364,209238318726420;5374260,412461744621396;8,828878026000041;48,521327717000077;08210512115200808410;0
181788;08;3;35;043;2021;05;19;6;3;2;6;1;1;0;0;0;0;0;513136,428398015908897;5278255,332802109420300;9,174947554000028;47,657559351000032;08210514335100822510;1
181789;08;4;15;061;2021;05;15;1;3;1;7;1;1;0;0;0;0;0;515887,633233763277531;5371227,273914016783237;9,215044738000074;48,493966731000057;08210516415400827380;0
181792;08;1;16;049;2021;05;18;6;3;0;1;1;0;0;0;0;0;0;524722,665086383931339;5385812,638508437201381;9,335494835000077;48,624893393000036;08210528116500854670;0
181794;08;3;35;043;2021;05;12;2;2;5;3;1;1;0;0;0;0;0;511056,822051558643579;5281005,158522283658385;9,147321610000063;47,682340283000030;08210524335000830430;0
181795;08;2;22;000;2021;05;13;2;3;5;3;1;1;0;0;0;0;0;462662,746476599946618;5479609,797493411228061;8,484681047000038;49,467990473000043;08210510222500792540;0
181797;08;1;16;019;2021;05;11;6;3;0;7;1;1;0;0;0;0;0;519660,082079811021686;5398828,368124226108193;9,267413928000053;48,742162718000031;08210521116010845620;0
181798;08;4;36;081;2021;06;08;6;3;2;6;1;0;0;0;0;0;1;561875,558640309609473;5282998,968803947791457;9,824672916000054;47,697411115000079;08210604436300901970;0
181802;08;1;19;085;2021;05;16;2;3;3;2;1;0;0;0;0;0;0;528142,770946221426129;5412680,583800882101059;9,383741635000035;48,866447901000072;08210531119500860990;0
181803;08;3;17;146;2021;05;19;1;3;0;1;1;0;0;0;0;0;0;430777,414601036347449;5355041,170446606352925;8,065781316000027;48,344755299000042;08210523317600845590;0
181804;08;1;21;000;2021;05;18;2;3;4;2;1;1;0;0;0;0;0;516400,509355232119560;5443155,918408438563347;9,224862289000043;49,141011725000055;08210510121200832910;0
181805;08;1;25;005;2021;05;16;7;3;6;4;0;1;1;0;0;0;0;514323,661634376272559;5454006,521097036078572;9,196774172000062;49,238667726000074;08210522121200851700;0
181806;08;3;11;000;2021;05;12;4;3;4;2;1;1;0;0;0;0;0;414177,184624152258039;5315688,741910144686699;7,849733125000057;47,988738931000057;08210519311010822540;0
181807;08;3;11;000;2021;05;18;7;3;0;7;1;0;0;0;0;0;0;414002,449301629327238;5315101,782315805554390;7,847509232000050;47,983435529000076;08210529311010849260;0
181808;08;1;18;049;2021;06;17;6;3;0;7;1;0;0;0;0;0;0;517368,260025431402028;5419446,991728812456131;9,237114893000069;48,927711822000049;08210604118500867350;1
181810;08;3;17;057;2021;05;17;2;2;6;4;0;1;1;0;0;0;0;414104,570464177057147;5378581,976260682567954;7,835980381000070;48,554448889000071;08210517317010812890;1
181812;08;1;35;019;2021;05;17;3;3;0;7;0;1;1;0;0;0;0;585330,881561068817973;5394416,927424792200327;10,159629607000056;48,696951287000047;08210525135200839650;0
181814;08;2;36;046;2021;05;18;5;2;5;3;1;1;0;0;0;0;0;484577,649652637541294;5417471,224611209705472;8,789525538000021;48,909990001000040;08210513231102821680;0
181815;08;3;35;075;2021;05;12;3;1;9;1;1;0;0;0;0;0;0;485569,451789775863290;5288183,621421091258526;8,807489190000069;47,746862602000078;08210504335000782280;0
181817;08;4;36;082;2021;05;12;7;3;0;7;1;0;0;0;0;0;0;547301,074607869610190;5294946,590994337573647;9,631738944000062;47,806135803000075;08210508436200798080;0
181819;08;3;17;065;2021;05;07;6;2;0;7;1;0;0;0;0;0;0;416094,320593730546534;5354482,055596163496375;7,867768365000074;48,337946296000041;08210528317010846140;0
181821;08;1;11;000;2021;05;15;2;2;0;7;1;0;0;0;0;0;0;511973,531713284552097;5406374,870218854397535;9,163082784000039;48,810245716000054;08210524111340823890;0
181824;08;3;15;006;2021;05;17;5;3;6;4;0;1;1;0;0;0;0;401195,880962532013655;5308662,652537688612938;7,677406217000055;47,923666522000076;08210520311400826150;0
181825;08;2;11;000;2021;06;19;4;2;0;7;1;0;0;0;0;0;0;442649,200680916197598;5402778,073712315410376;8,219404745000077;48,775361087000078;08210602211100880500;0
181826;08;2;22;000;2021;05;21;7;3;6;4;0;1;1;0;0;2;0;465618,958246459253132;5475954,749498443678021;8,525797614000055;49,435289348000026;08210508222500821280;0
181828;08;3;37;076;2021;05;19;1;2;0;1;1;0;0;0;0;0;0;427131,612868701107800;5269565,609840471297503;8,031072508000022;47,575411927000061;08210530337100855080;0
181829;08;3;36;069;2021;05;15;1;3;0;1;1;0;0;0;0;0;0;411959,281528562307358;5271501,472878484055400;7,828978054000061;47,590945459000068;08210523311010832690;0
181830;08;1;11;000;2021;06;13;3;3;6;4;0;1;1;0;0;0;0;512757,003802344202995;5402396,077166590839624;9,173630288000027;48,774437298000066;08210601111500870770;0
181831;08;2;15;107;2021;05;16;2;3;0;7;1;0;0;0;0;0;0;461267,002807239070535;5458762,728634143248200;8,467447960000072;49,280391164000036;08210524215502823880;0
181832;08;1;18;011;2021;06;15;5;3;5;2;1;1;0;0;0;0;0;504789,304733322001994;5408593,946470240131021;9,065257669000061;48,830305190000047;08210603118200885880;0
181833;08;1;11;000;2021;05;12;4;2;3;1;1;0;0;0;0;0;0;512225,361999999731779;5402386,647999521344900;9,166394084000046;48,774363148000077;08210512111500806510;0
181835;08;1;17;024;2021;05;16;6;2;6;7;0;1;1;0;0;0;0;561122,411725033074617;5386065,471396487206221;9,829450936000057;48,624669786000027;08210521117200819370;0
181836;08;4;36;064;2021;06;18;3;2;0;7;1;0;0;0;0;0;0;538531,673416533507407;5289781,462243009358644;9,514164420000043;47,760249078000072;08210601436000879000;0
181837;08;2;26;098;2021;05;14;7;3;5;3;1;0;0;0;0;0;0;477887,352000000886619;5460000,301999542862177;8,695893210000065;49,292350420000048;08210508226700787920;0
181838;08;4;37;100;2021;05;15;6;3;1;5;1;1;0;0;0;0;0;537448,943780581466854;5317874,148247584700584;9,502154277000045;48,013063387000045;08210521437100844490;1
181840;08;1;21;000;2021;05;17;2;3;5;7;1;1;0;0;0;0;0;512111,635039298795164;5445664,216630192473531;9,166134603000046;49,163674262000029;08210531121300850540;0
181841;08;2;26;037;2021;05;14;1;3;5;3;1;1;0;0;0;0;0;465782,691739664413035;5469065,933545041829348;8,528649349000034;49,373335901000075;08210523226400823070;1
181842;08;1;21;000;2021;05;16;3;3;1;7;1;1;0;0;0;0;0;515385,529898542910814;5446616,981560034677386;9,211078574000055;49,172171323000043;08210511121200816100;1
181843;08;4;16;041;2021;05;16;5;3;1;3;1;1;0;0;0;0;0;504329,424697735346854;5374409,943801622837782;9,058633516000043;48,522785205000048;08210513416200809140;1
181844;08;2;16;015;2021;05;19;4;3;1;5;1;1;0;0;0;0;0;452070,997877900488675;5403593,033499481156468;8,347539215000040;48,783489124000027;08210519216300821880;0
181847;08;4;21;000;2021;05;10;3;3;0;1;1;0;0;0;0;0;0;571073,457075574435294;5360605,200984144583344;9,960134698000047;48,394600098000069;08210525421300837220;0
181848;08;3;35;063;2021;06;13;1;3;0;1;1;0;0;0;0;0;0;497466,282261863350868;5288744,871778113767505;8,966195559000028;47,752068974000053;08210606335200880870;1
181850;08;1;35;031;2021;05;10;7;3;0;1;1;0;0;0;0;0;0;594614,169756280258298;5378606,395838959142566;10,282148552000024;48,553413545000069;08210522135010820590;0
181851;08;1;35;015;2021;05;16;4;2;0;1;1;0;0;0;0;0;0;574887,076379418373108;5385629,945444349199533;10,016135428000041;48,619255766000038;08210519135100811740;0
181852;08;2;21;000;2021;05;03;7;3;1;5;1;1;0;0;0;2;0;477535,117920292541385;5471864,345751989632845;8,690380236000067;49,399053980000076;08210529221400858400;0
181853;08;3;37;062;2021;06;13;5;2;0;7;1;0;0;0;0;0;0;460151,351793264970183;5274138,200032670050859;8,469691459000046;47,619422060000034;08210603337010878060;0
181856;08;2;16;007;2021;06;16;3;3;5;3;1;1;0;0;0;0;0;436214,525999996811152;5394393,356999520212412;8,133130927000025;48,699314182000080;08210601216200863190;0
181857;08;3;15;076;2021;05;08;3;3;0;1;1;0;0;0;0;0;0;392730,613516518846154;5297518,715968973934650;7,566892206000034;47,822070924000059;08210525311400826160;0
181862;08;3;35;043;2021;05;01;6;2;0;1;1;0;0;0;0;2;0;512933,749713937751949;5278160,789596254006028;9,172245546000056;47,656712765000066;08210521335100848200;0
181863;08;1;15;045;2021;05;09;7;3;5;3;1;1;0;0;0;0;0;499253,593230787664652;5395541,769305562600493;8,989853363000066;48,712906157000077;08210529115400846670;0
181864;08;3;16;056;2021;05;08;2;2;1;1;1;1;0;0;0;0;0;422986,895321622490883;5327106,461064727976918;7,965732919000061;48,092570431000070;08210531316200857000;0
181867;08;2;31;000;2021;05;16;7;2;0;1;1;0;0;0;1;0;0;478034,282308532856405;5415539,669064030051231;8,700330792000045;48,892416869000044;08210515231000824790;0
181870;08;1;18;070;2021;05;12;7;2;5;3;1;1;0;0;0;0;0;519599,441154211759567;5424055,263814663514495;9,267796836000059;48,969099349000032;08210508118010789000;0
181871;08;2;25;109;2021;05;20;6;3;5;3;1;1;0;0;0;0;0;520994,624899956397712;5493121,177640903741121;9,290485753000041;49,590305865000062;08210528225200834390;0
181872;08;4;35;059;2021;05;15;1;3;0;1;1;0;0;0;0;0;0;511616,834925686940551;5290559,691509420052171;9,155038109000031;47,768298202000040;08210530435200856270;0
181874;08;2;26;032;2021;05;15;2;3;4;2;1;0;0;0;0;0;0;467702,044308194890618;5463509,445710513740778;8,555538446000071;49,323461178000059;08210510226200809610;0
181876;08;2;11;000;2021;05;10;6;3;5;3;1;1;0;0;0;0;0;440916,363154962658882;5406770,327651068568230;8,195247512000037;48,811109479000038;08210514211100811080;0
181877;08;3;11;000;2021;05;19;4;3;1;5;1;1;0;0;0;0;0;415638,590908000245690;5315804,128700248897076;7,869293416000062;47,989971338000032;08210519311010822020;0
181879;08;2;15;089;2021;05;16;6;3;1;7;1;1;0;0;0;0;0;468791,919139299541712;5431152,100178178399801;8,573047005000035;49,032460766000042;08210507215302786980;0
181880;08;2;31;000;2021;05;15;4;3;5;3;1;1;0;0;0;0;0;479332,217476304620504;5416230,309519538655877;8,718002810000030;48,898674297000071;08210526231000859620;0
181882;08;2;36;071;2021;05;10;5;3;0;7;1;0;0;0;0;0;0;468944,058018709532917;5422466,973290950059891;8,575792195000076;48,954342434000068;08210513231202854050;0
181883;08;2;16;043;2021;06;14;4;3;4;7;1;1;0;0;0;0;0;440406,523537747561932;5413631,015203801915050;8,187306037000042;48,872772399000041;08210602216100064140;0
181884;08;1;15;003;2021;05;13;2;3;1;5;1;1;0;0;0;0;0;501235,791192459873855;5392546,872228814288974;9,016790355000069;48,685963023000056;08210510115100792590;0
181885;08;1;16;080;2021;05;16;7;3;1;5;1;1;0;0;0;0;0;518551,568437308073044;5397049,741592645645142;9,252256163000027;48,726196292000054;08210522116200862140;0
181890;08;2;26;060;2021;05;13;6;3;2;2;1;0;0;0;0;0;0;477181,906610074453056;5463254,259384814649820;8,686005694000073;49,321593830000040;08210514226700849240;0
181892;08;3;17;065;2021;06;07;6;3;5;3;1;1;0;0;0;0;0;415642,169659129343927;5353099,522589676082134;7,861945034000030;48,325450354000054;08210604317300885730;0
181894;08;2;15;099;2021;05;10;5;3;0;7;1;0;0;0;0;0;0;462114,656762272119522;5444791,279092473909259;8,480421132000060;49,154772436000030;08210506215502969210;1
181895;08;1;21;000;2021;05;11;5;3;0;7;1;0;0;0;0;0;0;515726,717468672432005;5445150,705346420407295;9,215702092000072;49,158973088000039;08210527121200831210;0
181896;08;1;36;027;2021;06;15;7;3;9;1;1;0;0;0;0;0;0;553259,281000001356006;5420012,967999530956149;9,727152702000069;48,930754791000027;08210605136300868250;0
181897;08;2;16;028;2021;05;17;1;3;8;1;1;0;0;0;0;0;0;425476,215378495864570;5393593,783083871006966;7,987359507000065;48,690931899000077;08210509216200798090;0
181900;08;3;36;036;2021;06;10;5;3;1;1;1;1;0;0;0;0;0;412847,447790396399796;5281416,383433211594820;7,838814327000023;47,680259122000052;08210603336300873080;0
181901;08;1;16;019;2021;05;05;4;2;2;6;1;1;0;0;0;2;0;524242,900877975858748;5398038,791873050853610;9,329701413000066;48,734898279000049;08210505116010797960;1
181903;08;1;25;001;2021;06;12;3;2;0;1;1;0;0;0;0;0;0;522018,329912855289876;5437357,216018728911877;9,301569140000026;49,088674900000058;08210601121600864750;0
181905;08;3;27;046;2021;05;15;4;2;0;1;1;0;0;0;0;0;0;480488,552346489392221;5325371,393312871456146;8,738024629000051;48,081315797000059;08210512327200804800;1
181908;08;3;35;075;2021;05;16;7;3;0;3;1;1;0;0;1;0;0;489433,048981856554747;5288818,053975138813257;8,859015924000062;47,752645824000069;08210508335010078020;0
181909;08;1;17;009;2021;05;16;7;3;5;3;1;1;0;0;0;0;0;548668,966515661217272;5399387,399296944960952;9,662035814000035;48,745600369000044;08210529117400852050;0
181912;08;2;12;000;2021;05;14;4;3;5;2;1;0;0;0;0;0;0;453570,286164731718600;5428779,295846847817302;8,365084935000027;49,010159014000067;08210512212502818330;0
181913;08;1;11;000;2021;05;12;7;3;5;7;1;1;0;0;0;0;0;516307,472517373040318;5407475,111319005489349;9,222155573000066;48,820044685000028;08210515111500801880;0
181915;08;2;15;064;2021;06;11;6;3;5;3;1;1;0;0;0;0;0;478448,092364295385778;5451564,289410324767232;8,704058744000065;49,216487698000037;08210604215202890940;0
181918;08;1;11;000;2021;06;12;2;3;4;6;1;0;0;0;1;0;0;510318,977624206803739;5409927,416073624044657;9,140636780000023;48,842233607000026;08210607111500871740;1
181920;08;4;21;000;2021;05;16;7;3;0;1;1;0;0;0;0;0;0;570551,175688617862761;5360481,513671578839421;9,953059412000073;48,393546148000041;08210522426010832830;0
181922;08;2;25;109;2021;05;15;7;3;0;1;1;0;0;0;0;0;0;526702,130000001750886;5492248,145999552682042;9,369395075000057;49,582228253000039;08210522225200819880;0
181923;08;1;18;046;2021;05;16;5;2;6;7;1;0;1;0;0;0;0;513020,926331384107471;5412406,356212355196476;9,177540158000056;48,864482864000081;08210520118000840460;0
181925;08;1;18;081;2021;05;12;6;3;6;7;0;1;1;0;0;0;0;518555,687309823930264;5412413,723389336839318;9,253006231000029;48,864408244000060;08210507118300796120;0
181926;08;3;36;091;2021;05;15;4;3;0;7;1;0;0;0;0;0;0;394776,704578264616430;5271706,953283976763487;7,600449361000074;47,590233360000070;08210526336400851910;1