OID_;ULAND;UREGBEZ;UKREIS;UGEMEINDE;UJAHR;UMONAT;USTUNDE;UWOCHENTAG;UKATEGORIE;UART;UTYP1;IstRad;IstPKW;IstFuss;IstKrad;IstSonstige;ULICHTVERH;IstGkfz;LINREFX;LINREFY;XGCSWGS84;YGCSWGS84;UIDENTSTLAE;IstStrassenzustand
181928;08;1;25;056;2021;05;11;5;3;0;7;1;0;0;0;0;0;0;511721,356782814487815;5435798,760942243039608;9,160494601000039;49,074938177000035;08210513121400852610;0
181930;08;1;35;019;2021;05;14;1;3;0;1;1;0;0;0;0;0;0;583494,105000012554228;5392401,430999517440796;10,134266086000025;48,679071742000076;08210509135200789230;0
181931;08;2;15;108;2021;05;06;3;3;5;3;1;1;0;0;0;0;0;449391,950033898465335;5424762,708208171650767;8,308451638000065;48,973701386000073;08210518212702830460;1
181932;08;4;15;053;2021;05;13;7;3;6;7;0;0;1;0;1;0;0;537697,318964369595051;5362332,921235419809818;9,509436802000039;48,413022081000065;08210529116500838280;0
181933;08;1;17;015;2021;06;12;5;2;5;3;1;0;0;0;0;0;0;560011,618684737011790;5392818,580917522311211;9,815357751000022;48,685523236000051;08210603117010879110;0
181936;08;3;35;075;2021;05;13;3;3;5;3;1;1;0;0;0;0;0;487906,509964055381715;5289440,169247243553400;8,838631639000027;47,758216504000075;08210525335300826210;0
181939;08;4;36;079;2021;05;15;6;3;4;1;1;1;0;0;0;0;0;552050,376000001095235;5289743,637999495491385;9,694540762000031;47,758958941000060;08210514436300804140;0
181941;08;1;19;090;2021;06;05;4;3;3;6;1;0;0;0;1;0;0;530700,524422889575362;5406576,637208303436637;9,418159718000027;48,811417720000065;08210602119400869910;0
181944;08;3;17;096;2021;05;14;2;3;0;1;1;0;0;0;0;0;0;422050,347117038443685;5370925,500262850895524;7,945069436000040;48,486618301000078;08210531317500844200;0
181946;08;1;11;000;2021;05;21;3;3;6;4;0;1;1;0;0;2;0;515977,473890859633684;5405478,894970418885350;9,217582343000061;48,802095602000065;08210511111500801970;1
181948;08;2;11;000;2021;05;09;6;3;6;1;0;0;1;0;0;0;1;443756,422857298515737;5401619,417296700179577;8,234632031000046;48,765039849000061;08210521211100816930;0
181949;08;1;15;041;2021;05;16;2;3;5;3;1;1;0;0;0;0;0;494949,319131808355451;5401141,109322007745504;8,931272547000049;48,763257927000041;08210517115300836140;0
181952;08;4;35;059;2021;06;11;4;3;6;7;0;0;1;0;1;0;0;511947,003516833297908;5290352,145344909280539;9,159438810000040;47,766424765000068;08210602435200868940;0
181953;08;1;18;046;2021;05;07;4;3;6;4;0;1;1;0;0;0;0;513405,489480124786496;5412090,037909680977464;9,182773282000028;48,861629140000048;08210512118300802540;0
181957;08;1;11;000;2021;05;12;1;3;2;7;1;1;0;0;0;0;0;517951,048910484649241;5401818,122777564451098;9,244298483000023;48,769109904000061;08210509111250789780;0
181959;08;2;12;000;2021;05;17;3;3;5;3;1;1;0;0;0;0;0;452228,146159648895264;5428021,206498987972736;8,346821927000065;49,003237540000043;08210518212502832280;0
181960;08;3;16;012;2021;05;05;6;3;2;6;1;0;0;0;1;0;0;403351,473037919960916;5333677,198731921613216;7,700607252000054;48,148996595000028;08210528316100861990;0
181961;08;3;35;043;2021;05;11;2;3;0;7;1;0;0;0;0;0;0;513455,274745207279921;5281032,103422360494733;9,179279389000044;47,682537244000059;08210531335100848890;0
181963;08;3;36;050;2021;05;07;3;3;0;1;1;0;0;0;0;0;0;399360,492512186057866;5274257,806424913927913;7,660814138000035;47,613906773000053;08210511311010791480;1
181965;08;2;15;090;2021;05;09;6;3;5;3;1;1;0;0;0;0;0;465068,743999999016523;5433900,769999533891678;8,521875586000021;49,056986005000056;08210521215102839550;0
181966;08;3;36;091;2021;06;07;6;3;0;7;1;1;0;0;0;0;0;396191,957598660141230;5274517,205842221155763;7,618602182000075;47,615740229000039;08210604311010966670;0
181967;08;4;36;009;2021;05;04;6;3;4;6;1;0;0;0;0;2;0;556621,469623296521604;5309487,331762483343482;9,758114673000023;47,936200585000051;08210507436400791570;1
181969;08;1;25;110;2021;06;15;1;2;0;7;1;0;0;0;0;0;0;526116,917216701433063;5442812,392087783664465;9,358056457000032;49,137585349000062;08210606121600892810;1
181970;08;4;16;041;2021;05;12;1;3;0;1;1;0;0;0;0;0;0;499286,021360015496612;5372205,646089607849717;8,990334338000025;48,502969029000042;08210530416200847350;0
181973;08;1;36;088;2021;05;09;7;2;0;1;1;0;0;0;0;0;0;579525,512700253166258;5409266,429190943017602;10,083620965000023;48,831280346000028;08210522136100819240;0
181974;08;3;35;043;2021;05;22;4;2;0;7;1;0;0;0;0;2;0;513322,046308649703860;5277991,525781149044633;9,177411512000049;47,655181903000027;08210519335100810860;1
181976;08;3;15;073;2021;06;14;5;3;5;3;1;0;0;1;0;0;0;412662,845431779511273;5313192,793187521398067;7,829948528000045;47,966081999000039;08210603311010873610;0
181977;08;1;36;088;2021;06;08;2;3;5;3;1;0;0;0;0;0;1;578310,737200465984643;5408397,095207294449210;10,066905336000048;48,823615659000041;08210607136100870900;1
181978;08;2;21;000;2021;05;10;5;3;4;2;1;1;0;0;0;0;0;474485,581633879803121;5471715,863263024017215;8,648360656000023;49,397598222000056;08210506221400784930;1
181979;08;1;19;008;2021;05;10;5;2;6;7;0;0;1;0;1;0;0;531432,306355036795139;5421738,928197205066681;9,429292402000044;48,947774329000026;08210527119010847170;0
181980;08;3;35;063;2021;06;10;7;3;0;3;1;1;0;0;0;0;0;497062,517207616008818;5288229,119524676352739;8,960812077000071;47,747426739000048;08210605335200876960;0
181981;08;1;25;027;2021;05;16;5;2;0;7;1;0;0;0;0;0;0;518357,409707045182586;5447249,997150143608451;9,251879170000052;49,177783742000031;08210513121500807220;0
181984;08;4;17;031;2021;05;17;3;3;0;1;1;0;0;0;0;0;0;497660,598652708344162;5355230,477375077083707;8,968424523000067;48,350247718000048;08210518417300808920;0
181985;08;3;17;089;2021;05;16;6;3;5;3;1;1;0;0;0;0;0;431750,618328341282904;5375639,723003083840013;8,075557851000042;48,530152009000062;08210528317100836680;0
181987;08;1;18;049;2021;06;19;3;3;5;3;1;1;0;0;0;0;0;519001,431955769658089;5420475,587852619588375;9,259458991000031;48,936916702000076;08210601118500892050;0
181989;08;1;17;026;2021;06;15;5;2;7;1;1;0;0;0;0;0;0;545392,640113469213247;5395264,760647200047970;9,617017409000027;48,708762493000052;08210603117010872710;1
181991;08;4;17;079;2021;05;19;6;3;5;3;0;1;1;0;0;0;0;498956,636386459693313;5339562,740697158500552;8,985956152000028;48,209292528000049;08210514417010801760;0
181992;08;4;36;064;2021;05;17;1;3;0;1;1;0;0;0;0;0;0;546364,104087912477553;5292902,014588924124837;9,619007277000037;47,787808971000061;08210516436200816300;1
181993;08;4;36;039;2021;06;15;3;3;4;1;1;1;0;0;0;0;0;550815,680000000633299;5287097,006999492645264;9,677757440000050;47,735245833000079;08210601436200863130;0
181994;08;2;26;049;2021;05;18;7;3;9;1;1;0;0;0;0;0;0;486528,732999999076128;5463120,894999543204904;8,814628679000066;49,320672070000057;08210508226300792210;0
181999;08;4;21;000;2021;05;17;2;3;8;1;1;0;0;0;0;0;0;572122,833159475587308;5361918,112096907570958;9,974534231000064;48,406290905000048;08210510421300817360;0
182001;08;3;36;105;2021;05;22;5;2;0;1;1;0;0;0;0;2;0;398610,499362959526479;5267403,909250199794769;7,652420449000033;47,552136649000033;08210513336200819740;1
182002;08;3;17;057;2021;05;16;5;3;8;1;1;0;0;0;0;0;0;413656,933104284107685;5373985,580296434462070;7,830867848000025;48,513045256000055;08210520317200818050;0
182003;08;4;35;024;2021;06;07;6;2;0;1;1;0;0;0;0;0;0;525417,385648627765477;5279483,001521613448858;9,338571346000037;47,668239420000077;08210604435100866230;0
182005;08;2;15;102;2021;05;14;6;2;0;7;1;0;0;0;0;0;0;455617,335228484123945;5435545,132140325382352;8,392335143000025;49,071168657000044;08210507212010795680;0
182007;08;2;22;000;2021;06;14;1;2;0;2;1;1;0;0;0;0;0;461519,978170831687748;5482261,686625357717276;8,468651542000032;49,491771492000055;08210606221011889020;0
182008;08;2;12;000;2021;05;16;2;2;6;4;0;1;1;0;0;0;0;457599,263153322972357;5427638,088027596473694;8,420296295000071;49,000183679000031;08210510212402828220;1
182009;08;3;36;050;2021;05;15;3;3;6;7;0;1;1;0;0;0;0;401661,012999972328544;5276590,962999485433102;7,690894291000063;47,635247756000069;08210518311010809790;0
182010;08;3;37;123;2021;05;16;7;3;4;6;1;0;0;1;0;0;0;451255,019999999552965;5279906,052999492734671;8,350662748000047;47,670708050000030;08210529337200838260;0
182011;08;1;11;000;2021;06;20;6;3;2;7;1;1;0;0;0;1;0;512879,503523308783770;5403303,662774259224534;9,175326005000045;48,782599344000062;08210604111500968350;0
182014;08;2;12;000;2021;06;09;3;3;5;3;1;1;0;0;0;0;0;460228,621009747497737;5426005,917349513620138;8,456402940000032;48,985676951000073;08210601212010876590;0
182017;08;1;27;076;2021;05;17;6;3;6;7;0;1;1;0;0;0;0;553326,067293304949999;5439506,631031446158886;9,730626493000045;49,106091769000045;08210507127100803510;0
182019;08;2;21;000;2021;06;14;1;2;0;1;1;0;0;0;0;0;0;474793,553329374641180;5474025,681385893374681;8,652458406000051;49,418387432000031;08210606221200869560;0
182020;08;2;21;000;2021;05;12;1;3;0;7;1;0;0;0;0;0;0;477123,580366751179099;5472439,532424736768007;8,684675228000060;49,404212371000028;08210530221200850590;0
182022;08;1;11;000;2021;05;18;2;3;5;3;1;1;0;0;0;0;0;516052,444000001065433;5394580,144999518990517;9,218178345000069;48,704049187000066;08210510111500817420;0
182023;08;4;35;016;2021;05;18;4;2;5;3;1;1;0;0;0;0;0;535694,262000000104308;5281742,280999490991235;9,475644649000060;47,688081432000047;08210519435100847400;0
182024;08;2;15;105;2021;05;18;1;3;5;3;1;0;0;1;0;0;0;457634,315844100899994;5442259,562316309660673;8,419244776000028;49,131707004000077;08210530215102857790;0
182025;08;1;36;065;2021;06;14;5;2;9;1;1;0;0;0;0;0;0;555671,897460593841970;5407953,405291393399239;9,758447589000070;48,822066432000042;08210603136300885720;0
182026;08;1;25;058;2021;06;07;2;3;1;6;1;1;0;0;0;0;0;507729,163797990418971;5443536,938461782410741;9,105979805000061;49,144609467000066;08210607121400911490;1
182027;08;4;16;041;2021;05;19;4;3;6;4;1;0;1;0;0;0;0;504286,307036172598600;5373955,178439434617758;9,058044898000048;48,518694267000058;08210505416200800040;1
182028;08;3;11;000;2021;05;17;2;3;3;3;1;0;0;0;1;0;0;411389,069353502243757;5319794,334326114505529;7,811524482000038;48,025289481000073;08210517311010808110;1
182029;08;1;25;078;2021;06;17;3;3;1;7;1;1;0;0;0;0;0;518963,778198031708598;5454266,915459016337991;9,260530417000041;49,240883850000046;08210601121500460200;0
182030;08;1;36;046;2021;05;21;3;3;6;7;0;0;1;0;1;2;0;577770,937517125159502;5420008,610935585573316;10,061760584000069;48,928120563000050;08210525136200825730;0
182031;08;1;17;024;2021;06;13;7;3;0;3;1;1;0;0;0;0;0;561753,920000002719462;5385821,671999517828226;9,837983449000035;48,622414719000062;08210605117200892510;0
182035;08;2;12;000;2021;05;12;4;3;5;3;1;1;0;0;0;0;0;459606,438790404237807;5428045,890715770423412;8,447696508000035;49,003986552000072;08210519212010823710;0
182036;08;1;18;048;2021;05;18;7;3;1;5;1;1;0;0;0;0;0;512849,969078211113811;5415817,679309768602252;9,175316387000066;48,895173883000041;08210529118400847430;0
182038;08;4;36;064;2021;05;16;2;3;0;5;1;1;0;0;0;0;0;546614,816305194050074;5291442,111819563433528;9,622197583000059;47,774656126000082;08210531436200842070;0
182040;08;4;15;029;2021;06;21;5;3;3;6;1;0;0;0;0;2;0;522020,949308277107775;5379421,989417200908065;9,298493320000034;48,567503258000045;08210603116010878880;0
182041;08;3;11;000;2021;05;20;4;3;5;3;1;1;0;0;0;1;0;414076,339715726673603;5317554,387288285419345;7,848008231000051;48,005507563000037;08210512311010794830;0
182045;08;2;22;000;2021;05;17;6;3;5;2;0;1;1;0;0;0;0;464543,782364506274462;5480766,738441936671734;8,510537903000056;49,478509378000069;08210507222700787320;0
182046;08;1;15;024;2021;05;13;6;3;5;3;1;1;0;0;0;0;0;501503,047132444567978;5386113,299693267792463;9,020398124000053;48,628085027000054;08210528115100854440;0
182048;08;2;21;000;2021;05;19;1;3;6;4;1;0;1;0;0;0;0;478203,873738504014909;5473001,354046052321792;8,699534755000059;49,409305524000047;08210523221200844860;0
182049;08;1;25;027;2021;05;16;3;3;5;3;1;1;0;0;0;0;0;519003,098941871896386;5446622,103270918130875;9,260708813000065;49,172116018000054;08210511121500830760;1
182050;08;1;16;047;2021;05;15;6;3;6;7;1;0;1;0;0;0;0;520100,741399916820228;5392355,771445017307997;9,273092336000047;48,683921406000081;08210514116200825610;0
182051;08;2;16;015;2021;05;14;4;3;5;3;1;1;0;0;0;0;0;449862,262084438465536;5405549,039817202836275;8,317235015000051;48,800909872000034;08210519216300822340;0
182052;08;4;35;016;2021;06;11;6;3;5;2;1;1;0;0;0;0;0;536039,474696905352175;5278448,058115733787417;9,479972755000063;47,658422879000057;08210604435100890740;0
182055;08;4;15;014;2021;06;12;7;3;0;1;1;0;0;0;0;0;0;525312,495695496909320;5375214,868696283549070;9,342853586000047;48,529531009000038;08210605415100890290;0
182056;08;4;35;057;2021;05;11;1;3;0;7;1;0;0;0;0;0;0;549582,585353484377265;5280994,634868800640106;9,660617940000066;47,680438444000060;08210509435100810180;0
182057;08;1;18;048;2021;05;16;4;3;4;2;1;1;0;0;0;0;0;515294,827686014585197;5415170,574734166264534;9,208647966000058;48,889297176000071;08210519118400814190;0
182059;08;3;15;051;2021;06;12;5;2;0;1;1;0;0;0;0;0;0;418489,335999988950789;5323121,991999499499798;7,906102957000030;48,056168977000027;08210603311010865310;0
182060;08;4;16;041;2021;05;15;4;3;5;3;1;0;0;0;1;0;0;503208,841910498216748;5374160,953018981963396;9,043455522000045;48,520551923000028;08210505416200791390;0
182061;08;3;11;000;2021;05;09;2;3;5;3;1;1;0;0;0;0;0;414359,710999986156821;5317221,985999496653676;7,851873007000052;48,002555522000080;08210517311010851250;1
182062;08;2;12;000;2021;06;14;3;3;1;5;1;1;0;0;0;0;0;455751,883648977614939;5427451,377766363322735;8,395060669000031;48,998374540000043;08210601212402867570;0
182064;08;4;35;059;2021;05;12;4;3;6;6;0;1;1;0;0;0;0;512033,990785188041627;5290382,690029280260205;9,160600540000075;47,766697973000078;08210512435200822680;0
182066;08;1;27;014;2021;06;15;4;3;1;5;1;0;0;0;1;0;0;576949,244760015979409;5442671,010073047131300;10,054845116000024;49,132050010000057;08210602127202883130;0
182068;08;2;12;000;2021;05;10;7;3;0;3;1;1;0;0;0;0;0;459694,280055217444897;5426761,065018234774470;8,449025000000063;48,992435027000056;08210529212102849040;0
182069;08;1;11;000;2021;06;17;3;3;2;7;1;1;0;0;0;0;0;514745,694100808352232;5403614,873624270781875;9,200741082000036;48,785357523000073;08210601111500864830;0
182070;08;3;37;096;2021;05;13;2;3;2;6;1;1;0;0;0;0;0;420867,494096155278385;5267361,070084357634187;7,948189853000031;47,554845319000037;08210524337010822560;0
182071;08;1;18;079;2021;05;12;4;3;6;4;1;0;1;0;0;0;0;507269,927939671091735;5421568,543505055829883;9,099288694000052;48,946997692000082;08210512118100794720;0
182072;08;1;11;000;2021;05;20;7;2;0;1;1;0;0;0;0;1;0;509294,826195606961846;5399083,025804433971643;9,126433344000077;48,744694538000033;08210515111500823740;0
182073;08;3;11;000;2021;05;18;5;3;0;3;1;1;0;0;0;0;0;415189,052038110792637;5318192,952339403331280;7,862797187000069;48,011400331000061;08210520311010833380;0
182074;08;3;37;076;2021;06;14;6;3;5;3;1;1;0;0;0;0;0;425794,964718974195421;5267244,339115256443620;8,013693977000059;47,554377025000065;08210604337010876310;0
182075;08;1;17;051;2021;06;16;7;3;1;1;1;1;0;0;0;0;0;543605,532588110305369;5395789,120412735268474;9,592782236000062;48,713606940000034;08210605117400876570;0
182079;08;4;35;016;2021;05;16;7;2;0;7;1;0;0;0;0;0;0;535177,141128651797771;5277633,708524968475103;9,468423088000065;47,651143293000075;08210508435100788100;0
182080;08;3;36;069;2021;05;16;6;3;4;3;1;1;0;0;0;0;0;408531,642911135219038;5268099,109353763982654;7,784106569000073;47,559863954000036;08210528336200853640;0
182082;08;2;21;000;2021;05;14;2;3;0;2;1;1;0;0;0;0;0;477685,619814365170896;5473104,978234002366662;8,692384773000072;49,410218823000037;08210524221011846680;0
182083;08;1;27;014;2021;05;15;4;2;9;1;1;0;0;0;0;0;0;574001,195129595696926;5443559,135299772024155;10,014602111000045;49,140399917000082;08210512127010802310;0
182084;08;1;25;102;2021;05;22;7;3;6;4;0;1;1;0;0;2;0;521501,715530073270202;5447667,065959740430117;9,295043446000022;49,181433215000027;08210515121600810320;0
182085;08;2;21;000;2021;05;14;6;3;5;3;1;1;0;0;0;0;0;477578,965304861776531;5473589,385516222566366;8,690887149000048;49,414572068000041;08210521221011824120;0
182087;08;2;26;095;2021;05;15;6;3;6;7;0;0;1;0;1;0;0;474025,248999999836087;5461224,847999542951584;8,642700573000070;49,303213200000073;08210507226700860370;0
182088;08;2;37;040;2021;05;15;6;3;0;1;1;0;0;0;0;0;0;472919,217035116627812;5368715,940341651439667;8,633617330000050;48,470991425000079;08210528237200836280;0
182089;08;3;15;059;2021;05;14;1;3;3;2;1;0;0;1;0;0;0;399204,773999968543649;5321710,727999493479729;7,647698458000036;48,040720193000027;08210530311100857770;0
182090;08;4;16;041;2021;05;20;7;2;9;1;1;0;0;0;0;0;0;506932,685394424945116;5375893,747906176373363;9,093914186000063;48,536110661000066;08210522416010832160;0
182091;08;3;17;057;2021;05;17;2;3;9;1;1;0;0;0;0;0;0;411945,438473676331341;5380313,037816619500518;7,806360900000072;48,569719164000048;08210510317200813000;1
182094;08;2;26;041;2021;06;13;6;2;6;4;0;1;1;0;0;0;0;475926,540917807258666;5464183,843613587319851;8,668675102000066;49,329907177000052;08210604221011885240;0
182098;08;3;16;012;2021;05;11;5;3;5;4;0;0;1;0;1;0;0;402879,090345835313201;5332717,713262498378754;7,694476910000049;48,140294423000057;08210513316100808610;0
182099;08;2;12;000;2021;05;09;2;3;5;2;1;1;0;0;0;0;0;456896,194547289982438;5427581,249979071319103;8,410690487000068;48,999623720000045;08210510212010793180;0
182100;08;1;25;026;2021;05;08;4;3;0;3;1;0;0;0;0;0;0;493599,204000000841916;5442431,234999535605311;8,912251882000021;49,134678517000054;08210519121100939840;0
182102;08;3;35;100;2021;06;16;4;3;5;2;1;1;0;0;0;0;0;488697,430542219430208;5287045,824904354289174;8,849247397000056;47,736687614000061;08210602335300169450;0
182103;08;4;25;020;2021;05;12;3;2;0;4;0;1;1;0;0;0;0;558156,986126898787916;5362394,180682936683297;9,785912347000021;48,412016958000038;08210504426010788700;0
182104;08;4;35;052;2021;05;13;1;3;5;3;1;0;0;0;0;0;0;521612,915415076538920;5289922,382048431783915;9,288412611000069;47,762306318000071;08210516435200803640;1
182105;08;2;12;000;2021;06;09;3;3;0;5;1;1;0;0;0;0;0;451861,313926219008863;5431121,235706606879830;8,341438851000021;49,031093786000042;08210601212502863290;0
182106;08;4;16;041;2021;05;11;3;2;0;7;1;0;0;0;0;0;0;503350,740269665606320;5373799,548397699370980;9,045374267000057;48,517299852000065;08210525416200825300;0
182108;08;2;12;000;2021;05;11;4;3;5;3;1;1;0;0;0;0;0;459843,543871697038412;5427101,412746140733361;8,451031683000053;48,995506253000030;08210512212010807410;0
182109;08;3;35;043;2021;05;13;7;3;0;1;1;0;0;0;0;0;0;511612,093148661777377;5280534,139734558761120;9,154707511000026;47,678092479000043;08210515335100802130;0
182110;08;3;36;081;2021;06;13;3;3;0;1;1;0;0;0;0;0;0;412768,820471207611263;5279471,311357719823718;7,838155430000029;47,662750937000055;08210601336300864530;0
182111;08;1;16;049;2021;05;11;1;3;6;4;0;1;1;0;0;0;0;524283,645984417758882;5387521,691601799800992;9,329637441000045;48,640285309000035;08210509116010807040;0
182112;08;4;15;061;2021;05;15;6;3;2;6;1;1;0;0;0;0;0;516093,505080091767013;5370313,146671861410141;9,217796045000057;48,485737682000035;08210521415400817930;0
182113;08;1;17;019;2021;05;11;7;2;6;3;0;1;1;0;0;0;0;552725,121000003069639;5394322,386999521404505;9,716559125000060;48,699708657000031;08210529117010858260;0
182114;08;2;31;000;2021;05;11;2;3;1;7;1;1;0;0;0;0;0;480452,762744995765388;5414042,145476942881942;8,733396344000028;48,879026616000033;08210531231000956170;0
182115;08;3;15;102;2021;05;12;2;2;0;1;1;0;0;0;0;0;0;437911,465904600918293;5296488,366682108491659;8,170562164000046;47,818749754000066;08210524311500847900;0
182118;08;2;26;103;2021;05;16;6;3;0;3;1;1;0;0;0;0;0;473114,446582737378776;5456866,379013827070594;8,630465246000028;49,263969422000059;08210521226700817480;0
182123;08;3;16;017;2021;05;13;1;2;3;6;1;0;0;0;0;0;0;407369,348004287108779;5342321,747617693617940;7,752726517000042;48,227350154000078;08210530316100841380;0
182124;08;4;21;000;2021;05;18;7;3;0;1;1;0;0;0;0;0;0;572052,407483668997884;5360058,355917559936643;9,973263592000023;48,389569968000046;08210522421300820120;0
182125;08;2;12;000;2021;05;16;2;3;5;3;1;1;0;0;0;0;0;455021,391993553377688;5429580,872758556157351;8,384838401000025;49,017476737000038;08210510212010816750;1
182126;08;2;15;109;2021;05;10;7;3;0;7;1;1;0;0;0;0;0;461336,130275243893266;5434551,117369495332241;8,470725190000053;49,062613018000036;08210522215102819510;0
182127;08;2;12;000;2021;05;13;5;3;5;3;1;0;0;0;1;0;0;456907,339699873700738;5427300,416270038112998;8,410872647000076;48,997098358000073;08210520212010813100;0
182129;08;4;15;060;2021;06;06;5;3;1;1;1;1;0;0;0;0;0;512541,043823502026498;5378939,143301568925381;9,169979735000027;48,563420860000065;08210603415400881580;0
182133;08;1;25;110;2021;06;14;7;2;1;5;1;0;0;0;1;0;0;527284,195842972956598;5442352,729118844494224;9,374028096000075;49,133399848000067;08210605121600878010;0
182137;08;2;26;098;2021;06;14;1;3;0;7;1;1;0;0;0;0;0;478132,061472609639168;5460202,572517454624176;8,699247488000026;49,294178657000032;08210606226700898180;0
182140;08;3;15;074;2021;05;16;3;3;6;4;0;1;1;0;0;0;0;397354,050818282179534;5295898,532258825376630;7,629025892000072;47,808251930000040;08210511311400830960;1
182144;08;2;22;000;2021;06;17;5;3;5;3;1;1;0;0;0;0;0;460347,828285459429026;5488028,100139714777470;8,451887406000026;49,543561420000060;08210603222301872220;0
182146;08;2;12;000;2021;05;08;6;3;0;6;1;1;0;0;0;0;0;458809,857868547551334;5428394,345503281801939;8,436770008000053;49,007068316000073;08210507212010798650;1
182147;08;2;12;000;2021;05;18;4;3;4;6;1;0;0;0;0;0;0;455507,598121314309537;5426627,374882029369473;8,391811349000022;48,990944979000062;08210526212402829800;0
182149;08;4;15;059;2021;05;15;4;3;2;6;1;1;0;0;0;0;0;516792,076627003028989;5367335,538170365616679;9,227130264000039;48,458931726000060;08210512415300831760;0
182150;08;2;26;062;2021;06;08;4;3;5;2;1;1;0;0;0;0;0;469869,679685126058757;5468482,796047164127231;8,584990971000025;49,368306523000058;08210602226401878970;0
182151;08;4;35;016;2021;05;13;1;3;4;2;1;1;0;0;0;0;0;533348,238727709278464;5281497,664694231003523;9,444364976000031;47,686005845000068;08210509435100860700;0
182152;08;3;26;074;2021;05;11;3;3;6;2;0;1;1;0;0;0;0;465201,653745727613568;5323442,705336781218648;8,532933804000038;48,063312594000081;08210518326200820070;1
182154;08;4;15;039;2021;06;13;4;3;1;3;1;1;0;0;0;0;0;530166,477243293076754;5374093,077127249911427;9,408517197000037;48,519224654000027;08210602415100881350;0
182155;08;4;15;061;2021;05;17;1;3;0;7;1;0;0;0;0;0;0;516077,938624067232013;5370438,009008921682835;9,217590188000031;48,486861386000044;08210516415400860190;0
182158;08;1;21;000;2021;06;18;5;3;5;3;1;1;0;0;0;0;0;516290,432076469063759;5443676,392331615090370;9,223374108000030;49,145696486000077;08210603121200883700;0
182159;08;4;21;000;2021;05;09;3;2;7;3;1;0;0;0;0;0;0;571896,028265895321965;5359913,104685015976429;9,971126720000029;48,388281240000026;08210511426010791600;0
182160;08;2;16;009;2021;05;10;7;3;5;3;1;0;0;0;1;0;0;449222,504800851456821;5424228,850624419748783;8,306203019000066;48,968885434000072;08210515200000800900;0
182161;08;1;16;077;2021;05;14;1;3;5;3;1;1;0;0;0;0;0;515658,629367678426206;5391759,539278658106923;9,212718901000073;48,678684921000070;08210516116200851390;0
182162;08;1;36;019;2021;06;18;4;3;0;7;1;0;0;0;0;0;0;582380,223883011378348;5423058,871184226125479;10,125292771000034;48,954958128000044;08210602136200869900;0
182163;08;2;15;099;2021;05;14;1;2;2;6;1;0;0;0;0;0;0;463690,911000000312924;5444093,680999536067247;8,502100698000049;49,148592757000074;08210509212010809750;0
182165;08;1;16;019;2021;06;17;3;3;5;3;1;1;0;0;0;0;0;522338,042153058573604;5398367,809188716113567;9,303813726000044;48,737929295000072;08210601116100878940;0
182167;08;1;17;037;2021;05;15;3;2;4;1;1;1;0;0;0;0;0;555426,788000001572073;5399303,012999519705772;9,753942170000073;48,744276555000056;08210511117010814610;1
182168;08;3;27;050;2021;05;07;6;3;5;2;1;1;0;0;0;0;0;487473,727000000886619;5313368,719999499619007;8,832163276000074;47,973502026000062;08210521327100828420;0
182177;08;2;26;098;2021;05;22;1;2;9;1;1;0;0;0;0;2;0;482595,920585483312607;5462637,045705199241638;8,760532770000054;49,316220358000066;08210509226700847880;0
182179;08;3;35;063;2021;05;13;4;3;0;1;1;0;0;0;0;0;0;497623,096783732064068;5287155,692548157647252;8,968296435000070;47,737770792000049;08210519335200809960;1
182181;08;2;35;067;2021;06;21;5;3;3;2;1;0;0;0;0;0;0;486135,563401097431779;5399412,470694279298186;8,811397502000034;48,747573254000031;08210603235100870990;0
182184;08;3;17;096;2021;05;16;3;3;6;7;1;0;1;0;0;0;0;422292,256097706966102;5368928,718307944014668;7,948713942000040;48,468687365000051;08210525317500848760;0
182185;08;2;22;000;2021;06;09;7;2;4;2;1;1;0;0;0;0;0;461983,766257530078292;5482161,759518167003989;8,475065051000058;49,490901937000046;08210605222014867430;0
182187;08;2;21;000;2021;06;14;4;3;0;7;1;0;0;0;0;0;0;475785,430073502473533;5469472,538301808759570;8,666411470000071;49,377472928000032;08210602221400865790;0
182188;08;3;17;096;2021;05;16;7;3;5;2;1;1;0;0;0;0;0;423180,608829666860402;5368801,132386755198240;7,960753579000027;48,467648875000066;08210508317500788950;0
182189;08;1;11;000;2021;05;17;7;3;6;4;0;1;1;0;0;0;0;511823,552671304903924;5403758,787683520466089;9,160964720000038;48,786714579000034;08210522111500821590;0
182191;08;3;35;098;2021;05;10;6;3;0;1;1;0;0;0;0;0;0;503917,769177557900548;5295837,205356050282717;9,052334231000032;47,815875490000053;08210528335400835320;0
182192;08;1;11;000;2021;06;08;3;3;5;2;1;0;0;0;0;0;0;513297,175078129395843;5403190,610857909545302;9,181007995000073;48,781573550000076;08210601111500877970;0
182193;08;4;25;020;2021;05;15;1;3;0;1;1;0;0;0;0;0;0;557342,279394117183983;5363924,423876447603106;9,775113006000026;48,425857240000028;08210523425000822070;0
182195;08;2;26;085;2021;05;19;4;3;0;1;1;0;0;0;0;0;0;490910,687034730799496;5455627,374624194577336;8,875096740000060;49,253347745000042;08210512226500817690;0