OID_;ULAND;UREGBEZ;UKREIS;UGEMEINDE;UJAHR;UMONAT;USTUNDE;UWOCHENTAG;UKATEGORIE;UART;UTYP1;IstRad;IstPKW;IstFuss;IstKrad;IstSonstige;ULICHTVERH;IstGkfz;LINREFX;LINREFY;XGCSWGS84;YGCSWGS84;UIDENTSTLAE;IstStrassenzustand
182196;08;1;19;085;2021;05;16;7;3;6;4;1;0;1;0;0;0;0;528114,680077753029764;5412573,417645862326026;9,383351246000075;48,865485148000062;08210515119500801940;0
182198;08;4;17;002;2021;06;19;3;3;0;6;1;1;0;0;0;0;0;492612,059638777747750;5345421,858468027785420;8,900454969000066;48,261963708000053;08210601417200894000;0
182199;08;3;36;050;2021;05;12;6;3;0;1;1;0;0;0;0;0;0;401654,618967142887414;5276356,278883950784802;7,690861932000075;47,633135705000029;08210507311010793090;1
182200;08;1;36;065;2021;05;11;6;2;0;7;1;1;0;0;0;0;0;559389,721563763916492;5404790,852397510781884;9,808634795000046;48,793274862000032;08210528136300854090;0
182201;08;2;21;000;2021;06;10;4;3;0;1;1;0;0;0;0;0;0;477085,445962107740343;5472612,727909989655018;8,684139605000041;49,405768803000058;08210602221200864310;0
182202;08;1;17;051;2021;05;16;1;3;0;1;1;0;0;0;0;0;0;542828,698408938944340;5394421,108706073835492;9,582080422000047;48,701354684000080;08210509117400813390;0
182204;08;4;21;000;2021;05;18;6;2;0;1;1;0;0;0;0;0;0;572846,753385391086340;5360813,681402662768960;9,984122781000053;48,396273044000054;08210528421200835390;0
182205;08;1;27;075;2021;06;14;5;3;9;1;1;0;0;0;0;0;0;564184,655689767561853;5468773,214178023859859;9,884070365000071;49,368283303000055;08210603127202884020;0
182206;08;2;31;000;2021;05;16;1;3;3;6;1;0;0;0;0;0;0;482984,071760837920010;5414049,451469046995044;8,767920102000062;48,879166990000044;08210516231000802680;0
182210;08;1;15;044;2021;05;17;4;3;5;3;1;1;0;0;0;0;0;504274,210566193796694;5389752,324628779664636;9,058043624000049;48,660809513000061;08210512115100808120;0
182213;08;4;35;053;2021;06;14;3;3;0;1;1;0;0;0;0;0;0;507602,470351464115083;5293703,602075595408678;9,101517626000032;47,796645450000028;08210601435200868950;0
182214;08;3;35;043;2021;05;13;6;3;0;1;1;0;0;0;0;0;0;513069,666882751509547;5278314,541898503899574;9,174060216000044;47,658093448000045;08210507335100805240;0
182216;08;4;15;059;2021;05;19;2;3;0;1;1;0;0;0;0;0;0;517052,633551103062928;5369388,062624514102936;9,230738232000022;48,477390003000039;08210531415300850340;0
182219;08;1;18;003;2021;05;12;6;2;5;3;1;1;0;0;1;0;0;510434,385608559474349;5417019,970339786261320;9,142390619000025;48,906034778000048;08210514118300952180;0
182220;08;1;16;071;2021;05;15;6;3;5;3;1;1;0;0;0;0;0;528099,641945196315646;5391333,786321211606264;9,381695230000048;48,674418850000052;08210521116500851620;0
182223;08;3;11;000;2021;05;07;5;3;0;1;1;0;0;0;0;0;0;413177,624069521203637;5316767,374208476394415;7,836120852000022;47,998306673000059;08210527311010829380;1
182224;08;2;26;095;2021;06;09;1;3;1;5;1;1;0;0;0;0;0;474130,204973492771387;5461593,420801347121596;8,644120405000024;49,306532954000033;08210606226700879530;1
182225;08;4;35;016;2021;05;14;1;3;0;1;1;0;0;0;0;0;0;532491,193566615693271;5279153,507912373170257;9,432770764000054;47,664958089000038;08210530435100839020;0
182228;08;3;35;043;2021;05;12;4;3;6;4;1;0;1;0;0;0;0;514944,375561977736652;5280290,296771129593253;9,199094801000058;47,675830021000081;08210519335100847360;1
182229;08;2;12;000;2021;05;14;1;2;0;7;1;0;0;0;0;0;0;461546,292999999597669;5427494,506999529898167;8,474271257000055;48,999150635000035;08210530212102850830;0
182230;08;2;12;000;2021;06;13;5;3;2;6;1;1;0;0;0;0;0;454304,176215074025095;5428723,592539966106415;8,375126343000034;49,009712742000033;08210603212010874050;0
182233;08;2;21;000;2021;06;17;3;3;5;3;1;1;0;0;0;0;0;476712,434008585289121;5472671,680887026712298;8,678994535000072;49,406284917000050;08210601221200893150;0
182234;08;1;25;026;2021;05;09;3;3;6;4;0;1;1;0;0;0;0;493124,731000000610948;5442416,267999535426497;8,905747625000060;49,134538756000040;08210525121100825290;0
182235;08;1;11;000;2021;06;20;7;3;6;7;0;0;1;0;1;2;0;512836,576413393020630;5402422,130707096308470;9,174714126000026;48,774670038000068;08210605111500877310;1
182236;08;3;25;053;2021;05;11;4;3;6;4;0;1;1;0;0;0;0;454131,734214758500457;5342207,481365179643035;8,382337948000043;48,231428662000042;08210512325302815020;0
182238;08;3;15;073;2021;05;13;7;3;5;3;1;1;0;0;0;0;0;412452,628389743156731;5313079,311115026473999;7,827155984000058;47,965032467000071;08210508311010809090;0
182239;08;1;16;081;2021;05;13;7;3;7;7;1;0;0;0;0;0;0;519380,287771853618324;5386067,587254064157605;9,263009812000064;48,627375300000040;08210529116500835780;0
182240;08;4;36;081;2021;05;07;2;3;4;2;1;1;0;0;0;0;0;556837,401337421499193;5281869,341807065531611;9,757383872000048;47,687710902000049;08210531436300856340;0
182241;08;1;27;100;2021;05;14;2;2;0;1;1;0;0;0;0;0;0;553882,344691305421293;5433599,144373971968889;9,737460292000037;49,052906947000054;08210524127100832580;0
182244;08;3;35;043;2021;05;12;5;3;0;1;1;0;0;0;0;0;0;513155,661789475008845;5284475,448987348005176;9,175391210000043;47,713525329000049;08210520335100812800;1
182245;08;3;35;063;2021;06;16;3;3;1;5;1;1;0;0;0;0;0;498709,277793549932539;5287868,177841357886791;8,982781999000053;47,744184534000055;08210601335200864480;0
182250;08;3;15;076;2021;05;15;1;2;0;1;1;0;0;0;0;0;0;393783,012558856979012;5300192,118997190147638;7,580291770000031;47,846291974000053;08210530311400841240;0
182251;08;2;21;000;2021;05;16;1;3;3;6;1;0;0;0;1;0;0;475636,797362869605422;5473100,206269172951579;8,664141482000048;49,410097314000041;08210523221011855930;0
182253;08;3;35;075;2021;05;15;5;3;5;3;1;1;0;0;0;0;0;487878,406275833025575;5290916,178178314119577;8,838215467000055;47,771496398000068;08210513335300810720;0
182254;08;2;26;062;2021;05;19;4;3;5;4;0;1;1;0;0;0;0;469700,750942225567997;5468397,831106513738632;8,582670714000074;49,367533904000027;08210519226400833500;0
182255;08;1;19;091;2021;06;15;6;3;0;7;1;0;0;0;0;0;0;527121,247867376543581;5406946,260564720258117;9,369433364000031;48,814909284000066;08210604119400964780;0
182257;08;2;16;043;2021;05;07;5;3;6;4;0;1;1;0;0;0;0;442135,445184770971537;5411791,960671404376626;8,211141541000075;48,856393908000030;08210506216100800390;1
182258;08;3;11;000;2021;05;07;4;3;6;7;1;0;1;0;0;0;0;411917,638560522347689;5317736,051777202636003;7,819035173000032;48,006847833000052;08210526311010848920;0
182260;08;1;36;088;2021;05;13;2;2;0;1;1;0;0;0;0;0;0;582796,382436596788466;5413209,393278000876307;10,128978322000023;48,866316285000039;08210531136100844260;0
182261;08;3;17;116;2021;05;18;1;2;7;7;1;0;0;0;1;0;0;434468,137079292908311;5386762,807947294786572;8,110608419000073;48,630495960000076;08210523317100858940;0
182263;08;2;12;000;2021;05;17;6;3;5;3;1;1;0;0;0;0;0;457849,671000001952052;5428673,545999534428120;8,423612205000040;49,009514932000059;08210514212010804080;0
182264;08;4;16;041;2021;05;16;4;2;6;3;0;1;1;0;0;0;0;504503,185000001452863;5374842,762999515980482;9,060991430000058;48,526677779000067;08210519416010835510;0
182265;08;3;15;113;2021;06;16;6;3;8;1;1;0;0;0;0;0;0;437061,231747033074498;5306258,570980172604322;8,157782546000021;47,906564109000044;08210604311500867940;0
182266;08;1;18;047;2021;05;12;6;2;6;7;0;1;1;0;0;0;0;507761,416048590093851;5427624,522510593757033;9,106116722000024;49,001469135000036;08210507118100787560;0
182267;08;2;15;099;2021;05;15;5;3;5;3;1;1;0;0;0;0;0;463046,123726850375533;5445371,265624957159162;8,493141981000065;49,160046197000042;08210527215502832550;0
182269;08;1;18;071;2021;05;17;2;3;0;6;1;0;1;0;0;0;0;510810,106548118405044;5419510,417160375043750;9,147583782000027;48,928431688000046;08210510118100817110;0
182271;08;4;15;061;2021;05;17;7;3;5;2;1;1;0;0;0;0;0;515148,393493657931685;5371591,785563256591558;9,205052158000058;48,497264264000080;08210529415400854780;0
182272;08;4;17;013;2021;06;11;5;3;5;3;1;1;0;0;0;0;0;507280,697756811045110;5348620,677984725683928;9,098155157000065;48,290743895000048;08210603417300882620;1
182273;08;4;26;134;2021;05;13;4;2;0;1;1;0;0;0;0;0;0;557831,150240474380553;5335614,245151663199067;9,777841888000069;48,171137470000076;08210505426010789830;0
182274;08;4;37;065;2021;05;17;2;3;5;3;1;1;0;0;0;0;0;514640,807115507312119;5316870,821784596890211;9,196288177000042;48,004966074000038;08210517437200843670;0
182278;08;2;26;041;2021;05;11;5;2;4;2;1;1;0;0;0;0;0;475888,651964663527906;5465552,972433788701892;8,668070837000073;49,342220912000073;08210513221011815760;0
182281;08;3;35;075;2021;05;10;7;3;4;6;1;0;0;0;0;0;0;488779,091002042405307;5289718,567711427807808;8,850267614000074;47,760737183000060;08210508911081965320;0
182285;08;2;15;108;2021;05;16;4;2;0;7;1;0;0;0;0;0;0;446642,942049955017865;5424634,294815110042691;8,270906969000066;48,972315035000065;08210512212702797220;0
182287;08;3;11;000;2021;05;15;5;3;2;6;1;1;0;0;0;0;0;413744,879484809935093;5315259,784456145018339;7,844026415000030;47,984822137000037;08210520311010814820;0
182288;08;2;15;017;2021;06;12;6;3;0;7;1;0;0;0;0;0;0;456728,276955616660416;5421243,413947189226747;8,409069029000023;48,942601982000042;08210604212702867690;0
182290;08;3;15;006;2021;05;15;5;3;5;3;1;1;0;0;0;0;0;403338,481948141939938;5307789,080114910379052;7,706275418000075;47,916135417000078;08210527311400846500;0
182291;08;2;36;070;2021;05;12;7;3;0;1;1;0;0;0;0;0;0;472881,608221063390374;5416440,672900738194585;8,629976559000056;48,900317841000060;08210522231202846590;0
182294;08;3;16;011;2021;05;08;2;3;5;3;1;1;0;0;0;0;0;413804,983285021968186;5330659,125378772616386;7,841728882000041;48,123351412000034;08210510316100790410;1
182295;08;3;35;043;2021;05;10;6;3;2;6;1;1;0;0;0;0;0;512713,547808245755732;5278525,823928367346525;9,169323634000023;47,660001594000050;08210514335100799750;0
182297;08;4;35;029;2021;06;11;5;2;0;1;1;0;0;0;0;0;0;545061,460623046383262;5270729,800738893449306;9,599326929000028;47,588413959000036;08210603435100885320;0
182299;08;2;22;000;2021;05;19;6;3;5;3;1;1;0;0;0;0;0;462002,639426782727242;5484993,018682658672333;8,475053267000021;49,516368740000075;08210507222014805140;0
182300;08;3;11;000;2021;05;18;4;3;3;2;1;1;0;0;0;0;0;412966,100281951949000;5316378,286473475396633;7,833364836000044;47,994777941000052;08210526311010829670;1
182302;08;1;21;000;2021;05;16;5;3;0;7;1;0;0;0;0;0;0;512749,883292858488858;5440641,512784114107490;9,174730467000074;49,118480338000040;08210513121200796690;1
182305;08;1;25;034;2021;05;14;1;2;0;1;1;0;0;0;0;0;0;495896,789093555882573;5445022,840632934123278;8,943722919000038;49,158010643000068;08210530121100856370;0
182306;08;4;16;036;2021;06;14;4;3;5;3;1;1;0;0;0;0;0;486819,018282423727214;5372012,847351204603910;8,821565744000054;48,501096646000065;08210602416100866060;0
182307;08;2;12;000;2021;06;08;3;3;5;3;1;1;0;0;0;0;0;454368,316115051507950;5428338,763792460784316;8,376046633000044;49,006255927000041;08210601212502054130;0
182308;08;3;36;073;2021;05;16;3;3;0;7;1;0;0;0;0;0;0;397568,847140053287148;5277461,920524522662163;7,636230368000042;47,642447733000040;08210525336400826340;0
182309;08;1;11;000;2021;06;20;5;3;5;3;1;1;0;0;0;0;0;507902,280715903267264;5406722,160790013149381;9,107638046000034;48,813435018000064;08210603111500870140;1
182310;08;1;27;075;2021;05;10;4;3;6;1;0;1;1;0;0;0;0;570810,018135848455131;5466535,716854684054852;9,974916038000060;49,347425970000074;08210512127202817750;1
182311;08;2;15;064;2021;05;14;7;2;6;7;0;1;1;0;0;0;0;479201,494896461255848;5451433,987322017550468;8,714410749000024;49,215341651000074;08210515215202817370;0
182312;08;4;36;082;2021;06;13;3;3;5;3;1;1;0;0;0;0;0;547929,440652945078909;5296564,707711685448885;9,640309624000054;47,820647377000057;08210601436400864400;0
182313;08;3;17;029;2021;05;17;7;3;0;7;1;0;0;0;1;0;0;435456,709886432625353;5348078,802649574354291;8,129990081000074;48,282619759000056;08210508317600797980;0
182314;08;3;11;000;2021;05;17;7;2;8;7;1;0;0;0;0;0;0;405203,954470716416836;5319511,545430462807417;7,728650955000035;48,021857789000080;08210522311010851790;0
182315;08;3;35;043;2021;05;16;6;3;5;7;1;1;0;0;0;0;0;509006,962921852245927;5286518,818082284182310;9,120123193000040;47,731981960000041;08210528335100855020;0
182317;08;3;11;000;2021;05;17;3;3;3;2;1;1;0;0;0;0;0;413630,110143164172769;5318708,003574745729566;7,841794458000038;48,015824578000036;08210518311010823270;1
182319;08;1;11;000;2021;06;11;6;3;6;7;1;0;1;0;0;0;0;513326,573406535200775;5404336,943403288722038;9,181445352000026;48,791885220000040;08210604111120866850;0
182320;08;2;37;004;2021;05;19;4;3;6;6;0;0;1;0;1;1;0;454939,434999999590218;5373861,809999516233802;8,389820635000035;48,516251804000035;08210505231000802300;0
182322;08;2;12;000;2021;06;22;3;3;0;7;1;0;0;0;0;2;0;456499,284425732679665;5428756,736950904130936;8,405138355000076;49,010169528000063;08210601212010890540;0
182324;08;3;35;063;2021;05;12;4;3;6;7;0;1;1;0;0;0;0;497681,273113323375583;5287351,881978036835790;8,969071356000029;47,739536237000038;08210512335200796040;0
182328;08;1;25;024;2021;05;11;7;3;3;6;1;1;0;0;0;0;0;522761,013632930815220;5444611,415122771635652;9,312150255000063;49,153901525000038;08210529121600847620;0
182330;08;1;21;000;2021;05;15;3;3;2;6;1;1;0;0;0;0;0;512873,763114138506353;5440605,898305185139179;9,176427030000070;49,118157390000079;08210518121200823230;0
182333;08;4;26;058;2021;05;15;7;3;0;7;1;0;0;0;0;0;0;561517,307497425936162;5320933,611665323376656;9,825299274000031;48,038723072000039;08210515426100814600;0
182334;08;1;16;049;2021;05;17;6;3;5;3;1;1;0;0;0;0;0;524336,531600996851921;5387373,812310721725225;9,330346636000058;48,638952925000069;08210521116500890310;0
182336;08;3;15;073;2021;05;08;6;3;5;3;1;0;0;0;0;0;0;412227,713297420181334;5313506,588980900123715;7,824056271000075;47,968845173000034;08210507311010799310;0
182340;08;1;36;088;2021;05;11;2;3;0;7;1;0;0;0;0;0;0;580202,257293264381588;5411031,453873736783862;10,093186041000024;48,847068347000061;08210531136100849630;0
182341;08;2;12;000;2021;05;18;1;3;6;7;0;1;1;0;0;0;0;460348,830602047033608;5430902,520373869687319;8,457567651000033;49,029730610000058;08210523212100848390;0
182342;08;4;35;016;2021;05;15;2;3;0;5;1;1;0;0;0;0;0;535850,066020120866597;5277982,807842373847961;9,477412147000052;47,654247353000073;08210510435100812650;0
182343;08;3;11;000;2021;05;08;6;3;5;3;1;0;0;0;1;0;0;410307,498922793194652;5316052,743709912523627;7,797803977000058;47,991482196000049;08210514311010820480;0
182344;08;2;15;009;2021;05;08;5;3;6;6;1;0;1;0;0;0;0;470062,389116056263447;5441159,243340108543634;8,589686834000076;49,122540662000063;08210520215402813670;0
182345;08;3;11;000;2021;06;01;5;3;0;1;1;1;0;0;0;2;0;411218,722977716475725;5317999,908343214541674;7,809611922000045;48,009124577000080;08210603311010882400;0
182346;08;1;25;005;2021;06;14;2;3;0;1;1;0;0;0;0;0;0;514735,088790933601558;5453146,939255384728312;9,202394606000041;49,230925856000056;08210607121500871780;0
182348;08;2;21;000;2021;05;20;5;3;0;7;1;0;0;0;0;1;0;477631,728593427687883;5473452,399624051526189;8,691622291000044;49,413341845000048;08210527221300844370;0
182349;08;4;21;000;2021;06;09;7;3;0;1;1;0;0;0;0;0;0;570967,194814139977098;5360609,141194917261600;9,958700072000056;48,394647510000027;08210605421200890620;0
182350;08;2;26;098;2021;05;12;5;3;3;2;1;1;0;0;0;0;0;476632,400000002235174;5459569,802999539300799;8,678659782000068;49,288431365000065;08210513226700797830;0
182351;08;3;11;000;2021;06;17;4;3;5;3;1;1;0;0;0;0;0;415747,623894355259836;5315804,243593642488122;7,870754482000052;47,989986746000056;08210602311010905810;0
182354;08;4;36;055;2021;05;12;7;3;5;3;1;1;0;0;0;0;0;571238,941145453602076;5292734,603668080642819;9,951044795000030;47,784031712000058;08210529436100854350;0
182355;08;4;15;061;2021;06;16;4;2;4;6;1;1;0;0;0;0;0;516749,349941405467689;5370827,066463589668274;9,226692236000076;48,490343947000042;08210602416010864930;0
182356;08;3;35;075;2021;05;10;1;3;0;1;1;0;0;0;0;0;0;489064,298999998718500;5288962,838999494910240;8,854092443000070;47,753942385000073;08210516335300812690;0
182357;08;1;18;081;2021;06;12;3;3;0;7;1;0;0;0;0;0;0;520490,105910244397819;5414557,183515485376120;9,279489045000048;48,883629293000070;08210601118300863000;0
182359;08;1;19;020;2021;06;16;5;3;0;7;1;0;0;0;0;0;0;519365,326976405456662;5407258,487552730366588;9,263801862000037;48,818008177000081;08210603119200873690;1
182360;08;3;35;100;2021;05;13;3;3;5;3;1;1;0;0;0;0;0;488583,339992274530232;5286668,701021313667297;8,847735566000040;47,733292406000032;08210511335300791960;0
182362;08;3;15;073;2021;06;13;3;3;0;1;1;0;0;0;0;0;0;412265,622426298446953;5313522,556512683629990;7,824560794000035;47,968994005000070;08210601311010864980;0
182363;08;2;26;095;2021;05;17;7;3;5;3;1;0;0;0;0;0;0;473790,314352212473750;5461364,946979776024818;8,639459768000052;49,304463348000070;08210508226700797730;0
182365;08;1;16;035;2021;05;20;6;3;5;3;1;1;0;0;0;1;0;527591,728808636777103;5392416,288855576887727;9,374868332000062;48,684179616000051;08210528116500858800;0
182366;08;4;16;041;2021;05;17;2;3;1;5;1;1;0;0;0;0;0;505307,606910806149244;5373805,166953323408961;9,071873357000072;48,517336904000047;08210531416200842540;0
182368;08;3;36;091;2021;05;11;2;3;1;5;1;1;0;0;0;0;0;396053,788622794672847;5271535,996624885126948;7,617470936000075;47,588901535000048;08210524336400822890;0
182369;08;3;35;081;2021;05;11;2;3;6;7;0;1;1;0;0;0;0;490142,615845298394561;5296431,527350313961506;8,868310005000069;47,821159283000043;08210510335300790060;0
182370;08;1;16;078;2021;05;18;6;3;5;3;1;1;0;0;0;0;0;510304,352000001817942;5394282,891999520361423;9,140045489000045;48,701496536000036;08210514116200823700;0
182371;08;2;12;000;2021;05;09;6;3;6;4;0;1;1;0;0;0;0;452784,176642251200974;5429567,172177750617266;8,354244126000026;49,017186331000062;08210521212010873840;0
182373;08;1;16;019;2021;05;09;6;3;0;1;1;0;0;0;0;0;0;523695,906232080422342;5397613,217152757570148;9,322237989000030;48,731090899000037;08210507116100786480;1
182374;08;1;28;007;2021;05;19;3;2;0;1;1;0;0;0;0;0;0;560353,801393750123680;5480480,821630997583270;9,833091544000069;49,473973063000074;08210518128100861650;0
182377;08;2;26;018;2021;05;16;2;3;1;5;1;1;0;0;0;0;0;473260,383858982473612;5471808,483480654656887;8,631469124000034;49,398378738000076;08210531221400842350;0
182378;08;3;35;066;2021;05;11;1;3;4;6;1;0;0;0;0;0;0;509375,047751378268003;5281863,121204437687993;9,124932064000063;47,690086521000069;08210523335100843360;0
182380;08;1;25;005;2021;05;20;7;3;0;1;1;0;0;0;0;0;0;517359,012582301162183;5451188,119722247123718;9,238350593000064;49,213237134000053;08210522121500850400;0
182381;08;4;36;008;2021;05;12;4;3;5;3;1;1;0;0;0;0;0;548083,891980164684355;5308536,906596161425114;9,643705566000051;47,928347539000072;08210519436400840590;1
182382;08;2;16;052;2021;05;18;1;2;9;1;1;0;0;0;0;0;0;440508,368060009554029;5416782,604622758924961;8,188236019000044;48,901130380000041;08210530216100841260;0
182383;08;1;17;026;2021;06;18;3;2;6;4;0;1;1;0;0;0;0;550073,270756126381457;5395766,255224488675594;9,680697114000054;48,712915390000035;08210601117010878460;0
182384;08;1;16;071;2021;05;19;3;2;9;1;1;0;0;0;0;0;0;527907,580541843548417;5391115,435149436816573;9,379071662000058;48,672463192000066;08210525116500848690;0
182385;08;4;15;061;2021;05;16;2;3;0;1;1;0;0;0;0;0;0;510746,820353460498154;5371293,242717878893018;9,145464003000029;48,494669175000070;08210510415400800570;0
182386;08;2;31;000;2021;05;17;6;3;6;4;0;0;1;0;1;0;0;480105,511348335072398;5416582,999638937413692;8,728536548000022;48,901872298000058;08210514231000801870;0
182389;08;3;15;064;2021;05;12;7;3;0;7;1;0;0;0;0;0;0;421519,463999991305172;5314349,533999497070909;7,948367075000021;47,977635028000066;08210508311010788650;0
182390;08;1;19;091;2021;05;11;6;3;3;6;1;0;0;0;1;0;0;528422,654435604810715;5406259,972842592746019;9,387112591000061;48,808677469000031;08210528119400844880;0
182391;08;1;15;045;2021;06;12;1;3;5;3;1;1;0;0;0;0;0;499118,752716850489378;5396415,690293077379465;8,988018477000026;48,720767827000032;08210606115400878860;1
182392;08;4;26;021;2021;05;13;1;3;4;1;1;0;0;0;0;0;0;559255,763949315994978;5327357,020855566486716;9,795852567000054;48,096723352000026;08210530426100856300;0
182394;08;1;15;022;2021;05;10;2;3;6;6;0;1;1;0;0;0;0;497578,061699417419732;5385800,772353060543537;8,967133265000029;48,625270585000067;08210510118010809520;0
182395;08;1;21;000;2021;05;19;5;3;6;1;0;0;1;0;1;0;0;515324,491999999620020;5443874,201999535784125;9,210136776000070;49,147500711000077;08210520121200814850;0
182396;08;4;15;061;2021;05;12;7;2;0;7;0;0;1;0;1;0;0;515462,148888018913567;5371291,654732862487435;9,209288081000068;48,494556539000030;08210529415400855540;0
182400;08;2;12;000;2021;05;12;5;3;0;1;1;0;0;0;0;0;0;457556,593494277447462;5428721,848555454984307;8,419599660000074;49,009929332000070;08210527212102851020;0
182401;08;4;16;041;2021;06;04;7;3;1;1;1;1;0;0;0;2;0;504847,006789076142013;5375411,049918605014682;9,065654780000045;48,531787725000072;08210605416200956100;0
182402;08;2;12;000;2021;05;16;5;2;0;7;1;0;0;0;0;0;0;451134,687103650532663;5428270,136936750262976;8,331842306000055;49,005391068000051;08210513212502820400;0
182403;08;3;35;066;2021;06;18;4;3;6;6;0;1;1;0;0;0;0;504482,624478922225535;5282319,680038768798113;9,059740286000022;47,694246947000067;08210602335100864940;0
182406;08;4;16;041;2021;05;15;6;3;3;7;1;1;0;0;0;0;0;504360,611240826547146;5374464,301892837509513;9,059056444000021;48,523274014000037;08210528416200836090;0
182407;08;1;26;066;2021;06;13;5;3;5;3;0;1;1;0;0;0;0;537325,859810618683696;5449850,248939037322998;9,512375665000036;49,200312031000067;08210603126200867040;0
182408;08;2;31;000;2021;05;15;1;2;1;5;1;1;0;0;0;0;0;478133,802321785129607;5411680,132493827491999;8,701894846000073;48,857701193000025;08210516231000815890;0
182410;08;1;17;026;2021;05;14;3;3;5;3;1;1;0;0;0;0;0;549033,444755985401571;5393646,550707083195448;9,666310948000046;48,693930285000079;08210525117300850390;0
182411;08;3;35;075;2021;06;13;4;3;6;7;0;1;1;0;0;0;0;488566,294772417284548;5289982,071480607613921;8,847421128000065;47,763104327000065;08210602335300169570;0
182412;08;1;11;000;2021;05;18;4;3;0;7;1;0;0;0;0;0;0;509641,653420834802091;5408124,094496188685298;9,131363172000022;48,826022082000065;08210512111000227780;0
182415;08;1;16;056;2021;06;11;4;3;5;3;1;1;0;0;0;0;0;531801,876022446900606;5394406,565881708636880;9,432220119000021;48,701883515000077;08210602116100908330;0
182416;08;1;11;000;2021;05;18;7;3;1;5;1;1;0;0;0;0;0;511929,668781744316220;5402238,471694864332676;9,162365251000040;48,773035903000050;08210508111500788210;0
182418;08;3;11;000;2021;05;20;2;3;6;4;0;1;1;0;0;1;0;412222,394900013692677;5314413,652171175926924;7,823799730000076;47,977003778000039;08210531311010971490;0
182422;08;1;11;000;2021;05;12;6;3;5;3;1;1;0;0;0;0;0;516988,157550147734582;5402963,401144605129957;9,231241778000026;48,779439742000079;08210514111500798870;0
182423;08;3;36;091;2021;05;08;5;3;5;3;1;1;0;0;0;0;0;395925,481999961659312;5271936,475999480113387;7,615669905000061;47,592483349000076;08210520311010814880;1
182424;08;4;36;081;2021;06;23;6;3;0;7;1;0;0;0;0;2;0;559931,223351919092238;5280972,764264583587646;9,798483301000033;47,679365054000073;08210604436300886580;0
182429;08;2;12;000;2021;05;14;2;3;8;6;1;0;0;0;1;0;0;453848,274068769067526;5428988,134732509031892;8,368862364000051;49,012058385000046;08210510212502791580;0
182430;08;4;21;000;2021;05;06;4;3;6;7;0;0;1;0;0;0;1;572613,150706334039569;5361367,142066705971956;9,981063140000060;48,401278503000071;08210519426010820360;0
182432;08;1;18;003;2021;06;08;6;3;6;4;0;1;1;0;0;0;0;510840,257878789678216;5416171,881301963701844;9,147906735000049;48,898398619000034;08210604118300968190;0
182435;08;1;25;065;2021;06;17;3;3;1;7;1;1;0;0;0;0;0;516628,303305187262595;5447821,536606518551707;9,228178211000056;49,182974196000032;08210601121500457890;0
182438;08;2;35;050;2021;05;17;5;1;0;7;1;0;0;0;0;0;0;470908,709993219003081;5392127,553142607212067;8,604779059000066;48,681514085000060;08210513231000957100;0
182440;08;3;16;009;2021;06;11;4;3;0;3;1;1;0;0;0;0;0;417453,379498005844653;5325075,821096878498793;7,891825552000057;48,073611261000053;08210602316200966270;0
182442;08;3;15;074;2021;05;11;6;3;6;7;0;1;1;0;0;0;0;397351,567036296240985;5295972,695166900753975;7,628975168000068;47,808918622000078;08210528311400081100;0
182443;08;2;31;000;2021;05;19;2;3;1;7;1;1;0;0;0;0;0;481202,969864338636398;5417271,921077826991677;8,743479664000063;48,908103889000074;08210531231000856230;0
182444;08;2;35;047;2021;05;19;2;2;5;3;1;1;0;0;0;0;0;476050,535273856483400;5389139,252209976315498;8,674805263000053;48,654849816000080;08210524235100846480;0
182445;08;2;12;000;2021;06;14;5;3;5;3;1;1;0;0;0;0;0;461025,994062156416476;5427539,344464704394341;8,467153887000052;48,999521328000071;08210603212010887680;0
182446;08;4;35;016;2021;05;06;4;3;6;4;0;1;1;0;0;0;0;536173,757156698033214;5278317,226954242214561;9,481750232000024;47,657238242000062;08210505435100801270;1
182448;08;2;12;000;2021;05;14;3;3;6;7;1;0;1;0;0;0;0;460617,972622513771057;5427256,503876775503159;8,461603165000042;48,996951218000049;08210525212010856570;0
182449;08;1;11;000;2021;06;15;7;3;1;5;1;1;0;0;0;0;0;516290,390500988811255;5409708,775227479636669;9,222011623000071;48,840138761000048;08210605111500905000;0
182451;08;3;26;074;2021;06;06;4;3;5;2;1;1;0;0;0;0;0;459784,982390803284943;5323845,066394135355949;8,460196076000045;48,066613989000075;08210602326400871140;0
182452;08;3;35;063;2021;05;19;7;3;0;1;1;0;0;0;0;0;0;496555,564164785668254;5288099,690358603373170;8,954050023000036;47,746259681000026;08210508335200853320;0
182453;08;4;16;041;2021;05;17;3;3;3;2;1;0;0;0;0;0;0;503766,984348127618432;5373745,133783670142293;9,051010369000039;48,516807958000072;08210518416200820890;0
182454;08;2;12;000;2021;05;01;7;3;0;7;1;0;0;0;0;2;0;456568,966829292476177;5428680,962048212066293;8,406099299000061;49,009492832000035;08210529212302840420;0
182455;08;1;11;000;2021;06;15;3;3;5;7;1;1;0;0;0;0;0;518381,449638240970671;5405903,796251887455583;9,250338569000064;48,805851502000053;08210601111500864330;0
182457;08;1;15;028;2021;06;17;5;3;0;7;1;0;0;0;0;0;0;500795,290076562203467;5404191,980346048250794;9,010827864000021;48,790723443000047;08210603115300888360;0