OID_;ULAND;UREGBEZ;UKREIS;UGEMEINDE;UJAHR;UMONAT;USTUNDE;UWOCHENTAG;UKATEGORIE;UART;UTYP1;IstRad;IstPKW;IstFuss;IstKrad;IstSonstige;ULICHTVERH;IstGkfz;LINREFX;LINREFY;XGCSWGS84;YGCSWGS84;UIDENTSTLAE;IstStrassenzustand
182458;08;3;11;000;2021;05;09;4;3;4;2;1;1;0;0;0;0;0;413097,486524468287826;5316618,102469164878130;7,835077046000038;47,996953036000036;08210512311010815630;0
182459;08;4;21;000;2021;05;09;6;3;5;3;1;1;0;0;0;0;0;572157,816865933127701;5355266,859231106936932;9,973865023000030;48,346456936000038;08210514426010807610;0
182460;08;3;36;091;2021;05;18;5;3;6;5;0;1;1;0;0;0;0;397081,996799335815012;5272382,360995216295123;7,630943913000067;47,596678792000034;08210520311010813190;0
182461;08;3;16;011;2021;06;15;3;2;0;1;1;0;0;0;0;0;0;414713,343318393453956;5330136,916446650400758;7,854037187000074;48,118776399000069;08210601316100871340;0
182462;08;1;36;065;2021;05;15;7;3;0;7;1;0;0;0;0;0;0;556917,912865133956075;5407582,024923544377089;9,775369575000070;48,818612912000049;08210508136300789040;0
182463;08;3;16;017;2021;05;09;5;3;5;3;1;1;0;0;0;0;0;409121,624843859113753;5341273,472118891775608;7,776540069000021;48,218174651000027;08210527316100831730;0
182464;08;2;26;096;2021;05;19;7;3;6;7;1;0;1;0;0;0;0;473721,517167637124658;5488058,909218931570649;8,636745154000039;49,544566493000048;08210522226600843190;0
182466;08;1;15;028;2021;05;17;1;2;5;3;1;1;0;0;0;0;0;501435,117866851389408;5407269,835150040686131;9,019549870000048;48,818410439000047;08210523118000825320;0
182469;08;3;35;043;2021;05;12;4;2;5;3;1;1;0;0;0;0;0;510902,137164364568889;5280290,971654275432229;9,145242753000048;47,675916897000036;08210519335000830750;1
182470;08;2;12;000;2021;06;16;6;3;0;7;1;0;0;0;0;0;0;457441,974347741343081;5428824,063569189980626;8,418021646000057;49,010840875000042;08210604212010889200;0
182471;08;2;22;000;2021;05;16;5;3;0;7;1;0;0;0;0;0;0;460051,920848942361772;5484085,431506078690290;8,448196536000069;49,508080131000042;08210506222600854070;0
182472;08;3;17;089;2021;05;14;4;2;6;7;0;1;1;0;0;0;0;431770,193643053993583;5375928,891712311655283;8,075775624000073;48,532755262000080;08210526317100853020;0
182474;08;1;11;000;2021;05;19;2;3;1;5;1;1;0;0;0;1;0;514265,540103405714035;5402345,488665305078030;9,194160479000061;48,773949449000042;08210510111500807450;0
182477;08;3;35;061;2021;06;11;5;3;0;1;1;0;0;0;0;0;0;491726,417376304976642;5278024,977247878909111;8,889818768000055;47,655567149000035;08210603335200873780;0
182478;08;3;17;065;2021;05;08;4;3;5;3;1;1;0;0;0;0;0;415096,217273486778140;5354512,614653639495373;7,854296482000052;48,338087824000070;08210505317300784330;0
182482;08;1;17;026;2021;05;13;5;3;0;7;1;0;0;0;0;0;0;546690,002732661552727;5393020,312192331999540;9,634397444000058;48,688476690000073;08210513117300799200;0
182483;08;2;12;000;2021;05;09;4;3;5;3;1;0;0;0;1;0;0;455913,561176567338407;5430230,653231451287866;8,396969058000025;49,023385971000039;08210505212010798720;0
182485;08;4;25;141;2021;05;14;7;3;6;7;0;1;1;0;0;0;0;566313,573000004515052;5363481,264999512583017;9,896296212000038;48,420990160000031;08210508421300788910;0
182487;08;4;21;000;2021;05;12;2;3;0;1;1;0;0;0;0;0;0;572926,826000007800758;5361696,923999510705471;9,985357800000031;48,404208753000034;08210531421200858210;0
182488;08;1;25;065;2021;05;19;2;2;0;7;1;0;0;0;0;0;0;516139,117999999783933;5448567,294999536126852;9,221495469000047;49,189695552000046;08210524121500835190;0
182489;08;2;26;065;2021;05;16;4;3;0;1;1;0;0;0;0;0;0;478276,334649188444018;5457485,079985393211246;8,701379303000067;49,269739816000026;08210512226700796250;0
182490;08;1;36;088;2021;05;14;7;2;0;1;1;0;0;0;0;0;0;587775,466029921546578;5408484,847477447241545;10,195843792000062;48,823139535000053;08210515136100800610;0
182491;08;4;17;075;2021;05;07;5;3;5;3;1;1;0;0;0;0;0;508844,389843390323222;5336487,625548504292965;9,118982754000058;48,181565370000044;08210520417100816010;0
182492;08;2;12;000;2021;06;10;6;3;6;4;0;1;1;0;0;0;0;451176,660983368754387;5428252,378670109435916;8,332418329000063;49,005234654000049;08210604212010885500;0
182493;08;2;16;049;2021;05;13;7;3;0;7;1;0;0;0;0;0;0;438267,096756466664374;5401020,274637777358294;8,160030648000031;48,759130294000045;08210508211100796720;0
182494;08;1;11;000;2021;05;09;6;3;5;3;1;1;0;0;0;0;0;516659,007309026084840;5406952,130622390657663;9,226923231000058;48,815330710000069;08210528111500851570;0
182495;08;1;11;000;2021;06;11;1;2;0;7;1;0;0;0;0;0;0;516106,847680070437491;5405829,976576784625649;9,219357923000075;48,805250543000056;08210606111500878760;0
182497;08;4;21;000;2021;05;16;7;3;0;1;1;0;0;0;0;0;0;570552,989000005647540;5357401,126999510452151;9,952566751000063;48,365836805000072;08210522421300819850;0
182500;08;2;16;007;2021;05;10;5;3;0;7;1;0;0;0;0;0;0;436375,398313864134252;5393852,643615026026964;8,135400284000070;48,694466857000066;08210520216200813480;0
182501;08;3;11;000;2021;06;21;5;3;0;7;1;0;0;0;0;0;0;414433,092406838200986;5316269,838049583137035;7,853046458000051;47,994000412000048;08210603311010865530;0
182503;08;2;16;043;2021;05;13;7;3;5;3;1;1;0;0;0;0;0;441198,708722271025181;5413712,293435428291559;8,198096503000045;48,873579123000070;08210515216100824610;0
182504;08;3;15;004;2021;05;17;5;3;0;1;1;0;0;0;0;0;0;394717,840049657970667;5293870,399447387084365;7,594318846000021;47,789583439000069;08210520311400816960;0
182507;08;3;11;000;2021;05;06;5;3;5;3;1;1;0;0;0;0;0;414409,675197883509099;5317396,720259491354227;7,852507843000069;48,004134015000034;08210527311200842610;1
182509;08;2;16;043;2021;05;13;1;3;3;6;1;1;0;0;0;0;0;441467,310954252257943;5412071,729568874463439;8,201993887000071;48,858847744000059;08210523211000832530;0
182511;08;2;12;000;2021;05;16;6;3;5;3;1;0;0;0;0;0;0;454928,636907892301679;5433019,799773454666138;8,383187571000065;49,048403265000047;08210514212010815240;0
182512;08;4;16;041;2021;05;19;4;3;4;6;1;0;0;0;0;0;0;503582,507456009276211;5373770,751771245151758;9,048512508000044;48,517039507000050;08210519416200847260;0
182516;08;1;17;010;2021;06;10;7;3;6;5;0;1;1;0;0;0;0;568669,063022346235812;5392972,098646989092231;9,932993807000059;48,686011651000058;08210605117200887170;0
182517;08;3;15;072;2021;05;21;5;3;0;1;1;0;0;0;0;2;0;402690,699883240275085;5319575,308795722201467;7,694939119000026;48,022053421000066;08210513311100821010;0
182519;08;1;21;000;2021;05;15;4;3;4;6;1;0;0;0;0;0;0;518740,263431040570140;5442613,896797213703394;9,256916411000077;49,136069144000032;08210519121200810250;0
182520;08;4;15;062;2021;05;11;7;3;5;3;1;1;0;0;0;0;0;519910,863624040968716;5378009,630382647737861;9,269823931000076;48,554867980000040;08210529415100856650;0
182521;08;4;35;016;2021;06;15;5;2;2;6;1;0;0;0;0;0;0;537756,791766050271690;5277355,027600610628724;9,502748647000033;47,648490506000030;08210603435100874010;0
182522;08;2;12;000;2021;05;08;4;3;1;7;1;1;0;0;0;0;0;454039,071894831955433;5428312,983596986159682;8,371547852000049;49,005999601000042;08210505212010809360;1
182523;08;1;18;079;2021;05;13;2;3;1;5;1;1;0;0;0;0;0;510445,137640328146517;5423478,446006583049893;9,142702847000066;48,964133045000040;08210517118100804880;1
182524;08;1;18;006;2021;06;19;3;3;6;4;1;0;1;0;0;0;0;517924,186142462305725;5421610,610464885830879;9,244799590000071;48,947159089000081;08210601118500868260;0
182525;08;3;36;050;2021;05;10;3;3;5;3;1;1;0;0;0;0;0;398561,624999966472387;5272389,964999482035637;7,650619086000063;47,596980387000031;08210525311010826470;0
182528;08;1;25;094;2021;06;19;4;3;0;7;1;0;0;0;0;0;0;514174,563000001944602;5437617,532999534159899;9,194148694000035;49,091247229000032;08210602121600868710;0
182530;08;3;16;012;2021;05;12;7;3;5;3;1;1;0;0;0;0;0;402594,440999974496663;5332856,519999494776130;7,690619863000052;48,141499415000055;08210522316100819050;0
182533;08;4;16;041;2021;05;17;2;3;8;1;1;0;0;0;0;0;0;505740,576613869518042;5370955,954951478168368;9,077697254000043;48,491700484000035;08210531416200842200;0
182534;08;1;16;080;2021;05;17;3;3;2;6;1;1;0;0;0;0;0;518976,626913823187351;5397329,163146898150444;9,258048724000048;48,728697158000045;08210525116200828060;0
182535;08;3;11;000;2021;05;13;2;3;5;3;1;1;0;0;0;0;0;411841,707999984733760;5315278,275999499484897;7,818522257000041;47,984728988000029;08210510311010967350;0
182537;08;2;11;000;2021;05;15;5;3;5;3;1;1;0;0;0;0;0;438136,644999997690320;5398113,861999519169331;8,158692389000066;48,732974037000076;08210520216200818070;0
182538;08;3;11;000;2021;06;13;6;3;0;1;1;0;0;0;0;0;0;414112,206234890967607;5316409,598580356687307;7,848718172000076;47,995214588000067;08210604311200866650;0
182539;08;2;11;000;2021;05;18;7;2;0;1;1;0;0;0;0;0;0;441855,868083235807717;5402882,529377548024058;8,208593083000039;48,776227042000073;08210508211000807550;0
182540;08;2;22;000;2021;05;16;6;2;5;3;1;1;0;0;0;0;0;460815,596933342516422;5488273,317159151658416;8,458328690000030;49,545797436000043;08210528222014964010;0
182542;08;1;21;000;2021;05;23;2;3;0;7;1;0;0;0;0;2;0;516856,399328191764653;5443699,471138045191765;9,231135541000071;49,145888813000056;08210531121200850040;0
182543;08;3;36;069;2021;05;16;1;3;0;1;1;0;0;0;0;0;0;410426,355999982915819;5270301,382999485358596;7,808838231000038;47,579939639000031;08210523311010829720;0
182545;08;2;22;000;2021;05;13;7;3;3;2;1;1;0;0;0;0;0;461404,826296281069517;5481661,737978048622608;8,467120126000054;49,486367963000077;08210522222700830620;0
182547;08;2;15;107;2021;06;09;5;2;5;3;1;1;0;0;0;0;0;463231,879632416181266;5456774,568271744996309;8,494645239000022;49,262629328000060;08210603215502881290;0
182551;08;1;18;021;2021;05;13;5;3;6;4;1;0;1;0;0;0;0;521272,012510338798165;5427627,525823233649135;9,290836652000053;49,001178405000076;08210513118500933800;0
182553;08;1;18;076;2021;05;11;1;2;0;7;1;0;0;0;0;0;0;501979,844521225430071;5427556,216014791280031;9,027068798000073;49,000900298000033;08210509118600798230;0
182555;08;1;28;064;2021;06;15;5;2;0;1;1;0;0;0;0;0;0;542958,290000002831221;5501147,185999555513263;9,595245381000041;49,661331479000069;08210603128300872270;0
182556;08;1;11;000;2021;05;14;1;3;2;6;1;0;0;0;0;0;0;511737,026323810219765;5400778,356988847255707;9,159701703000053;48,759904452000058;08210516111140803790;0
182557;08;2;26;096;2021;06;06;3;3;4;2;1;1;0;0;0;0;0;474574,098000000230968;5487926,480999551713467;8,648538925000025;49,543411750000075;08210601226600876830;0
182558;08;3;35;043;2021;05;08;3;3;5;2;1;1;0;0;0;0;0;512012,284964611753821;5280344,953689295798540;9,160034027000052;47,676382935000049;08210525335100854910;0
182559;08;1;16;077;2021;06;23;5;3;9;1;1;0;0;0;0;2;0;514810,723000001162291;5389431,573999516665936;9,201117008000040;48,657763049000039;08210603116200911730;0
182560;08;1;18;048;2021;05;10;4;3;6;7;0;1;1;0;0;0;0;513951,191711141727865;5415930,950947677716613;9,190344517000028;48,896169026000052;08210512118400818020;0
182562;08;2;15;009;2021;05;13;2;3;1;1;1;0;0;0;1;0;0;470567,295645687729120;5441446,388580683618784;8,596585752000067;49,125147976000051;08210517215402821190;1
182563;08;2;12;000;2021;05;13;6;3;5;7;1;1;0;0;0;0;0;461601,533461372368038;5427324,512043364346027;8,475042526000038;48,997624928000050;08210507212102808330;0
182565;08;4;36;064;2021;06;22;7;3;0;7;1;0;0;0;0;2;0;546327,157985170371830;5292823,115545423701406;9,618505618000029;47,787101775000053;08210605436200886850;0
182566;08;4;36;049;2021;05;15;4;2;2;6;1;1;0;0;0;0;0;578057,779841848649085;5283047,728319590911269;10,040324208000072;47,696097239000039;08210512436300812810;0
182567;08;3;16;013;2021;06;15;4;3;0;7;1;0;0;0;0;0;0;403545,532534201629460;5336507,751176360994577;7,702573632000053;48,174485813000047;08210602316100882940;0
182568;08;1;17;035;2021;05;16;2;3;6;4;0;1;1;0;0;0;0;548344,520316166803241;5380573,243702288717031;9,655424687000050;48,576381830000059;08210510117010821900;0
182575;08;1;25;065;2021;06;21;5;3;0;7;1;0;0;0;0;2;0;514315,650680423714221;5449582,418049680069089;9,196506284000066;49,198872129000051;08210603121500882670;0
182577;08;2;22;000;2021;05;08;7;2;6;4;0;0;1;1;0;0;0;465618,793883183039725;5475954,669117206707597;8,525795354000024;49,435288615000047;08210515221011814980;1
182579;08;3;36;050;2021;06;16;3;2;0;1;1;0;0;0;0;0;0;403071,996732709929347;5276791,154330354183912;7,709628260000045;47,637261344000080;08210601311010863110;0
182580;08;4;35;029;2021;05;13;7;3;3;2;1;0;0;0;0;0;0;544829,849307096563280;5270765,424435663968325;9,596250262000069;47,588750531000073;08210508435100807440;0
182581;08;2;12;000;2021;05;16;3;3;0;2;1;1;0;0;0;0;0;455197,732404517941177;5428484,789856610819697;8,387371013000063;49,007630214000073;08210518212302833190;0
182583;08;1;16;080;2021;06;13;3;3;6;7;1;0;1;0;0;0;0;519993,085350943729281;5396320,551376309245825;9,271821710000040;48,719591957000034;08210601116200929830;0
182584;08;1;18;048;2021;05;15;3;3;6;7;0;1;1;0;0;0;0;512342,357134428806603;5415001,634358746930957;9,168366250000076;48,887843269000030;08210518118400836580;0
182586;08;2;22;000;2021;05;14;3;3;6;4;0;1;1;0;0;0;0;463345,772442013956606;5484838,123674323782325;8,493622723000044;49,515058243000055;08210511222800794710;0
182591;08;1;25;074;2021;05;14;6;3;2;6;1;1;0;0;0;0;0;509501,037532872520387;5439346,532522058114409;9,130176397000071;49,106890250000049;08210528121400846950;0
182592;08;1;16;080;2021;06;15;2;3;6;4;0;1;1;0;0;0;0;519931,025060486979783;5396532,104171229526401;9,270988184000032;48,721497063000072;08210607116010879030;0
182593;08;3;11;000;2021;05;15;1;3;5;2;1;0;0;0;0;0;0;416149,109252574853599;5315342,625875469297171;7,876224726000032;47,985887046000073;08210530311300839600;0
182594;08;2;12;000;2021;05;14;1;3;0;3;1;1;0;0;0;0;0;458496,906483921222389;5429881,329038182273507;8,432338896000033;49,020422994000057;08210523212010847710;0
182595;08;2;21;000;2021;05;16;1;3;0;3;1;1;0;0;0;0;0;477383,341468654572964;5473442,401711450889707;8,688198552000074;49,413242732000072;08210509221011793460;0
182596;08;1;17;019;2021;05;17;5;3;1;3;1;1;0;0;0;0;0;552891,847095476463437;5393744,355670846998692;9,718750796000052;48,694494930000076;08210520117100828550;0
182599;08;4;15;061;2021;05;14;3;3;5;3;1;1;0;0;0;0;0;516077,126309272833169;5370729,042546302080154;9,217590396000048;48,489479648000042;08210504415400837370;0
182601;08;3;35;063;2021;05;19;4;3;0;1;1;0;0;0;0;0;0;497670,663956359960139;5287243,114262387156487;8,968930427000032;47,738557551000042;08210526335200069810;1
182602;08;4;37;059;2021;06;19;6;2;3;6;1;0;0;0;0;0;0;509615,157925511710346;5320637,338670771569014;9,128994423000051;48,038949283000079;08210604437200866890;0
182603;08;3;36;084;2021;05;13;4;3;8;1;1;1;0;0;0;0;0;405319,705100804567337;5278025,401499118655920;7,739276582000059;47,648696721000078;08210512336100811950;0
182606;08;1;11;000;2021;05;15;4;2;5;7;1;1;0;0;0;0;0;517542,116143978200853;5404595,756083784624934;9,238851842000031;48,794108824000034;08210519111500810440;0
182607;08;1;11;000;2021;05;22;7;3;1;5;1;1;0;0;0;2;0;512136,518077909946442;5401163,144239509478211;9,165148776000024;48,763358319000076;08210529111500853280;0
182608;08;2;15;106;2021;05;15;1;3;1;5;1;1;0;0;0;0;0;465435,772268045693636;5452794,881014071404934;8,525278531000026;49,226960861000066;08210516215502805360;0
182609;08;3;11;000;2021;05;16;2;3;3;2;1;1;0;0;0;0;0;413614,441020986065269;5318806,983399646356702;7,841564435000066;48,016712814000073;08210531311200851080;0
182611;08;3;36;069;2021;05;17;2;3;4;2;1;1;0;0;0;0;0;408261,338645477779210;5268471,916130539029837;7,780436397000074;47,563179520000062;08210524311010842160;0
182614;08;1;16;033;2021;05;13;7;3;8;1;1;0;0;0;0;0;0;533066,501995138823986;5388359,730330206453800;9,448923584000056;48,647421331000032;08210515116010807300;1
182618;08;1;11;000;2021;05;19;7;3;6;2;0;0;1;0;1;0;0;512584,463790550827980;5401235,914974298328161;9,171246435000057;48,764004065000051;08210522111140819600;0
182619;08;3;25;049;2021;05;17;5;3;3;2;1;1;0;0;0;0;0;472885,682044686749578;5334330,716943765059114;8,635374624000065;48,161643103000074;08210527325202834200;0
182620;08;1;26;066;2021;05;16;2;3;5;3;1;1;0;0;0;0;0;536273,760562309995294;5449672,664472360163927;9,497917942000072;49,198777828000061;08210531126200842860;0
182622;08;4;16;041;2021;05;16;2;3;6;4;1;0;1;0;0;0;0;503915,281526432372630;5372112,794832766056061;9,053003208000064;48,502121906000070;08210510416200791240;0
182626;08;4;35;059;2021;06;09;6;3;6;6;1;0;1;0;0;0;0;512233,245535925030708;5290115,803083695471287;9,163252185000033;47,764292900000044;08210604435200872640;0
182627;08;2;12;000;2021;05;13;6;3;5;3;1;0;0;0;1;0;0;455628,146549419499934;5428335,318729879334569;8,393272511000021;49,006316803000061;08210507212010793190;0
182628;08;2;21;000;2021;05;14;5;3;0;1;1;0;0;0;0;0;0;475856,434986238367856;5472559,097219228744507;8,667202140000029;49,405238887000053;08210527221200965680;1
182629;08;1;16;019;2021;06;16;4;3;6;4;0;1;1;0;0;0;0;521936,543266883119941;5398147,951791172847152;9,298341421000032;48,735965746000034;08210602116010866290;0
182631;08;2;12;000;2021;05;09;3;2;5;2;1;0;0;0;1;0;0;454294,600738030858338;5430829,425345079973340;8,374758185000076;49,028654105000044;08210518212010812120;0
182632;08;3;11;000;2021;05;14;6;3;1;5;1;0;0;0;1;0;0;413606,633191836997867;5316928,614116037264466;7,841838158000030;47,999815201000047;08210528311010846700;0
182633;08;3;15;095;2021;05;16;2;2;0;1;1;0;0;0;0;0;0;429006,062481566332281;5321580,222146360203624;8,047474616000045;48,043556377000073;08210531311010862670;0
182636;08;3;11;000;2021;05;15;6;3;1;7;1;1;0;0;0;0;0;414563,142214297316968;5317815,238915853202343;7,854481549000070;48,007919280000067;08210521311010862660;1
182638;08;1;36;065;2021;05;08;6;3;4;6;1;0;0;0;1;0;0;559947,731487208977342;5405975,149234959855676;9,816404578000061;48,803874085000075;08210521136300817140;0
182639;08;2;36;061;2021;06;17;6;3;6;4;0;1;1;0;0;0;0;489257,709046120755374;5430422,910038024187088;8,853053790000047;49,026597532000039;08210604231102891900;0
182640;08;3;16;011;2021;05;13;5;3;0;1;1;0;0;0;0;0;0;415222,553952538408339;5329078,406036196276546;7,861088302000041;48,109322871000074;08210506316100786540;1
182642;08;1;11;000;2021;06;07;2;3;2;6;1;1;0;0;0;0;0;510501,739910224452615;5397516,624464346095920;9,142810478000058;48,730584010000030;08210607111500878960;0
182644;08;4;16;036;2021;05;16;7;3;5;3;1;1;0;0;0;0;0;494660,510474312119186;5367724,885288570076227;8,927772628000071;48,462635929000044;08210522416100860530;0
182645;08;2;22;000;2021;05;12;1;3;0;3;1;1;0;0;0;0;0;461559,691453961655498;5482997,692017704248428;8,469128297000054;49,498393977000035;08210509222600811680;0
182646;08;4;25;017;2021;05;17;4;2;5;3;0;1;1;0;0;0;0;556466,639360022731125;5367781,029792761430144;9,763797826000030;48,460629187000052;08210519425000815310;0
182647;08;2;12;000;2021;05;17;1;3;0;7;1;0;0;0;0;0;0;458496,493122740648687;5429215,138884017243981;8,432401384000059;49,014430487000027;08210530212102857160;0
182648;08;4;25;081;2021;06;17;5;3;6;1;0;0;1;0;1;0;0;547789,728168704546988;5342736,396105905994773;9,643594474000054;48,236045010000055;08210603425000872380;0
182649;08;2;26;018;2021;05;05;4;3;0;1;1;0;0;0;0;0;0;473404,901322032324970;5472092,314724812284112;8,633441848000075;49,400938076000045;08210505221400790670;1
182650;08;2;31;000;2021;05;15;2;3;5;3;1;0;0;0;1;0;0;477873,488521624356508;5415200,677294056862593;8,698155537000048;48,889361692000080;08210517231000830250;1
182654;08;1;16;080;2021;06;10;7;2;0;1;1;0;0;0;0;0;0;519717,082398022525012;5394939,353950522840023;9,268003274000023;48,707175541000026;08210605116200874560;0
182655;08;3;37;126;2021;05;17;4;3;0;7;1;1;0;0;0;0;0;445837,372185777872801;5276022,678218210116029;8,278980388000036;47,635338149000063;08210512337010804040;0
182656;08;3;11;000;2021;06;18;4;3;0;7;1;0;0;0;0;0;0;414621,501078711822629;5317763,382548980414867;7,855274174000044;48,007460611000056;08210602311010864860;0
182658;08;1;16;047;2021;05;16;4;3;1;3;1;1;0;0;0;0;0;520463,174744663760066;5392290,137649906799197;9,278013112000053;48,683319187000052;08210519116010812060;0
182659;08;3;35;075;2021;05;18;6;3;0;1;1;0;0;0;0;0;0;489097,432348911650479;5288922,146461147814989;8,854535537000061;47,753576814000041;08210528335300846830;0
182661;08;2;15;106;2021;05;12;2;2;0;7;1;0;0;0;0;0;0;464443,186521882191300;5453452,677905237302184;8,511588077000056;49,232820871000058;08210524215502822780;0
182662;08;1;11;000;2021;05;16;4;3;5;3;1;1;0;0;0;0;0;511058,212940905243158;5397321,990113122388721;9,150372565000055;48,728823451000039;08210512111500806470;0
182663;08;1;11;000;2021;05;17;7;3;0;7;1;0;0;0;0;0;0;511200,127891941927373;5400813,964211141690612;9,152397306000069;48,760234664000052;08210515111130802030;1
182665;08;1;19;067;2021;06;17;4;2;4;2;1;1;0;0;0;0;0;537869,881000000983477;5405035,662999525666237;9,515664810000033;48,797160218000045;08210602119300881520;0
182666;08;3;26;060;2021;05;09;6;3;6;7;0;1;1;0;0;0;0;442839,261999998241663;5331170,827999502420425;8,231771361000028;48,131224533000079;08210507326300785690;0
182667;08;1;15;003;2021;05;11;6;3;5;3;1;0;0;0;1;0;0;500793,918596784584224;5391689,259270934388041;9,010785106000071;48,678248556000028;08210528115100851920;0
182669;08;4;15;061;2021;05;19;7;2;0;1;1;0;0;0;0;0;0;516043,242596075870097;5370999,547706767916679;9,217142202000048;48,491914073000032;08210522415400844500;0
182671;08;2;22;000;2021;05;10;6;2;5;3;1;1;0;0;0;0;0;462337,264802246354520;5478729,277701327577233;8,480272806000073;49,460050520000038;08210514222500821780;0
182672;08;3;17;096;2021;05;00;4;3;9;1;1;0;0;0;0;2;0;420485,530309953726828;5367917,802208293229342;7,924467851000031;48,459368466000058;08210519317500830020;1
182673;08;4;16;041;2021;06;11;6;3;1;3;1;1;0;0;0;0;0;503127,039953030645847;5375445,519082652404904;9,042357361000029;48,532108751000067;08210604416200883660;0
182675;08;4;36;011;2021;05;12;4;2;0;7;1;0;0;0;0;0;0;549078,584217413328588;5296283,434820899739861;9,655628629000034;47,818030147000059;08210526436400850300;0
182676;08;2;15;017;2021;06;13;7;3;5;2;1;1;0;0;0;0;0;453291,228891669772565;5419161,489264523610473;8,362373197000068;48,923624728000050;08210605212702894640;0
182677;08;2;25;033;2021;05;16;1;3;0;1;1;0;0;0;0;0;0;510198,957309806719422;5461807,414091160520911;9,140309317000060;49,308920631000035;08210509225100810380;0
182679;08;2;26;098;2021;06;14;5;2;0;1;1;0;0;0;0;0;0;476648,554648942314088;5459931,117169560864568;8,678860820000068;49,291682011000034;08210603226700935240;0
182680;08;1;16;080;2021;05;17;4;3;0;1;1;0;0;0;0;0;0;521510,205439303070307;5395430,035982333123684;9,292401450000057;48,711530425000035;08210505116200803390;0
182685;08;1;27;079;2021;06;17;4;3;2;2;1;0;0;0;1;0;0;561498,761199174448848;5423772,278894728049636;9,840202663000071;48,963804772000060;08210602127100866040;0
182690;08;1;36;044;2021;06;11;2;3;0;7;1;0;0;0;0;0;0;558566,189260477200150;5408153,605387076735497;9,797902741000030;48,823601088000032;08210614136300886240;0
182692;08;2;16;043;2021;06;14;3;3;5;3;1;1;0;0;0;0;0;440822,145944307558239;5412953,006832098588347;8,193071493000048;48,866713569000069;08210608216100872560;0
182693;08;4;36;055;2021;06;18;1;3;4;6;1;0;0;0;1;0;0;576709,037592262960970;5296832,811384271830320;10,024784231000069;47,820271191000074;08210627436100957620;0
182694;08;1;19;091;2021;06;16;4;3;8;1;1;0;0;0;0;0;0;528114,157305727712810;5407460,837027430534363;9,382993279000061;48,819494124000073;08210623119400932410;0
182696;08;1;11;000;2021;06;23;3;2;0;3;1;1;0;0;0;2;0;511340,369480055756867;5410471,193764040246606;9,154572276000067;48,847107516000051;08210615111500922660;0
182697;08;2;22;000;2021;06;10;6;3;0;7;1;0;0;0;0;0;0;462675,387329593300819;5478881,367202673107386;8,484924193000040;49,461439365000047;08210625222500924000;1
182698;08;1;11;000;2021;06;12;2;3;0;1;1;0;0;0;0;0;0;511299,648448307998478;5402637,212903879582882;9,153801535000071;48,776634715000057;08210621111140910140;0
182699;08;1;28;007;2021;06;17;4;3;5;3;1;1;0;0;0;0;0;556061,120400496758521;5482597,391875645145774;9,774143670000058;49,493421135000062;08210616128100913140;0
182701;08;1;19;090;2021;06;11;2;3;0;7;1;0;0;0;0;0;0;530540,633940127678216;5406383,117916449904442;9,415967572000056;48,809684762000074;08210614119400932780;0
182703;08;2;26;098;2021;06;09;6;3;5;3;1;1;0;0;0;0;0;476057,977015692740679;5458008,848666109144688;8,670854184000063;49,274368302000028;08210618226700928580;0
182704;08;2;15;109;2021;06;18;1;3;5;3;1;1;0;0;0;0;0;461776,448654088191688;5439218,478377986699343;8,476311214000020;49,104623925000055;08210620215102907000;0
182705;08;3;17;057;2021;06;17;5;3;5;7;1;1;0;0;0;0;0;412726,062982226721942;5381101,508217019960284;7,816774943000041;48,576920154000049;08210624317200948740;0
182706;08;3;26;074;2021;06;17;1;3;0;1;1;0;0;0;0;0;0;459778,071709015406668;5320000,723720863461494;8,460464703000071;48,032027117000041;08210613326200949240;0
182707;08;1;15;028;2021;06;16;4;3;5;3;1;1;0;0;0;0;0;501609,629818763583899;5407167,118586393073201;9,021926753000059;48,817485983000040;08210616115300923770;0
182708;08;3;37;126;2021;06;11;4;3;0;7;1;0;0;0;0;0;0;441636,435999998822808;5273761,356999492272735;8,223363545000041;47,614628079000056;08210609337010893680;0
182709;08;3;35;075;2021;06;15;2;3;5;2;1;0;0;0;1;0;0;491510,322601130232215;5288896,526352921500802;8,886729277000029;47,753382582000029;08210628335300169990;0
182710;08;2;22;000;2021;06;12;5;2;0;1;1;0;0;0;0;0;0;461731,792600696906447;5482423,179719572886825;8,471560597000064;49,493237432000058;08210624222014922080;0
182711;08;1;11;000;2021;06;17;1;3;0;1;1;0;0;0;0;0;0;511070,236193816177547;5406412,782442843541503;9,150780721000046;48,810603519000040;08210627111310955860;0
182713;08;2;36;040;2021;06;07;5;3;0;6;1;0;0;0;0;0;0;488684,467000000178814;5422193,117999529466033;8,845441468000047;48,952555363000045;08210617231102897680;0
182714;08;1;36;065;2021;06;19;7;3;6;7;0;1;1;0;0;0;0;558294,136008393950760;5405284,829948307946324;9,793789205000053;48,797821907000070;08210619136300860620;0
182717;08;3;11;000;2021;06;00;1;3;5;6;1;0;0;1;0;2;0;414352,617052665911615;5319355,846460718661547;7,851351670000042;48,021749411000030;08210627311010946260;0