OID_;ULAND;UREGBEZ;UKREIS;UGEMEINDE;UJAHR;UMONAT;USTUNDE;UWOCHENTAG;UKATEGORIE;UART;UTYP1;IstRad;IstPKW;IstFuss;IstKrad;IstSonstige;ULICHTVERH;IstGkfz;LINREFX;LINREFY;XGCSWGS84;YGCSWGS84;UIDENTSTLAE;IstStrassenzustand
182718;08;3;26;074;2021;06;13;4;3;0;3;1;1;0;0;0;0;0;459466,963000001385808;5323856,785999504849315;8,455926407000049;48,066699294000045;08210623326400938490;0
182719;08;4;36;055;2021;06;08;2;3;5;3;1;1;0;0;0;0;0;578706,003436025232077;5296974,241752056404948;10,051483541000039;47,821302260000039;08210614436100915470;0
182721;08;1;17;053;2021;06;16;7;2;6;4;0;1;1;0;0;0;0;550321,391791881062090;5400514,803739381954074;9,684649606000050;48,755610464000029;08210626117010933070;0
182723;08;1;36;088;2021;06;19;4;3;0;7;1;0;0;0;0;0;0;580606,847672428935766;5413645,029976639896631;10,099214356000061;48,870522907000066;08210616136100896280;0
182724;08;3;36;050;2021;06;07;5;2;4;2;1;1;0;0;0;0;0;400428,418999969959259;5273771,879999484866858;7,675131264000072;47,609700669000063;08210610311010876250;0
182725;08;1;27;073;2021;06;08;4;3;6;4;0;1;1;0;0;0;0;583483,429718030616641;5448026,223179571330547;10,145510022000053;49,179359515000044;08210623127202917290;0
182726;08;1;18;048;2021;06;16;6;3;5;3;1;1;0;0;0;0;0;513029,219345639459789;5415743,459273127838969;9,177759578000064;48,894502476000071;08210611118400880580;0
182727;08;1;19;091;2021;06;12;6;3;4;6;1;0;0;0;1;0;0;528278,486583980731666;5406768,639753660187125;9,385184140000035;48,813259866000067;08210618119400912350;0
182728;08;1;25;063;2021;06;09;1;2;0;7;1;0;0;0;0;0;0;525801,776459637098014;5463149,880012176930904;9,355044522000071;49,320536108000056;08210620121500954330;0
182730;08;3;15;064;2021;06;08;6;3;0;3;1;1;0;0;0;0;0;421836,710501622408628;5313201,841417847201228;7,952826193000021;47,967349539000054;08210625311300957500;0
182732;08;4;15;061;2021;06;23;3;3;3;6;1;0;0;0;1;2;0;515128,246608553454280;5371194,596511926501989;9,204765057000031;48,493691497000043;08210615415400931660;0
182734;08;1;15;046;2021;06;12;4;3;3;6;1;1;0;0;0;0;0;508994,402653527446091;5390528,343822514638305;9,122160419000068;48,667740544000026;08210623115100921280;0
182735;08;2;12;000;2021;06;15;5;3;0;3;1;1;0;0;0;0;0;454900,787999999709427;5428128,493999531492591;8,383350398000061;49,004403673000070;08210617212502901090;0
182736;08;1;28;131;2021;06;13;7;2;4;6;1;0;0;0;0;0;0;537318,759807069785893;5510199,083085482940078;9,517970456000057;49,743120917000056;08210619128300924390;0
182738;08;1;16;056;2021;06;15;2;3;3;6;1;1;0;0;0;0;0;531474,838741166517138;5396282,120031246915460;9,427918523000073;48,718772250000029;08210614116100918210;0
182739;08;2;36;070;2021;06;02;1;2;0;1;1;0;0;0;0;2;0;472189,680000000633299;5414505,988999526947737;8,620667276000063;48,882883541000069;08210613231202914660;0
182740;08;2;22;000;2021;06;14;3;3;6;5;0;1;1;0;0;0;0;462388,987272159196436;5481155,051263557747006;8,480755944000066;49,481872369000030;08210615222700892240;0
182741;08;4;16;041;2021;06;19;3;3;5;3;1;1;0;0;0;2;0;504469,360549815930426;5375124,019736228510737;9,060536326000033;48,529208305000054;08210608416200885100;1
182743;08;4;26;021;2021;06;15;5;3;0;1;1;0;0;0;0;0;0;561051,190544997341931;5324883,317527148872614;9,819610418000025;48,074300073000074;08210624426100921500;1
182746;08;2;22;000;2021;06;15;3;3;5;3;1;1;0;0;0;0;0;464379,538976739160717;5484523,130722172558308;8,507932044000029;49,512286668000058;08210622222301934280;1
182747;08;3;11;000;2021;06;18;3;3;2;1;1;0;0;0;0;0;0;411356,510829521343112;5317011,765396978706121;7,811663192000026;48,000255120000077;08210622311010948470;0
182748;08;2;12;000;2021;06;14;5;3;1;5;1;1;0;0;0;0;0;455258,336334330029786;5428480,821000913158059;8,388200103000031;49,007598910000070;08210617212010896980;0
182750;08;2;26;060;2021;06;13;5;3;5;3;1;1;0;0;0;0;0;477225,760442732833326;5463140,854093369096518;8,686615620000055;49,320575390000045;08210624221011947580;0
182752;08;1;11;000;2021;06;16;4;3;1;5;1;1;0;0;0;0;0;513120,486564234830439;5399678,947036948055029;9,178490843000077;48,749986584000055;08210616111230895750;0
182753;08;3;35;079;2021;06;08;3;3;0;1;1;0;0;0;0;0;0;496316,411065495572984;5295792,537895513698459;8,950794367000071;47,815474979000044;08210608335400892010;1
182754;08;2;36;040;2021;06;15;2;3;6;4;0;1;1;0;0;0;0;490026,273471389897168;5419959,166840571910143;8,863823791000073;48,932482550000032;08210628231000950160;0
182755;08;2;21;000;2021;06;13;5;3;5;3;1;0;0;0;1;0;0;475579,522968911565840;5469906,351441018283367;8,663548233000029;49,381366800000080;08210624221011931940;0
182756;08;1;36;065;2021;06;12;3;3;0;1;1;0;0;0;0;0;0;557580,457010271027684;5407324,827819768339396;9,784358168000040;48,816238353000074;08210615136300890950;0
182757;08;3;35;063;2021;06;12;7;3;0;1;1;0;0;0;0;0;0;498688,696530807763338;5287987,058202184736729;8,982507091000059;47,745254129000045;08210626335200956000;0
182759;08;3;36;069;2021;06;19;4;3;6;4;0;1;1;0;0;0;0;409154,746365999802947;5268461,476816307753325;7,792312686000059;47,563211267000042;08210616336200924990;0
182761;08;1;27;076;2021;06;18;1;2;5;3;1;1;0;0;0;0;0;556331,419877284206450;5439695,736499527469277;9,771825740000054;49,107524772000033;08210613127100885330;0
182763;08;1;11;000;2021;06;10;2;3;2;7;1;1;0;0;0;0;0;513130,565175567753613;5402321,519480016082525;9,178712271000052;48,773758811000050;08210628111110934610;0
182765;08;1;19;091;2021;06;08;3;3;5;3;1;1;0;0;0;0;0;528517,793252345174551;5405527,254790486767888;9,388357438000071;48,802081787000077;08210615119400900960;0
182766;08;2;12;000;2021;06;16;3;3;1;5;1;1;0;0;0;0;0;456549,586258864961565;5428377,299864418804646;8,405866793000030;49,006759990000035;08210629212010964420;1
182768;08;4;15;050;2021;06;17;2;3;5;3;1;1;0;0;0;0;0;521473,282348783686757;5376560,453413369134068;9,290922182000031;48,541779316000031;08210621415100913100;0
182769;08;2;22;000;2021;06;11;4;3;0;3;1;1;0;0;0;0;0;464002,671757071278989;5477712,577266629785299;8,503346086000022;49,451006723000035;08210616222500895780;0
182772;08;1;11;000;2021;06;18;6;3;5;3;1;1;0;0;0;0;0;510739,002030454576015;5396647,767769696190953;9,146014304000062;48,722763718000067;08210611111500882060;0
182777;08;3;11;000;2021;06;09;5;3;0;7;1;0;0;0;0;0;0;413796,207098350860178;5315599,058902619406581;7,844646036000029;47,987880958000062;08210610311300877300;0
182778;08;2;12;000;2021;06;17;6;3;5;3;1;0;0;0;0;0;0;458099,717885263264179;5429719,306240761652589;8,426923341000077;49,018938725000055;08210625212102940670;0
182779;08;1;26;066;2021;06;19;2;3;6;7;0;0;1;0;1;0;0;536857,004497126676142;5449248,326719233766198;9,505884685000069;49,194926138000028;08210621126200962600;0
182783;08;2;31;000;2021;06;08;3;3;6;4;0;1;1;0;0;0;0;479923,168472392484546;5414794,055236442014575;8,726136395000026;48,885773643000050;08210622231000912770;0
182786;08;1;16;019;2021;06;13;2;3;0;7;1;0;0;0;0;0;0;521733,638564651831985;5398618,138444891199470;9,295606715000076;48,740202613000065;08210614116010925920;0
182787;08;4;16;041;2021;06;10;1;3;6;4;0;1;1;0;0;0;0;502576,448579863645136;5376372,122302232310176;9,034905050000077;48,540447293000057;08210613416010890890;0
182791;08;1;16;071;2021;06;18;5;3;0;7;1;0;0;0;0;0;0;528233,015315634198487;5391178,072144769132137;9,383496252000043;48,673012040000060;08210624116500954440;0
182793;08;1;25;059;2021;06;13;1;3;0;7;1;0;0;0;0;0;0;526799,091584083624184;5435803,781934604048729;9,366943529000025;49,074511659000052;08210627121600954990;0
182794;08;2;15;017;2021;06;15;3;2;7;1;1;0;0;0;0;0;0;456379,381999999284744;5421007,634999530389905;8,404329929000028;48,940456591000043;08210622212702969290;0
182796;08;4;35;059;2021;06;15;6;3;6;7;0;1;1;0;0;0;0;511947,214999999850988;5290585,438999492675066;9,159448047000069;47,768523825000045;08210618435201079990;0
182798;08;1;16;049;2021;06;17;3;2;0;1;1;0;0;0;0;0;0;525019,740078895352781;5385079,611347414553165;9,339481943000067;48,618287229000032;08210608116010872700;0
182799;08;4;21;000;2021;06;19;1;3;5;2;1;0;0;0;0;0;0;572860,632821936160326;5360133,678423758596182;9,984192273000076;48,390154650000056;08210627421300930280;0
182801;08;3;35;002;2021;06;13;6;3;8;1;1;0;0;0;0;0;0;505896,360120822675526;5284437,979602305218577;9,078609885000049;47,713295300000027;08210611335100914830;0
182803;08;2;25;033;2021;06;11;7;3;5;3;1;1;0;0;0;0;0;510839,903638221323490;5460704,353495016694069;9,149096988000053;49,298987438000040;08210626225100954840;0
182808;08;3;36;091;2021;06;11;4;2;7;7;1;0;0;0;0;0;0;395082,921699381433427;5275099,827770786359906;7,603708928000060;47,620802338000033;08210616336400895170;0
182809;08;4;26;070;2021;06;18;6;3;0;4;1;0;1;0;0;0;0;565634,084124259650707;5342222,009429767727852;9,883802875000072;48,229821572000048;08210618426200924190;0
182810;08;2;12;000;2021;06;16;2;3;5;3;1;1;0;0;0;0;0;452257,115919562987983;5427425,134454676881433;8,347288069000058;48,997878095000033;08210614212502909940;0
182812;08;3;26;031;2021;06;11;2;3;6;7;0;1;1;0;0;0;0;456971,148278276436031;5331630,552072200924158;8,421642896000037;48,136473011000078;08210607326300881880;1
182813;08;3;16;056;2021;06;12;1;2;0;1;1;0;0;0;0;0;0;423601,283947630785406;5327139,430157383903861;7,973976729000071;48,092940968000050;08210627316200934270;0
182814;08;3;16;038;2021;06;14;4;3;0;1;0;1;1;0;0;0;0;396892,473330394364893;5333029,696133812889457;7,613951500000042;48,142158383000037;08210623316100957080;0
182816;08;3;17;040;2021;06;10;6;3;6;7;0;1;1;0;0;0;0;432296,226867092773318;5347454,379466427490115;8,087493949000077;48,276672540000050;08210625317600922480;0
182817;08;2;21;000;2021;06;07;2;3;0;1;1;0;0;0;0;0;0;474716,469521418213844;5474289,770482107996941;8,651378784000030;49,420759660000044;08210621221400962510;0
182820;08;1;19;091;2021;06;01;7;3;0;1;1;0;0;0;0;2;0;528501,922176226973534;5407462,642317274585366;9,388275718000045;48,819492693000029;08210612119400880170;0
182821;08;4;15;078;2021;06;20;5;3;0;1;1;0;0;0;0;1;0;528340,494763948023319;5371750,799979388713837;9,383631087000026;48,498238187000027;08210610415100891560;0
182822;08;2;12;000;2021;06;07;4;3;4;6;1;0;0;0;0;0;0;453699,490861437283456;5429664,044023124501109;8,366750727000067;49,018127071000038;08210623212502916340;1
182823;08;3;36;069;2021;06;12;6;2;5;3;1;1;0;0;0;0;0;408230,378018013201654;5268402,014440797269344;7,780039507000026;47,562546319000035;08210611311010879380;0
182824;08;4;16;041;2021;06;12;5;3;0;1;1;0;0;0;0;0;0;499591,444852070882916;5371942,366415526717901;8,994469342000059;48,500600733000056;08210617416200901580;0
182826;08;2;26;060;2021;06;08;5;3;0;1;1;0;0;0;0;0;0;478021,247000001370907;5463742,324999541044235;8,697528594000062;49,326014774000043;08210610226701889110;0
182827;08;2;26;084;2021;06;15;6;2;6;4;0;1;1;0;0;0;0;469254,647599209100008;5470318,878774490207434;8,576377963000027;49,384790964000047;08210625226400926550;0
182828;08;1;19;085;2021;06;05;2;2;0;6;1;0;0;0;1;2;0;529082,492787897586823;5414030,877354158088565;9,396650936000071;48,878551247000075;08210621119500967280;1
182830;08;1;16;019;2021;06;07;4;3;0;7;1;0;0;0;0;0;0;524858,145999999716878;5397992,954999521374702;9,338065780000022;48,734461693000071;08210616116100909620;0
182831;08;4;16;022;2021;06;10;4;2;5;3;1;1;0;0;0;0;0;510739,895999999716878;5374602,120999515056610;9,145455448000064;48,524437143000057;08210609416200900070;0
182832;08;3;26;074;2021;06;17;3;3;0;1;1;0;0;0;0;0;0;459784,396956449374557;5323844,808455880731344;8,460188242000072;48,066611632000047;08210622326400947520;0
182833;08;2;31;000;2021;06;11;5;3;6;7;0;1;1;0;0;0;0;475842,019477108493447;5415217,261837689206004;8,670442212000069;48,889435014000071;08210617231000925680;0
182836;08;1;11;000;2021;06;15;4;3;5;3;1;1;0;0;0;0;0;515812,356410241685808;5405622,069280045107007;9,215339292000067;48,803387800000053;08210609111320904330;0
182838;08;4;16;041;2021;06;15;4;3;2;6;1;0;0;0;0;0;0;504093,057108248583972;5373854,547585986554623;9,055426933000035;48,517790244000025;08210623416200920320;0
182840;08;1;11;000;2021;06;08;3;3;0;1;1;0;0;0;0;0;0;511820,015388811007142;5401617,291015751659870;9,160855002000062;48,767449891000069;08210629111500938520;0
182842;08;1;19;079;2021;06;07;3;3;6;7;0;0;1;0;1;0;0;524131,377000002190471;5409428,094999525696039;9,328853492000064;48,837358546000075;08210622119400930640;0
182844;08;1;11;000;2021;06;15;7;3;0;7;1;0;0;0;0;0;0;511323,086500317789614;5397288,205487383529544;9,153973446000066;48,728514768000082;08210619111230905950;0
182845;08;1;36;042;2021;06;07;2;3;0;7;1;0;0;0;0;0;0;550411,444360088557005;5405635,428214645013213;9,686502587000064;48,801664823000067;08210614136300888490;0
182846;08;4;26;070;2021;06;17;7;2;8;1;1;0;0;0;0;0;0;564763,029070255346596;5341247,729751227423549;9,871926123000037;48,221146714000042;08210612426200882960;0
182847;08;3;17;096;2021;06;14;2;2;6;6;0;1;1;0;0;0;0;424793,590157474391162;5369880,133117126300931;7,982376997000074;48,477549465000038;08210607317000879410;0
182850;08;3;16;011;2021;06;23;6;3;5;6;1;1;0;0;0;2;0;414278,471430880017579;5330228,739970145747066;7,848176743000067;48,119543961000034;08210611316100891010;0
182852;08;1;27;046;2021;06;22;6;3;1;5;1;1;0;0;0;2;0;571480,916631562635303;5449993,510772632434964;9,981195991000050;49,198569341000052;08210625127202924740;0
182853;08;1;15;028;2021;06;18;2;3;5;3;1;0;0;0;0;0;0;499921,673602088354528;5403862,459398033097386;8,998933650000026;48,787759594000079;08210621115300948200;0
182856;08;2;21;000;2021;06;23;7;3;0;7;1;0;0;0;0;2;0;478408,569188830442727;5473015,219048826023936;8,702355740000030;49,409437536000041;08210612221200910990;0
182858;08;2;16;043;2021;06;16;6;3;5;3;1;0;0;0;0;0;0;441024,755200408399105;5414050,083614960312843;8,195675742000049;48,876600999000061;08210618216100917850;0
182859;08;1;36;028;2021;06;16;1;3;8;1;1;0;0;0;0;0;0;568329,450365436263382;5404089,028399398550391;9,930223412000032;48,786043992000032;08210620136300918780;0
182860;08;3;35;043;2021;06;15;5;3;0;6;1;0;0;0;0;0;0;513326,716262819245458;5279003,601689321920276;9,177504566000039;47,664288141000043;08210624335100921650;0
182863;08;2;22;000;2021;06;19;4;3;5;3;1;0;0;0;0;0;0;461132,347790771164000;5483037,176306206732988;8,463222945000041;49,498721884000076;08210609222600899900;0
182869;08;2;26;056;2021;06;08;3;3;5;3;1;1;0;0;0;0;0;485602,533806504681706;5469825,970456110313535;8,801641446000076;49,380963169000040;08210622226300943290;0
182871;08;2;12;000;2021;06;00;1;3;6;7;0;0;1;0;1;2;0;455629,742588764056563;5428754,557775499299169;8,393248513000060;49,010088014000075;08210620212010922570;0
182874;08;1;18;079;2021;06;13;2;3;5;3;1;1;0;0;0;0;0;510417,817073464393616;5420963,484525863081217;9,142265249000047;48,941509761000077;08210621118100910340;0
182876;08;4;36;024;2021;06;16;3;2;8;7;1;0;0;0;0;0;0;539795,284027519635856;5306173,871011134237051;9,532532112000069;47,907655804000058;08210615436400892790;0
182879;08;1;16;056;2021;06;06;2;3;6;7;0;1;1;0;0;0;0;530343,514117829501629;5395655,430850552394986;9,412491845000034;48,713190755000028;08210614116100950580;0
182880;08;3;37;076;2021;06;11;7;1;0;7;0;1;1;0;0;0;0;426373,113121171481907;5267089,468958435580134;8,021403295000027;47,553049545000079;08210626337010964690;0
182881;08;1;18;081;2021;06;08;3;3;6;7;0;1;1;0;0;0;0;520530,996906034648418;5414950,928255867213011;9,280066578000060;48,887169945000039;08210622118300965540;0
182883;08;2;12;000;2021;06;18;7;3;0;3;1;1;0;0;0;0;0;458641,706399027258158;5428795,797967787832022;8,434429938000051;49,010668201000044;08210619212102903740;0
182886;08;2;37;028;2021;06;11;2;2;6;4;0;1;1;0;0;0;0;456768,532999999821186;5368510,678999511525035;8,415141555000048;48,468241948000070;08210628231000955100;0
182887;08;2;12;000;2021;06;16;5;3;6;3;1;0;1;0;0;0;0;456226,140961028635502;5428471,425530195236206;8,401434163000033;49,007583804000035;08210624212000936340;0
182889;08;1;11;000;2021;06;12;3;3;0;7;1;1;0;0;0;0;0;516182,852997610345483;5405304,589383343234658;9,220372318000045;48,800522260000037;08210629111500941860;0
182890;08;3;35;022;2021;06;20;6;3;1;5;1;1;0;0;0;0;0;482947,437545509077609;5300165,798969283699989;8,772039315000029;47,854607403000045;08210625911081964200;0
182891;08;4;15;050;2021;06;14;2;3;0;1;1;0;0;0;1;0;0;521718,108203600160778;5375694,401581559330225;9,294193914000061;48,533979691000070;08210621415100962620;0
182893;08;3;27;050;2021;06;13;6;2;5;3;1;1;0;0;0;0;0;487541,608917611651123;5316475,469215445220470;8,832982650000076;48,001455298000053;08210618325000953740;0
182895;08;1;26;028;2021;06;10;7;3;3;1;1;0;0;0;0;0;0;535981,050331800244749;5460617,176092434674501;9,494883138000034;49,297239788000070;08210612126100881810;0
182897;08;1;18;048;2021;06;20;2;3;0;7;1;0;0;0;0;1;0;513445,494074148125947;5414986,361966477707028;9,183413933000054;48,887682930000040;08210628118400958710;1
182899;08;3;17;057;2021;06;12;6;3;5;3;1;0;0;0;1;0;0;412843,271950522437692;5380368,834336496889591;7,818517236000048;48,570346531000041;08210611317200881130;0
182901;08;1;18;046;2021;06;17;3;3;6;2;0;1;1;0;0;0;0;514331,891051853075624;5412008,262039009481668;9,195401100000026;48,860872789000041;08210615118300927320;0
182903;08;3;17;096;2021;06;09;1;3;0;7;1;0;0;0;0;0;0;421076,992056227289140;5368494,768686778843403;7,932357812000021;48,464632700000038;08210620317500922030;0
182907;08;3;35;002;2021;06;14;3;3;0;1;1;0;0;0;0;0;0;505360,642897646874189;5285708,162917487323284;9,071483376000060;47,724728600000049;08210622335100912100;0
182908;08;3;27;050;2021;06;16;5;3;5;3;1;1;0;0;0;0;0;487162,513729102909565;5313471,288387320935726;8,827990354000065;47,974418684000057;08210617327100964310;0
182911;08;4;15;087;2021;06;17;1;3;4;6;1;1;0;0;0;0;0;514619,836834126152098;5382543,467513127252460;9,198282047000021;48,595801120000033;08210613415400888090;0
182914;08;2;12;000;2021;06;19;2;3;0;1;1;0;0;0;0;0;0;456536,348262166604400;5426823,976227365434170;8,405852013000072;48,992786706000061;08210628212402933660;1
182915;08;4;16;022;2021;06;16;5;3;5;3;1;1;0;0;0;0;0;511199,203000000678003;5375508,435999514535069;9,151700387000062;48,532582620000028;08210624416010959010;0
182919;08;4;15;061;2021;06;07;6;3;0;1;1;0;0;0;0;0;0;514080,931652259081602;5370639,092006906867027;9,190570713000056;48,488718320000032;08210618415400929220;0
182920;08;1;36;089;2021;06;10;2;2;0;7;1;0;0;0;0;0;0;586080,237886080518365;5419154,518273096531630;10,174998538000068;48,919339027000035;08210614136200889120;0
182921;08;2;12;000;2021;06;12;1;3;1;5;1;1;0;0;0;0;0;456883,809078630991280;5427193,939753659069538;8,410562275000075;48,996138944000052;08210613212010920020;0
182922;08;2;21;000;2021;06;20;2;3;0;7;1;0;0;0;0;0;0;477767,130500202067196;5473470,750637838616967;8,693487938000032;49,413511872000072;08210607221300892740;0
182923;08;3;17;057;2021;06;17;1;3;4;2;1;0;0;0;0;0;0;416553,052396950311959;5383178,610480291768909;7,868231804000061;48,596124082000074;08210627317200958840;0
182924;08;3;37;116;2021;06;09;4;2;6;7;0;0;1;0;0;0;1;418202,622217288240790;5270624,441677225753665;7,912167674000045;47,583873133000054;08210623337010915250;0
182925;08;1;27;014;2021;06;18;3;3;5;7;1;1;0;0;0;0;0;578414,359678639099002;5443181,529427209869027;10,075025007000022;49,136456307000060;08210615127202927560;0
182926;08;3;35;099;2021;06;15;6;3;0;1;1;0;0;0;0;0;0;492825,207999999634922;5298530,863999493420124;8,904113320000022;47,840083458000038;08210625335400958050;0
182927;08;3;16;056;2021;06;16;2;3;2;6;1;1;0;0;0;0;0;422833,533939195796847;5327072,681794643402100;7,963679768000077;48,092248013000074;08210621316200912650;0
182928;08;2;31;000;2021;06;00;4;2;0;7;1;1;0;0;0;2;0;477712,043788468465209;5414397,323958694934845;8,695996988000047;48,882129206000059;08210616231000922680;0
182929;08;2;12;000;2021;06;17;5;2;0;7;1;0;0;0;0;0;0;460821,216794406063855;5430616,412900088354945;8,464057291000074;49,027187216000073;08210610212010922610;0
182930;08;1;19;085;2021;06;18;2;3;6;7;0;0;1;0;1;0;0;529042,388331206515431;5414468,425238357856870;9,396135054000069;48,882489128000032;08210614119500923160;0
182932;08;4;35;057;2021;06;11;5;3;5;3;1;0;0;0;1;0;0;544598,935864429920912;5278823,500016039237380;9,594000031000064;47,661267332000079;08210610435100907490;0
182935;08;3;35;063;2021;06;19;3;3;0;7;1;0;0;0;0;0;0;496733,630745522677898;5289880,976904110983014;8,956412110000031;47,762287861000061;08210608335200875080;0
182937;08;4;35;059;2021;06;07;4;3;8;6;1;0;0;0;0;0;0;512298,422000001184642;5290724,643999496474862;9,164139192000050;47,769769717000031;08210623435200914490;0
182939;08;1;16;019;2021;06;19;3;3;8;1;1;0;0;0;0;0;0;521496,625868714414537;5398099,709764517843723;9,292356022000035;48,735547099000030;08210629116100961060;0
182940;08;2;15;101;2021;06;12;7;3;5;3;1;1;0;0;0;0;0;464712,956000000238419;5428388,296999529004097;8,517485674000056;49,007379676000028;08210626212010929750;0
182941;08;2;36;071;2021;06;13;2;3;6;7;0;0;1;0;1;0;0;468816,077243170700967;5421414,979917233809829;8,574124642000072;48,944872842000052;08210621231202946630;0
182942;08;3;35;043;2021;06;11;4;3;5;7;1;0;0;0;1;0;0;511906,530935918912292;5287307,133323334157467;9,158815303000040;47,739027890000045;08210616335100893430;0
182943;08;3;11;000;2021;06;00;6;3;3;6;1;0;0;0;0;2;0;412622,797346394509077;5315715,196368794888258;7,828899050000075;47,988766411000029;08210618311010898350;0
182944;08;1;25;047;2021;06;17;2;3;0;1;1;0;0;0;0;0;0;495098,898120738565922;5449952,160517392680049;8,932719472000031;49,202345641000079;08210614121100891120;0
182945;08;2;26;038;2021;06;01;2;3;6;4;0;1;1;0;0;2;0;471582,117539891041815;5480286,806190697476268;8,607731724000075;49,474562863000074;08210607222401870130;0
182947;08;1;36;044;2021;06;07;4;2;0;1;1;0;0;0;0;0;0;558458,882262301631272;5408151,942550975829363;9,796440707000045;48,823596240000029;08210623136300948560;0
182948;08;1;36;010;2021;06;20;6;2;0;7;1;0;0;0;0;0;0;599360,980534439906478;5412589,811756236478686;10,354635620000067;48,858311789000027;08210611136200894460;0
182950;08;1;19;067;2021;06;15;1;3;0;1;1;0;0;0;0;0;0;539256,269656719639897;5406166,535143909975886;9,534650196000030;48,807247021000080;08210620119300907860;0
182955;08;4;15;059;2021;06;16;3;2;9;1;1;0;0;0;0;0;0;514333,702325543388724;5366912,424250829964876;9,193863922000048;48,455186036000043;08210622415300912420;0
182956;08;4;16;041;2021;06;17;5;2;8;1;0;0;1;1;0;0;0;502862,391922582872212;5374147,535895690321922;9,038763656000071;48,520432893000077;08210617416010921320;0
182959;08;1;11;000;2021;06;12;2;3;5;2;1;1;0;0;0;0;0;512535,646576249971986;5408324,154259629547596;9,170798475000026;48,827770118000046;08210614111500887220;0
182961;08;4;35;035;2021;06;18;3;3;5;3;1;1;0;0;0;0;0;542243,722750384360552;5282850,611847864463925;9,563022945000057;47,697658398000044;08210608435100902030;1
182963;08;3;36;091;2021;06;14;5;3;5;3;1;1;0;0;0;0;0;395409,551394211128354;5275215,888085845857859;7,608026844000051;47,621899135000035;08210624336400936650;0
182964;08;2;12;000;2021;06;03;3;3;7;7;1;0;0;0;0;2;0;455977,526508832350373;5429417,594953866675496;8,397932172000026;49,016077009000071;08210615212302965880;0
182965;08;1;36;062;2021;06;13;3;3;0;7;1;0;0;0;0;0;0;567020,943941705860198;5413415,932058226317167;9,913936576000026;48,870079467000039;08210629136300939300;0
182969;08;3;17;096;2021;06;18;6;3;5;7;1;1;0;0;0;0;0;421751,139197224751115;5368225,277164990082383;7,941526215000067;48,462292875000060;08210618317500935440;0
182972;08;1;21;000;2021;06;16;3;3;3;5;1;1;0;0;0;0;0;515975,334570425562561;5440934,155356068164110;9,218944869000040;49,121037404000049;08210608121200897420;0
182974;08;3;35;075;2021;06;17;4;3;0;7;1;0;0;0;0;0;0;487773,462481395341456;5290556,248322652652860;8,836824939000053;47,768255942000053;08210623335300169870;0
182975;08;3;26;012;2021;06;18;2;3;4;2;1;1;0;0;0;0;0;462336,822301180101931;5311452,118918865919113;8,495536463000064;47,955272679000075;08210614326100905790;0
182976;08;1;15;045;2021;06;13;7;3;0;7;1;0;0;0;0;0;0;495652,339809155091643;5393845,156243624165654;8,940915888000063;48,697628589000033;08210626115400947670;0
182977;08;3;17;065;2021;06;07;2;3;5;3;1;1;0;0;0;0;0;416120,111982954666018;5354630,823976617306471;7,868086699000060;48,339287877000061;08210621317300909790;0
182978;08;3;11;000;2021;06;19;4;3;5;3;1;1;0;0;0;0;0;412193,469628229737282;5316584,356543553993106;7,822968294000020;47,996525963000067;08210616311010894840;0
182980;08;1;21;000;2021;06;13;7;3;0;7;1;0;0;0;0;0;0;516117,277893209829926;5442610,018133768811822;9,220957191000025;49,136108668000077;08210612121200883040;0
182982;08;2;12;000;2021;06;03;4;3;0;7;1;0;0;0;0;2;0;456976,007406778633595;5428575,783165914937854;8,411676242000055;49,008575248000056;08210623212302913610;0
182983;08;1;25;024;2021;06;17;6;3;5;3;1;1;0;0;0;0;0;523448,000087380409241;5443445,103626608848572;9,321503716000052;49,143384419000029;08210611121600913370;0
182985;08;1;15;021;2021;06;00;1;3;5;6;1;1;0;0;0;2;0;490698,462826975621283;5383284,028569627553225;8,873830753000050;48,602564975000064;08210620115200938330;0
182987;08;2;21;000;2021;06;17;6;3;5;3;1;1;0;0;0;0;0;477459,106999999843538;5474333,078999545425177;8,689192479000042;49,421257036000043;08210625221300945350;0
182988;08;2;15;017;2021;06;09;2;2;6;2;0;1;1;0;0;0;0;456385,050025122240186;5420833,268546884879470;8,404425988000071;48,938888525000038;08210621212010914820;0
182989;08;3;11;000;2021;06;17;6;3;0;1;1;0;0;0;0;0;0;414527,031999985687435;5316077,922999497503042;7,854343598000071;47,992286625000077;08210611311010881060;0
182990;08;1;11;000;2021;06;14;4;3;0;7;1;0;0;0;0;0;0;518772,005945060402155;5403275,858730386942625;9,255537443000037;48,782199297000034;08210616111500251790;1
182991;08;4;21;000;2021;06;07;4;3;3;2;1;0;0;0;1;0;0;572217,020441660657525;5361939,572209900245070;9,975810405000061;48,406473159000029;08210609426010892140;0
182992;08;1;11;000;2021;06;14;4;3;1;5;1;1;0;0;0;0;0;513712,854676814749837;5402836,969247940927744;9,186654612000041;48,778383195000060;08210623111120937480;0
182993;08;3;35;063;2021;06;11;5;3;3;6;1;0;0;0;0;0;0;498001,209270097315311;5288354,649235229939222;8,973334259000069;47,748559796000052;08210617335200898080;0