OID_;ULAND;UREGBEZ;UKREIS;UGEMEINDE;UJAHR;UMONAT;USTUNDE;UWOCHENTAG;UKATEGORIE;UART;UTYP1;IstRad;IstPKW;IstFuss;IstKrad;IstSonstige;ULICHTVERH;IstGkfz;LINREFX;LINREFY;XGCSWGS84;YGCSWGS84;UIDENTSTLAE;IstStrassenzustand
182994;08;3;35;043;2021;06;14;7;2;0;2;1;1;0;0;0;0;0;511319,844846114516258;5280672,134844165295362;9,150817490000065;47,679339296000080;08210619335100906460;0
182995;08;2;16;007;2021;06;16;1;3;8;1;1;0;0;0;0;0;0;436781,023499787785113;5394004,847881613299251;8,140888411000049;48,695877178000046;08210613216200885400;0
182996;08;1;16;019;2021;06;07;6;3;0;7;1;1;0;0;0;0;0;522289,814771099016070;5397740,030035018920898;9,303123854000034;48,732283581000047;08210611116100967130;0
183000;08;3;11;000;2021;06;12;6;3;5;2;1;0;0;1;0;0;0;413183,032200311310589;5318337,531835010275245;7,835875520000059;48,012431478000053;08210625311010945580;0
183001;08;3;17;141;2021;06;17;1;3;0;7;1;0;0;0;0;0;0;420515,090280462987721;5377429,967281529679894;7,923056403000032;48,544932311000082;08210620317200911430;1
183002;08;2;15;106;2021;06;07;6;3;8;7;1;1;0;0;0;0;0;465231,323000000789762;5452332,909999538213015;8,522510672000067;49,222793881000030;08210611215502880060;0
183005;08;1;16;019;2021;06;15;2;3;6;3;0;1;1;0;0;0;0;523073,838724558241665;5399844,720027096569538;9,313903676000052;48,751188593000052;08210614116100921720;0
183007;08;1;11;000;2021;06;14;4;2;0;7;1;0;0;0;0;0;0;511443,435762760229409;5397536,473571052774787;9,155616863000034;48,730745991000049;08210623111210915520;0
183008;08;2;12;000;2021;06;08;5;3;4;6;1;1;0;0;0;0;0;450955,083539751358330;5428357,042819960042834;8,329376183000022;49,006158539000069;08210617212502901030;0
183011;08;3;11;000;2021;06;15;3;3;0;7;1;0;0;0;0;0;0;413795,671131443232298;5315894,469058902934194;7,844579534000047;47,990538211000057;08210615311010890340;0
183012;08;4;15;050;2021;06;13;3;3;6;4;0;1;1;0;0;0;0;522473,990493319928646;5375554,748469732701778;9,304425430000038;48,532696721000036;08210608415100874220;0
183013;08;2;12;000;2021;06;11;2;3;6;7;1;0;1;0;0;0;0;455559,311941348947585;5428160,834832508116961;8,392350440000030;49,004742350000072;08210628212010959020;0
183015;08;3;11;000;2021;06;08;3;3;0;7;1;0;0;0;0;0;0;411335,521359112113714;5315461,917238963767886;7,811702042000036;47,986310922000030;08210615311010889570;0
183016;08;1;36;042;2021;06;11;1;3;0;1;1;0;0;0;0;0;0;550232,181485330685973;5405249,872128432616591;9,684014408000053;48,798211147000075;08210627136300928640;0
183017;08;4;36;006;2021;06;10;2;3;4;1;1;1;0;0;0;0;0;557173,494112805463374;5282777,149473898112774;9,761981023000033;47,695848688000069;08210621436300943830;0
183018;08;3;35;043;2021;06;13;4;2;4;6;1;0;0;0;0;0;0;514155,111349483951926;5280157,688603557646275;9,188575677000074;47,674654622000048;08210616335100897700;0
183020;08;2;15;101;2021;06;18;2;3;2;3;1;1;0;0;0;0;0;466154,806148482486606;5427622,100233089178801;8,537264679000032;49,000568253000040;08210614212102891630;0
183021;08;4;17;002;2021;06;10;7;3;0;1;1;0;0;0;0;0;0;488801,540160558186471;5346255,717137293890119;8,849090140000044;48,269409810000070;08210612417200881860;0
183025;08;1;25;079;2021;06;13;3;2;0;1;1;0;0;0;0;0;0;511760,455761479213834;5456114,935914220288396;9,161623677000023;49,257687933000057;08210615121500894940;0
183029;08;1;16;033;2021;06;06;5;3;1;7;1;1;0;0;0;0;0;534083,695299601182342;5387970,917112750932574;9,462700931000029;48,643868966000070;08210610116400877390;0
183032;08;2;36;065;2021;06;19;6;2;6;4;0;1;1;0;0;0;0;488863,583802061155438;5417501,337306208908558;8,848016172000030;48,910352799000066;08210611231000879770;0
183033;08;2;12;000;2021;06;15;6;2;5;3;1;0;0;0;1;0;0;459925,085770834237337;5424662,606300828978419;8,452386799000067;48,973573928000064;08210618212010917800;0
183034;08;4;26;134;2021;06;11;7;3;0;2;1;0;0;0;0;0;0;556989,876897349953651;5338707,469174500554800;9,766942682000035;48,199040397000033;08210619426200903260;0
183035;08;1;11;000;2021;06;15;6;3;1;5;1;1;0;0;0;0;0;512197,315671900287271;5402431,303683253005147;9,166013684000063;48,774765418000072;08210611111500881780;0
183036;08;1;11;000;2021;06;12;6;3;0;1;1;0;0;0;0;0;0;507935,288492916151881;5407415,370171125978231;9,108101056000066;48,819670631000065;08210625111500955160;1
183038;08;2;21;000;2021;06;15;6;3;5;2;1;1;0;0;0;0;0;476904,592706028372049;5472339,407840099185705;8,681662610000046;49,403303495000046;08210611221200926400;0
183039;08;1;15;050;2021;06;14;4;3;5;3;1;1;0;0;0;0;0;489242,860499811358750;5401819,870210116729140;8,853604005000022;48,769291564000071;08210616115300910730;0
183040;08;4;26;013;2021;06;08;4;2;5;3;1;1;0;0;0;0;0;544773,119902175851166;5323207,089400963857770;9,600916955000059;48,060570662000032;08210609426010890580;0
183043;08;2;21;000;2021;06;07;2;3;2;6;1;1;0;0;0;0;0;478766,227132269181311;5471255,511659223586321;8,707380161000060;49,393621782000025;08210614221200888520;0
183044;08;3;35;043;2021;06;14;5;3;4;6;1;1;0;0;0;0;0;515046,019329137168825;5280300,012006124481559;9,200449265000032;47,675915077000070;08210617335100914720;0
183045;08;1;21;000;2021;06;11;7;3;6;4;1;1;1;0;0;0;0;513927,170754143036902;5442655,640901561826468;9,190934040000059;49,136572614000045;08210619121300934780;0
183048;08;2;26;085;2021;06;16;3;3;1;5;1;1;0;0;0;0;0;493343,798416213132441;5454043,155006878077984;8,908558266000057;49,239128650000055;08210608226500968910;0
183049;08;2;21;000;2021;06;13;2;3;6;4;0;1;1;0;0;0;0;477655,749350858852267;5472982,089778786525130;8,691979915000047;49,409112364000066;08210628221011955560;0
183050;08;1;16;019;2021;06;18;5;2;1;1;1;1;0;0;0;0;0;521807,070908461697400;5397855,733471298590302;9,296565134000048;48,733341521000057;08210624116010950030;0
183051;08;2;15;017;2021;06;14;3;3;0;3;1;1;0;0;0;0;0;453427,721609803847969;5419801,610664924606681;8,364163251000036;48,929393019000031;08210615212702929820;0
183052;08;1;15;003;2021;06;14;3;2;0;7;1;0;0;0;0;0;0;500643,172368659637868;5389649,831459356471896;9,008734100000027;48,659901761000071;08210629118000954820;1
183053;08;1;17;026;2021;06;15;7;2;6;4;0;1;1;0;0;0;0;549227,700456930324435;5393924,030897453427315;9,668983556000057;48,696411056000045;08210626117010955660;0
183054;08;3;11;000;2021;06;17;2;2;0;1;1;0;0;0;0;0;0;412048,882650351151824;5314757,724186854436994;7,821404763000032;47,980074985000044;08210621311010936430;0
183057;08;1;18;011;2021;06;13;7;3;5;3;1;1;0;0;0;0;0;505756,617907654494047;5408164,161539059132338;9,078431950000038;48,826430683000069;08210612118200902310;0
183058;08;2;16;043;2021;06;11;3;3;6;7;0;1;1;0;0;0;0;443007,175657993182540;5413074,592286974191666;8,222845936000056;48,868011877000072;08210608216100873140;0
183059;08;3;35;055;2021;06;12;1;3;8;1;1;0;0;0;0;0;0;496187,410628785379231;5283557,623239848762751;8,949178496000059;47,705389836000052;08210627335200957600;0
183060;08;2;12;000;2021;06;16;4;3;6;2;0;1;1;0;0;0;0;456852,514165326021612;5428648,788960827514529;8,409979890000045;49,009223322000025;08210623212010943330;0
183062;08;1;11;000;2021;06;18;3;2;5;3;1;1;0;0;0;0;0;508668,671000001952052;5406369,754999525845051;9,118069686000069;48,810254593000082;08210615111500941090;0
183063;08;3;11;000;2021;06;10;3;3;5;2;1;1;0;0;0;0;0;410445,330813690088689;5315691,656385608017445;7,799726319000058;47,988253452000038;08210608311010873160;0
183064;08;2;21;000;2021;06;13;2;3;3;5;1;1;0;0;0;0;0;477448,674692780710757;5472916,864831309765577;8,689129097000034;49,408518037000078;08210628221011943460;0
183065;08;3;35;075;2021;06;18;4;3;5;7;1;1;0;0;0;0;0;489177,978076883591712;5288287,867527881637216;8,855625977000045;47,747871213000053;08210623335300169850;0
183066;08;2;12;000;2021;06;12;3;2;5;3;1;1;0;0;0;0;0;455105,977415100671351;5434117,635663062334061;8,385492665000072;49,058291261000079;08210615212010890650;0
183068;08;4;15;061;2021;06;12;7;3;5;3;1;1;0;0;0;0;0;513197,581056233495474;5371623,609098093584180;9,178646659000037;48,497594571000036;08210626415400953730;0
183069;08;4;37;076;2021;06;11;2;3;0;1;1;0;0;0;0;0;0;524830,868999999947846;5322070,198999496176839;9,333205046000046;48,051430158000073;08210621437100911980;0
183070;08;4;16;041;2021;06;10;4;3;0;6;1;0;0;0;1;0;0;503149,517206043004990;5373687,532998064532876;9,042648546000066;48,516293162000068;08210616416200924920;0
183072;08;1;11;000;2021;06;19;1;3;6;6;1;0;1;0;0;0;0;513107,525565925985575;5402861,395759070292115;9,178415904000076;48,778615983000066;08210613111110885080;0
183074;08;2;31;000;2021;06;14;1;3;1;7;1;1;0;0;0;0;0;478761,371475578285754;5415912,634002111852169;8,710230644000035;48,895797287000050;08210627231000969120;0
183076;08;3;11;000;2021;06;17;6;3;0;7;1;0;0;0;0;0;0;412349,209999984130263;5314151,399999499320984;7,825552160000029;47,974662119000072;08210611311300895470;0
183077;08;1;18;048;2021;06;18;3;3;5;3;1;0;0;0;1;0;0;513744,574989195913076;5415705,667872816324234;9,187517957000068;48,894147058000044;08210615118400892800;0
183079;08;3;36;081;2021;06;17;2;3;0;7;1;0;0;0;0;0;0;410995,662148850969970;5278155,602767718955874;7,814811550000059;47,650673527000038;08210621336300910470;1
183080;08;2;22;000;2021;06;17;4;3;5;2;1;1;0;0;0;0;0;462622,591788546182215;5482862,027007427066565;8,483819455000059;49,497240167000029;08210616222600911180;0
183081;08;4;36;013;2021;06;17;4;3;5;3;1;1;0;0;0;0;0;545919,104700262658298;5297600,018355689942837;9,613564089000022;47,830108663000033;08210609436200876450;0
183082;08;2;12;000;2021;06;15;7;3;1;5;1;1;0;0;0;0;0;457206,871072534471750;5428626,993253387510777;8,414827574000071;49,009051942000042;08210612212010917110;0
183083;08;1;15;003;2021;06;19;4;3;6;2;0;1;1;0;0;0;0;501974,166386894881725;5392010,191262716427445;9,026819891000059;48,681133082000031;08210623115100075840;0
183084;08;3;17;057;2021;06;11;2;3;0;1;1;0;0;0;0;0;0;412391,704999986104667;5380474,952999509871006;7,812374878000071;48,571238033000043;08210614317500966400;0
183089;08;1;17;015;2021;06;08;2;3;6;1;1;0;1;0;0;0;0;560045,597261437214911;5392957,841937463730574;9,815839593000021;48,686772648000044;08210621117100937020;0
183090;08;4;26;070;2021;06;15;1;2;8;1;1;0;0;0;0;0;0;564717,564383846707642;5341217,432707065716386;9,871309465000024;48,220878808000066;08210613426010885690;0
183093;08;3;35;075;2021;06;08;2;3;6;4;0;0;1;0;1;0;0;487805,400554005987942;5289251,399760596454144;8,837287797000045;47,756516139000041;08210628335300170370;0
183094;08;4;36;064;2021;06;18;7;3;2;6;1;1;0;0;0;0;0;545617,500927285291255;5291369,792326776310802;9,608878970000035;47,774076851000075;08210626436200928140;0
183095;08;2;12;000;2021;06;16;3;3;5;3;1;1;0;0;0;0;0;454055,272394945845008;5428456,324026798829436;8,371753137000042;49,007290163000050;08210622212010930810;0
183099;08;1;11;000;2021;06;15;4;3;0;7;1;0;0;0;1;0;0;512384,530000002123415;5405744,762999523431063;9,168661658000076;48,804569292000053;08210609111100912410;0
183100;08;2;31;000;2021;06;16;2;3;6;4;0;1;1;0;0;0;0;478837,518404361791909;5415399,061779467388988;8,711296144000073;48,891179967000028;08210628231000076430;0
183101;08;1;36;088;2021;06;15;5;3;0;7;1;0;0;0;0;0;0;584799,444000012241304;5406929,764999525621533;10,154986144000077;48,809566428000039;08210624136100919450;1
183103;08;1;25;026;2021;06;15;3;3;0;7;1;0;0;0;0;0;0;493254,067595764063299;5443225,732884852215648;8,907507137000039;49,141821641000035;08210629121100936760;0
183105;08;3;27;049;2021;06;07;2;3;5;3;1;1;0;0;0;0;0;472900,982323059812188;5324592,326467076316476;8,636199457000032;48,074029210000049;08210621327200907890;0
183109;08;1;17;037;2021;06;16;3;2;6;4;0;1;1;0;0;0;0;555279,363374831154943;5398034,878740433603525;9,751766880000048;48,732882471000039;08210608117010897390;0
183110;08;3;11;000;2021;06;03;1;3;0;7;1;0;0;0;0;2;0;413835,092006166465580;5315937,309506567195058;7,845099193000067;47,990928889000031;08210627311010953330;0
183111;08;2;22;000;2021;06;18;4;3;5;3;1;1;0;0;0;0;0;462596,201638782396913;5479814,643327001482248;8,483743290000064;49,469828867000047;08210623222700917750;0
183113;08;2;12;000;2021;06;19;6;3;6;4;0;0;1;0;1;0;0;456086,703408732078969;5428012,522268513217568;8,399577229000045;49,003446011000051;08210618212010907190;0
183114;08;2;15;099;2021;06;10;1;3;4;6;1;0;0;0;0;0;0;462349,877196721732616;5444931,104711709544063;8,483633853000072;49,156044638000026;08210620215502912820;0
183116;08;1;15;003;2021;06;14;2;3;5;3;1;1;0;0;0;0;0;499038,324054547585547;5392687,892087440937757;8,986933645000022;48,687232135000045;08210621115400948130;0
183117;08;1;16;077;2021;06;07;4;3;0;7;1;0;0;0;0;0;0;514129,653725415468216;5389479,944679582491517;9,191870373000029;48,658213972000055;08210616116200894990;0
183119;08;2;35;085;2021;06;20;3;2;7;1;1;0;0;0;0;0;0;480489,384715910069644;5400064,217852994799614;8,734560529000021;48,753285018000042;08210622235100941700;0
183120;08;4;16;041;2021;06;20;5;3;0;1;1;0;0;0;0;0;0;504725,876605982892215;5373308,520499505102634;9,063990191000073;48,512873537000075;08210617416200898270;0
183122;08;2;12;000;2021;06;19;5;3;0;1;1;0;0;0;0;0;0;462198,509373629465699;5428170,954652514308691;8,483124834000023;49,005275732000030;08210624212102920570;1
183123;08;3;15;113;2021;06;17;1;3;6;4;0;1;1;0;0;0;0;436617,189999997615814;5305739,345999496057630;8,151917566000066;47,901849248000076;08210613311500920850;0
183126;08;3;11;000;2021;06;13;2;3;4;2;1;1;0;0;0;0;0;411246,600147373974323;5321181,137894971296191;7,809326700000042;48,037744265000072;08210628311010934720;0
183127;08;2;22;000;2021;06;13;5;3;0;7;1;0;0;0;0;0;0;466118,384490763768554;5481419,469100000336766;8,532218093000040;49,484470336000072;08210624222301964120;0
183130;08;1;19;061;2021;06;21;4;3;0;1;1;0;0;0;0;0;0;538986,033763022162020;5414452,350931689143181;9,531758446000026;48,881798864000075;08210616119300909040;0
183132;08;4;36;082;2021;06;15;3;3;0;7;1;0;0;0;0;0;0;548041,144840282388031;5295978,867492320016026;9,641736875000049;47,815368293000063;08210622436400916820;0
183134;08;3;15;041;2021;06;17;1;2;0;7;1;0;0;0;0;0;0;420437,586961715482175;5322686,738291721791029;7,932325248000041;48,052499567000041;08210620311010968600;1
183135;08;3;25;049;2021;06;12;5;3;6;7;1;0;1;0;0;0;0;472165,997899085283279;5335201,154544645920396;8,625639752000041;48,169443092000051;08210624325202922130;0
183137;08;1;11;000;2021;06;13;4;2;0;7;1;0;0;0;0;0;0;513855,714151693508029;5403153,690401071682572;9,188609829000029;48,781229226000050;08210616111120913420;0
183140;08;4;35;016;2021;06;08;5;3;5;3;0;1;1;0;0;0;0;537064,105435114353895;5279644,586478507146239;9,493719747000057;47,669130606000067;08210624435100921220;0
183141;08;3;35;043;2021;06;16;7;3;0;1;1;0;0;0;0;0;0;513055,923260369338095;5281040,348288798704743;9,173958663000064;47,682619618000047;08210626335100928510;0
183143;08;3;36;050;2021;06;15;5;3;0;1;1;0;0;0;0;0;0;399289,334181712009013;5273712,018587937578559;7,659992960000068;47,608986172000073;08210617311010900150;0
183144;08;2;12;000;2021;06;13;7;3;5;3;1;1;0;0;0;0;0;457207,829000000841916;5428069,192999530583620;8,414899464000030;49,004034519000072;08210619212010924480;0
183145;08;3;11;000;2021;06;00;7;3;6;5;0;1;1;0;0;2;0;411305,849532267078757;5319649,258669096976519;7,810438594000061;48,023972945000025;08210612311010962450;0
183146;08;3;25;053;2021;06;18;3;3;0;1;1;0;0;0;0;0;0;461863,704141488298774;5346464,262749196961522;8,486068268000054;48,270236665000027;08210608325302887600;0
183147;08;3;36;006;2021;06;18;2;3;6;7;0;1;1;0;0;0;0;391433,145955012179911;5287374,117808094248176;7,552099839000050;47,730606063000039;08210628311010940950;1
183149;08;4;21;000;2021;06;19;2;3;5;3;1;1;0;0;0;0;0;570594,387389633804560;5361772,081825654953718;9,953860093000060;48,405150373000026;08210614421300963450;0
183151;08;1;18;048;2021;06;01;7;3;1;5;1;1;0;0;0;2;1;514732,516995630227029;5417115,763914939016104;9,201047287000051;48,906809179000049;08210626118010954460;0
183153;08;4;21;000;2021;06;16;4;3;0;4;0;1;1;0;0;0;0;570894,048300000838935;5361546,479999514296651;9,957870367000055;48,403087384000060;08210616421300895380;0
183158;08;1;27;071;2021;06;15;6;2;1;5;0;1;1;1;0;0;0;574637,809619004838169;5456124,164272518828511;10,025663288000032;49,253331114000048;08210611127202898610;0
183160;08;2;15;109;2021;06;14;1;2;4;6;1;0;0;1;0;0;0;464292,164666470140219;5441999,130800807848573;8,510530822000021;49,129787389000057;08210620212010954800;0
183161;08;3;11;000;2021;06;10;5;2;3;2;1;0;0;0;0;0;1;412406,746370975859463;5317595,587980918586254;7,825620145000073;48,005651542000066;08210610311010877070;0
183162;08;4;25;072;2021;06;13;6;3;4;6;1;1;0;0;0;0;0;582467,997000013478100;5372319,807999515905976;10,116343067000059;48,498583060000044;08210625135010934840;0
183163;08;1;18;046;2021;06;11;2;3;5;3;1;1;0;0;0;0;0;513382,871952545829117;5412483,403431417420506;9,182477776000042;48,865168260000075;08210621118300940430;0
183165;08;4;26;067;2021;06;15;4;2;5;3;1;0;0;0;0;0;1;528385,877000001259148;5332821,622999502345920;9,381623850000040;48,148010659000079;08210609426010908220;0
183166;08;1;16;019;2021;06;10;2;3;4;3;1;1;0;0;0;0;0;524790,718427484855056;5397760,885240834206343;9,337134836000075;48,732376708000061;08210614116100938280;0
183167;08;1;15;003;2021;06;10;4;3;5;3;1;1;0;0;0;0;0;500407,403809051960707;5392514,189814662560821;9,005535251000026;48,685670099000049;08210623115100934570;0
183168;08;4;16;026;2021;06;16;5;3;5;3;1;1;0;0;0;0;0;504895,973000000230968;5363457,444999510422349;9,066178028000024;48,424247580000042;08210617416010927960;0
183169;08;2;36;076;2021;06;12;7;3;4;2;1;1;0;0;0;0;0;471731,903458815068007;5423644,707995465025306;8,613789956000062;48,965070467000032;08210619231000942790;0
183171;08;3;17;047;2021;06;10;1;3;0;1;1;0;0;0;0;0;0;420731,629161138087511;5361545,287951404228806;7,929001399000072;48,402079176000029;08210613317500884330;0
183172;08;2;35;006;2021;06;07;3;2;3;2;1;1;0;0;0;0;0;471079,807146267965436;5381483,716345068067312;8,607846221000045;48,585770295000032;08210615235200963740;0
183173;08;4;25;072;2021;06;17;3;3;5;3;1;1;0;0;0;0;0;583206,975864863954484;5372361,487038185819983;10,126352691000022;48,498860509000053;08210608421200873970;0
183174;08;3;11;000;2021;06;16;2;3;5;3;1;1;0;0;0;0;0;414021,364788039587438;5315207,857857812196016;7,847741435000046;47,984392263000075;08210628311300952120;0
183175;08;3;26;074;2021;06;12;5;2;0;1;1;0;0;0;0;0;0;459639,330870681442320;5322406,966561237350106;8,458376828000041;48,053666650000025;08210624326400919050;0
183177;08;1;19;085;2021;06;07;3;3;0;7;1;0;0;0;0;0;0;529365,803249172866344;5413505,262271689251065;9,400477114000068;48,873809673000039;08210629119500938590;1
183178;08;3;35;043;2021;06;10;7;3;0;7;1;1;0;0;0;0;0;514149,409465029835701;5280062,265877505764365;9,188496624000038;47,673796166000045;08210626335100953720;0
183179;08;2;22;000;2021;06;00;3;3;0;1;1;0;0;0;0;2;0;465358,663226404227316;5479495,753712330013514;8,521897947000070;49,467124477000027;08210622222700940080;1
183180;08;4;25;033;2021;06;15;4;3;5;3;1;1;0;0;0;0;0;554176,965184783563018;5348348,100357603281736;9,730324720000056;48,286014531000035;08210616425000925890;0
183181;08;1;11;000;2021;06;03;7;2;1;7;1;1;0;0;0;2;0;514860,966017247177660;5403346,303061097860336;9,202300620000074;48,782938746000070;08210619111500916650;0
183182;08;2;15;106;2021;06;21;2;3;1;5;1;1;0;0;0;0;0;464916,447460517287254;5455149,946849443018436;8,517940019000037;49,248114973000042;08210614215502888440;0
183183;08;4;21;000;2021;06;13;7;2;8;1;1;0;0;0;0;0;0;572830,764455369673669;5356769,167184548452497;9,983205937000037;48,359893412000076;08210612426010881440;0
183185;08;1;11;000;2021;06;12;2;3;5;2;1;1;0;0;0;0;0;511684,938687202520669;5401817,435433859005570;9,159022476000075;48,769252930000050;08210628111500956950;0
183187;08;4;25;020;2021;06;16;2;3;6;1;1;0;1;0;0;0;0;559225,492785489186645;5360980,960008334368467;9,800150854000037;48,399204566000037;08210614425000890210;0
183188;08;4;17;079;2021;06;05;6;3;5;3;1;1;0;0;0;0;0;501017,376321781426668;5339953,363734312355518;9,013694992000069;48,212806949000026;08210625417100921630;1
183191;08;3;35;075;2021;06;10;7;2;7;1;1;0;0;0;0;0;0;487994,846431638114154;5289714,673247920349240;8,839802762000033;47,760688013000049;08210626335300169900;0
183192;08;1;18;070;2021;06;08;3;3;6;4;0;1;1;0;0;0;0;520104,869820297695696;5424072,499602986499667;9,274703527000042;48,969238158000053;08210622118500930080;0
183193;08;4;37;078;2021;06;17;4;3;5;3;1;1;0;0;0;0;0;507974,844356390647590;5315355,190948035567999;9,106890184000065;47,991447619000041;08210616437200895680;0
183195;08;1;28;131;2021;06;12;2;3;0;1;1;0;0;0;0;0;0;537992,614364254288375;5508657,547777578234673;9,527172673000052;49,729214027000069;08210614128300889100;0
183198;08;1;16;077;2021;06;15;2;3;5;3;1;1;0;0;0;0;0;515703,377957808785141;5390626,450383132323623;9,213283767000064;48,668490454000050;08210628116200965510;0
183199;08;3;35;043;2021;06;14;4;3;4;6;1;0;0;0;0;0;0;513341,495791763998568;5278866,518624942749739;9,177697234000050;47,663054408000050;08210623335100934910;0
183201;08;3;17;152;2021;06;07;6;3;8;6;1;0;0;0;1;0;0;407290,217336880974472;5349069,791949011385441;7,750182534000032;48,288034829000026;08210625317300931630;0
183202;08;3;17;065;2021;06;15;2;3;1;5;1;1;0;0;0;0;0;416991,607810813933611;5354994,627619098871946;7,879773003000025;48,342675378000081;08210621317300918630;0
183203;08;2;37;040;2021;06;21;4;3;0;7;1;1;0;0;0;1;0;469056,892479339614511;5365860,089504841715097;8,581575528000030;48,445121344000029;08210616237200921530;0
183204;08;1;11;000;2021;06;16;5;2;0;1;1;0;0;0;0;0;0;512532,373155432753265;5401636,898020392283797;9,170549816000062;48,767612337000060;08210610111120967410;0
183205;08;1;11;000;2021;06;12;7;3;7;7;1;0;0;0;1;0;0;512752,571117946878076;5402040,100880116224289;9,173558919000072;48,771235051000076;08210612111110898640;0
183207;08;1;17;026;2021;06;10;4;3;3;6;1;1;0;0;0;0;0;549992,977162577211857;5393602,688306860625744;9,679343689000063;48,693459578000045;08210623117300948260;0
183210;08;1;18;001;2021;06;17;1;2;1;1;1;1;0;0;0;0;0;523549,118958453647792;5418929,684693906456232;9,321466113000042;48,922854004000044;08210620118500909050;0
183211;08;3;17;001;2021;06;15;5;3;1;5;1;1;0;0;0;0;0;432096,018324592150748;5386471,086274992674589;8,078466325000022;48,627618829000028;08210610317100890350;0
183212;08;2;16;043;2021;06;07;6;3;6;4;1;0;1;0;0;0;0;442132,151405489072204;5411842,040070524439216;8,211089563000030;48,856844064000029;08210625216100922560;1
183213;08;1;19;085;2021;06;17;2;3;4;3;1;1;0;0;0;0;0;528006,777000001631677;5412466,514999527484179;9,381872676000057;48,864528374000031;08210621119500965170;0
183214;08;1;35;019;2021;06;10;6;3;4;2;1;0;0;0;1;0;0;583865,509896757081151;5392910,038175338879228;10,139413767000065;48,683596542000032;08210611135010894220;0
183215;08;4;15;050;2021;06;12;3;3;6;7;0;1;1;0;0;0;0;521209,570563406683505;5376256,788241282105446;9,287333973000045;48,539056448000053;08210615415100891030;0
183217;08;3;11;000;2021;06;07;3;3;3;6;1;1;0;0;0;0;0;409403,230706576257944;5315525,903166338801384;7,785797577000039;47,986615695000069;08210622311010948650;0
183220;08;1;16;019;2021;06;17;2;3;0;1;1;0;0;0;0;0;0;522997,678000001236796;5397920,100999519228935;9,312760134000030;48,733877757000073;08210614116100889260;0
183221;08;2;31;000;2021;06;10;1;2;0;1;1;0;0;0;0;0;0;480991,675532769411802;5417540,593543825671077;8,740583680000043;48,910514327000044;08210613231000897100;0
183223;08;2;26;096;2021;06;11;3;3;6;7;0;1;1;0;0;0;0;477340,267621768638492;5487706,262040581554174;8,686787583000068;49,541540775000044;08210608226600903420;0
183224;08;3;36;050;2021;06;14;2;3;6;7;0;1;1;0;0;0;0;398897,389234162867069;5273082,670531667768955;7,654924578000021;47,603263953000067;08210628311010932850;0
183226;08;2;12;000;2021;06;12;3;3;1;5;1;1;0;0;0;0;0;455364,649495686404407;5429042,562216624617577;8,389591979000045;49,012659521000046;08210615212302894560;0
183227;08;2;15;007;2021;06;08;3;3;5;3;1;0;0;0;0;0;1;477762,064000000245869;5431660,485999533906579;8,695736121000039;49,037422691000074;08210629215302962310;0
183229;08;2;16;043;2021;06;11;3;3;5;3;1;1;0;0;0;0;0;442135,326238378882408;5411791,400699572637677;8,211139999000068;48,856388860000038;08210622216100947930;1
183231;08;3;11;000;2021;06;22;6;3;0;7;1;1;0;0;0;2;0;414040,280765263363719;5317325,488312905654311;7,847570756000039;48,003443686000026;08210618311010929100;0
183232;08;2;12;000;2021;06;14;2;3;1;5;1;1;0;0;0;0;0;455631,290939928963780;5426149,793140955269337;8,393554208000069;48,986657970000067;08210614212010936040;0
183233;08;1;15;021;2021;06;10;1;2;2;6;1;0;0;0;0;0;0;494305,060061383061111;5380425,517541579902172;8,922791003000043;48,576892295000050;08210613118000900460;0
183235;08;1;11;000;2021;06;08;2;3;0;7;1;0;0;0;0;0;0;511083,581038141623139;5397540,350243188440800;9,150723397000036;48,730787370000030;08210628111230959570;0
183237;08;3;11;000;2021;06;13;6;3;5;3;1;1;0;0;0;0;0;415241,750656872987747;5319583,434404686093330;7,863228705000040;48,023915247000048;08210611311200913170;0
183239;08;2;25;058;2021;06;16;7;3;0;1;1;0;0;0;0;0;0;507506,970972913317382;5465565,543271565809846;9,103345866000041;49,342764376000048;08210626225100955920;0
183243;08;1;25;026;2021;06;12;2;2;0;7;1;0;0;0;0;0;0;493423,459247982129455;5443086,320613114163280;8,909831923000070;49,140569411000058;08210614121100891130;0
183244;08;2;15;017;2021;06;15;7;3;5;7;1;1;0;0;0;0;0;456277,659236372448504;5420973,652117850258946;8,402944559000048;48,940143726000031;08210612212702884260;0
183245;08;3;17;057;2021;06;16;3;3;0;4;0;1;1;0;0;0;0;415055,106515298597515;5380992,924288701266050;7,848366628000065;48,576263607000044;08210622317200948730;0
183246;08;4;16;041;2021;06;15;5;3;8;1;1;0;0;0;0;0;0;504325,654999999329448;5373573,392999511212111;9,058573786000068;48,515259314000048;08210617416200899800;0
183247;08;4;21;000;2021;06;10;7;3;3;2;1;1;0;0;0;0;0;571576,594839356839657;5362187,698169589042664;9,967200464000030;48,408778175000066;08210619421300952210;0
183248;08;4;16;023;2021;06;11;5;3;0;1;1;0;0;0;0;0;0;508600,929654793813825;5374450,921379070729017;9,116483375000030;48,523109856000076;08210610416200891770;0