OID_;ULAND;UREGBEZ;UKREIS;UGEMEINDE;UJAHR;UMONAT;USTUNDE;UWOCHENTAG;UKATEGORIE;UART;UTYP1;IstRad;IstPKW;IstFuss;IstKrad;IstSonstige;ULICHTVERH;IstGkfz;LINREFX;LINREFY;XGCSWGS84;YGCSWGS84;UIDENTSTLAE;IstStrassenzustand
183249;08;3;11;000;2021;06;14;6;3;5;3;1;0;0;0;0;0;0;414738,586862920783460;5317223,059754978865385;7,856951101000050;48,002615830000082;08210625311010953400;0
183252;08;3;35;026;2021;06;13;3;2;0;1;1;0;0;0;0;0;0;483749,189254537224770;5281302,927472811192274;8,783462784000051;47,684909774000062;08210615335300169980;0
183254;08;4;16;041;2021;06;07;2;3;5;3;1;0;0;0;0;0;0;504291,499968355521560;5372784,723162690177560;9,058103179000057;48,508164376000082;08210628416200933670;0
183255;08;2;21;000;2021;06;12;4;3;6;1;0;0;1;0;1;0;0;477572,115378306247294;5472731,279397407546639;8,690841188000036;49,406853286000057;08210616221011968890;0
183256;08;4;36;082;2021;06;07;4;3;0;1;1;0;0;0;1;0;0;547553,185420310124755;5294342,054068028926849;9,635039552000023;47,800678239000035;08210609436000944390;1
183257;08;1;15;029;2021;06;10;7;3;5;3;1;0;0;0;1;0;0;497270,454344278201461;5398811,913964990526438;8,962872970000035;48,742318987000033;08210612115400911400;0
183258;08;4;16;011;2021;06;18;5;3;5;3;1;1;0;0;0;0;0;504404,840435017831624;5366250,375606045126915;9,059568844000069;48,449377794000043;08210610416200878170;0
183259;08;3;17;151;2021;06;14;4;3;0;7;1;0;0;0;0;0;0;412146,672586818225682;5364360,830707436427474;7,812444608000021;48,426265856000043;08210623216100932360;0
183260;08;3;11;000;2021;06;15;6;3;0;7;1;1;0;0;0;0;0;414757,989634760655463;5315934,698083288967609;7,857467096000050;47,991029088000062;08210611311010964970;0
183261;08;2;15;009;2021;06;21;6;3;6;3;0;1;1;0;0;0;0;469945,901005138643086;5441781,163543131202459;8,588043996000067;49,128129266000030;08210618215402913730;0
183263;08;3;11;000;2021;06;14;5;3;0;7;1;0;0;0;0;0;0;412091,623807718046010;5317171,302245171740651;7,821483111000020;48,001791711000067;08210610311010907800;0
183264;08;3;11;000;2021;06;13;6;3;3;2;1;0;0;0;0;0;0;413756,844374559819698;5317226,819344082847238;7,843791469000053;48,002517944000033;08210625311010935880;0
183267;08;3;37;002;2021;06;18;3;3;2;6;1;1;0;0;0;0;0;433244,300925394520164;5270563,899242145940661;8,112190277000025;47,585051069000031;08210615337100898570;0
183268;08;1;16;071;2021;06;09;4;3;5;2;1;1;0;0;0;0;0;527741,845190417952836;5392343,231028541922569;9,376902902000040;48,683515739000029;08210609116010876380;0
183269;08;3;35;043;2021;06;12;3;3;0;1;1;0;0;0;0;0;0;512959,128119342029095;5278331,843026742339134;9,172588594000047;47,658251342000028;08210622335100958580;1
183270;08;1;35;020;2021;06;13;5;3;0;1;1;0;0;0;0;0;0;583130,017509236000478;5387608,591205725446343;10,128358348000063;48,636011586000052;08210617135010912390;0
183271;08;3;16;043;2021;06;20;7;3;0;1;1;0;0;0;0;0;0;411655,992999983951449;5331358,549999503418803;7,812712528000077;48,129348142000026;08210619316100906020;0
183273;08;2;26;076;2021;06;19;3;3;5;3;1;1;0;0;0;0;0;475246,687669803388417;5466202,583166731521487;8,659193035000044;49,348038391000046;08210608226700885140;1
183274;08;1;35;031;2021;06;19;2;3;0;1;1;0;0;0;0;0;0;595498,225561541505158;5377745,111219611018896;10,293927978000056;48,545533112000044;08210628135100934290;0
183275;08;4;36;052;2021;06;13;4;2;4;1;1;1;0;0;0;0;0;564401,020412206649780;5294802,277825990691781;9,860076187000061;47,803353560000062;08210623436300918490;0
183276;08;2;12;000;2021;06;12;3;3;5;3;1;1;0;0;0;0;0;455989,647821653634310;5428225,103117382153869;8,398227232000067;49,005351287000053;08210615212010925460;0
183279;08;4;26;019;2021;06;01;4;3;8;1;1;0;0;0;0;2;0;580722,971861281432211;5321082,923649160191417;10,082943320000027;48,037926679000066;08210616426100919440;0
183280;08;3;27;050;2021;06;12;6;3;5;3;0;1;1;0;0;0;0;486474,258572184480727;5314372,030870385468006;8,818740096000056;47,982508643000074;08210618327100935190;0
183281;08;3;11;000;2021;06;01;7;3;0;7;1;0;0;0;0;2;0;413816,822691993787885;5316461,674920752644539;7,844749081000032;47,995643286000075;08210612311010909080;0
183284;08;1;25;006;2021;06;17;4;3;5;3;1;1;0;0;0;0;0;507515,877079574391246;5454522,397803544998169;9,103260774000034;49,243429595000066;08210623121100949890;0
183285;08;3;26;074;2021;06;17;6;3;5;3;1;0;0;1;0;0;0;458632,011868211440742;5323879,412322150543332;8,444717236000031;48,066849242000046;08210611326400908960;0
183286;08;4;36;082;2021;06;09;2;2;4;2;1;1;0;0;0;0;0;547177,272409308701754;5295708,075679350644350;9,630168458000071;47,812995924000063;08210614436400902240;0
183287;08;1;25;110;2021;06;16;7;2;5;3;1;0;0;0;0;0;0;524734,650776203721762;5443860,243138087913394;9,339170603000071;49,147068226000044;08210626121600956660;0
183288;08;3;27;050;2021;06;19;2;3;6;4;0;1;1;0;0;0;0;486618,599397365935147;5314699,042634926736355;8,820664222000062;47,985453859000074;08210621327100943110;1
183290;08;2;22;000;2021;06;18;5;3;6;4;0;1;1;0;0;0;0;463369,952252119779587;5484461,690515264868736;8,493991683000047;49,511673891000044;08210610222014877050;0
183292;08;2;21;000;2021;06;10;6;3;6;6;0;1;1;0;0;0;0;477199,488631636835635;5475283,335933705791831;8,685558141000058;49,429794744000048;08210618221300900740;0
183294;08;3;36;050;2021;06;15;5;3;0;1;1;0;0;0;0;0;0;399661,205942517146468;5274400,135706132277846;7,664781941000058;47,615233712000077;08210624311010919530;0
183297;08;3;35;063;2021;06;16;4;3;5;2;1;1;0;0;0;0;0;498327,073066829703748;5287552,159033820033073;8,977684673000056;47,741340247000039;08210609335200874640;0
183299;08;1;18;067;2021;06;17;2;3;5;3;1;1;0;0;0;0;0;505550,622613687999547;5414765,870725063607097;9,075714847000029;48,885820440000032;08210614118200891570;0
183300;08;4;35;016;2021;06;20;6;3;5;3;1;1;0;0;0;0;0;535016,314000001177192;5277786,602999487891793;9,466293813000050;47,652527675000044;08210611435100909360;0
183302;08;1;36;082;2021;06;18;3;3;0;1;1;0;0;0;0;0;0;588391,737398404628038;5414943,293327871710062;10,205631956000047;48,881138481000050;08210622136100949820;0
183305;08;3;36;091;2021;06;15;7;3;0;7;1;0;0;0;0;0;0;395549,721999963745475;5274465,145999481901526;7,610070801000063;47,615168724000057;08210612336400884030;0
183306;08;4;35;029;2021;06;13;3;3;5;2;1;1;0;0;0;0;0;544846,360193647444248;5275616,636410010978580;9,596966359000021;47,632397257000036;08210608435100874100;0
183307;08;2;26;096;2021;06;13;2;2;5;3;1;0;0;0;1;0;0;474840,103652368299663;5488350,154817191883922;8,652188786000067;49,547233634000065;08210628222014933250;0
183308;08;4;26;070;2021;06;07;4;3;0;1;1;0;0;0;0;0;0;565798,282609292306006;5341283,691396979615092;9,885867950000033;48,221363677000056;08210623426200917000;0
183309;08;3;35;100;2021;06;15;2;3;8;7;1;0;0;0;0;0;0;486482,428452163003385;5286162,297259161248803;8,819731484000044;47,728695409000068;08210614335300169660;0
183310;08;4;26;021;2021;06;07;6;3;5;3;1;1;0;0;0;0;0;559844,597320022061467;5329726,793574547395110;9,804092761000049;48,117987101000040;08210625426100950600;0
183311;08;3;11;000;2021;06;07;2;3;2;6;1;0;0;0;0;0;0;415193,539802136830986;5318037,744523406028748;7,862888047000069;48,010004771000069;08210621311010929760;0
183322;08;2;21;000;2021;06;09;3;3;6;2;0;1;1;0;0;0;0;477222,984854320064187;5470820,551679149270058;8,686138193000033;49,389653595000027;08210615221400919430;0
183324;08;1;11;000;2021;06;23;7;3;0;7;1;0;0;0;0;2;0;515982,066179766319692;5405720,143306866288185;9,217654271000072;48,804265720000046;08210626111320940630;0
183325;08;2;21;000;2021;06;12;2;3;1;5;1;1;0;0;0;0;0;476818,620168088935316;5469762,464221643283963;8,680627928000035;49,380120971000053;08210621221011951500;0
183329;08;2;26;006;2021;06;13;2;2;0;7;1;0;0;0;0;0;0;484222,129626197740436;5466149,796554228290915;8,782769030000054;49,347861860000080;08210607226300954140;0
183330;08;4;35;013;2021;06;11;1;3;4;6;1;0;0;0;0;0;0;540367,906000000424683;5275920,380999490618706;9,537382885000056;47,635424864000072;08210627435100953860;0
183333;08;1;19;067;2021;06;12;3;2;7;1;1;0;0;0;0;0;0;539078,826745714992285;5405504,131054993718863;9,532170574000077;48,801299525000047;08210615119300922700;0
183339;08;2;26;038;2021;06;12;6;3;8;7;1;0;0;0;0;0;0;472602,394735303707421;5479958,464737946167588;8,621837602000028;49,471656438000082;08210618222400950470;0
183340;08;2;26;063;2021;06;21;1;3;0;7;1;0;0;0;0;2;0;471191,718000001274049;5471372,538999548181891;8,602990649000049;49,394363127000076;08210620226400943050;1
183341;08;3;16;009;2021;06;17;5;2;0;6;1;0;0;0;1;0;0;417148,139135155826807;5324606,176554325968027;7,887819597000032;48,069347042000061;08210624316200951320;0
183342;08;3;11;000;2021;06;01;1;3;0;7;1;0;0;0;0;2;0;408765,360005921684206;5318844,281732505187392;7,776544977000071;48,016374275000032;08210613311010910490;0
183343;08;3;35;075;2021;06;20;3;3;8;1;1;0;0;0;0;0;0;488878,599984158761799;5288885,807007949799299;8,851616767000053;47,753246110000077;08210615335300169730;0
183345;08;2;26;032;2021;06;08;2;3;5;3;1;1;0;0;0;0;0;466979,426279702223837;5463230,781704235821962;8,545617677000052;49,320915974000059;08210628226200959650;0
183347;08;1;11;000;2021;06;11;1;3;0;7;1;0;0;0;0;0;0;514005,198327097110450;5402830,869671795517206;9,190633662000039;48,778321811000069;08210627111120945100;0
183348;08;2;22;000;2021;06;12;3;2;8;7;1;0;0;0;0;0;0;466277,034196022897959;5480359,735152838751674;8,534498753000037;49,474947323000038;08210622222700959470;1
183349;08;2;36;028;2021;06;08;2;2;5;3;1;1;0;0;0;0;0;493954,377575025893748;5422930,429640173912048;8,917411961000028;48,959261965000053;08210614231102920670;0
183351;08;4;16;025;2021;06;19;6;2;4;6;1;1;0;0;0;0;0;503027,618463174439967;5360111,422782201319933;9,040899662000072;48,394156705000057;08210618416010962960;0
183352;08;2;15;017;2021;06;12;1;3;5;3;1;1;0;0;0;0;0;456778,241158689372241;5421054,212570752948523;8,409771386000045;48,940903565000042;08210613212702885710;0
183353;08;3;11;000;2021;06;07;2;2;5;2;1;1;0;0;0;0;0;413895,927272965200245;5317143,346742454916239;7,845672429000047;48,001785829000028;08210607311200870790;0
183354;08;1;11;000;2021;06;08;2;3;0;1;1;0;0;0;0;0;0;508196,756000000052154;5397619,192999521270394;9,111467701000038;48,731541303000029;08210628111500934530;0
183355;08;3;11;000;2021;06;20;4;3;5;2;1;0;0;0;0;1;0;413340,400599772110581;5317065,348396334797144;7,838242269000034;48,001009137000040;08210623311010948460;0
183357;08;1;11;000;2021;06;19;3;3;2;6;1;0;0;0;1;0;0;514175,733241197653115;5409116,314050776883960;9,193171961000075;48,834860980000030;08210629111500938510;0
183358;08;1;15;003;2021;06;11;7;3;5;3;1;1;0;0;0;0;0;501640,688463149592280;5391817,270302593708038;9,022288686000024;48,679398508000077;08210626118000957090;0
183360;08;2;22;000;2021;06;09;4;3;3;6;1;0;0;0;1;0;0;460161,800771011970937;5487888,679308172315359;8,449330163000070;49,542295212000056;08210616222800267730;0
183362;08;1;15;045;2021;06;17;6;2;4;6;1;1;0;0;0;0;0;501374,625828542746603;5394613,404981132596731;9,018683541000030;48,704553455000053;08210611115400928450;0
183363;08;2;37;028;2021;06;12;4;3;5;2;1;1;0;0;0;0;0;456849,048336126841605;5368071,996143272146583;8,416276010000047;48,464301092000028;08210623237100918390;0
183364;08;1;19;091;2021;06;07;6;2;0;7;1;0;0;0;0;0;0;528272,050203912891448;5406768,968144644051790;9,385096494000038;48,813263113000062;08210618119400901210;0
183365;08;1;16;078;2021;06;13;1;3;8;1;1;0;0;0;0;0;0;509514,596607675775886;5394482,662128401920199;9,129316630000062;48,703306226000052;08210620116200957360;0
183372;08;1;11;000;2021;06;08;4;3;0;6;1;1;0;0;0;0;0;512331,214929875917733;5409540,087959084659815;9,168049681000070;48,838712555000029;08210623111330949850;0
183373;08;2;25;058;2021;06;15;7;3;6;4;0;1;1;0;0;0;0;508821,893755590543151;5467176,942317062988877;9,121483599000044;49,357241386000055;08210612225100914110;0
183375;08;4;35;034;2021;06;17;1;2;0;1;1;0;0;0;0;0;0;529214,350042430683970;5284811,079575465992093;9,389504352000074;47,716018224000038;08210627435200934600;0
183377;08;1;19;067;2021;06;11;6;3;5;3;1;1;0;0;0;0;0;538177,639506655745208;5405925,865955160930753;9,519938068000044;48,805149267000047;08210611119300907470;0
183380;08;2;12;000;2021;06;12;6;3;5;3;1;0;0;0;1;0;0;453261,979392168112099;5427262,610144633799791;8,361043752000057;48,996493074000057;08210625212010938860;0
183383;08;3;26;006;2021;06;12;4;2;6;4;0;1;1;0;0;0;0;458935,850261237472296;5308747,406872749328613;8,450243742000055;47,930729655000050;08210609326100903330;0
183384;08;1;17;026;2021;06;17;4;3;5;3;1;1;0;0;0;0;0;546596,902403028681874;5392876,175360623747110;9,633116275000077;48,687187058000063;08210623117300938450;0
183385;08;4;17;079;2021;06;14;6;3;0;6;1;1;0;0;0;0;0;500990,456321869976819;5339957,135951658710837;9,013332628000057;48,212840930000027;08210611417100882040;0
183386;08;3;16;056;2021;06;16;5;2;5;3;1;1;0;0;0;0;0;423207,960416566580534;5327390,790332000702620;7,968650118000028;48,095154818000026;08210617316200945130;0
183387;08;2;26;085;2021;06;04;7;2;1;5;1;1;0;0;0;2;0;484225,326260959729552;5455191,167648363858461;8,783245764000071;49,249288151000030;08210619226500904290;0
183388;08;2;36;040;2021;06;13;5;3;5;3;1;1;0;0;0;0;0;488300,399252409115434;5420831,900593938305974;8,840234615000043;48,940303158000063;08210624231102963520;0
183390;08;1;11;000;2021;06;18;4;3;4;6;1;0;0;0;0;0;0;513106,323553849011660;5408537,823668431490660;9,178580754000052;48,829680472000064;08210616111500897560;0
183392;08;2;16;017;2021;06;14;2;3;0;6;1;1;0;0;0;0;0;451019,331860885024071;5401753,280057700350881;8,333442950000062;48,766857952000066;08210628216300950140;0
183394;08;2;15;084;2021;06;18;3;3;6;3;0;1;1;0;0;0;0;476432,634119656868279;5447199,867352124303579;8,676639830000056;49,177154784000038;08210615215202894780;0
183397;08;2;26;107;2021;06;15;2;3;0;5;0;1;1;0;0;0;0;475059,386619246564806;5484491,218641465529799;8,655464136000035;49,512533024000049;08210614226600888940;0
183398;08;3;17;001;2021;06;13;4;2;5;3;1;1;0;0;0;0;0;431294,708999996073544;5386261,850999515503645;8,067627819000052;48,625649239000040;08210616317100913180;0
183400;08;3;15;068;2021;06;17;7;3;0;1;1;0;0;0;0;0;0;439682,606819785200059;5302772,311070336028934;8,193344138000043;47,875451992000080;08210612311500881610;1
183401;08;2;21;000;2021;06;18;2;3;0;7;1;1;0;0;0;0;0;476712,371296261437237;5472950,188826875761151;8,678977337000049;49,408790048000071;08210607221200901720;0
183402;08;3;15;006;2021;06;22;1;3;5;3;1;1;0;0;0;2;0;403376,466746826656163;5308379,773899905383587;7,706651234000049;47,921454445000052;08210627311400954930;1
183403;08;3;37;116;2021;06;15;4;3;1;5;1;1;0;0;0;0;0;417729,185847331769764;5275607,522687461227179;7,904937220000022;47,628641864000031;08210623337101921950;0
183406;08;3;36;069;2021;06;08;2;3;1;5;1;1;0;0;0;0;0;409289,249560326337814;5268684,561513464897871;7,794054284000026;47,565236921000064;08210621336200909770;1
183407;08;3;11;000;2021;06;12;4;2;4;2;1;1;0;0;0;0;0;414521,317840166389942;5315641,942284883931279;7,854353838000065;47,988364039000032;08210616311010895970;0
183408;08;1;15;028;2021;06;17;5;2;4;2;1;1;0;0;0;0;0;501827,151948804035783;5403740,164441710337996;9,024874640000064;48,786656755000081;08210610118000888820;0
183410;08;1;11;000;2021;06;18;6;3;3;2;1;1;0;0;0;0;0;509081,901226884685457;5406842,894618226215243;9,123708453000063;48,814505003000079;08210611111500880440;0
183411;08;2;26;076;2021;06;10;4;3;6;4;0;1;1;0;0;0;0;475209,197215045802295;5465601,803976863622665;8,658714250000060;49,342632909000031;08210623226700933840;0
183412;08;2;21;000;2021;06;13;6;3;5;2;1;1;0;0;0;0;0;477489,902211681939662;5474246,061714097857475;8,689622032000045;49,420475471000032;08210611221011879660;0
183413;08;1;18;071;2021;06;16;6;3;0;1;1;0;0;0;0;0;0;509767,099756637588143;5419087,147985078394413;9,133334152000032;48,924641423000025;08210618118100903220;0
183415;08;3;17;065;2021;06;14;5;2;5;3;1;1;0;0;0;0;0;415621,362536560744047;5354378,559886194765568;7,861408260000076;48,336952374000077;08210610317000883580;0
183416;08;3;11;000;2021;06;07;6;3;1;5;1;0;0;0;0;0;1;411028,659235049039125;5316720,525918647646904;7,807329455000058;47,997589806000065;08210625311010944870;1
183417;08;2;15;102;2021;06;15;2;3;0;6;1;1;0;0;0;0;0;455653,695160672999918;5438808,830016849562526;8,392474891000063;49,100528161000057;08210621215102912600;0
183418;08;4;16;041;2021;06;18;3;3;0;2;1;1;0;0;0;0;0;503328,677504202350974;5376814,101710099726915;9,045099579000066;48,544419946000062;08210615416200927190;0
183419;08;1;19;055;2021;06;14;4;3;0;1;1;0;0;0;0;0;0;544985,485050052404404;5403703,719434300437570;9,612405070000023;48,784704650000037;08210609119300886750;0
183424;08;3;11;000;2021;06;14;7;3;5;3;1;0;0;0;0;0;0;413424,765606658533216;5315265,950556820258498;7,839735980000057;47,984834354000043;08210619311010931820;0
183425;08;3;37;106;2021;06;17;1;3;4;6;1;0;0;0;0;0;0;457585,007060659117997;5285597,598397318273783;8,434427147000065;47,722362378000071;08210613337200885460;0
183427;08;2;35;085;2021;06;18;2;3;4;6;1;1;0;0;0;1;0;480639,109749387018383;5396011,037177020683885;8,736787910000032;48,716827534000060;08210628235100937490;1
183429;08;4;35;029;2021;06;14;6;2;0;7;1;0;0;0;0;0;0;544622,192048647440970;5270804,721489500254393;9,593492510000033;47,589118423000059;08210611435100879190;0
183430;08;2;22;000;2021;06;15;3;3;5;3;1;1;0;0;0;0;0;462860,083936548791826;5479236,011430652812123;8,487439607000056;49,464640546000055;08210615222500894140;0
183432;08;2;12;000;2021;06;14;3;3;1;5;1;1;0;0;0;0;0;456550,378760371357203;5427781,992861770093441;8,405941329000029;49,001405184000077;08210622212402916030;0
183435;08;1;36;065;2021;06;21;2;3;0;7;1;0;0;0;0;0;0;557298,378683559596539;5404118,470859866589308;9,780068664000055;48,787422956000057;08210614136300903050;0
183437;08;2;15;066;2021;06;19;5;3;6;6;0;0;1;0;1;0;0;461009,062147008255124;5453282,663001896813512;8,464435204000040;49,231082549000064;08210617215502897640;0
183438;08;1;18;048;2021;06;12;7;2;6;4;0;1;1;0;0;0;0;512893,688611766323447;5417221,920526225119829;9,175957202000063;48,907805148000079;08210619118400917460;0
183439;08;1;11;000;2021;06;20;6;3;1;1;1;1;0;0;0;0;0;514991,852166160009801;5406711,853868702426553;9,204205201000036;48,813211682000031;08210625111500951100;0
183440;08;4;17;002;2021;06;19;1;3;5;3;1;1;0;0;0;0;0;488866,398863666690886;5346294,745384471490979;8,849963141000046;48,269762080000078;08210613417010886450;0
183443;08;2;22;000;2021;06;07;2;1;5;3;1;0;0;0;1;0;0;466644,009901264682412;5484360,107167242094874;8,539226557000063;49,510949159000063;08210628222014940290;0
183445;08;1;35;015;2021;06;15;3;2;5;3;1;1;0;0;0;0;0;575309,170180957764387;5385847,385514974594116;10,021901313000058;48,621160922000058;08210615135010900220;0
183447;08;2;12;000;2021;06;21;3;3;1;1;1;1;0;0;0;2;0;455758,714187445119023;5426271,097441012039781;8,395282564000070;48,987758260000078;08210622212402925910;0
183448;08;3;35;075;2021;06;07;4;3;5;2;1;1;0;0;0;0;0;489298,104260812513530;5288916,752966262400150;8,857213070000057;47,753531647000045;08210616335300169880;0
183452;08;3;35;098;2021;06;13;1;2;0;7;1;0;0;0;0;0;0;504108,813000000081956;5295776,602999495342374;9,054885651000063;47,815329030000044;08210627335400929280;0
183453;08;1;25;065;2021;06;15;5;3;6;5;0;1;1;0;0;0;0;518678,228182931430638;5451013,783976946026087;9,256455990000063;49,211630153000044;08210624121500939410;1
183454;08;1;11;000;2021;06;18;3;3;4;6;1;0;0;0;0;0;0;509343,504046094603837;5397813,053831120952964;9,127066687000024;48,733269137000036;08210615111500907760;0
183456;08;3;11;000;2021;06;19;2;3;0;7;1;0;0;0;0;0;0;413678,569299669936299;5316673,745618596673012;7,842853581000043;47,997532287000070;08210621311010927470;1
183457;08;2;25;014;2021;06;11;4;3;4;2;1;1;0;0;0;0;0;522372,711703239008784;5486365,829661317169666;9,309169093000037;49,529494728000032;08210616225200923150;0
183458;08;1;11;000;2021;06;07;5;3;3;6;1;0;0;0;0;0;1;514570,897767790593207;5405389,623216621577740;9,198424450000061;48,801327089000040;08210610111120924590;0
183459;08;1;27;076;2021;06;16;2;3;0;3;1;1;0;0;0;0;0;554282,792582713998854;5440259,334710597991943;9,743834756000069;49,112778403000050;08210614127100889330;0
183460;08;3;27;049;2021;06;19;5;2;0;1;1;0;0;0;0;0;0;472804,209845970384777;5323963,433720219880342;8,634940347000054;48,068367009000042;08210610327200902950;0
183461;08;1;36;065;2021;06;14;4;3;5;3;1;1;0;0;0;0;0;559219,052434077486396;5404861,639989376068115;9,806321454000056;48,793927878000034;08210623136300932400;0
183462;08;3;11;000;2021;06;12;6;3;1;5;1;1;0;0;0;0;0;413224,594826105982065;5315258,058538984507322;7,837055498000041;47,984736236000060;08210611311010926310;0
183463;08;2;12;000;2021;06;07;6;3;0;4;0;0;1;0;1;0;0;453134,100973451510072;5428814,003643017262220;8,359116590000042;49,010438238000063;08210618212010939830;0
183464;08;1;25;026;2021;06;04;1;3;9;7;1;0;0;0;0;2;0;494882,258140747435391;5442698,167531520128250;8,929837788000043;49,137091708000071;08210620121100932610;0
183465;08;3;11;000;2021;06;12;5;3;5;3;1;1;0;0;0;0;0;411097,603999984450638;5318070,132999498397112;7,807973752000066;48,009739426000067;08210610311010907770;0
183467;08;1;19;008;2021;06;06;2;3;5;3;1;1;0;0;0;0;0;532478,495000000111759;5420317,764999527484179;9,443467193000060;48,934936282000081;08210621119100909950;0
183468;08;1;25;069;2021;06;13;6;2;8;1;1;0;0;0;0;0;0;524051,376756596378982;5453752,594553109258413;9,330393512000057;49,236078719000034;08210611121500880610;0
183469;08;4;16;041;2021;06;16;3;3;0;7;1;0;0;0;0;0;0;504154,091685891151428;5371545,703686865046620;9,056230461000041;48,497018594000053;08210615416200926850;0
183471;08;2;12;000;2021;06;15;1;3;1;5;1;0;0;0;1;0;0;455971,590023333206773;5428011,436850734055042;8,398003502000051;49,003428047000057;08210627212402948800;0
183475;08;2;22;000;2021;06;09;7;3;0;7;1;1;0;0;0;0;0;462699,060649204999208;5485760,489604786038399;8,484601608000048;49,523314962000029;08210619222800921030;0
183476;08;3;11;000;2021;06;21;1;3;0;3;1;1;0;0;0;0;0;412704,090136915445328;5316575,340783538296819;7,829813427000033;47,996514788000070;08210613311010887030;0
183477;08;1;11;000;2021;06;14;4;3;0;7;1;0;0;0;0;0;0;511730,698344462551177;5399031,770709300413728;9,159565839000038;48,744192332000068;08210609111230877750;0
183478;08;1;21;000;2021;06;08;2;3;5;3;1;1;0;0;0;0;0;515420,358951395377517;5441911,566966438665986;9,211376250000058;49,129843745000073;08210628121200933530;0
183480;08;2;26;038;2021;06;11;3;3;6;4;0;1;1;0;0;0;0;471504,930123236030340;5479896,339899590238929;8,606694411000035;49,471047132000081;08210615222400894540;0
183482;08;3;17;034;2021;06;07;2;3;0;7;1;0;0;0;0;0;0;426821,904568203724921;5360626,095851164311171;8,011434340000051;48,394547298000077;08210621317500907810;0
183483;08;1;21;000;2021;06;12;5;3;5;2;1;1;0;0;0;0;0;515070,597000001929700;5441014,854999534785748;9,206548378000036;49,121786175000068;08210617121200896870;0
183484;08;4;35;016;2021;06;07;6;3;5;3;1;1;0;0;0;1;0;537541,569383394904435;5278556,118779666721821;9,499986124000031;47,659309713000027;08210618435100934040;0
183485;08;3;36;050;2021;06;07;7;3;5;3;1;0;0;0;0;0;0;400982,379520343616605;5276517,238806858658791;7,681879342000059;47,634481149000067;08210612336100901300;0
183486;08;2;16;023;2021;06;18;3;2;0;7;1;0;0;0;0;0;0;436931,206276908516884;5407975,704704701900482;8,140788316000055;48,821560021000039;08210608216100885350;0
183487;08;3;27;007;2021;06;18;1;3;8;1;1;0;0;0;0;0;0;487544,191645190119743;5329439,665691345930099;8,832639654000047;48,118094936000034;08210627327200949740;0
183488;08;2;21;000;2021;06;14;4;2;6;6;1;0;1;0;0;0;0;479332,746415872126818;5473847,111465759575367;8,715052315000037;49,416952382000034;08210623221011936660;0
183491;08;1;25;058;2021;06;14;6;3;3;6;1;1;0;0;0;0;0;508440,111199410632253;5443209,594700619578362;9,115721210000061;49,141655528000058;08210625121400953540;0
183493;08;2;12;000;2021;06;10;4;2;1;5;1;1;0;0;0;0;0;463321,905648257583380;5429224,399226343259215;8,498389677000034;49,014819520000060;08210616212010908680;0
183494;08;2;12;000;2021;06;17;5;3;5;2;1;1;0;0;0;0;0;456909,800136378034949;5427298,884281560778618;8,410906445000023;48,997084750000056;08210610212010878770;0
183495;08;1;11;000;2021;06;07;4;3;5;7;1;1;0;0;0;0;0;517057,679502503946424;5399053,478329762816429;9,232026028000064;48,744264502000078;08210623111230917350;1
183496;08;1;11;000;2021;06;16;6;3;6;7;0;1;1;0;0;0;0;514846,928342481143773;5395254,333111040294170;9,201817823000056;48,710144059000072;08210618111210903250;0
183497;08;1;15;045;2021;06;17;1;3;0;7;1;0;0;0;0;0;0;500239,040796763263643;5395437,529042653739452;9,003249455000059;48,711968805000026;08210620115400940700;0
183500;08;1;18;048;2021;06;12;4;2;2;6;1;0;0;0;0;0;0;514945,726207045838237;5415624,338142964988947;9,203902246000041;48,893387627000038;08210623118000953300;0
183501;08;3;27;050;2021;06;16;6;3;6;4;0;1;1;0;0;0;0;486617,385168698616326;5314568,778938265517354;8,820652009000071;47,984281829000054;08210611327100913150;0
183502;08;3;27;049;2021;06;18;2;3;1;5;1;1;0;0;0;0;0;471805,884172399528325;5325145,052297215908766;8,621461767000028;48,078954527000064;08210614327200918810;0
183503;08;2;21;000;2021;06;22;7;3;2;6;1;0;0;0;0;2;0;475386,305000000633299;5474004,435999548062682;8,660632316000033;49,418220608000070;08210626221200932790;0
183504;08;3;35;043;2021;06;18;2;3;5;3;1;1;0;0;0;0;0;512017,203999999910593;5280329,885999489575624;9,160099146000050;47,676247270000033;08210621335100948310;0
183505;08;2;22;000;2021;06;20;4;3;5;2;1;1;0;0;0;0;0;461564,768488466739655;5481779,237621804699302;8,469316909000042;49,487434961000076;08210616222200916490;0
183507;08;2;25;058;2021;06;17;7;3;5;1;1;1;0;0;0;0;0;507605,898082476109266;5466285,986263936385512;9,104721512000026;49,349243578000028;08210612225100930920;0
183509;08;4;35;029;2021;06;09;5;2;6;4;0;1;1;0;0;0;0;545041,535000001080334;5271309,922999490052462;9,599121498000045;47,593634900000040;08210617435100908590;0
183510;08;4;37;100;2021;06;14;7;3;0;7;1;0;0;0;0;0;0;534299,438000000081956;5321554,362999500706792;9,460218615000031;48,046350560000064;08210619437100902770;0
183511;08;3;35;075;2021;06;09;5;3;0;7;1;0;0;0;0;0;0;488840,781668467447162;5287800,433911152184010;8,851140040000075;47,743479754000077;08210610335300169520;0