OID_;ULAND;UREGBEZ;UKREIS;UGEMEINDE;UJAHR;UMONAT;USTUNDE;UWOCHENTAG;UKATEGORIE;UART;UTYP1;IstRad;IstPKW;IstFuss;IstKrad;IstSonstige;ULICHTVERH;IstGkfz;LINREFX;LINREFY;XGCSWGS84;YGCSWGS84;UIDENTSTLAE;IstStrassenzustand
183513;08;1;15;052;2021;06;19;2;2;1;1;1;1;0;0;0;1;0;493733,212661805562675;5408834,321836471557617;8,914606930000048;48,832454422000069;08210621118000934740;0
183514;08;2;36;072;2021;06;22;1;2;0;1;1;0;0;0;0;2;0;466713,226456145755947;5413455,226210409775376;8,546056248000070;48,873161466000056;08210613231000947240;0
183517;08;1;11;000;2021;06;09;3;3;0;7;1;0;0;0;0;0;0;512279,882000000216067;5403061,139999523758888;9,167156274000035;48,780429755000057;08210629111110951910;0
183518;08;3;16;051;2021;06;12;7;3;5;3;1;0;0;0;1;0;0;399471,161999966949224;5335670,690999498590827;7,647982011000067;48,166325398000026;08210626316100927450;0
183519;08;1;15;003;2021;06;08;3;3;5;3;1;1;0;0;0;0;0;501458,836630657315254;5393433,092684995383024;9,019823941000027;48,693935071000055;08210622115100912940;0
183521;08;3;36;079;2021;06;07;5;3;9;1;1;0;0;0;0;0;0;420804,971978227607906;5292055,747678540647030;7,942882460000021;47,776995619000047;08210617311010896660;0
183522;08;1;19;084;2021;06;15;7;3;0;1;1;0;0;0;0;0;0;542440,382569334469736;5413974,179564412683249;9,578822737000053;48,877270657000054;08210619119300923470;0
183523;08;3;11;000;2021;06;14;7;3;5;3;1;0;0;1;0;0;0;411537,527098877355456;5315994,377951439470053;7,814299042000073;47,991128525000079;08210612311010914750;0
183524;08;2;25;014;2021;06;14;3;3;5;3;1;1;0;0;0;0;0;524560,068800973705947;5485992,720217732712626;9,339372473000026;49,526054034000026;08210608225200899250;0
183525;08;1;21;000;2021;06;09;2;3;5;3;1;1;0;0;0;0;0;512802,659000001847744;5440449,792999535799026;9,175447644000030;49,116754647000050;08210628121200951730;0
183527;08;3;11;000;2021;06;14;3;3;5;3;1;1;0;0;0;0;0;414024,090283898636699;5317902,501700088381767;7,847238076000053;48,008631949000062;08210615311010925520;0
183528;08;2;12;000;2021;06;12;3;3;1;5;1;1;0;0;0;0;0;453190,382594961673021;5429193,564705379307270;8,359842407000031;49,013856675000056;08210629212502942940;0
183529;08;4;16;041;2021;06;10;6;3;8;1;1;0;0;0;0;0;0;504438,126116836443543;5378434,670884527266026;9,060148544000072;48,558992227000033;08210625416200941820;1
183530;08;2;16;043;2021;06;05;2;3;4;6;1;0;0;0;0;1;0;440487,205294721759856;5411855,719148291274905;8,188664398000071;48,856811493000066;08210621216100918950;1
183532;08;3;36;069;2021;06;06;6;3;0;7;1;0;0;0;0;0;0;408230,272961048409343;5268401,552056517452002;7,780038208000065;47,562542145000066;08210618336200944570;0
183533;08;4;36;081;2021;06;18;6;3;0;3;1;0;0;0;0;0;0;561688,858183446340263;5281928,427001673728228;9,822033466000050;47,687797579000062;08210611436300898230;0
183534;08;2;15;009;2021;06;11;2;3;7;7;0;1;1;0;0;0;0;470320,662344984710217;5441332,496761184185743;8,593213784000056;49,124111636000066;08210607215402969240;1
183535;08;4;15;061;2021;06;15;1;3;3;2;1;1;0;0;0;0;0;513470,759998834691942;5372033,582767447456717;9,182357706000062;48,501277042000027;08210627416010949670;0
183536;08;2;21;000;2021;06;14;4;3;6;4;0;1;1;0;0;0;0;478539,060533157549798;5468541,472695350646973;8,704396123000038;49,369201309000061;08210623221400949210;0
183537;08;3;15;064;2021;06;18;6;3;5;2;1;0;0;0;0;0;0;421532,267906366847456;5314338,010111587122083;7,948540721000029;47,977532933000077;08210611311300880810;0
183538;08;2;26;105;2021;06;19;6;3;3;6;1;1;0;0;0;0;0;471226,966000000014901;5479054,425999550148845;8,602919093000025;49,463461287000030;08210618222400934650;0
183539;08;2;26;038;2021;06;12;1;3;0;2;1;0;0;0;0;0;0;472753,350126932375133;5478518,957036610692739;8,624020246000043;49,458715299000062;08210620222400927370;0
183541;08;3;35;075;2021;06;00;1;3;4;6;1;1;0;0;0;2;0;488428,183012503199279;5289847,594906417652965;8,845581661000040;47,761891905000027;08210620335010920770;0
183542;08;1;18;011;2021;06;13;4;3;6;4;0;1;1;0;0;0;0;502886,567234671674669;5409346,397962464019656;9,039336830000025;48,837085909000052;08210616118200898410;0
183545;08;2;22;000;2021;06;07;5;3;0;7;1;0;0;0;0;0;0;462623,515064751729369;5480682,945131300017238;8,484038229000021;49,477640498000028;08210617222700908280;0
183549;08;1;11;000;2021;06;20;4;3;5;2;1;1;0;0;0;0;0;514950,115633893758059;5409092,934900477528572;9,203723508000053;48,834632502000034;08210616111330904780;0
183553;08;3;17;001;2021;06;17;3;2;4;6;1;1;0;0;0;0;0;432696,220263027586043;5384674,985920909792185;8,086902117000022;48,611527663000061;08210615211000914040;0
183556;08;1;11;000;2021;06;20;5;3;5;2;1;1;0;0;0;1;0;512135,593050724826753;5401162,717389881610870;9,165136176000033;48,763354497000080;08210617111500948070;0
183559;08;1;36;089;2021;06;20;3;2;3;7;1;0;0;0;0;0;0;582777,976818423718214;5417874,519964013248682;10,129672270000071;48,908277096000063;08210608136200896750;0
183561;08;3;11;000;2021;06;09;4;3;0;7;1;1;0;0;0;0;0;413036,683722108602524;5316340,266865447163582;7,834318464000035;47,994445546000065;08210623311010944830;0
183562;08;2;36;038;2021;06;07;5;3;5;3;1;1;0;0;0;0;0;485788,967673570849001;5427266,468511324375868;8,805714868000052;48,998133442000039;08210624231100958450;0
183564;08;4;35;036;2021;06;10;3;3;8;1;1;0;0;0;0;0;0;521691,441547919996083;5281197,480834292247891;9,289025928000058;47,683801306000078;08210615435200890190;0
183565;08;2;26;036;2021;06;14;4;3;1;3;1;1;0;0;0;0;0;468241,271493022330105;5480196,999412192031741;8,561624672000050;49,473589512000046;08210609222400877780;0
183567;08;3;17;008;2021;06;21;7;3;0;7;1;0;0;0;0;1;0;440883,153999998234212;5363883,669999511912465;8,200907777000054;48,425326565000034;08210626317100944150;0
183569;08;3;16;011;2021;06;07;5;2;5;2;1;0;0;0;0;0;0;415376,757117880508304;5329520,714757790789008;7,863071694000041;48,113322053000047;08210617316100897720;0
183570;08;1;19;090;2021;06;10;7;2;1;7;1;1;0;0;0;0;0;530808,211075114086270;5406758,937430359423161;9,419640120000054;48,813052303000063;08210619119400932090;0
183571;08;4;15;050;2021;06;18;7;2;0;1;1;0;0;0;0;0;0;522436,609468068927526;5375371,842791367322206;9,303909239000063;48,531052599000077;08210612415400882880;0
183572;08;3;35;043;2021;06;19;3;2;0;7;1;0;0;0;0;0;0;512671,942055674269795;5278836,929426375776529;9,168778538000026;47,662801639000065;08210608335100887350;0
183573;08;2;15;106;2021;06;17;2;3;0;7;1;0;0;0;0;0;0;465268,584811381064355;5452723,961542811244726;8,522988524000027;49,226313485000048;08210628215502935340;0
183576;08;1;19;044;2021;06;19;7;3;0;7;1;0;0;0;0;0;0;541909,248088520020247;5425400,608571849763393;9,572753664000061;48,980090709000081;08210626119100958160;0
183578;08;1;16;058;2021;06;10;5;2;6;3;0;1;1;0;0;0;0;533986,044873516075313;5395398,621237004175782;9,461985921000064;48,710692649000066;08210617116010921420;0
183579;08;1;15;028;2021;06;17;7;3;5;3;1;1;0;0;0;0;0;500152,955516447313130;5404305,568172343075275;9,002082530000052;48,791745763000051;08210619115300958040;0
183580;08;2;22;000;2021;06;11;7;3;0;4;1;0;1;0;0;0;0;462998,505959090776742;5482965,777373189106584;8,489000880000049;49,498196394000047;08210612222600882660;0
183581;08;1;18;079;2021;06;05;3;2;5;3;1;0;0;0;1;0;0;510829,005014488473535;5422647,264545133337379;9,147925162000035;48,956649422000055;08210608118100911610;1
183583;08;1;18;007;2021;06;17;4;3;5;3;1;1;0;0;0;0;0;510981,709808434359729;5426851,544114517048001;9,150124641000048;48,994466846000080;08210623118100951930;0
183584;08;1;36;009;2021;06;19;6;3;5;3;1;1;0;0;0;0;0;569022,918178208172321;5406089,130720805376768;9,939998900000035;48,803957791000073;08210611136300880260;0
183585;08;2;12;000;2021;06;14;6;3;1;5;1;1;0;0;0;0;0;457972,726875338703394;5429679,324997555464506;8,425190698000051;49,018570450000027;08210618212102919780;0
183586;08;4;37;100;2021;06;11;7;3;5;3;1;1;0;0;0;0;0;537297,062030659988523;5318186,374165825545788;9,500144934000048;48,015881312000033;08210619437100934870;0
183587;08;1;18;047;2021;06;16;6;3;5;3;1;1;0;0;0;0;0;508493,465643520466983;5427100,629384817555547;9,116114577000076;48,996746763000033;08210625118100953890;0
183589;08;1;15;003;2021;06;08;4;2;3;2;1;1;0;0;0;0;0;500260,578215438872576;5392607,456325555220246;9,003540443000077;48,686509213000079;08210616118000898860;0
183593;08;2;21;000;2021;06;15;2;2;4;6;1;0;0;0;0;0;0;476572,209432689473033;5472422,064640531316400;8,677076379000027;49,404034276000061;08210614221011923480;0
183594;08;2;11;000;2021;06;20;5;3;0;7;1;0;0;0;0;0;0;441361,227941368706524;5403659,637536019086838;8,201750315000027;48,783170775000031;08210617211100897690;0
183595;08;3;16;056;2021;06;14;7;2;1;6;1;1;0;0;0;0;0;422738,635274456813931;5327454,280901851132512;7,962336456000060;48,095669212000075;08210619316200921370;0
183596;08;2;16;043;2021;06;21;5;3;6;7;0;0;1;0;1;1;0;443256,698886819183826;5412777,875537337735295;8,226289259000055;48,865365790000055;08210624216100920880;0
183598;08;3;11;000;2021;06;18;3;3;0;7;1;0;0;0;0;0;0;414570,165990239940584;5316174,983944432809949;7,854902316000050;47,993165491000070;08210615311010896040;0
183600;08;2;12;000;2021;06;08;2;3;0;1;1;0;0;0;0;0;0;457064,205031739547849;5427359,805020315572619;8,413010785000040;48,997643499000048;08210628212302933210;0
183601;08;4;35;016;2021;06;19;5;3;0;7;1;0;0;0;0;0;0;535794,956600259058177;5278389,923283345997334;9,476711625000064;47,657913392000069;08210624435100951450;0
183602;08;2;21;000;2021;06;09;3;3;6;4;0;0;1;0;1;0;0;477746,286241924390197;5473031,201937293633819;8,693225214000051;49,409557438000036;08210615221011066370;0
183606;08;4;35;016;2021;06;16;4;3;6;7;0;1;1;0;0;0;0;535596,142522693611681;5277973,790155127644539;9,474030056000061;47,654180238000038;08210616435100968030;0
183607;08;1;11;000;2021;06;13;7;3;3;6;1;1;0;0;1;0;0;514400,592528928071260;5397769,074194256216288;9,195838519000063;48,732777139000063;08210619111500922730;0
183608;08;2;21;000;2021;06;14;2;3;5;3;1;1;0;0;0;0;0;476790,743000000715256;5472201,041999546810985;8,680101464000074;49,402054585000030;08210614221011904910;0
183612;08;4;35;052;2021;06;11;4;3;5;3;1;0;0;0;1;0;0;523346,808519289828837;5289932,782085202634335;9,311550691000036;47,762339419000057;08210623435200915150;0
183613;08;1;19;037;2021;06;19;3;3;0;1;1;0;0;0;0;0;0;543473,852161329239607;5420034,737123822793365;9,593562223000049;48,931715480000037;08210615119300892030;0
183615;08;4;15;061;2021;06;15;2;3;5;3;1;1;0;0;0;0;0;515026,489706667140126;5371336,897986754775047;9,203392879000035;48,494974134000074;08210621415400910700;0
183617;08;2;26;018;2021;06;15;5;3;5;3;1;0;0;0;0;0;0;473381,545013250783086;5471543,025954779237509;8,633156740000061;49,395996308000065;08210610221011886490;0
183620;08;2;22;000;2021;06;11;6;2;6;4;0;1;1;0;0;0;0;461601,474831853061914;5481973,627397187054157;8,469804816000021;49,489185717000055;08210611222014944520;0
183621;08;2;16;043;2021;06;07;6;3;5;3;1;1;0;0;0;0;0;442616,062999999150634;5412878,651999529451132;8,217540724000060;48,866213330000051;08210618216100911590;0
183623;08;2;26;031;2021;06;10;5;3;0;4;0;1;1;0;0;0;0;474413,619974603876472;5493307,482906101271510;8,645970857000066;49,591804717000059;08210610226600892310;0
183626;08;3;11;000;2021;06;07;6;3;0;7;1;0;0;0;0;0;0;417779,929927344433963;5314997,849304277449846;7,898142884000038;47,982997321000028;08210611311010878590;0
183628;08;4;16;041;2021;06;23;6;2;0;1;1;0;0;0;0;2;0;504669,765860843472183;5375355,162950552999973;9,063253351000071;48,531286291000072;08210625416200924250;0
183629;08;2;22;000;2021;06;04;2;3;5;3;1;1;0;0;0;2;0;462767,281670729629695;5486101,862546501681209;8,485511980000069;49,526389613000049;08210621222800938960;0
183631;08;1;11;000;2021;06;12;5;3;0;7;1;0;0;0;0;0;0;511259,485149039886892;5405543,205332521349192;9,153334500000028;48,802777501000037;08210610111370906420;0
183633;08;1;28;126;2021;06;11;7;2;0;1;1;0;0;0;0;0;0;565309,937894700095057;5483337,046939210966229;9,901966646000062;49,499148302000037;08210612128100908150;0
183634;08;1;16;070;2021;06;13;6;2;3;6;1;0;0;0;1;0;0;539206,701153486967087;5385217,648101845756173;9,531984593000061;48,618800730000032;08210611116010911220;0
183636;08;1;25;102;2021;06;18;6;3;5;3;1;1;0;0;0;0;0;520975,197999999858439;5444045,211999537423253;9,287629982000055;49,148871985000028;08210618121600938580;0
183638;08;3;11;000;2021;06;15;5;3;0;7;1;0;0;0;0;0;0;410062,231506187468767;5314846,152368282899261;7,794770018000065;47,980594198000063;08210610311300876820;0
183639;08;1;21;000;2021;06;07;6;3;1;5;1;1;0;0;0;0;0;516534,239410934038460;5442356,432147854939103;9,226663010000038;49,133816496000065;08210625121200939920;1
183640;08;4;36;064;2021;06;15;1;2;0;1;1;0;0;0;0;0;0;542547,370000000111759;5295204,488999495282769;9,568278612000029;47,808787955000071;08210620436200926930;0
183641;08;2;21;000;2021;06;16;6;2;0;7;1;0;0;0;0;0;0;477007,425301948562264;5472854,423318503424525;8,683050170000058;49,407939873000032;08210611221200889930;0
183644;08;4;35;016;2021;06;12;6;3;6;4;0;1;1;0;0;0;0;535625,639595209620893;5279712,740490209311247;9,474564630000032;47,669824664000032;08210611435100913460;0
183646;08;4;21;000;2021;06;09;6;3;5;3;1;1;0;0;0;0;0;569963,144799021072686;5362751,313236644491553;9,945495349000055;48,414029256000049;08210611421300914440;0
183648;08;3;11;000;2021;06;12;7;3;3;6;1;1;0;0;0;0;0;411682,849651191383600;5314557,111740464344621;7,816542042000037;47,978219987000045;08210619311010938070;0
183651;08;3;11;000;2021;06;15;3;3;0;3;1;0;0;0;0;0;0;413932,038798338733613;5317422,911250039935112;7,846100354000043;48,004305474000034;08210608311010902300;1
183652;08;1;19;008;2021;06;10;2;2;5;3;1;1;0;0;0;0;0;531501,524834412150085;5421482,762510243803263;9,430217928000047;48,945466482000029;08210628119100948420;0
183654;08;2;31;000;2021;06;08;3;3;6;2;0;1;1;0;0;0;0;474850,276999999769032;5414851,850999526679516;8,656935818000022;48,886108457000034;08210615231000919280;0
183656;08;1;19;061;2021;06;15;1;3;0;1;1;0;0;0;0;0;0;542085,743000000715256;5416246,760999528691173;9,574220273000037;48,897737478000067;08210627119300952490;0
183658;08;3;25;053;2021;06;07;4;3;4;6;1;1;0;0;0;0;0;457312,383052633143961;5341042,476118050515652;8,425283598000021;48,221169935000034;08210616325302894710;0
183661;08;1;16;070;2021;06;00;3;2;0;1;1;0;0;0;0;2;0;539566,323041373863816;5384858,033466193825006;9,536829675000035;48,615543059000061;08210608116400871060;0
183663;08;1;18;060;2021;06;16;5;3;5;3;1;1;0;0;0;0;0;523375,488827637396753;5430229,266461279243231;9,319745343000022;49,024506175000056;08210624118500936860;0
183666;08;1;36;046;2021;06;03;7;2;6;7;0;0;1;0;1;2;0;577898,381398267112672;5420604,017357097938657;10,063613944000053;48,933459723000055;08210626136010946910;0
183668;08;2;12;000;2021;06;09;4;3;2;6;1;1;0;0;0;0;0;453050,852865570224822;5429000,614033056423068;8,357956676000072;49,012110477000078;08210616212502894010;0
183672;08;1;18;048;2021;06;22;6;3;0;7;1;0;0;0;0;2;0;515574,859892965294421;5415967,852663256227970;9,212498457000038;48,896462292000081;08210611118400904820;0
183673;08;4;21;000;2021;06;18;6;2;1;5;1;1;0;0;0;0;0;571506,987942530773580;5360248,991190584376454;9,965929769000070;48,391346869000074;08210611426010923450;0
183675;08;2;12;000;2021;06;15;1;3;0;7;1;0;0;0;0;0;0;456493,325283271260560;5427352,412521054968238;8,405207332000032;48,997537034000061;08210620212402925030;0
183678;08;4;36;055;2021;06;14;1;3;7;7;1;0;0;0;0;0;0;574839,309000007808208;5300820,845999494194984;10,000499399000034;47,856368070000030;08210620436100905170;0
183679;08;2;12;000;2021;06;13;6;3;6;6;1;0;1;0;0;0;0;455692,967864615842700;5429232,493634475395083;8,394060878000062;49,014391635000038;08210611212010908730;0
183680;08;4;36;005;2021;06;17;3;3;6;6;0;1;1;0;0;0;0;540689,521407019346952;5309224,559028992429376;9,544786156000043;47,935046436000050;08210615436400896690;0
183682;08;1;18;010;2021;06;16;2;2;5;2;1;0;0;1;0;0;0;506639,358000000938773;5431901,422999532893300;9,090845580000064;49,039955394000060;08210614118000917470;0
183683;08;3;37;126;2021;06;21;7;2;0;1;1;0;0;0;0;2;0;441843,737769726663828;5273265,646904323250055;8,226187621000065;47,610186829000043;08210626337010966200;0
183684;08;1;18;048;2021;06;10;3;2;5;3;1;0;0;0;1;0;0;513229,997210970148444;5415756,472890585660934;9,180499228000031;48,894615288000068;08210622118400947680;1
183685;08;2;15;106;2021;06;13;5;3;5;3;1;1;0;0;0;0;0;466984,518086645752192;5454911,981359232217073;8,546374660000026;49,246089557000062;08210617215502897050;0
183686;08;2;22;000;2021;06;17;7;3;5;3;1;1;0;0;0;0;0;468110,693132490850985;5479661,231966439634562;8,559865494000064;49,468763646000070;08210619222400936020;0
183688;08;4;21;000;2021;06;18;7;3;6;4;0;1;1;0;0;0;0;571573,352000007405877;5362446,887999512255192;9,967200867000031;48,411110023000049;08210612421300168930;0
183689;08;1;11;000;2021;06;18;4;3;6;7;0;1;1;0;0;0;0;515799,068330368958414;5399188,421374781057239;9,214911154000049;48,745511642000054;08210609111210875550;0
183690;08;2;12;000;2021;06;10;2;3;6;4;0;0;1;0;1;0;0;456883,530269699171185;5427712,646641440689564;8,410503403000064;49,000804767000034;08210628212010935260;0
183692;08;3;17;059;2021;06;10;3;3;5;3;1;1;0;0;0;0;0;412288,369997365400195;5349770,427710501477122;7,817401597000071;48,295049362000043;08210615317300914230;0
183693;08;4;36;049;2021;06;11;3;3;0;1;1;0;0;0;0;0;0;580110,779179515317082;5283390,891545131802559;10,067743989000064;47,698933065000062;08210615436300896360;0
183694;08;1;18;003;2021;06;13;4;2;6;4;0;1;1;0;0;0;0;510340,081661242991686;5416801,334797717630863;9,141098187000068;48,904069572000026;08210609118300922060;1
183695;08;4;35;029;2021;06;18;6;3;0;7;1;0;0;0;0;0;0;545190,167898896150291;5271244,385851386934519;9,601091679000035;47,593034898000042;08210611435100912540;0
183696;08;4;26;013;2021;06;14;3;2;6;2;0;0;1;0;1;0;0;544471,321000001393259;5323150,811999499797821;9,596860774000049;48,060085468000068;08210622426010962630;0
183698;08;3;17;057;2021;06;23;7;3;4;6;1;1;0;0;0;2;0;414370,341067686676979;5379587,291901079937816;7,839374362000058;48,563527513000054;08210619317200938160;0
183699;08;1;16;056;2021;06;09;2;3;3;2;1;1;0;0;0;0;0;530565,940100439824164;5395292,394108101725578;9,415488546000063;48,709914074000039;08210614116010890020;0
183701;08;3;11;000;2021;06;07;3;3;6;4;0;1;1;0;0;0;0;413734,143276761285961;5315253,674179717898369;7,843883789000074;47,984765725000045;08210608311010872970;1
183704;08;2;12;000;2021;06;07;3;3;2;6;1;0;0;0;1;0;0;456414,314250559546053;5428051,226357096806169;8,404052215000036;49,003817381000033;08210615212402922650;0
183705;08;1;19;020;2021;06;15;3;3;6;4;0;0;1;0;1;0;0;520080,465607180260122;5407058,030252555385232;9,273533827000051;48,816182199000082;08210629119200966300;1
183706;08;4;15;061;2021;06;15;7;3;3;2;1;1;0;0;0;0;0;515653,037966661155224;5372224,522244790568948;9,211906819000035;48,502944207000041;08210626415400955710;0
183707;08;1;25;110;2021;06;07;3;3;0;7;1;0;0;0;0;0;0;524753,135993409901857;5443947,579831216484308;9,339429441000050;49,147853095000073;08210622121600928590;0
183709;08;4;16;041;2021;06;07;6;3;5;3;1;0;0;0;1;0;0;504193,965642403811216;5373887,643477257341146;9,056793738000067;48,518087321000053;08210618416200968390;0
183710;08;3;36;091;2021;06;10;7;3;4;6;1;1;0;0;0;0;0;396051,669297170825303;5274457,938042206689715;7,616749957000025;47,615184612000064;08210612336400915960;0
183716;08;1;19;055;2021;06;11;3;3;6;7;0;0;1;0;1;0;0;544281,206303245387971;5404800,153682347387075;9,602936167000053;48,794618108000066;08210615119300923860;0
183717;08;2;12;000;2021;06;20;7;3;0;7;1;0;0;0;0;0;0;455772,390253861434758;5428743,251029875129461;8,395200300000056;49,009996550000039;08210626212302943160;0
183718;08;3;35;043;2021;06;12;2;3;1;7;1;1;0;0;0;0;0;515000,092242853716016;5279282,221922285854816;9,199802453000075;47,666758426000058;08210621335100946420;0
183720;08;1;16;077;2021;06;15;5;3;5;3;1;0;0;0;0;0;0;516675,958392043597996;5391659,792595561593771;9,226534951000076;48,677761248000081;08210610116200892880;0
183721;08;2;22;000;2021;06;20;7;3;6;4;0;1;1;0;0;0;0;466378,715247686952353;5478129,122019834816456;8,536091749000036;49,454889505000040;08210612222400957930;0
183728;08;1;16;077;2021;06;12;4;3;6;4;0;1;1;0;0;0;0;516053,657999999821186;5391066,966999519616365;9,218058344000042;48,672444466000059;08210616116010924320;0
183729;08;3;17;065;2021;06;12;4;3;0;1;1;0;0;0;0;0;0;416099,894489473663270;5353696,116261648014188;7,868000083000027;48,330877588000078;08210609317300877290;0
183730;08;4;37;078;2021;06;13;2;3;0;3;1;1;0;0;0;0;0;510470,343942807987332;5316919,073133148252964;9,140376484000058;48,005482128000040;08210628437200953880;0
183731;08;3;26;074;2021;06;23;7;3;6;4;0;1;1;0;0;2;0;463976,665000000037253;5322853,959999503567815;8,516542101000027;48,057947778000027;08210626326200945730;0
183732;08;1;18;048;2021;06;07;3;3;4;7;1;0;0;0;0;0;0;511975,853789809159935;5415264,115400206297636;9,163374369000053;48,890211675000046;08210622118400951720;0
183733;08;2;12;000;2021;06;12;5;3;5;3;1;0;0;0;0;0;0;453286,258000000379980;5429237,705999532714486;8,361148411000045;49,014260994000040;08210617212000931390;0
183735;08;3;36;081;2021;06;13;7;2;8;1;1;0;0;0;0;0;0;412326,112342313863337;5279549,255248712375760;7,832244559000060;47,663392253000040;08210612311010889750;0
183736;08;4;36;081;2021;06;18;3;3;0;7;1;0;0;0;0;0;0;559664,155361982062459;5280435,081741018220782;9,794851945000062;47,674552321000078;08210608436500897030;0
183737;08;2;26;082;2021;06;14;2;3;1;5;1;1;0;0;0;0;0;474943,508797813206911;5480338,597366970032454;8,654126699000074;49,475176749000070;08210628226600938090;0
183738;08;1;15;003;2021;06;12;5;3;5;3;1;1;0;0;0;0;0;500539,419654388912022;5392293,765119379386306;9,007328616000052;48,683687033000069;08210624115100952760;0
183740;08;1;25;102;2021;06;09;3;3;6;3;0;1;1;0;0;0;0;525426,794861558824778;5445496,628724889829755;9,348764679000055;49,161759587000063;08210629121600942130;0
183741;08;2;15;096;2021;06;12;7;3;6;7;0;1;1;0;0;0;0;463237,375700903125107;5412704,480289837345481;8,498724090000053;48,866211804000045;08210626212702947660;0
183744;08;1;15;045;2021;06;17;7;3;5;3;1;1;0;0;0;0;0;499990,002000001259148;5395144,335999518632889;8,999864097000057;48,709331266000049;08210619115400929680;0
183745;08;1;11;000;2021;06;15;3;3;0;7;1;0;0;0;0;0;0;513058,647780405357480;5406763,081272263079882;9,177874644000042;48,813716155000066;08210608111500876190;0
183748;08;1;26;085;2021;06;15;6;3;5;3;1;0;0;0;0;0;1;547983,746864518150687;5450215,946936825290322;9,658712174000073;49,202859737000040;08210611126200881720;0
183749;08;1;27;075;2021;06;14;6;3;0;1;1;0;0;0;0;0;0;569862,003206731751561;5466247,477691451087594;9,961815127000023;49,344942944000081;08210618127202920930;0
183752;08;3;36;081;2021;06;16;1;3;0;1;1;0;0;0;0;0;0;412328,183697355911136;5279548,303615977987647;7,832272333000049;47,663383973000066;08210620336300905270;1
183753;08;1;21;000;2021;06;14;4;3;2;6;1;0;0;0;0;0;0;518713,182711587287486;5442130,071600817143917;9,256522699000072;49,131717809000065;08210616121200965140;0
183758;08;2;36;038;2021;07;19;4;2;1;5;1;1;0;0;0;0;0;486013,481430523097515;5427548,238669140264392;8,808774571000072;49,000673252000070;08210707231102005390;0
183759;08;3;15;037;2021;07;16;1;3;0;7;1;0;0;0;0;0;0;432438,898235237225890;5302265,704650541767478;8,096561273000020;47,870173038000075;08210711311500020930;0
183763;08;1;16;081;2021;06;13;4;3;8;1;1;1;0;0;0;0;0;518659,786658565513790;5386685,058259442448616;9,253259792000051;48,632952049000039;08210630116500945890;0
183764;08;2;12;000;2021;07;12;6;3;6;7;0;1;1;0;0;0;0;456580,286693390458822;5427782,964486999437213;8,406350114000077;49,001416029000040;08210702212402999150;0
183765;08;1;11;000;2021;07;12;7;3;1;1;1;1;0;0;0;0;0;512039,554263704456389;5401118,400724759325385;9,163828028000069;48,762957692000043;08210710111140984550;0
183766;08;1;26;072;2021;07;16;6;3;9;1;1;0;0;0;0;0;0;544306,564523805864155;5467519,228947367519140;9,610152761000052;49,358773853000059;08210716126100005300;0
183767;08;1;15;003;2021;07;13;1;2;0;1;1;0;0;0;0;0;0;500521,281283929944038;5392836,584209265187383;9,007082871000023;48,688570308000067;08210711115100023630;0
183769;08;4;36;064;2021;07;10;3;3;5;3;1;1;0;0;0;0;0;545904,471452099271119;5292793,448826968669891;9,612859602000071;47,786865132000059;08210713436200993890;1
183771;08;2;15;100;2021;07;08;2;3;5;3;1;1;0;0;0;0;0;473762,085000001825392;5449894,655999539420009;8,639822895000066;49,201286385000060;08210719215202072990;0
183773;08;2;11;000;2021;07;16;6;3;0;1;1;0;0;0;0;0;0;444295,408204728737473;5401254,337900811806321;8,242015344000038;48,761804360000042;08210709211100982730;1
183774;08;1;15;045;2021;07;16;3;3;5;3;1;1;0;0;0;0;0;500617,187641862779856;5394227,400587325915694;9,008388070000024;48,701082137000071;08210713118000000130;0
183775;08;4;16;041;2021;07;09;5;2;5;3;1;1;0;0;0;0;0;503644,469371847808361;5372256,686280621215701;9,049338340000077;48,503418039000053;08210701416010986490;0
183777;08;3;35;077;2021;07;14;6;3;3;6;1;0;0;0;1;0;0;494725,592000001110137;5293573,013999495655298;8,929571112000076;47,795493767000039;08210716911083033160;1
183779;08;4;26;070;2021;07;13;7;2;0;1;1;0;0;0;0;0;0;562121,752068115398288;5341636,927837885916233;9,836426796000069;48,224912057000040;08210703426010971610;0
183781;08;1;19;079;2021;07;17;3;3;8;1;1;1;0;0;0;0;0;523009,771157491020858;5408559,009799556806684;9,313520120000021;48,829583064000076;08210706119400170380;1
183782;08;2;22;000;2021;07;13;5;3;1;5;1;0;0;1;0;0;0;462433,080119605176151;5480390,855335101485252;8,481437232000076;49,475001540000051;08210708222014987660;1
183784;08;3;17;096;2021;07;17;4;3;5;3;1;1;0;0;0;0;0;423117,358999992720783;5368294,819999512284994;7,959991118000062;48,463086881000038;08210714317500028200;1
183786;08;3;17;065;2021;06;18;4;3;5;3;1;1;0;0;0;0;0;416576,584245282225311;5354471,584540167823434;7,874276843000075;48,337915976000033;08210630317300945640;1
183787;08;3;11;000;2021;07;15;6;3;5;3;1;0;0;0;0;0;0;410720,770703870803118;5316251,406288789585233;7,803300700000023;47,993327046000047;08210702311010971770;0