OID_;ULAND;UREGBEZ;UKREIS;UGEMEINDE;UJAHR;UMONAT;USTUNDE;UWOCHENTAG;UKATEGORIE;UART;UTYP1;IstRad;IstPKW;IstFuss;IstKrad;IstSonstige;ULICHTVERH;IstGkfz;LINREFX;LINREFY;XGCSWGS84;YGCSWGS84;UIDENTSTLAE;IstStrassenzustand
183788;08;1;16;072;2021;07;15;1;3;4;6;1;1;0;0;0;0;0;531336,971797655336559;5391993,467228004708886;9,425718733000053;48,680199165000033;08210718116010008620;0
183789;08;1;16;033;2021;07;07;2;3;0;1;1;0;0;0;0;0;0;533347,720556258223951;5386791,764683524146676;9,452615175000062;48,633301126000049;08210712116400990510;0
183790;08;3;17;031;2021;07;09;3;3;5;3;1;1;0;0;0;0;0;417333,063691063784063;5358490,910222439095378;7,883693207000022;48,374168921000035;08210706317300977930;0
183792;08;3;15;108;2021;07;09;1;2;2;6;1;0;0;0;0;0;0;401692,120856272056699;5303130,020642304793000;7,685307816000034;47,873976951000031;08210704311400981800;0
183794;08;4;16;041;2021;06;08;3;2;8;1;1;0;0;0;0;0;0;503853,556861324235797;5376534,251528428867459;9,052208472000075;48,541899316000070;08210629416200935780;0
183796;08;1;16;019;2021;07;18;6;2;5;3;1;0;0;0;0;0;0;524624,094412514008582;5400015,339536910876632;9,335003676000042;48,752664085000049;08210716116010032810;0
183797;08;3;35;063;2021;07;20;7;3;8;1;1;0;0;0;0;1;0;497841,546601200476289;5289031,798560710623860;8,971200848000024;47,754651985000066;08210710335200984750;0
183798;08;4;17;079;2021;07;09;2;3;6;2;0;0;1;0;1;0;0;501958,781723113730550;5340367,361224684864283;9,026369243000033;48,216529414000036;08210712417100069150;0
183803;08;2;11;000;2021;07;07;6;3;5;3;1;1;0;0;0;0;0;443931,253247744403780;5401025,673337841406465;8,237091817000021;48,759714784000039;08210709211100986480;0
183804;08;1;11;000;2021;07;11;3;3;1;1;1;1;0;0;0;0;0;515240,627793349325657;5402955,341348443180323;9,207454382000037;48,779412506000028;08210713111250081320;1
183807;08;4;36;049;2021;07;12;6;3;6;7;0;1;1;0;0;0;0;578105,156453839503229;5282894,911568844690919;10,040928153000038;47,694716747000029;08210716436300017060;0
183808;08;1;11;000;2021;07;12;4;3;0;7;1;0;0;0;0;0;0;508605,199315553531051;5397776,510153613984585;9,117025395000041;48,732951024000045;08210721111230023030;0
183812;08;1;11;000;2021;07;07;3;3;4;6;1;1;0;0;0;0;0;512303,510277581401169;5400992,860513363033533;9,167416036000077;48,761823176000064;08210713111140021890;1
183813;08;2;16;013;2021;07;18;7;3;5;3;1;0;0;1;0;0;0;452966,529080360196531;5394630,116912579163909;8,360752686000069;48,702931950000050;08210703211000989060;0
183814;08;2;22;000;2021;07;12;2;3;0;6;1;0;1;0;0;0;0;460880,868606378324330;5482609,250500233843923;8,459792451000055;49,494856766000055;08210719222200011450;0
183815;08;1;19;067;2021;07;13;3;3;0;1;1;1;0;0;0;0;0;536897,649000002071261;5404848,832999523729086;9,502409922000027;48,795538036000039;08210706119300023290;0
183817;08;1;11;000;2021;07;11;3;3;6;2;0;1;1;0;0;0;0;512993,842232538387179;5401121,891693362966180;9,176813533000029;48,762969906000080;08210713111500027860;1
183819;08;2;15;105;2021;07;06;5;3;5;3;1;1;0;0;0;0;0;456531,768126142211258;5441651,211241062730551;8,404197305000025;49,126157922000061;08210715215102000830;1
183820;08;2;26;098;2021;07;15;7;3;5;3;1;1;0;0;0;0;0;477328,465014470741153;5459933,489321535453200;8,688210959000060;49,291728955000053;08210717226700026820;0
183824;08;1;16;033;2021;07;15;2;3;6;4;0;1;1;0;0;0;0;532548,375363565050066;5388169,465703243389726;9,441874563000056;48,645736928000076;08210719116400013400;0
183825;08;2;21;000;2021;07;15;2;3;5;2;1;1;0;0;0;0;0;476790,925643400289118;5472423,186454493552446;8,680091000000061;49,404052747000037;08210705221200995780;0
183826;08;1;16;015;2021;07;06;5;3;5;2;1;1;0;0;0;0;0;522882,994837230071425;5394387,696682963520288;9,311004555000068;48,702104731000077;08210708116200024390;1
183828;08;1;28;007;2021;07;08;4;3;0;7;1;0;0;0;0;0;0;555541,180120579898357;5483017,604982536286116;9,767023598000037;49,497248367000054;08210714128100041860;0
183829;08;1;21;000;2021;07;17;3;3;5;3;1;0;0;0;0;0;0;516059,364000000990927;5444396,495999537408352;9,220234440000070;49,152180132000069;08210720121200074160;0
183830;08;1;11;000;2021;07;18;5;3;2;6;1;1;0;0;0;0;0;513478,855649612843990;5402004,907540779560804;9,183442243000059;48,770903146000080;08210701111120970940;0
183831;08;3;11;000;2021;07;07;6;3;0;7;1;1;0;0;0;0;0;411853,864927154965699;5315951,055066965520382;7,818547016000025;47,990782507000063;08210702311010986530;0
183834;08;3;11;000;2021;07;07;4;3;5;3;1;1;0;0;0;0;0;411813,191966855898499;5319105,941930873319507;7,817353344000026;48,019155931000057;08210707311200261890;0
183839;08;4;35;059;2021;07;14;2;3;8;7;1;0;0;0;0;0;0;511849,163616895675659;5290455,649318620562553;9,158135915000059;47,767357850000053;08210719435200051310;0
183840;08;2;31;000;2021;06;14;3;3;6;4;0;1;1;0;0;0;0;477052,213785069063306;5414673,562560915946960;8,686981677000063;48,884590078000031;08210629231000942090;1
183842;08;1;18;059;2021;07;13;6;3;4;6;1;0;0;0;1;0;0;501759,949000000953674;5419074,925999525934458;9,024025670000071;48,924606043000040;08210702118600977540;0
183843;08;3;17;031;2021;07;15;5;3;0;1;1;0;0;0;0;0;0;416995,154003188014030;5358607,089799761772156;7,879108153000061;48,375169580000033;08210715317300002330;0
183844;08;3;25;045;2021;07;09;7;3;5;2;1;1;0;0;0;0;0;466613,588974286802113;5349270,225800799205899;8,549854639000046;48,295748657000047;08210710325102985050;0
183848;08;4;37;076;2021;07;08;2;3;3;2;1;0;0;0;1;0;0;521987,925636656582355;5319082,476860426366329;9,294902748000027;48,024653898000054;08210705437100977340;1
183849;08;3;26;074;2021;07;09;6;3;5;2;1;1;0;0;0;0;0;459139,748106832616031;5324159,167801462113857;8,451505514000075;48,069398842000055;08210709326400997350;0
183851;08;4;36;064;2021;07;19;2;3;5;3;1;1;0;0;0;0;0;545340,365430432371795;5293051,685914637520909;9,605355774000031;47,789228458000025;08210712436200035310;0
183852;08;2;22;000;2021;07;10;5;3;5;3;1;1;0;0;0;0;0;465607,319852377288043;5474279,476186778396368;8,525782360000051;49,420220212000061;08210701222014025150;0
183853;08;2;11;000;2021;07;10;5;3;6;6;1;0;1;0;0;0;0;444398,164144360460341;5400543,597004434093833;8,243509452000069;48,755420284000081;08210715211100000090;0
183854;08;3;17;056;2021;07;13;7;2;8;1;1;0;0;0;0;0;0;435920,625977017916739;5382589,625281017273664;8,130963533000056;48,593107923000048;08210717317100037810;1
183856;08;1;36;088;2021;07;07;5;3;6;7;0;1;1;0;0;0;0;580114,276961052790284;5409915,014480223879218;10,091768763000061;48,837038199000062;08210701136100974730;0
183859;08;2;26;096;2021;07;17;2;3;5;3;1;1;0;0;0;0;0;476007,211601868271828;5488748,347990958020091;8,668298381000056;49,550862592000044;08210705226600000000;1
183861;08;2;22;000;2021;07;14;2;3;0;7;1;0;0;0;0;0;0;464097,169690035283566;5483368,033803161233664;8,504136512000059;49,501880510000035;08210712222301077760;0
183862;08;4;35;045;2021;07;22;3;3;4;2;1;1;0;0;0;2;0;535532,877875226549804;5287347,460788225755095;9,473951271000033;47,738521983000055;08210706435100976180;1
183867;08;1;26;039;2021;07;09;1;2;0;7;1;0;0;0;0;0;0;546037,140955451875925;5461223,987933695316315;9,633256570000071;49,302022760000057;08210718126100026610;0
183868;08;2;12;000;2021;07;19;6;2;5;2;1;0;0;0;1;0;0;456879,955562824383378;5427872,950479248538613;8,410437511000055;49,002246472000081;08210716212010011140;0
183870;08;4;35;057;2021;07;16;1;2;5;2;1;1;0;0;0;0;0;544152,839749108999968;5279555,784540871158242;9,588132937000069;47,667886476000035;08210711435100055810;0
183871;08;3;15;056;2021;07;12;4;2;0;1;1;0;0;0;0;0;0;414156,446094167418778;5310746,752490630373359;7,850442231000045;47,944280852000077;08210721311010020500;0
183872;08;1;16;008;2021;07;16;7;2;0;1;1;0;0;0;0;0;0;520095,532186571508646;5380482,269254514947534;9,272445910000044;48,577106431000061;08210703116500992410;0
183873;08;3;15;108;2021;07;13;1;3;0;1;1;0;0;0;0;0;0;405068,062999976798892;5303876,254999492317438;7,730279321000069;47,881197461000056;08210718311400009950;0
183875;08;1;21;000;2021;07;15;7;3;0;1;1;0;0;0;0;0;0;516424,125663531012833;5443204,016673490405083;9,225188042000070;49,141443754000079;08210710121200014950;0
183876;08;3;11;000;2021;07;23;5;2;0;7;1;0;0;0;0;2;0;413755,185018399730325;5317510,239324701949954;7,843712244000073;48,005067182000062;08210708311010027450;0
183877;08;3;15;008;2021;07;10;2;2;5;3;1;0;0;0;1;0;0;402084,580999973230064;5302062,269999489188194;7,690796800000044;47,864432458000067;08210712311400989900;0
183879;08;4;15;061;2021;07;19;3;2;5;3;1;0;0;0;0;0;0;516502,100135856308043;5371055,875138571485877;9,223354927000059;48,492408931000057;08210720415400048600;0
183880;08;1;35;019;2021;06;15;4;2;5;3;1;0;0;0;0;0;0;585193,400355231948197;5393886,383259039372206;10,157652239000072;48,692198225000027;08210630135010963020;0
183881;08;2;16;043;2021;07;11;6;3;0;1;1;0;0;0;0;0;0;437979,669727311469615;5412540,756037827581167;8,154379278000022;48,862727695000046;08210702216100971880;0
183882;08;1;19;067;2021;07;10;1;3;5;3;1;1;0;0;0;0;0;540188,208000000566244;5408468,471999526023865;9,547567613000069;48,827894507000053;08210718119300037280;0
183883;08;2;15;108;2021;07;09;6;3;6;7;0;0;1;0;1;0;0;449694,350343552418053;5424915,731266072019935;8,312564636000047;48,975102525000068;08210716212010022310;0
183886;08;3;37;090;2021;07;13;4;3;0;1;1;0;0;0;0;0;0;423468,123645423911512;5276699,187584446743131;7,981121322000035;47,639166520000060;08210721337100021050;0
183888;08;2;16;043;2021;07;15;3;3;5;3;1;1;0;0;0;0;0;441458,322945231571794;5412316,500595869496465;8,201836352000043;48,861048602000039;08210713216100996490;1
183892;08;3;15;109;2021;07;08;3;3;5;2;1;1;0;0;0;0;0;423261,801999992690980;5315212,793999498710036;7,971556077000059;47,985612077000042;08210706311010015110;0
183895;08;3;36;084;2021;07;12;7;3;0;7;0;1;1;0;0;0;0;406175,732378977350891;5277055,375840127468109;7,750880352000024;47,640095427000063;08210710336100022260;0
183896;08;1;18;027;2021;07;16;4;3;6;4;0;1;1;0;0;0;0;502106,070438330061734;5412522,968842303380370;9,028716913000039;48,865664998000057;08210721118200023360;0
183899;08;1;16;077;2021;07;03;3;2;0;1;1;0;0;0;0;2;0;517333,226008855737746;5390975,405719351023436;9,235434852000026;48,671586566000030;08210706116200982750;0
183900;08;2;16;041;2021;07;15;6;3;8;1;1;0;0;0;0;0;0;434937,998500415123999;5391446,696094583719969;8,116248489000043;48,672677029000056;08210709317100000140;0
183901;08;3;35;063;2021;07;08;2;3;5;2;1;1;0;0;0;0;0;499520,625933212228119;5286185,927758496254683;8,993607090000069;47,729049430000032;08210712335200018040;0
183902;08;1;19;086;2021;07;19;5;3;5;3;1;1;0;0;0;0;0;535379,672140195965767;5405116,225648680701852;9,481764488000067;48,798031633000051;08210715119300000610;1
183903;08;3;16;012;2021;07;15;7;3;4;6;1;1;0;0;0;0;0;403574,254999975673854;5332524,319999499246478;7,703862789000027;48,138660666000078;08210717316100044120;0
183904;08;1;25;006;2021;07;08;3;3;0;1;1;0;0;0;0;0;0;507016,743170673958957;5453863,201974770054221;9,096391634000042;49,237505904000045;08210720121100030320;0
183907;08;2;22;000;2021;07;16;1;3;0;7;1;0;0;0;0;0;0;462266,515683336183429;5480993,207602240145206;8,479080662000058;49,480409066000050;08210718222700076420;0
183908;08;2;12;000;2021;07;06;2;3;0;2;1;0;0;0;0;0;0;454713,296451495960355;5427522,606247724965215;8,380854513000031;48,998939930000063;08210705212010975130;0
183909;08;1;16;056;2021;07;15;7;3;5;3;1;1;0;0;0;0;0;530641,940601684153080;5395484,663814950734377;9,416535883000051;48,711639970000078;08210710116100074260;0
183910;08;2;12;000;2021;07;16;5;2;0;7;1;0;0;0;0;0;0;451152,511999999172986;5428620,073999529704452;8,332043914000053;49,008540161000042;08210708212502996880;1
183912;08;4;35;016;2021;07;17;3;3;3;6;1;1;0;0;0;0;0;536906,620904564857483;5278813,619880728423595;9,491551825000045;47,661663089000058;08210706435100990490;1
183914;08;4;26;097;2021;07;19;2;2;0;1;1;0;0;0;0;0;0;536369,776910995133221;5333188,578315680846572;9,488988311000071;48,150905535000049;08210719426010031260;0
183916;08;2;22;000;2021;07;21;6;3;0;1;1;0;0;0;0;0;0;462024,919817562215030;5484094,020999703556299;8,475447542000040;49,508284158000038;08210702222600970810;0
183917;08;1;27;014;2021;07;17;6;3;5;3;1;1;0;0;0;0;0;578705,264603199437261;5443193,778910273686051;10,079014832000041;49,136529278000069;08210716127202034180;0
183918;08;4;17;002;2021;07;19;4;3;0;1;1;0;0;0;0;0;0;490558,177463452331722;5350612,957768596708775;8,872665010000048;48,308639270000072;08210707417200986570;0
183919;08;4;15;061;2021;07;15;7;3;5;2;1;1;0;0;0;0;0;516619,737013203091919;5370940,168514491990209;9,224942518000034;48,491364894000071;08210710415400984430;0
183921;08;3;11;000;2021;07;00;1;3;0;1;1;0;0;0;0;2;0;416393,925904522649944;5315484,930773619562387;7,879477415000053;47,987199197000052;08210704311010977660;0
183922;08;2;26;084;2021;07;10;2;3;5;2;1;1;0;0;0;0;0;469833,712175312452018;5469693,989841889590025;8,584403734000034;49,379199183000026;08210719226400027980;0
183923;08;3;11;000;2021;06;16;3;3;0;7;1;0;1;0;0;0;0;410784,894639583304524;5315334,895104732364416;7,804350491000037;47,985091756000031;08210629311010942750;0
183926;08;4;15;050;2021;07;16;4;3;4;6;1;1;0;0;0;0;0;520183,234923061914742;5376007,351761160418391;9,273417906000077;48,536846319000063;08210714415100003700;0
183927;08;4;15;059;2021;07;09;6;3;0;1;1;0;0;0;0;0;0;516568,519046466797590;5367626,653518065810204;9,224117969000076;48,461556642000062;08210716415300002260;1
183929;08;2;22;000;2021;07;07;7;3;5;2;1;1;0;0;0;0;0;463313,646636416204274;5485588,539103349670768;8,493109165000021;49,521805876000030;08210703222800979350;0
183930;08;1;11;000;2021;07;17;2;2;6;4;1;0;1;0;0;0;0;512669,154083855450153;5401899,890238478779793;9,172419323000042;48,769975429000056;08210719111500016960;0
183931;08;2;12;000;2021;07;18;3;3;0;7;1;0;0;0;1;0;0;456613,601168010383844;5427784,046723989769816;8,406805460000044;49,001428106000049;08210706212010998470;0
183933;08;2;15;110;2021;07;13;1;3;0;6;1;1;0;0;0;0;0;461468,834993969649076;5419786,476232890039682;8,473942140000077;48,929809817000034;08210704212702974360;0
183934;08;2;21;000;2021;07;14;2;3;1;5;1;1;0;0;0;0;0;476994,372714611701667;5472921,538217183202505;8,682866356000034;49,408543067000039;08210719221200013990;0
183935;08;3;11;000;2021;06;15;3;3;5;3;1;0;0;0;1;0;0;415248,514999987557530;5319671,858999501913786;7,863301919000037;48,024711557000046;08210629311010965810;0
183936;08;4;16;041;2021;07;15;5;3;3;6;1;0;0;0;0;0;0;503078,355886450968683;5374697,926990423351526;9,041692389000048;48,525383389000069;08210708416200013140;0
183939;08;1;16;049;2021;07;15;6;3;5;3;1;1;0;0;0;0;0;525468,769000001251698;5384686,294999517500401;9,345550357000036;48,614730814000040;08210716116500006430;0
183940;08;4;36;052;2021;07;09;7;3;0;7;1;0;0;0;0;0;0;565084,582049234770238;5291436,486109538003802;9,868699322000055;47,773004508000042;08210710436300015700;0
183941;08;3;35;022;2021;07;13;3;3;0;7;1;0;0;0;0;0;0;482194,656441702507436;5301043,489974219352007;8,761939987000062;47,862483859000065;08210720911083017700;0
183942;08;3;11;000;2021;07;15;7;2;5;3;1;1;0;0;0;0;0;411728,528798899613321;5318681,459149433299899;7,816305618000058;48,015325915000062;08210703311010045040;0
183943;08;1;15;003;2021;07;16;2;2;6;4;0;1;1;0;0;0;0;500162,221788704395294;5391880,945205293595791;9,002203801000064;48,679973470000050;08210719118000022300;0
183944;08;2;15;106;2021;07;08;3;3;6;4;0;1;1;0;0;0;0;464753,527330454438925;5455196,658574102446437;8,515697414000044;49,248525778000044;08210706215502987130;1
183946;08;2;12;000;2021;07;15;2;3;5;2;1;1;0;0;0;0;0;455194,475119683891535;5431172,193320361897349;8,387029686000062;49,031803361000073;08210712212010017730;0
183947;08;1;17;042;2021;07;15;5;3;0;1;1;0;0;0;0;0;0;554138,776000002399087;5392501,080999521538615;9,735531048000041;48,683204273000058;08210715117100001570;0
183948;08;3;11;000;2021;07;21;7;3;0;1;1;0;0;0;0;2;0;413280,030338119715452;5316956,786679983139038;7,837455062000060;48,000024401000076;08210717311010034360;0
183950;08;2;26;095;2021;07;11;5;3;0;1;1;0;0;0;0;0;0;474204,215495995245874;5460731,126739457249641;8,645194207000031;49,298779775000071;08210701226700976660;0
183951;08;3;35;043;2021;07;20;6;3;4;6;1;0;0;0;1;0;0;512400,442657435312867;5279561,109386343508959;9,165182989000073;47,669322838000028;08210702335100034120;0
183953;08;1;17;026;2021;07;17;2;3;0;1;1;0;0;0;0;0;0;547863,983979271724820;5394534,244121490046382;9,650523222000061;48,702006348000054;08210705117300999810;0
183956;08;2;21;000;2021;07;15;1;2;4;2;1;1;0;0;0;0;0;474674,746084787882864;5474408,347845736891031;8,650795924000022;49,421824503000039;08210711221400034950;0
183957;08;4;35;016;2021;07;08;3;2;0;7;1;0;0;0;0;0;1;536210,126321156509221;5277567,199570553377271;9,482172441000046;47,650487901000076;08210706435100976150;0
183959;08;4;35;016;2021;07;17;1;3;0;7;1;0;0;0;0;0;0;537157,817195271141827;5278119,681409124284983;9,494838330000050;47,655405073000054;08210704435100972520;0
183960;08;4;17;079;2021;07;09;2;3;6;7;0;0;1;0;1;0;0;502036,981803598813713;5339953,266821069642901;9,027419988000077;48,212803623000070;08210719417010020990;0
183962;08;1;36;065;2021;07;19;6;3;6;7;0;0;1;0;1;0;0;558622,354043624363840;5405501,520285587757826;9,798289017000059;48,799740186000065;08210702136300994710;0
183963;08;3;37;126;2021;07;13;6;3;6;4;0;1;1;0;0;0;0;442230,942296775989234;5274391,437536822631955;8,231190726000023;47,620350183000028;08210709337200013620;0
183966;08;3;16;009;2021;07;12;4;3;5;3;1;1;0;0;0;0;0;417184,955234218388796;5324591,059846241027117;7,888316638000049;48,069215844000041;08210721316200058760;0
183967;08;4;15;053;2021;07;09;3;3;0;7;1;0;0;0;0;0;0;535951,822561972774565;5362509,022119607776403;9,485864382000045;48,414708335000057;08210713415200993670;0
183968;08;3;37;060;2021;07;12;7;2;8;1;1;0;0;0;0;0;0;470123,053198668174446;5278144,706909868866205;8,602118109000060;47,656007450000061;08210703337010022060;0
183970;08;1;15;045;2021;07;07;3;3;6;4;0;1;1;0;0;0;0;499854,933900963515043;5395661,710766892880201;8,998027932000070;48,713985588000071;08210706118010999190;0
183971;08;2;12;000;2021;07;12;6;3;1;5;1;1;0;0;0;0;0;457733,625681670382619;5428668,594214010983706;8,422025935000022;49,009462453000026;08210709212010011950;1
183974;08;3;37;022;2021;07;16;4;2;0;1;1;0;0;0;0;0;0;450876,738507081754506;5296323,105480102822185;8,343770082000049;47,818383649000054;08210714337200021930;0
183976;08;1;17;026;2021;07;12;4;2;9;7;1;0;0;0;0;0;0;547211,559760934673250;5395103,322873428463936;9,641721739000047;48,707175227000050;08210721117300020390;0
183981;08;3;11;000;2021;07;18;5;3;5;3;1;1;0;0;0;0;0;413400,221209623850882;5319759,698007943108678;7,838499826000032;48,025253771000052;08210708311010983010;0
183982;08;1;18;081;2021;07;18;2;3;4;7;1;0;0;0;0;0;0;519088,943332469090819;5415737,945952411741018;9,260432285000036;48,894295812000053;08210712118300168640;0
183984;08;3;15;109;2021;07;12;3;3;5;3;1;1;0;0;0;0;0;422424,584866256453097;5314744,075549136847258;7,960422284000060;47,981294613000046;08210720311010017750;0
183985;08;1;19;020;2021;06;11;4;3;5;3;1;1;0;0;0;0;0;520793,927570786327124;5407119,137296052649617;9,283255500000053;48,816708435000066;08210630119200942440;1
183986;08;1;36;028;2021;07;16;6;3;6;4;0;1;1;0;0;0;0;568591,958652686327696;5404415,825545215979218;9,933851198000070;48,788954556000078;08210702136300979170;0
183989;08;4;15;061;2021;07;11;4;2;6;2;0;0;1;0;1;0;0;516000,469339000061154;5372343,137132879346609;9,216614769000046;48,504002551000042;08210707415400986290;1
183990;08;3;37;126;2021;07;16;1;3;5;2;1;1;0;0;0;0;0;439146,864251404069364;5274242,952383682131767;8,190171572000054;47,618731890000049;08210711337010025790;0
183991;08;3;25;070;2021;07;16;5;3;4;2;1;0;0;0;1;0;0;461538,410000000149012;5350260,350999508053064;8,481339044000038;48,304367992000039;08210708325102995450;0
183992;08;3;36;050;2021;07;15;2;3;0;7;1;0;0;0;0;0;0;399273,866516210138798;5273566,725194964557886;7,659820606000039;47,607676805000040;08210712311010989370;0
183993;08;1;16;049;2021;07;16;4;3;0;1;1;0;0;0;0;0;0;525794,090000001713634;5384091,418999517336488;9,349927119000029;48,609365948000061;08210714116010021590;0
183995;08;1;19;079;2021;06;13;4;3;0;5;1;1;0;0;0;0;0;522569,123172461986542;5408576,691141951829195;9,307517127000040;48,829758292000065;08210630119400964130;1
183996;08;1;25;024;2021;07;11;7;3;1;5;1;1;0;0;0;0;0;522489,667347134090960;5444379,013161238282919;9,308416023000063;49,151821012000028;08210703121600971980;0
183998;08;1;16;020;2021;07;08;2;2;6;4;0;1;1;0;0;0;0;526202,798314978368580;5381999,672974433749914;9,355339606000030;48,590531472000066;08210705116010974170;1
184000;08;1;16;071;2021;07;14;2;3;5;3;1;1;0;0;0;0;0;527447,288665524683893;5390685,478949554264545;9,372791074000077;48,668615734000070;08210712116500254510;0
184002;08;3;11;000;2021;07;18;3;3;3;6;1;0;0;0;0;0;0;413422,788884115405381;5316638,424069592729211;7,839432676000058;47,997179971000037;08210713311010996710;0
184003;08;3;16;045;2021;07;14;1;3;5;3;1;1;0;0;0;0;0;414538,027590920217335;5323733,416842006146908;7,852963815000066;48,061151882000047;08210704316200996140;0
184007;08;1;18;054;2021;07;13;6;3;5;3;1;1;0;0;0;0;0;518661,996244829148054;5423084,211065102368593;9,254943668000067;48,960393186000033;08210716118500003340;0
184008;08;1;25;065;2021;07;12;1;3;0;1;1;0;0;0;0;0;0;518115,958096751943231;5448589,778489068150520;9,248626653000031;49,189842580000061;08210711121500986770;0
184012;08;1;28;007;2021;07;07;2;3;6;4;0;1;1;0;0;0;0;555677,680233297869563;5482079,596141753718257;9,768776337000077;49,488799371000027;08210719128100029970;0
184015;08;4;15;092;2021;07;16;2;3;9;1;1;0;0;0;0;0;0;519942,034574112854898;5363888,564054425805807;9,269572115000074;48,427829432000067;08210712415300005900;0
184018;08;4;21;000;2021;07;23;6;3;5;3;1;1;0;0;0;2;0;574055,328311304561794;5361183,909189373254776;10,000512754000056;48,399462513000060;08210716421200054800;0
184019;08;1;25;001;2021;07;17;4;2;0;7;1;0;0;0;0;0;0;522539,532280443236232;5436088,615707553923130;9,308636839000030;49,077244519000033;08210721121600056690;0
184020;08;1;17;019;2021;07;17;5;3;5;3;1;1;0;0;0;0;0;551782,841569995507598;5393141,780296716839075;9,703606113000035;48,689167539000039;08210701117100980690;0
184021;08;1;11;000;2021;07;14;7;2;6;7;1;0;1;0;0;0;0;512454,825000000186265;5408837,785999529063702;9,169712888000049;48,832392295000034;08210703111330999740;0
184023;08;2;12;000;2021;07;15;2;3;6;7;0;0;1;0;1;0;0;458891,631790904328227;5428632,738945424556732;8,437863980000031;49,009218158000067;08210705212000049920;0
184024;08;2;12;000;2021;07;18;7;3;0;7;1;0;0;0;0;0;0;455655,388902048580348;5430670,666395755484700;8,393389778000028;49,027325413000028;08210710212302987370;0
184025;08;1;36;043;2021;07;11;5;3;0;1;1;0;0;0;0;0;0;570982,470000006258488;5407580,821999525651336;9,966939417000049;48,817154310000035;08210708136300980460;1
184027;08;1;16;019;2021;07;12;4;3;6;4;0;1;1;0;0;0;0;524799,508482122793794;5397464,200880698859692;9,337236523000058;48,729707421000057;08210714116100028460;0
184031;08;1;21;000;2021;07;19;1;3;0;7;1;0;0;0;0;0;0;516885,886708706617355;5443043,673972943797708;9,231512388000056;49,139988898000070;08210718121200025280;0
184032;08;2;12;000;2021;07;14;6;3;2;2;1;1;0;0;0;0;0;455451,261400318704545;5427855,229120478034019;8,390906650000034;49,001985605000073;08210716212402018420;0
184033;08;3;11;000;2021;07;16;4;3;6;2;0;1;1;0;0;0;0;412977,840434488840401;5316379,820450583472848;7,833521861000065;47,994793338000079;08210707311010981230;0
184034;08;4;16;041;2021;07;17;1;3;0;7;1;0;0;0;0;0;0;503136,359627979807556;5376810,162630558013916;9,042493874000058;48,544385499000043;08210711416200010580;0
184037;08;2;15;066;2021;07;16;1;3;4;6;1;0;0;0;0;0;0;460967,210329351015389;5450488,158632090315223;8,464132198000073;49,205943650000052;08210704215502001240;0
184038;08;4;15;061;2021;07;07;2;3;5;3;1;0;0;0;0;0;0;516042,891432518139482;5373328,745625890791416;9,217226969000023;48,512868321000042;08210719415400042720;0
184039;08;3;35;043;2021;06;12;3;2;0;1;1;0;0;0;0;0;0;513434,166859445162117;5281921,489836430177093;9,179025527000022;47,690540059000057;08210629335100941520;0
184040;08;2;22;000;2021;07;15;3;3;6;4;0;1;1;0;0;0;0;463666,578768545761704;5485456,143240267410874;8,497997578000025;49,520636308000064;08210706222800004860;1
184042;08;2;11;000;2021;07;06;6;2;5;3;1;1;0;0;0;0;0;440272,990066939964890;5403312,426772847771645;8,186988123000049;48,779944051000030;08210716211100019490;0
184043;08;4;15;019;2021;07;10;7;3;1;3;1;1;0;0;0;0;0;518390,811999999918044;5369458,577999515458941;9,248847981000040;48,477986662000035;08210710415300010990;0
184045;08;4;35;052;2021;07;18;7;3;0;1;1;0;0;0;0;0;0;524960,240710518322885;5289309,502194698899984;9,333044926000071;47,756671050000080;08210703435200972250;1
184046;08;2;22;000;2021;07;02;2;3;0;6;1;0;0;0;0;2;0;462051,174010484479368;5481238,178371682763100;8,476084444000037;49,482599027000049;08210719222700077730;0
184047;08;2;12;000;2021;07;15;3;2;1;5;1;0;0;0;1;0;0;455401,238055554218590;5428687,397344026714563;8,390131338000060;49,009467427000061;08210706212010977900;1
184048;08;4;15;061;2021;07;06;5;2;2;6;1;1;0;0;0;0;0;513605,180876119062304;5372126,665490522980690;9,184180425000022;48,502111549000062;08210708416010982140;1
184050;08;3;11;000;2021;07;17;3;3;1;6;1;1;0;0;0;0;0;413097,189042487181723;5316611,405507778748870;7,835074415000065;47,996892755000033;08210706311200006350;0
184051;08;3;35;075;2021;07;21;3;3;5;3;1;1;0;0;0;1;0;487661,798000000417233;5291331,341999493539333;8,835312658000021;47,775227726000026;08210713911081993580;0
184052;08;2;15;059;2021;07;16;1;3;0;7;1;1;0;0;0;0;0;484666,185250638052821;5434091,276125149801373;8,790106854000044;49,059499207000044;08210704215302984220;0
184053;08;1;19;044;2021;07;19;3;3;6;4;1;0;1;0;0;0;0;542423,266923586837947;5425855,802706912159920;9,579825639000035;48,984150177000060;08210720119100054640;0
184056;08;1;19;085;2021;07;17;6;3;6;7;0;1;1;0;0;0;0;528123,311605541966856;5413121,627971652895212;9,383506621000038;48,870416250000062;08210702119500986580;0