OID_;ULAND;UREGBEZ;UKREIS;UGEMEINDE;UJAHR;UMONAT;USTUNDE;UWOCHENTAG;UKATEGORIE;UART;UTYP1;IstRad;IstPKW;IstFuss;IstKrad;IstSonstige;ULICHTVERH;IstGkfz;LINREFX;LINREFY;XGCSWGS84;YGCSWGS84;UIDENTSTLAE;IstStrassenzustand
184057;08;3;37;116;2021;07;19;6;2;0;1;1;1;0;0;0;0;0;418343,763796430081129;5271629,467528048902750;7,913857324000048;47,592932349000080;08210709337010014580;0
184058;08;1;11;000;2021;07;22;6;3;6;4;0;1;1;0;0;2;0;513038,336921410635114;5403030,452329386025667;9,177479494000067;48,780138256000043;08210716111110066590;0
184059;08;1;19;018;2021;07;16;4;3;0;7;1;0;0;0;0;0;0;526711,838425954803824;5419914,470023877918720;9,364703653000049;48,931584277000070;08210707119100021920;0
184060;08;1;11;000;2021;07;20;1;2;0;7;1;0;0;0;0;0;0;508840,547319116070867;5401900,658533150330186;9,120314524000037;48,770048512000074;08210711111140987330;0
184061;08;2;26;085;2021;07;16;7;3;0;7;1;0;1;0;0;0;0;491037,352802916429937;5455407,533160973340273;8,876842267000029;49,251372095000079;08210703221011973750;0
184062;08;2;15;017;2021;07;07;2;2;5;2;1;0;0;0;1;0;0;456430,930301328189671;5421618,795886820182204;8,404968462000056;48,945957751000037;08210719212010020140;0
184063;08;4;21;000;2021;07;07;2;3;3;2;1;1;0;0;0;0;0;570809,119593424722552;5361291,133555501699448;9,956679960000031;48,400800013000037;08210705421300995500;0
184065;08;4;21;000;2021;07;07;2;2;3;4;1;0;1;0;0;0;0;572678,686066010966897;5360637,434074791148305;9,981822116000046;48,394707053000047;08210712421200020960;0
184066;08;3;15;015;2021;07;19;5;3;0;3;1;1;0;0;0;0;0;394158,709424501284957;5321147,623410694301128;7,580159035000065;48,034838755000067;08210701311100990890;0
184068;08;4;35;016;2021;07;14;6;3;1;5;1;1;0;0;0;0;0;533259,086064360104501;5278725,289462234824896;9,442965903000072;47,661066182000070;08210716435100005220;0
184071;08;3;17;096;2021;07;13;6;3;1;7;1;1;0;0;0;0;0;422574,199213642627001;5368942,189313462004066;7,952525111000057;48,468843311000057;08210702317500977830;0
184072;08;2;31;000;2021;07;14;1;3;6;4;0;1;1;0;0;0;0;477640,576667116023600;5415147,843654312193394;8,694981148000068;48,888878058000046;08210718231000044640;0
184073;08;3;11;000;2021;07;14;2;3;0;7;1;0;0;0;0;0;0;416684,370999988168478;5315434,457999497652054;7,883379105000074;47,986783072000037;08210705311300974780;1
184075;08;2;36;076;2021;07;16;5;3;2;6;1;1;0;0;0;0;0;472218,308638466522098;5423043,687705878168344;8,620476290000056;48,959686058000045;08210708231000983210;0
184076;08;2;12;000;2021;07;12;2;3;1;5;1;1;0;0;0;0;0;458196,576986542902887;5428860,426923103630543;8,428336503000025;49,011219553000046;08210712212010989700;0
184078;08;4;15;080;2021;07;07;3;3;5;3;1;0;0;0;0;0;0;511465,163645199500024;5372860,656714476644993;9,155230181000036;48,508757506000052;08210720415400016630;0
184079;08;1;25;098;2021;06;17;4;3;0;7;1;0;0;0;0;0;0;520982,209956970997155;5439231,855360373854637;9,287475714000038;49,105574140000044;08210630121600962580;1
184080;08;2;26;084;2021;07;11;6;3;0;7;1;0;0;0;0;0;0;468284,472013693302870;5469686,680708261206746;8,563061313000048;49,379054745000076;08210702222014973840;0
184082;08;2;15;064;2021;07;16;6;3;6;6;0;1;1;0;0;0;0;479020,581754690967500;5451928,126603804528713;8,711900787000047;49,219780345000061;08210716215202004320;0
184084;08;4;17;002;2021;07;12;1;3;0;1;1;0;0;0;0;0;0;491510,286291330121458;5349176,344780895859003;8,885534281000048;48,295728001000043;08210711417200987750;0
184087;08;4;16;022;2021;07;19;3;2;2;6;1;0;0;0;0;0;0;510038,872318482026458;5375452,097617778927088;9,135981656000070;48,532095419000029;08210713416200011970;0
184088;08;4;37;056;2021;07;01;7;3;8;1;1;0;0;0;0;2;0;526491,267464067786932;5304671,707968948408961;9,354412713000045;47,894828172000075;08210703437100972210;0
184090;08;3;11;000;2021;06;10;3;3;5;3;1;0;0;1;0;0;0;410404,524695010855794;5316482,717439740896225;7,799014411000030;47,995363505000057;08210629311300957520;0
184092;08;1;16;033;2021;07;14;6;3;6;4;0;1;1;0;0;0;0;532135,169938112609088;5388830,784365948289633;9,436316407000049;48,651707472000055;08210702116400993650;0
184094;08;4;16;041;2021;07;16;7;3;6;6;1;0;1;0;0;0;0;504353,058530807495117;5373912,105417488142848;9,058948392000048;48,518306307000046;08210710416010984470;0
184096;08;2;15;009;2021;07;06;7;3;5;3;1;1;0;0;0;0;0;470507,927075449377298;5441372,243077717721462;8,595777469000041;49,124478176000082;08210710215402073020;0
184097;08;3;27;049;2021;07;14;7;3;6;4;0;1;1;0;0;0;0;472946,863040610216558;5324425,616842908784747;8,636825940000051;48,072531290000029;08210703327200992350;0
184102;08;2;22;000;2021;07;17;2;3;3;5;1;1;0;0;0;0;0;461449,014993635006249;5481635,208491327241063;8,467732794000028;49,486132153000028;08210712222700009310;0
184105;08;3;26;003;2021;07;14;3;3;5;3;1;1;0;0;0;0;0;464905,129033675417304;5318532,534883864223957;8,529356528000051;48,019120436000037;08210720326300017520;0
184108;08;4;15;061;2021;07;04;7;3;8;1;1;0;0;0;0;2;0;513173,574500365182757;5375220,882126554846764;9,178435301000036;48,529957351000064;08210717415400072210;0
184114;08;1;11;000;2021;07;21;3;3;0;6;1;0;0;0;1;1;0;512908,194000001996756;5404386,445999523624778;9,175750573000073;48,792339367000068;08210720111120016700;0
184115;08;1;18;080;2021;06;10;4;3;4;6;1;1;0;0;0;0;0;508613,717368328943849;5408242,557932969182730;9,117360528000063;48,827102871000079;08210630118200961760;1
184117;08;3;11;000;2021;07;19;7;3;3;6;1;1;0;0;0;0;0;414223,688753004185855;5315128,993050234392285;7,850468105000061;47,983710008000060;08210717311010038840;0
184118;08;2;21;000;2021;07;15;3;3;5;3;1;1;0;0;0;0;0;473811,232652516104281;5472836,969167493283749;8,638993060000075;49,407653716000027;08210720221400167530;0
184119;08;1;18;080;2021;07;08;5;3;5;2;1;0;0;0;1;0;0;506898,153966750949621;5411410,469934822991490;9,094039623000072;48,855622368000070;08210701118010982370;0
184120;08;4;21;000;2021;07;09;6;3;6;7;0;1;1;0;0;0;0;569387,711000005714595;5353223,395999504253268;9,936147456000072;48,328385472000036;08210702421300970500;0
184125;08;1;15;016;2021;07;18;4;3;4;2;1;1;0;0;0;0;0;488915,828999999910593;5379148,369999516755342;8,849760886000070;48,565330576000065;08210707115200008730;0
184126;08;2;21;000;2021;07;11;4;3;5;3;1;1;0;0;0;0;0;476384,510516921058297;5470275,254400033503771;8,674616804000038;49,384716778000040;08210714221400023770;1
184127;08;1;16;078;2021;07;16;3;2;6;6;1;0;1;0;0;0;0;510744,395000000484288;5393370,535999519750476;9,146002316000022;48,693281500000069;08210720116200860380;0
184128;08;2;26;085;2021;06;07;4;3;0;7;1;0;0;0;0;0;0;490417,648627650924027;5455497,506867861375213;8,868324644000040;49,252172035000058;08210630226500954740;0
184129;08;3;11;000;2021;07;14;6;3;5;3;1;1;0;0;0;0;0;411071,444034183397889;5316716,979929741472006;7,807903596000074;47,997563862000050;08210702311010971230;0
184130;08;2;21;000;2021;07;15;1;3;0;7;1;0;0;0;0;0;0;474718,863230283372104;5472787,759028175845742;8,651507452000033;49,407249464000074;08210718221200009770;0
184131;08;2;31;000;2021;07;08;6;2;5;3;1;1;0;0;0;0;0;477652,602027096785605;5414924,114196484908462;8,695157426000037;48,886865897000064;08210716231000168920;0
184132;08;2;22;000;2021;07;20;4;3;5;3;1;1;0;0;0;0;0;462455,253403379581869;5488399,304149731993675;8,480981715000041;49,547034487000076;08210707222800978280;0
184133;08;3;11;000;2021;07;18;1;2;0;7;1;0;0;0;0;0;0;412931,600715436041355;5316283,271410495042801;7,832921767000073;47,993918552000025;08210711311010017910;0
184136;08;1;27;076;2021;07;13;1;3;0;1;1;0;0;0;0;0;0;554273,760463816113770;5442042,195854460820556;9,743950836000067;49,128815445000043;08210704127100983860;0
184137;08;3;17;096;2021;07;16;2;3;5;2;1;1;0;0;0;0;0;422959,553093208000064;5370163,520553173497319;7,957512511000061;48,479876451000052;08210719317500013520;0
184140;08;4;21;000;2021;07;18;5;3;0;2;1;1;0;0;0;0;0;571270,996000006794930;5362813,083999510854483;9,963177822000034;48,414438323000070;08210701421300970790;0
184141;08;1;11;000;2021;07;12;6;3;6;4;0;1;1;0;0;0;0;515443,461247395724058;5406372,316457208245993;9,210343784000031;48,810146194000026;08210716111500034240;0
184142;08;4;36;064;2021;07;12;7;3;0;7;1;0;0;0;0;0;0;545938,062246695160866;5292138,007204458117485;9,613238675000048;47,780965721000030;08210710436200984610;0
184143;08;1;16;078;2021;07;14;4;3;5;3;1;1;0;0;0;0;0;510584,287428906187415;5393571,569143326953053;9,143831821000049;48,695092744000078;08210721116200055520;0
184144;08;2;21;000;2021;07;15;7;2;0;1;1;0;0;0;0;0;0;477184,868893366307020;5469003,274202216416597;8,685717237000063;49,373305968000068;08210703221400972640;0
184145;08;3;16;011;2021;07;09;1;3;6;7;0;1;1;0;0;0;0;415493,494601400569081;5329222,496093843132257;7,864698862000068;48,110655008000037;08210718316100041480;0
184146;08;3;36;081;2021;07;01;2;3;6;1;0;1;1;0;0;2;0;411654,022313196212053;5278203,974100809544325;7,823566636000066;47,651198886000032;08210705336300170580;1
184147;08;1;18;027;2021;07;10;5;3;0;7;1;0;0;0;0;0;0;501812,995637046173215;5412899,099404307082295;9,024722416000031;48,869049528000062;08210708118200980820;0
184148;08;2;26;091;2021;07;18;2;3;5;3;1;1;0;0;0;0;0;494423,824440953321755;5460691,847137346863747;8,923302808000074;49,298945671000070;08210712226500024840;0
184149;08;1;11;000;2021;07;18;5;3;3;2;1;1;0;0;0;0;0;512626,244169988669455;5401816,633946295827627;9,171832793000021;48,769227333000060;08210715111140001660;0
184152;08;1;11;000;2021;07;18;5;3;5;3;1;1;0;0;0;0;0;507777,961769805289805;5406008,880984881892800;9,105931166000062;48,807019993000040;08210701111500970240;0
184153;08;1;18;007;2021;07;00;7;2;0;1;1;0;0;0;0;2;0;514531,458193274214864;5429038,226412657648325;9,198729197000034;49,014063925000073;08210703118100976480;0
184154;08;1;18;048;2021;07;15;1;3;0;7;1;0;0;0;0;0;0;513440,937182505615056;5414990,034785892814398;9,183351892000076;48,887716069000078;08210718118400044480;0
184156;08;3;17;151;2021;07;19;4;3;8;5;1;0;0;0;0;0;1;411479,057502371259034;5365688,316785212606192;7,803141755000070;48,438112509000064;08210707317500979530;0
184160;08;2;26;095;2021;07;16;1;3;0;7;1;1;0;0;0;0;0;474585,767000000923872;5461187,546999542042613;8,650413080000021;49,302901259000066;08210704226700992610;1
184161;08;1;18;048;2021;07;11;3;3;0;7;1;0;0;0;0;0;0;513821,791125165298581;5415499,390337020158768;9,188564436000036;48,892289722000044;08210720118400079450;0
184162;08;1;11;000;2021;06;08;4;3;6;4;0;1;1;0;0;0;0;513274,319291727617383;5405363,823867920786142;9,180767087000049;48,801124042000026;08210630111500941720;0
184164;08;1;27;076;2021;07;20;6;3;4;6;1;0;0;0;0;0;0;561109,399000003002584;5439024,877999532967806;9,837182729000062;49,101034524000056;08210716127100015710;0
184165;08;4;21;000;2021;07;12;7;2;0;1;1;0;0;0;0;0;0;572183,555060403421521;5360171,882981322705746;9,975054341000032;48,390576176000081;08210710421300987180;0
184166;08;4;15;014;2021;07;06;2;3;2;6;1;1;0;0;0;0;0;524867,292804238386452;5375303,079482244327664;9,336828759000070;48,530342371000074;08210712415100990460;0
184168;08;2;37;028;2021;07;11;2;3;6;4;0;1;1;0;0;0;0;457201,809664749540389;5367802,124509580433369;8,421075340000073;48,461897430000079;08210719231000033170;0
184171;08;1;11;000;2021;07;08;3;3;6;4;0;1;1;0;0;0;0;516253,412000000476837;5406398,002999525517225;9,221376448000058;48,810356608000063;08210713111500993250;1
184173;08;2;22;000;2021;07;11;6;3;1;3;1;1;0;0;0;0;0;464443,552814329974353;5483822,246974628418684;8,508879425000032;49,505986334000056;08210702222014988460;0
184174;08;3;26;074;2021;07;07;5;2;5;3;1;1;0;0;0;0;0;459561,063679505139589;5323389,745977444574237;8,457233635000023;48,062503457000048;08210715326400064620;1
184175;08;1;36;088;2021;07;09;1;3;4;2;1;1;0;0;0;0;0;582281,275702666491270;5408549,360290840268135;10,121019933000071;48,824471877000065;08210711136100001640;0
184176;08;1;11;000;2021;07;15;4;3;5;3;1;1;0;0;0;0;0;513304,323538003489375;5409220,600164093077183;9,181300757000031;48,835818405000055;08210714111330051290;0
184177;08;2;22;000;2021;07;20;1;3;0;5;1;1;0;0;0;0;0;464628,653638605028391;5485043,548719765618443;8,511326595000071;49,516982143000064;08210704222301005660;0
184180;08;3;35;075;2021;07;14;5;3;6;6;0;0;1;1;0;0;0;487912,287089807912707;5289823,910631544888020;8,838698054000076;47,761669337000058;08210708911081992900;0
184184;08;2;15;084;2021;07;17;7;3;5;3;1;1;0;0;0;0;0;472902,550870268605649;5447974,586741672828794;8,628153499000064;49,183977725000034;08210717215202030150;0
184185;08;2;15;103;2021;07;18;4;3;5;2;1;1;0;0;0;0;0;466653,714631034061313;5443561,962277960032225;8,542771627000036;49,143977931000052;08210721215402328640;0
184186;08;2;16;052;2021;07;20;7;2;0;1;1;0;0;0;0;0;0;441271,319379013963044;5416044,317307667806745;8,198751580000021;48,894562368000038;08210703216100972080;0
184187;08;1;16;080;2021;07;06;2;2;6;3;0;1;1;0;0;1;0;518326,658653058111668;5395046,266251483932137;9,249108962000037;48,708179733000065;08210719116200070340;0
184189;08;1;18;021;2021;07;19;5;2;0;1;1;0;0;0;0;0;0;519470,176627013832331;5430251,524969464167953;9,266327642000022;49,024842052000054;08210708118500989090;0
184190;08;2;22;000;2021;07;07;2;3;9;1;1;0;0;0;0;0;0;463778,419822057709098;5485513,561124071478844;8,499537502000067;49,521159444000034;08210712222301990840;0
184191;08;2;31;000;2021;07;09;4;3;6;2;0;1;1;0;0;0;0;478750,921878959983587;5416270,112076045945287;8,710069479000026;48,899012680000055;08210714231000995340;0
184193;08;3;11;000;2021;06;08;4;3;0;6;1;1;0;0;0;0;0;413009,354479281231761;5317086,503728758543730;7,833800929000063;48,001154471000063;08210630311010942840;0
184194;08;1;18;051;2021;07;19;7;3;5;3;1;1;0;0;0;0;0;509547,288333287462592;5415546,974693913012743;9,130250635000039;48,892798387000028;08210703118010981260;0
184195;08;1;17;028;2021;07;08;1;3;0;1;1;0;0;0;1;0;0;546655,972000001929700;5382427,043999515473843;9,632742030000031;48,593186118000062;08210718117200042880;1
184198;08;1;16;049;2021;07;17;2;3;5;3;1;1;0;0;0;0;0;525701,816914043389261;5385707,140740413218737;9,348775461000059;48,623904860000039;08210712116500021820;0
184199;08;3;11;000;2021;07;16;3;3;5;3;1;1;0;0;0;0;0;414773,011001212522388;5317609,016812089830637;7,857335823000028;48,006092255000056;08210706311200986160;1
184201;08;3;17;096;2021;07;19;1;3;0;7;1;0;0;0;0;0;0;422137,241015860810876;5369969,721991546452045;7,946423289000052;48,478031937000026;08210704317500983710;0
184202;08;1;25;026;2021;07;17;3;2;2;1;1;0;0;0;0;0;0;492650,066947990097106;5442003,752839548513293;8,899248034000038;49,130822524000052;08210720121100015220;0
184203;08;2;21;000;2021;06;14;3;3;5;3;0;1;1;0;0;0;0;474550,110320779494941;5474662,800579648464918;8,649061062000044;49,424108048000051;08210629221400964790;0
184204;08;1;11;000;2021;07;13;6;3;6;7;0;1;1;0;0;0;0;512618,270026064477861;5401081,202408391982317;9,171701716000030;48,762611594000077;08210702111500992190;0
184206;08;1;11;000;2021;07;14;6;3;6;6;0;1;1;0;0;0;0;509164,632866899482906;5402822,961965629830956;9,124745677000021;48,778340818000061;08210716111500006540;0
184207;08;4;21;000;2021;07;23;7;3;0;1;1;0;0;0;0;2;0;570638,017184291034937;5361119,891934003680944;9,954339767000022;48,399278838000043;08210710421300028370;1
184209;08;3;26;074;2021;07;12;2;3;5;3;1;0;0;0;0;0;0;459840,726214598864317;5322899,626130562275648;8,461033088000022;48,058111668000038;08210712326400009330;0
184210;08;4;35;016;2021;07;02;7;3;0;7;1;0;0;0;0;2;0;535204,513788156211376;5277697,784936290234327;9,468792732000054;47,651718328000072;08210703435100006380;0
184211;08;3;16;043;2021;07;19;2;3;0;1;1;0;0;0;0;0;0;412483,090259206481278;5330928,724881369620562;7,823914037000065;48,125596107000035;08210719316100014160;0
184213;08;1;18;011;2021;07;15;6;3;1;5;1;1;0;0;0;0;0;504367,640999999828637;5409307,753999523818493;9,059519811000030;48,836729620000028;08210709118200998680;0
184214;08;3;35;043;2021;07;00;2;3;0;1;1;0;0;0;0;2;0;512739,206000001169741;5278350,394999491050839;9,169660244000056;47,658422635000079;08210712335100078110;0
184215;08;1;17;024;2021;07;12;5;3;6;4;0;1;1;0;0;0;0;561882,968755587004125;5384993,063162555918097;9,839610783000069;48,614948423000044;08210701117200036490;0
184216;08;4;21;000;2021;07;15;4;3;2;6;1;1;0;0;0;0;0;572141,705903203226626;5360866,674585387110710;9,974608492000073;48,396830800000032;08210714421300030390;0
184217;08;4;35;016;2021;07;20;6;3;0;7;1;0;0;0;0;0;0;535606,465935880318284;5280407,095594873651862;9,474365843000044;47,676073107000036;08210716435100005040;0
184219;08;2;15;046;2021;07;10;5;3;6;7;0;1;1;0;0;0;0;451158,310478412546217;5412156,098974974825978;8,334095921000028;48,860445368000057;08210701212010977460;0
184220;08;1;17;051;2021;07;11;7;3;0;1;1;0;0;0;0;0;0;544319,899579500779510;5395019,479726595804095;9,602410272000043;48,706633212000042;08210703117400980560;0
184221;08;4;25;066;2021;07;04;1;2;8;1;1;0;0;0;0;2;0;578205,869919708929956;5346801,352461259812117;10,053908445000047;48,269588261000081;08210718426010047840;0
184223;08;1;25;065;2021;07;16;7;2;0;7;1;0;0;0;0;0;0;517247,081689694896340;5449611,372508265078068;9,236745998000060;49,199057112000048;08210710121500986780;0
184224;08;1;26;069;2021;07;15;5;3;5;3;1;1;0;0;0;0;0;536538,423337050713599;5447759,526613501831889;9,501376805000064;49,181553485000052;08210708126200008450;0
184225;08;3;36;091;2021;07;12;2;3;0;1;1;0;0;0;0;0;0;395669,706678672693670;5274273,089340370148420;7,611712699000066;47,613460478000036;08210712311010993000;0
184228;08;3;11;000;2021;06;15;4;3;5;2;1;1;0;0;0;0;0;411586,050824543461204;5315939,745450578629971;7,814960535000068;47,990643802000079;08210630311010961390;0
184229;08;2;31;000;2021;07;11;5;3;6;7;0;1;1;0;0;0;0;477865,469920168630779;5415201,981534104794264;8,698046080000040;48,889373138000053;08210715231000999480;0
184231;08;1;11;000;2021;07;07;4;3;5;3;1;0;0;0;1;0;0;516174,383000000379980;5405376,441999524831772;9,220259808000037;48,801168856000061;08210721111500035890;0
184236;08;1;15;010;2021;07;12;7;3;2;6;1;0;0;0;0;0;0;487154,075985358096659;5388774,315481912344694;8,825583548000054;48,651893766000057;08210710115200016920;0
184237;08;2;12;000;2021;07;18;5;3;5;3;1;1;0;0;0;0;0;456625,664254451170564;5428080,530078135430813;8,406938714000034;49,004095860000064;08210708212010982530;1
184242;08;3;15;130;2021;07;15;6;2;8;1;1;0;0;0;0;0;0;408626,657143807038665;5300973,317234287038445;7,778478165000024;47,855600941000034;08210702311400987960;0
184244;08;2;12;000;2021;07;16;4;3;1;5;1;1;0;0;0;0;0;454308,218500290066004;5429238,445650493726134;8,375123658000064;49,014344177000055;08210707212010002660;0
184246;08;4;25;020;2021;07;16;3;2;7;1;1;1;0;0;0;0;0;557284,009249661117792;5361407,642813319340348;9,773981700000036;48,403222302000074;08210706425000978840;0
184248;08;4;36;064;2021;07;17;7;3;5;3;1;1;0;0;0;0;0;545778,612745357677341;5293223,907383371144533;9,611224800000059;47,790746929000079;08210703436200997470;0
184253;08;4;16;036;2021;07;09;5;3;6;7;0;0;1;0;1;0;0;495209,026162982918322;5369479,262316023930907;8,935172303000058;48,478423497000051;08210715416100032440;0
184255;08;3;11;000;2021;07;15;7;2;3;6;1;1;0;0;0;0;0;410693,064030715264380;5315140,506481142714620;7,803160494000053;47,983330366000075;08210703311010064820;0
184256;08;3;11;000;2021;07;09;2;3;5;3;1;1;0;0;0;0;0;411639,629871828481555;5316015,063033284619451;7,815663009000048;47,991328710000062;08210719311010168110;0
184258;08;3;35;061;2021;07;18;6;2;5;3;1;0;0;0;0;0;0;491223,421701684594154;5278140,226934276521206;8,883117957000024;47,656597504000047;08210709335010047020;0
184260;08;3;35;022;2021;07;20;2;3;6;7;0;1;1;0;0;0;0;481737,761833528056741;5296818,683484176173806;8,756009615000039;47,824458960000072;08210712911081022670;0
184262;08;4;36;081;2021;07;11;4;3;0;7;1;0;0;0;0;0;0;561873,979118647053838;5281793,116209205240011;9,824480842000071;47,686562524000067;08210714436300996530;0
184266;08;4;35;016;2021;07;16;6;3;6;3;0;1;1;0;0;0;0;536609,527823081240058;5279012,523392971605062;9,487611716000060;47,663469586000076;08210702435100988880;0
184268;08;2;26;098;2021;07;19;2;3;5;3;1;1;0;0;0;0;0;479246,846661688759923;5460782,155136717483401;8,714548958000023;49,299430911000059;08210705226700973940;0
184271;08;2;26;096;2021;07;11;2;3;5;3;1;1;0;0;0;0;0;474589,110132427886128;5487425,296424303203821;8,648778745000072;49,538904425000055;08210712226600038010;0
184274;08;4;36;064;2021;07;07;2;3;3;2;1;1;0;0;0;0;0;545358,487846869975328;5293137,471554499119520;9,605606686000044;47,789998996000065;08210719436200012690;0
184275;08;3;11;000;2021;06;08;4;3;6;4;0;1;1;0;0;0;0;413927,491352566517889;5315637,362188789993525;7,846397536000040;47,988243194000063;08210630311010954280;0
184276;08;1;36;088;2021;07;16;6;2;7;1;1;0;0;0;0;0;0;580526,177140073850751;5410360,115962836891413;10,097468383000034;48,840988249000077;08210702136100329050;0
184277;08;2;11;000;2021;07;20;1;3;8;7;1;0;0;0;0;0;0;440705,793999998830259;5404991,088999524712563;8,192636682000057;48,795085115000063;08210718211100022320;0
184278;08;1;11;000;2021;07;13;7;2;2;6;1;1;0;0;0;0;0;510273,391690094955266;5402601,738587016239762;9,139832130000059;48,776333383000065;08210710111500001630;0
184281;08;3;11;000;2021;07;12;1;3;0;7;1;0;0;0;0;0;0;411564,831665420904756;5316570,804333994165063;7,814546162000056;47,996317413000043;08210711311010987170;0
184282;08;3;15;074;2021;07;18;4;3;0;1;1;0;0;0;0;0;0;396640,795999965630472;5295948,736999485641718;7,619490298000073;47,808589359000052;08210721311400034480;0
184283;08;3;35;063;2021;07;07;3;3;5;3;1;1;0;0;0;0;0;497222,540605616755784;5287773,539238786324859;8,962949802000026;47,743328325000050;08210713335200026620;1
184285;08;3;26;027;2021;07;15;2;3;1;7;1;1;0;0;0;0;0;461826,457656777463853;5308271,109804030507803;8,488983012000062;47,926623162000055;08210719326100070710;0
184286;08;2;26;063;2021;06;20;3;2;3;6;1;1;0;0;0;0;0;470079,427516887895763;5471843,814558427780867;8,587627001000044;49,398548490000053;08210629226400957380;0
184288;08;1;16;049;2021;07;11;6;3;5;3;1;1;0;0;0;0;0;525957,135722838342190;5384943,334591310471296;9,352192282000033;48,617023084000039;08210702116500970550;0
184289;08;3;36;069;2021;07;15;5;3;4;6;1;1;0;0;0;0;0;408894,121039314195514;5268266,784426582977176;7,788889130000030;47,561423311000055;08210715336200050030;1
184291;08;2;12;000;2021;07;07;4;3;1;5;1;1;0;0;0;0;0;455341,900686141103506;5426860,623425913974643;8,389520848000075;48,993031116000054;08210721212010049390;0
184294;08;2;11;000;2021;07;16;6;2;0;7;1;0;0;0;0;0;0;443879,132631544955075;5401540,680902035906911;8,236312462000058;48,764342678000048;08210716211100023020;0
184297;08;4;15;050;2021;07;07;3;3;8;1;1;0;0;0;0;0;0;521239,949174297973514;5377546,671400193125010;9,287811306000037;48,550659489000054;08210706415100987040;0
184299;08;3;17;089;2021;07;18;1;3;0;1;1;0;0;0;0;0;0;431175,746475909836590;5376891,569930847734213;8,067565469000044;48,541349777000050;08210704317100990970;0
184301;08;2;31;000;2021;06;14;3;3;5;3;1;0;0;1;0;0;0;476337,134388670325279;5415834,353554233908653;8,677160606000029;48,895005255000058;08210629231402941620;1
184303;08;4;25;004;2021;07;07;5;3;6;7;0;0;1;0;1;0;0;557148,541574889793992;5352988,995848104357719;9,771007565000048;48,327502170000059;08210701426010984440;0
184304;08;4;16;041;2021;07;11;5;3;6;4;0;1;1;0;0;0;0;504109,777630071155727;5372089,742307780310512;9,055635975000030;48,501913274000060;08210715416200078980;0
184305;08;4;16;041;2021;07;09;7;3;6;2;0;1;1;0;0;0;0;505200,523964515887201;5373317,876592015847564;9,070417211000063;48,512953956000047;08210710416010995730;0
184309;08;1;26;066;2021;07;06;3;3;8;6;1;1;0;0;0;0;0;536856,798486831597984;5449216,768915312364697;9,505878963000043;49,194642289000058;08210706126200985510;0
184310;08;3;26;060;2021;07;12;6;3;6;4;0;1;1;0;0;0;0;442816,380503236316144;5331080,057883022353053;8,231476052000062;48,130405893000045;08210709326300010060;0
184311;08;1;11;000;2021;07;19;3;3;6;4;0;0;1;0;1;0;0;514311,439633031375706;5408407,397692931815982;9,194996465000031;48,828480577000050;08210713111330993920;0
184312;08;1;21;000;2021;07;10;5;3;6;7;0;0;1;0;1;0;0;515971,250620526261628;5442547,793461618945003;9,218952804000025;49,135552749000055;08210715121200001280;0
184314;08;1;36;065;2021;07;12;3;3;3;6;1;0;0;0;0;0;0;558666,511783380992711;5405732,553749945014715;9,798923280000054;48,801814178000029;08210720136300061880;0
184315;08;1;15;042;2021;07;17;5;3;6;4;0;1;1;0;0;0;0;496002,084837448783219;5406143,610913755372167;8,945549450000044;48,808267826000076;08210701115300977000;0
184316;08;3;27;050;2021;07;08;6;3;6;2;0;1;1;0;0;0;0;485744,006640704348683;5314129,225063273683190;8,808962027000064;47,980308219000051;08210702327100989800;0
184318;08;2;26;028;2021;07;12;2;2;6;4;0;1;1;0;0;0;0;472428,400275447405875;5483626,323873180896044;8,619180231000030;49,504639685000029;08210705222014974650;0
184319;08;3;11;000;2021;07;17;5;2;6;3;0;0;1;0;1;0;0;409776,748999982140958;5316962,613999500870705;7,790500403000067;47,999591985000052;08210708311010996810;0
184322;08;1;36;020;2021;07;15;4;3;0;7;1;0;0;0;0;0;0;563729,543000002391636;5415142,552999524399638;9,869327763000058;48,885957023000060;08210714136300030610;0
184323;08;4;26;067;2021;07;17;2;2;9;1;1;0;0;0;0;0;0;528205,240000001154840;5337080,030999505892396;9,379477917000031;48,186330430000055;08210719426200015260;0
184325;08;2;21;000;2021;07;10;6;3;8;1;1;0;0;0;0;0;0;477201,718004139140248;5472112,555056326091290;8,685771016000047;49,401274191000027;08210702221200003010;0
184326;08;2;26;037;2021;07;18;6;2;5;3;1;1;0;0;0;0;0;464700,501661961898208;5467852,628456505015492;8,513850129000048;49,362360827000032;08210716226400033730;0
184327;08;3;36;107;2021;07;13;1;2;0;1;1;0;0;0;0;0;0;408033,264547008089721;5283512,618636967614293;7,774245005000068;47,698449077000078;08210711311010986440;0
184328;08;3;36;050;2021;07;11;4;3;5;3;1;1;0;0;0;0;0;400958,669387339614332;5276511,120305739343166;7,681565184000021;47,634422484000027;08210721311010018050;0
184329;08;2;21;000;2021;07;18;3;3;0;1;1;0;0;0;0;0;0;477609,532999999821186;5468739,825999544933438;8,691581801000041;49,370952032000048;08210713221400069660;1