OID_;ULAND;UREGBEZ;UKREIS;UGEMEINDE;UJAHR;UMONAT;USTUNDE;UWOCHENTAG;UKATEGORIE;UART;UTYP1;IstRad;IstPKW;IstFuss;IstKrad;IstSonstige;ULICHTVERH;IstGkfz;LINREFX;LINREFY;XGCSWGS84;YGCSWGS84;UIDENTSTLAE;IstStrassenzustand
184331;08;2;26;103;2021;07;18;2;3;0;7;1;0;0;0;0;0;0;473525,752659583464265;5456740,506745429709554;8,636126743000034;49,262855141000045;08210719226700016220;0
184332;08;2;22;000;2021;06;07;3;3;5;3;1;1;0;0;0;0;0;465369,300764135085046;5481885,667004076763988;8,521835508000038;49,488621290000026;08210629222301960760;1
184333;08;4;16;041;2021;07;13;5;3;0;1;1;0;0;0;0;0;0;503553,668415452353656;5372122,266261929646134;9,048107945000027;48,502209264000044;08210708416200980180;0
184334;08;1;18;081;2021;07;15;6;3;5;3;1;0;0;0;0;0;0;520472,511999999172986;5413302,725999528542161;9,279186255000070;48,872345150000058;08210702118300040350;0
184336;08;1;15;003;2021;07;23;5;3;4;2;1;1;0;0;0;2;0;501309,180623101070523;5391469,813463296741247;9,017784066000047;48,676273527000035;08210715115100015660;1
184339;08;2;21;000;2021;07;10;4;2;1;5;1;1;0;0;0;0;0;477028,323680329136550;5474050,437958426773548;8,683269034000034;49,418698613000061;08210721221300054840;0
184340;08;2;15;108;2021;07;18;7;3;0;7;1;0;0;0;0;0;0;449832,660767288878560;5425093,826888827607036;8,314432561000046;48,976715743000057;08210703212702979120;0
184342;08;1;11;000;2021;07;00;3;3;7;7;1;0;0;0;0;2;0;512794,172185654751956;5406433,135740136727691;9,174261896000075;48,810753511000030;08210706111370976010;1
184347;08;1;28;131;2021;06;09;4;3;5;3;1;1;0;0;0;0;0;536823,540263677947223;5512221,023637931793928;9,511288426000021;49,761336941000081;08210630128300961820;0
184349;08;3;36;091;2021;07;23;7;2;0;7;1;0;0;0;0;2;0;394961,600999961607158;5271697,955999480560422;7,602910025000028;47,590182403000028;08210717336400072700;0
184351;08;3;17;089;2021;07;12;7;2;0;4;1;0;1;0;0;0;0;431814,470649727620184;5375870,811453875154257;8,076384811000025;48,532237632000033;08210703317100996790;0
184352;08;1;11;000;2021;07;16;2;3;6;2;0;1;1;0;0;0;0;510495,912000000476837;5406361,480999523773789;9,142956926000068;48,810151984000072;08210719111500028860;0
184353;08;1;15;045;2021;07;14;3;3;4;3;1;1;0;0;0;0;0;500934,382543065585196;5396458,671972053125501;9,012704052000061;48,721154415000058;08210706115400008030;0
184354;08;2;12;000;2021;07;20;5;3;0;7;1;0;0;0;0;0;0;456354,206570832058787;5428045,915804898366332;8,403230979000057;49,003765364000060;08210708212402009120;0
184356;08;1;18;048;2021;07;08;5;2;6;4;1;0;1;0;0;0;0;513630,812169604003429;5415805,856118213385344;9,185969236000062;48,895050838000031;08210715118000008740;0
184361;08;2;25;118;2021;07;12;1;3;0;1;1;0;0;0;0;0;0;507344,274192448705435;5478959,025180282071233;9,101353739000047;49,463240346000077;08210718225100012040;0
184362;08;1;18;073;2021;07;12;2;3;7;7;1;0;0;0;0;0;0;496922,826962585560977;5420138,552270529791713;8,957984428000032;48,934168985000042;08210705118600985610;0
184363;08;4;36;052;2021;07;19;4;2;0;1;1;0;0;0;0;0;0;565926,970895695500076;5293071,262485247105360;9,880189753000025;47,787626084000067;08210707436300994430;0
184366;08;1;17;024;2021;07;23;4;3;1;5;1;0;0;0;1;2;0;563532,832323365844786;5387288,816216157749295;9,862344836000034;48,635433789000047;08210714117200997330;0
184367;08;1;15;045;2021;07;16;3;3;4;2;1;1;0;0;0;0;0;497738,785072231665254;5396213,020696576684713;8,969257417000051;48,718941122000047;08210720115400052270;0
184369;08;2;15;110;2021;07;08;6;3;5;2;1;1;0;0;0;0;0;461470,088709421455860;5419786,273212723433971;8,473959275000027;48,929808068000057;08210702212010982740;0
184370;08;1;15;003;2021;07;14;6;3;5;3;1;1;0;0;0;0;0;500893,298065206967294;5391115,867778861895204;9,012133903000063;48,673090121000030;08210716115100038730;0
184372;08;4;21;000;2021;07;11;3;3;0;1;1;0;0;0;0;0;0;573654,999817606061697;5362684,927616121247411;9,995368492000068;48,413011358000063;08210713421200993090;1
184373;08;1;16;050;2021;07;15;1;3;6;4;0;1;1;0;0;0;0;526919,208395539782941;5388321,261247213929892;9,365465028000074;48,647370290000026;08210704116500985120;0
184374;08;1;21;000;2021;07;19;2;3;5;3;1;0;0;0;1;0;0;513989,484777095727623;5442479,226507667452097;9,191782204000049;49,134984288000055;08210719121300016110;0
184376;08;2;26;009;2021;07;18;6;3;0;6;1;1;0;0;0;0;0;465387,380255160853267;5473224,129242135211825;8,522841903000028;49,410715256000060;08210709222500983990;0
184377;08;1;21;000;2021;07;08;3;3;6;4;0;1;1;0;0;0;0;516734,538126981817186;5442274,536698676645756;9,229405424000049;49,133074396000040;08210713121200009500;1
184378;08;1;16;080;2021;07;18;6;3;0;1;1;0;0;0;0;0;0;519595,705000000074506;5396678,309999525547028;9,266436071000044;48,722822956000073;08210702116200970970;0
184379;08;4;15;088;2021;07;17;4;3;0;7;1;0;0;0;1;0;0;537322,182286190800369;5371705,263117117807269;9,505203294000069;48,497359143000040;08210714415100998200;0
184380;08;4;16;041;2021;07;07;6;3;0;1;1;0;0;0;0;0;0;504279,782412705011666;5375032,296646619215608;9,057967599000051;48,528384454000047;08210716416200002530;0
184381;08;1;21;000;2021;07;08;4;3;5;3;1;1;0;0;0;0;0;515059,275383740663528;5440799,918497880920768;9,206385189000059;49,119853020000050;08210721121200020090;0
184385;08;2;22;000;2021;07;18;2;3;6;4;1;0;1;0;0;0;0;461194,682404301129282;5482229,538622381165624;8,464163082000027;49,491461620000052;08210705222200975990;0
184387;08;1;19;086;2021;07;21;2;3;0;7;1;0;0;0;0;2;0;535636,665068703703582;5405290,952336691319942;9,485278988000061;48,799588727000071;08210712119300017710;0
184389;08;4;16;041;2021;07;17;3;3;0;1;1;0;0;0;0;0;0;503405,622385350987315;5374645,871681910008192;9,046124368000051;48,524913390000052;08210720416200036210;0
184394;08;4;15;073;2021;07;11;1;2;0;1;1;0;0;0;0;0;0;516324,948563131503761;5348265,064383091405034;9,220071336000046;48,287375862000033;08210711415300014520;0
184395;08;1;11;000;2021;07;14;4;3;1;5;1;0;0;0;0;0;0;508334,827028605155647;5407411,005266379565001;9,113543800000059;48,819626132000053;08210714111000077800;0
184396;08;3;15;059;2021;07;17;1;3;4;6;1;1;0;0;0;0;0;399180,244471977464855;5321961,527177952229977;7,647310389000040;48,042972161000080;08210704311100995910;1
184397;08;1;16;049;2021;07;21;3;3;6;7;0;1;1;0;0;0;0;525380,698623188771307;5385988,786050532013178;9,344435187000045;48,626451666000037;08210720116500068950;0
184398;08;4;15;061;2021;06;05;3;3;0;1;1;0;0;0;0;2;0;516102,427852769382298;5371745,107561558485031;9,217972007000071;48,498619872000063;08210629415400075510;1
184399;08;1;18;080;2021;07;16;6;3;6;4;0;1;1;0;0;0;0;509123,720683732070029;5408599,779830679297447;9,124317175000044;48,830309108000051;08210702118200981420;0
184400;08;4;21;000;2021;07;07;5;3;5;3;1;1;0;0;0;0;0;569885,351802449673414;5354609,065718008205295;9,943090323000035;48,340795347000039;08210715421300078530;1
184405;08;4;15;080;2021;07;16;1;3;0;7;1;0;1;0;0;0;0;511072,421740503981709;5373584,650109443813562;9,149931969000022;48,515277852000054;08210711415400993300;0
184407;08;2;12;000;2021;07;14;3;3;0;1;1;0;0;0;0;0;0;460715,230614032596350;5427647,409690216183662;8,462894923000022;49,000473699000054;08210713212070996890;1
184409;08;4;21;000;2021;07;10;2;3;5;3;1;1;0;0;0;0;0;569731,956745862960815;5357390,782881770282984;9,941481486000043;48,365835002000040;08210719421300012000;0
184410;08;4;36;006;2021;06;14;3;3;5;6;1;1;0;0;0;0;0;556699,303506701253355;5284560,952035069465637;9,755893793000041;47,711939117000043;08210629436300960030;0
184411;08;3;17;096;2021;07;11;6;2;0;1;1;0;0;0;0;0;0;423439,751652036793530;5368768,277058798819780;7,964264794000030;48,467384942000081;08210702317500164220;0
184412;08;1;25;026;2021;07;09;6;3;5;3;1;1;0;0;0;0;0;493125,833000000566244;5442359,430999534204602;8,905763702000058;49,134027497000034;08210716121100036090;0
184413;08;4;15;061;2021;07;15;7;3;5;3;1;1;0;0;0;0;0;509797,494217682629824;5368727,722410907968879;9,132554246000041;48,471604240000033;08210710415400017010;0
184414;08;3;17;089;2021;07;11;4;3;2;6;1;1;0;0;0;0;0;431702,301046696491539;5376035,607313098385930;8,074838602000057;48,533707801000048;08210721317100048800;0
184415;08;4;15;059;2021;07;18;2;3;5;3;1;1;0;0;0;0;0;516318,737315889447927;5369746,164376329630613;9,220821984000054;48,480631097000071;08210712415400024650;0
184416;08;1;16;049;2021;07;23;4;3;5;3;1;1;0;0;0;2;0;523970,082000000402331;5387273,783999519422650;9,325366707000057;48,638067226000032;08210707116500003090;0
184417;08;3;35;043;2021;07;23;7;3;0;2;1;0;0;0;0;2;0;512985,148493168875575;5279701,315491326153278;9,172975832000077;47,670572888000038;08210703335100993560;1
184418;08;2;12;000;2021;07;18;2;3;0;1;1;0;0;0;0;0;0;463130,272333807311952;5430242,517686756327748;8,495676480000043;49,023966315000052;08210719212102032520;0
184420;08;3;15;047;2021;07;22;6;2;0;1;1;0;0;0;0;2;0;415876,722151151858270;5321266,843369277194142;7,871412541000041;48,039142112000036;08210709311010996540;0
184421;08;4;17;002;2021;07;13;2;3;0;1;1;0;0;0;0;0;0;490178,428349865600467;5343071,510746169835329;8,867718875000037;48,240785115000051;08210712417200026650;0
184424;08;2;26;032;2021;07;12;7;3;6;5;0;1;1;0;0;0;0;467119,090423546731472;5463016,324111411347985;8,547557146000031;49,318994503000056;08210717226200038080;0
184425;08;1;11;000;2021;07;18;4;2;4;6;1;0;0;0;0;0;0;516853,960231062024832;5407153,215923111885786;9,229587051000067;48,817134382000063;08210721111310023140;0
184426;08;1;27;076;2021;07;07;5;3;0;1;1;0;0;0;0;0;0;553310,320856235921383;5439607,881137788295746;9,730424136000067;49,107003851000059;08210701127100969720;1
184427;08;2;21;000;2021;07;21;7;3;0;1;1;0;0;0;0;2;0;477006,042708912864327;5472843,619836993515491;8,683031737000022;49,407842645000073;08210710221200985080;1
184428;08;1;17;026;2021;07;19;7;3;1;5;1;1;0;0;0;0;0;547660,157539510168135;5394604,097965484485030;9,647761249000041;48,702650326000025;08210703117300988820;0
184431;08;1;11;000;2021;07;16;5;2;1;5;1;1;0;0;0;0;0;514036,772758895531297;5408199,215802561491728;9,191246964000072;48,826614076000055;08210708111500989780;0
184432;08;1;27;056;2021;07;16;2;3;4;6;1;0;0;1;0;0;0;554820,654066934250295;5437700,037460096180439;9,750857011000051;49,089710612000033;08210712127100994290;0
184433;08;3;11;000;2021;07;12;4;3;6;7;0;1;1;0;0;0;0;411738,605371007695794;5316728,206798693165183;7,816842671000074;47,997757303000071;08210714311010045990;0
184434;08;1;35;019;2021;07;17;3;3;0;7;1;0;0;0;0;0;0;585085,114643866196275;5392532,600505465641618;10,155902377000075;48,680036705000077;08210720135200050310;0
184437;08;1;36;003;2021;07;18;1;2;0;1;1;0;0;0;0;0;0;569831,322025132365525;5424288,055843262001872;9,954115974000047;48,967558653000026;08210718136200029860;0
184438;08;2;15;102;2021;07;17;6;3;8;6;1;0;0;0;0;0;0;456149,513693803921342;5436458,236278174445033;8,399522044000037;49,079420162000076;08210716215102013000;0
184439;08;3;17;065;2021;07;12;4;2;0;1;1;0;0;0;0;0;0;414180,417232152074575;5353867,950737802311778;7,842072484000028;48,332165449000058;08210707317300977700;0
184441;08;3;11;000;2021;07;18;4;2;0;1;1;0;0;0;0;0;0;412806,644115438684821;5316064,378702586516738;7,831291658000055;47,991932514000041;08210721311010020860;0
184442;08;4;21;000;2021;07;13;3;3;2;6;1;1;0;0;0;0;0;570155,829687747173011;5358625,278932493180037;9,947409562000075;48,376892779000059;08210706421300979010;0
184443;08;3;36;091;2021;07;16;3;3;5;3;1;1;0;0;0;0;0;394333,336828629486263;5272144,413856329396367;7,594448674000034;47,594096276000073;08210713311010998160;0
184444;08;2;25;001;2021;07;17;1;3;4;6;1;1;0;0;0;0;0;526220,428146816790104;5469112,727058567106724;9,361197674000039;49,374153445000047;08210704225200973160;0
184445;08;1;15;003;2021;07;13;3;2;3;2;1;1;0;0;0;0;0;500827,743497506715357;5391022,687678826972842;9,011243271000069;48,672251951000078;08210720118000053180;0
184447;08;1;18;048;2021;07;07;6;3;6;3;0;0;1;0;1;0;0;512945,177691285498440;5415825,414979303255677;9,176615588000061;48,895241489000057;08210702118400986350;0
184448;08;3;11;000;2021;07;07;5;3;2;6;1;1;0;0;0;0;0;415208,118366919457912;5317903,380566537380219;7,863110049000056;48,008798048000074;08210715311010151310;1
184449;08;4;16;041;2021;07;21;7;1;0;1;1;0;0;0;0;0;0;505599,905597196891904;5373028,852328607812524;9,075821116000043;48,510350350000067;08210710416010995210;0
184451;08;2;12;000;2021;07;08;4;2;5;3;1;0;0;0;1;0;0;455399,181004087440670;5425651,194311683997512;8,390436547000036;48,982156289000045;08210721212010034940;0
184452;08;3;11;000;2021;07;17;7;3;0;7;1;0;0;0;0;0;0;413288,246496542356908;5315969,686630452051759;7,837764632000074;47,991146214000025;08210710311010984560;0
184453;08;2;12;000;2021;07;10;7;3;5;2;1;1;0;0;0;0;0;459241,831465984694660;5428142,111286435276270;8,442701799000076;49,004828104000069;08210703212010991730;0
184454;08;2;26;020;2021;07;09;2;2;6;7;0;0;1;0;1;0;0;490380,246706083416939;5463522,294301167130470;8,867617562000021;49,324355544000070;08210719226500041720;0
184455;08;2;16;043;2021;07;16;3;3;5;2;1;1;0;0;0;0;0;442040,109965618699789;5412149,060624577105045;8,209791418000066;48,859597116000032;08210706216100975620;0
184456;08;4;17;002;2021;07;07;5;3;6;4;0;1;1;0;0;0;0;489835,524395980872214;5346852,393531505018473;8,863009666000039;48,274795389000076;08210708417010991520;1
184460;08;3;16;056;2021;07;11;7;2;6;4;0;1;1;0;0;0;0;422798,968710141256452;5327198,952965268865228;7,963192811000056;48,093379707000054;08210717316200039490;0
184463;08;3;35;043;2021;07;19;6;2;6;6;0;0;1;0;1;0;0;514180,648606020025909;5279614,065428890287876;9,188898233000032;47,669762729000070;08210702335010986310;0
184464;08;1;15;004;2021;07;16;2;3;5;3;1;1;0;0;0;0;0;487881,654799690470099;5374320,531029334291816;8,835883827000032;48,521878766000043;08210719115200028900;0
184465;08;2;22;000;2021;07;11;2;3;0;4;0;1;1;0;0;0;0;462041,329373558051884;5488522,551881112158298;8,475248010000030;49,548117219000062;08210705222800054240;0
184469;08;3;35;043;2021;07;17;2;3;0;1;1;0;0;0;0;0;0;513186,565529405139387;5281901,330659471452236;9,175725365000062;47,690363774000048;08210712335100021780;0
184470;08;3;17;031;2021;07;14;7;3;4;1;1;1;0;0;0;0;0;417349,337419969029725;5358786,816836791113019;7,883854736000046;48,376832700000080;08210703317300972720;0
184471;08;3;15;076;2021;07;19;2;3;3;6;1;1;0;0;0;0;0;392132,241455597802997;5297430,521874571219087;7,558922583000026;47,821177590000048;08210719311400044870;0
184475;08;3;11;000;2021;07;15;5;3;3;6;1;1;0;0;0;0;0;414882,567999986000359;5319474,561999499797821;7,858433989000048;48,022888137000052;08210701311200970600;0
184478;08;1;15;024;2021;07;08;4;3;6;4;0;1;1;0;0;0;0;501096,998265383765101;5386658,724036119878292;9,014889005000043;48,632992616000081;08210721115100030960;0
184479;08;1;28;007;2021;07;08;5;3;0;1;1;0;0;0;0;0;0;556345,855499909259379;5482271,569719785824418;9,778028723000034;49,490464309000060;08210701128100969350;1
184480;08;1;15;028;2021;07;10;7;3;5;3;1;1;0;0;0;0;0;500087,822002536617219;5405007,715895768254995;9,001195870000060;48,798062253000069;08210703115300994530;0
184481;08;3;16;011;2021;07;00;1;3;1;5;1;1;0;0;0;2;0;414352,941700883209705;5330127,179367944598198;7,849197581000055;48,118640428000049;08210718316100068720;0
184482;08;2;12;000;2021;07;17;2;3;0;7;1;1;0;0;0;0;0;459326,121000000275671;5431392,362999530509114;8,443528413000024;49,034070204000045;08210705215102976280;0
184483;08;1;15;029;2021;07;07;5;2;5;2;1;0;0;0;0;0;1;497495,020999999716878;5398366,942999521270394;8,965930210000067;48,738316962000056;08210708118000984330;1
184487;08;1;17;026;2021;06;18;4;3;5;3;1;1;0;0;0;0;0;548024,018952327780426;5394708,034552233293653;9,652718338000057;48,703557379000074;08210630117300945590;1
184488;08;3;36;050;2021;07;10;6;3;6;4;0;1;1;0;0;0;0;399339,726557106710970;5272940,488892944529653;7,660840447000055;47,602053824000052;08210702311010973640;0
184492;08;4;35;016;2021;07;15;1;3;2;6;1;0;0;0;0;0;0;537427,903000000864267;5279729,719999488443136;9,498572892000027;47,669875629000046;08210711435100005490;0
184494;08;3;11;000;2021;07;16;3;3;3;2;1;1;0;0;0;0;0;412449,885440655983984;5318491,122336652129889;7,826015556000073;48,013713036000070;08210706311010975640;1
184495;08;4;26;097;2021;07;07;3;3;0;2;1;1;0;0;0;0;0;535183,008683376945555;5333777,569797037169337;9,473081602000036;48,156271249000042;08210713426300992040;0
184499;08;3;16;011;2021;07;10;3;3;0;1;1;0;0;0;0;0;0;414174,929530594497919;5329905,621107768267393;7,846850815000039;48,116623499000070;08210706316100054860;1
184502;08;3;17;096;2021;07;17;7;3;6;7;1;0;1;0;0;0;0;422124,832694745622575;5369032,206197390332818;7,946430045000056;48,469597522000072;08210710317500019800;0
184504;08;3;11;000;2021;07;22;7;3;0;7;1;0;0;0;0;2;0;414537,370319698937237;5313163,671708371490240;7,855061986000067;47,966073091000055;08210710311010984850;1
184506;08;1;18;046;2021;07;18;2;3;5;7;1;1;0;0;0;0;0;513260,367000000551343;5412087,896999523043633;9,180794593000030;48,861613000000034;08210719118300013910;0
184508;08;1;15;021;2021;07;18;6;3;5;3;1;1;0;0;0;0;0;488247,317350562661886;5384302,706098446622491;8,840553847000024;48,611687975000052;08210709115200982850;0
184511;08;3;15;108;2021;07;11;7;2;0;7;1;1;0;0;0;0;0;405104,479138460941613;5304174,098915152251720;7,730700808000051;47,883881999000039;08210717311400034370;0
184512;08;3;35;043;2021;07;12;3;3;5;3;1;1;0;0;0;0;0;513137,990406718105078;5278814,483292935416102;9,174985166000056;47,662590377000072;08210720335100077390;0
184513;08;2;15;110;2021;07;11;5;3;6;7;0;1;1;0;0;0;0;461300,162674516439438;5419269,132982054725289;8,471688492000055;48,925145609000026;08210701212702973810;0
184514;08;1;25;065;2021;07;13;7;3;1;7;0;1;1;0;0;0;0;516067,474552336148918;5447272,407929742708802;9,220460482000021;49,178049585000053;08210703121500008250;0
184515;08;2;12;000;2021;07;17;1;3;5;3;1;0;0;0;0;0;0;454673,672259827144444;5428816,728665530681610;8,380168356000070;49,010577760000047;08210718212402012200;0
184516;08;2;21;000;2021;07;07;2;2;5;3;1;1;0;0;0;0;0;476967,850000001490116;5469062,953999541699886;8,682724353000026;49,373834616000067;08210705221400995440;0
184517;08;3;16;012;2021;07;13;5;2;6;7;1;0;1;0;0;0;0;403323,865343533456326;5332962,912115154787898;7,700398409000059;48,142567647000078;08210708316100982260;0
184519;08;1;11;000;2021;07;08;4;3;0;7;1;0;0;0;0;0;0;513585,426688840612769;5402550,952509814873338;9,184910666000064;48,775813008000057;08210707111120977480;1
184524;08;1;18;079;2021;07;13;6;3;7;7;1;0;0;0;0;0;0;510655,983137045986950;5422426,357369923964143;9,145555895000030;48,954665223000063;08210716118100003180;0
184525;08;1;36;021;2021;07;11;1;3;3;6;1;0;0;0;0;0;0;574601,706500131636858;5409950,261228334158659;10,016664656000046;48,838042109000071;08210711136100014510;0
184527;08;4;16;018;2021;07;15;1;3;0;1;1;0;0;0;0;0;0;491422,475000000558794;5360990,955999512225389;8,884109585000033;48,402018386000066;08210704416100972500;0
184528;08;2;21;000;2021;07;12;2;3;0;1;1;0;0;0;0;0;0;476130,932682593353093;5472684,808219714090228;8,670978228000024;49,406380464000051;08210719221011034880;0
184531;08;2;22;000;2021;07;11;4;3;6;7;0;0;1;0;1;0;0;467432,498141312971711;5482309,045468222349882;8,550287334000075;49,492543640000065;08210714222301998450;1
184532;08;1;11;000;2021;07;15;3;2;3;6;1;1;0;0;0;0;0;512547,881759621202946;5403211,458198335021734;9,170808913000030;48,781776657000080;08210720111500035690;0
184534;08;3;11;000;2021;07;19;6;2;4;6;1;0;0;0;0;0;0;413757,575906503945589;5317512,084862435236573;7,843743921000055;48,005084105000037;08210702311010973500;0
184535;08;2;26;085;2021;07;12;1;3;6;3;0;1;1;0;0;0;0;490747,645430851727724;5451225,797807544469833;8,872957840000026;49,213752111000076;08210718226500008440;0
184537;08;2;12;000;2021;07;16;4;3;6;6;0;1;1;0;0;0;0;460193,376265054568648;5426342,765524342656136;8,455888245000040;48,988704707000068;08210707212102983050;0
184538;08;3;11;000;2021;07;22;1;3;5;3;1;1;0;0;0;2;0;413782,416701194830239;5316253,240130549296737;7,844329853000033;47,993763701000034;08210711311010987280;0
184539;08;2;22;000;2021;07;19;3;3;1;2;1;1;0;0;0;0;0;461634,679993763566017;5482429,725352969020605;8,470219010000051;49,493290173000048;08210713222200994520;0
184540;08;1;27;032;2021;07;16;1;3;6;4;0;0;1;1;0;0;0;566960,863774592056870;5455875,435835063457489;9,920141196000031;49,251982377000047;08210704127202974100;0
184541;08;2;31;000;2021;07;07;2;3;5;3;1;1;0;0;0;0;0;477763,678433939814568;5414265,328405374661088;8,696708443000034;48,880943671000068;08210719231000027360;0
184542;08;2;35;084;2021;06;16;3;2;0;1;1;0;0;0;0;0;0;475195,290161276236176;5395233,875464158132672;8,662826873000029;48,709643429000039;08210629235100963150;1
184543;08;3;15;113;2021;07;20;6;3;0;7;1;0;0;0;0;0;0;439222,098606982268393;5307776,571387980133295;8,186481160000028;47,920429094000042;08210709311500992780;0
184545;08;1;16;019;2021;07;19;6;3;4;2;1;1;0;0;0;0;0;524791,471023188903928;5397757,276063904166222;9,337144854000030;48,732344211000054;08210716116010010570;0
184546;08;2;12;000;2021;07;19;1;3;6;6;0;1;1;0;1;0;0;455818,077427227981389;5428822,885066734626889;8,395816355000022;49,010716139000067;08210711212010987410;0
184547;08;1;18;051;2021;07;16;4;3;0;3;1;1;0;0;0;0;0;510556,086098135448992;5415256,043839965015650;9,144005785000047;48,890164878000064;08210721118300080380;0
184548;08;2;15;109;2021;07;19;7;3;3;6;1;0;0;0;0;0;0;460912,365562433376908;5436519,713819112628698;8,464734278000037;49,080294017000028;08210710215102014280;0
184549;08;3;17;057;2021;07;15;7;2;3;2;1;1;0;0;0;0;0;414159,282989943400025;5378398,468146339058876;7,836759505000032;48,552805826000053;08210703211000981810;0
184551;08;1;11;000;2021;07;11;3;3;6;7;1;0;1;0;0;0;0;513334,520658236928284;5402668,468121308833361;9,181499424000037;48,776875597000071;08210706111110976310;0
184554;08;1;15;003;2021;07;17;5;3;5;3;1;1;0;0;0;0;0;497265,826848356053233;5393411,036381773650646;8,962845826000034;48,693732365000074;08210715115100035900;0
184555;08;2;22;000;2021;07;19;7;3;0;7;1;0;0;0;0;0;0;462773,517171227373183;5477297,146124202758074;8,486427224000067;49,447196042000030;08210717222500006870;0
184557;08;3;16;056;2021;07;15;5;3;5;3;1;1;0;0;0;0;0;422905,268443435430527;5327425,243998687714338;7,964579299000036;48,095428194000078;08210701316200989990;0
184558;08;1;27;100;2021;07;20;7;3;5;3;1;1;0;0;0;0;0;553266,866000002250075;5435354,633999530225992;9,729268272000070;49,068750727000065;08210703127100078030;0
184559;08;1;36;010;2021;07;12;1;3;3;6;1;0;0;0;0;0;0;598732,351648638024926;5413988,732487156987190;10,346405219000076;48,870993123000062;08210718136200045090;0
184560;08;3;35;075;2021;07;15;2;3;5;7;1;1;0;0;0;0;0;491102,736097276210785;5289617,908473610877991;8,881276436000064;47,759867759000031;08210705335300170300;0
184561;08;4;16;015;2021;07;06;4;3;5;2;1;1;0;0;0;0;0;506625,337911163456738;5366515,962121846154332;9,089601906000041;48,451747674000046;08210707416200002710;1
184562;08;1;15;029;2021;07;08;2;2;5;3;1;1;0;0;0;0;0;497081,672973575070500;5399381,338952697813511;8,960301150000021;48,747440687000051;08210712118000991640;0
184563;08;4;36;064;2021;07;17;3;3;3;2;1;1;0;0;0;0;0;545626,953034172765911;5292869,458690967410803;9,609162728000058;47,787568715000077;08210706436200976710;1
184564;08;2;15;111;2021;07;15;4;3;6;4;0;1;1;0;0;0;0;457441,802813624963164;5448652,466711619868875;8,415930080000066;49,189197222000075;08210714215502046680;0
184566;08;3;26;074;2021;07;16;2;3;5;3;1;1;0;0;0;0;0;459538,620696277357638;5323587,130892373621464;8,456913743000030;48,064277844000060;08210719326400155670;0
184567;08;3;11;000;2021;06;12;3;3;6;6;1;0;1;0;0;0;0;412167,071281683631241;5317466,542914332821965;7,822433902000057;48,004457854000066;08210629311010961310;0
184568;08;2;12;000;2021;07;16;6;3;6;7;0;0;1;0;1;0;0;454837,826966459862888;5428829,611848294734955;8,382411580000053;49,010705681000047;08210702212010973510;0
184570;08;1;16;033;2021;07;00;1;3;8;1;1;0;0;0;0;2;0;534384,069309737533331;5387518,657957853749394;9,466740958000059;48,639784045000056;08210711116400996360;1
184571;08;3;11;000;2021;07;09;4;3;6;6;1;0;1;0;0;0;0;414019,228847146034241;5314707,884801076725125;7,847812914000031;47,979894522000052;08210721311010019580;0
184572;08;3;25;045;2021;07;12;2;2;6;4;0;0;1;0;1;0;0;468470,271749098785222;5349301,572688519954681;8,574885013000028;48,296125923000034;08210712325000998970;0
184573;08;2;15;099;2021;07;19;7;2;0;7;1;0;0;0;0;0;0;462803,817297045141459;5445637,767336152493954;8,489794027000073;49,162428746000046;08210703215502980490;0
184574;08;3;11;000;2021;07;19;2;2;0;7;1;0;0;0;0;0;0;411739,739628022536635;5316142,579503687098622;7,816978312000060;47,992489582000076;08210719311010048190;0
184575;08;1;15;041;2021;07;17;3;2;5;3;1;1;0;0;0;0;0;493035,411300308071077;5402255,287587430328131;8,905210096000076;48,773262565000039;08210706118000977600;0
184577;08;1;15;003;2021;07;10;3;3;6;4;0;1;1;0;0;0;0;499185,265085773542523;5392486,847320545464754;8,988930539000023;48,685423724000032;08210713115100027270;1
184579;08;2;26;059;2021;07;15;5;3;3;6;1;0;0;0;0;0;0;465294,252724808640778;5460743,679956002160907;8,522645732000058;49,298451453000041;08210715226200018730;0
184580;08;3;15;098;2021;07;14;7;3;5;3;1;0;0;0;0;0;0;403977,433999976143241;5312847,503999495878816;7,713696620000064;47,961732028000029;08210717311010024060;0
184581;08;1;16;047;2021;07;20;4;3;0;1;1;0;0;0;0;1;0;520480,019018416292965;5392094,096763571724296;9,278232242000058;48,681555049000053;08210721116200054560;0
184582;08;2;22;000;2021;07;08;5;3;4;2;1;0;1;0;0;0;0;461906,862272298894823;5478332,336811197921634;8,474371912000038;49,456453387000067;08210701222501970340;0
184584;08;1;16;019;2021;07;16;2;3;6;7;0;1;1;0;0;0;0;522315,528779826126993;5397270,187083363533020;9,303448105000029;48,728055994000044;08210719116010039620;0
184585;08;3;35;075;2021;07;00;1;2;5;2;1;1;0;0;0;2;0;489447,333132691681385;5287844,301712835207582;8,859230129000025;47,743884667000032;08210704911081992120;0
184589;08;1;11;000;2021;07;15;6;3;6;7;0;0;1;0;1;0;0;515679,678907217457891;5405859,140259768813848;9,213541501000066;48,805523819000030;08210702111250971280;0
184590;08;4;37;078;2021;07;17;4;3;5;3;1;1;0;0;0;0;0;507885,294849548488855;5316037,430577438324690;9,105702452000060;47,997586963000060;08210714437200998230;0