OID_;ULAND;UREGBEZ;UKREIS;UGEMEINDE;UJAHR;UMONAT;USTUNDE;UWOCHENTAG;UKATEGORIE;UART;UTYP1;IstRad;IstPKW;IstFuss;IstKrad;IstSonstige;ULICHTVERH;IstGkfz;LINREFX;LINREFY;XGCSWGS84;YGCSWGS84;UIDENTSTLAE;IstStrassenzustand
184591;08;3;17;057;2021;07;14;6;3;1;5;1;1;0;0;0;0;0;416633,188243249431252;5380092,606216540560126;7,869937455000070;48,568377633000068;08210716317200016150;0
184592;08;2;16;007;2021;07;10;4;3;6;4;0;1;1;0;0;0;0;436194,908052693121135;5394136,970823874697089;8,132903956000064;48,697005967000052;08210721216200021860;0
184593;08;1;28;126;2021;07;15;7;3;0;1;1;0;0;0;0;0;0;565249,421000005677342;5482651,213999550789595;9,901017732000071;49,492986621000057;08210703128100981980;0
184594;08;4;26;070;2021;07;11;1;2;5;3;1;1;0;0;0;0;0;562005,971012629568577;5340023,769617833197117;9,834632132000024;48,210411595000039;08210718426010011480;0
184596;08;2;12;000;2021;07;14;5;3;0;1;1;0;0;0;0;0;0;455515,827265024185181;5428763,406392188742757;8,391689873000075;49,010159407000060;08210708212010987700;1
184597;08;2;22;000;2021;07;09;2;3;5;3;1;1;0;0;0;0;0;462786,626739647239447;5480317,009218875318766;8,486324225000033;49,474359105000076;08210712222700036570;0
184598;08;3;17;026;2021;07;13;4;2;0;1;1;0;0;0;0;0;0;409999,110567159950733;5346525,511044876649976;7,787234226000066;48,265540731000044;08210714317300002930;0
184599;08;3;11;000;2021;07;08;3;2;0;1;1;0;0;0;0;0;0;418141,444525175727904;5314425,192902538925409;7,903095877000055;47,977892319000034;08210720311010030680;0
184601;08;4;15;061;2021;07;23;6;3;6;4;0;1;1;0;0;2;0;515447,550028573721647;5371268,610302114859223;9,209089627000026;48,494349582000041;08210702416010034760;0
184602;08;1;35;020;2021;07;16;1;3;0;7;1;0;0;0;0;0;0;586301,462000017054379;5385861,318999513983727;10,171032751000041;48,619866349000063;08210718135100010740;0
184604;08;2;22;000;2021;07;18;4;3;3;2;1;1;0;0;0;0;0;461626,146109436638653;5483640,843637369573116;8,469983536000029;49,504182977000028;08210707222600009090;0
184606;08;4;21;000;2021;07;14;3;3;5;3;1;0;0;0;1;0;0;571903,657531427219510;5359910,402633273974061;9,971229293000022;48,388256064000075;08210706426010008800;0
184608;08;4;15;059;2021;07;11;1;3;0;1;1;0;0;0;0;0;0;516450,541739864274859;5367974,826050475239754;9,222535826000069;48,464692035000041;08210704415300972840;0
184609;08;4;16;025;2021;07;15;2;3;4;6;1;1;0;0;0;0;0;508013,898615607060492;5363894,615922925993800;9,108330789000036;48,428148634000081;08210719416000014940;0
184610;08;2;26;096;2021;06;09;3;3;6;5;0;0;1;0;1;0;0;475821,326380453072488;5488946,529317133128643;8,665716389000067;49,552637759000049;08210629226600950080;0
184611;08;3;16;011;2021;07;19;6;3;5;3;1;0;0;0;0;0;0;413940,656999986618757;5330624,512999502941966;7,843558642000062;48,123058426000057;08210702316100993460;0
184612;08;4;35;016;2021;07;12;5;2;5;3;1;1;0;0;0;0;0;534191,209667045623064;5278316,182047206908464;9,455348118000074;47,657336662000034;08210715435100023920;0
184613;08;4;21;000;2021;07;12;7;2;0;7;1;0;0;0;0;0;0;567329,533448124304414;5356004,235687980428338;9,908827739000060;48,353623194000079;08210710421300987240;0
184614;08;3;11;000;2021;07;13;7;3;0;2;1;0;0;0;1;0;0;413965,345654386095703;5316578,862070484086871;7,846716060000062;47,996717431000036;08210710311010169290;0
184615;08;2;22;000;2021;07;18;7;2;6;4;0;1;1;0;0;0;0;464313,519099102355540;5484264,911063872277737;8,507043409000062;49,509960233000072;08210710221011081130;0
184617;08;1;36;065;2021;07;18;7;2;0;1;1;0;0;0;0;0;0;555673,975517976097763;5407939,120355056598783;9,758473958000025;48,821937751000064;08210703136300986850;0
184618;08;3;16;002;2021;07;15;2;3;5;3;1;1;0;0;0;0;0;407320,481617369689047;5329301,727655213326216;7,754907146000050;48,110230672000057;08210719316100032630;0
184620;08;2;22;000;2021;07;17;6;3;6;7;0;1;1;0;0;0;0;461479,316992098465562;5480699,268338153138757;8,468242321000048;49,477715787000079;08210709222500001190;0
184621;08;4;36;052;2021;07;06;2;3;0;7;1;0;0;0;0;0;0;568409,763468043878675;5296056,734535165131092;9,913804114000072;47,814225501000067;08210712436300989320;0
184623;08;1;16;077;2021;07;07;5;3;6;7;1;0;1;0;0;0;0;517102,776000000536442;5390954,478999521583319;9,232303842000022;48,671404662000043;08210715116200030650;1
184624;08;3;11;000;2021;07;05;7;3;5;3;1;1;0;0;0;0;0;413306,194828558713198;5316367,158165218308568;7,837924867000027;47,994724042000030;08210717311010034320;0
184626;08;2;37;019;2021;07;17;5;3;0;1;1;0;0;0;0;0;0;462962,474786905571818;5369058,363046990707517;8,498884390000057;48,473564266000039;08210701231000970180;0
184630;08;1;35;016;2021;07;10;7;3;5;2;1;1;0;0;0;0;0;592136,330192280933261;5386731,074712058529258;10,250380842000027;48,626856848000045;08210710135100001520;0
184631;08;1;11;000;2021;07;20;5;3;5;3;1;1;0;0;0;0;0;518618,095541708171368;5402819,342001486569643;9,253421655000068;48,778097156000058;08210708111500981470;1
184632;08;2;22;000;2021;07;15;2;3;3;6;1;1;0;0;0;0;0;461964,949221927672625;5481325,054562091827393;8,474885734000054;49,483375036000041;08210712222700989610;0
184633;08;3;15;047;2021;07;07;4;3;3;6;1;0;0;0;0;0;0;415372,957138718105853;5321101,525360174477100;7,864688139000066;48,037588436000078;08210714311010038870;0
184634;08;3;16;011;2021;07;07;3;3;4;2;1;1;0;0;0;0;0;414639,871915190480649;5329435,116217950358987;7,853190694000034;48,112453718000040;08210720316100028630;0
184635;08;4;36;064;2021;06;14;4;3;5;3;1;1;0;0;0;0;0;543866,006292291916907;5292145,866586806252599;9,585580604000029;47,781180873000039;08210630436200961410;0
184636;08;1;28;131;2021;07;19;6;3;0;7;1;0;0;0;0;0;0;540591,249592824839056;5513496,205937659367919;9,563732853000033;49,772563255000080;08210702128300970720;0
184637;08;4;16;041;2021;07;09;7;3;0;7;1;0;0;0;0;0;0;504835,399892708286643;5373374,978027798235416;9,065473948000033;48,513470580000046;08210717416200021120;0
184638;08;2;16;043;2021;07;09;6;3;5;3;1;1;0;0;0;0;0;441255,719908975064754;5411802,427216680720448;8,199148097000034;48,856405379000080;08210716216100003670;0
184643;08;1;16;016;2021;07;13;1;3;0;1;1;0;0;0;0;0;0;533456,955580616369843;5385996,394772753119469;9,454033532000039;48,626140211000063;08210704116400045560;0
184644;08;3;27;050;2021;07;16;2;3;5;3;1;1;0;0;0;0;0;485645,755425798706710;5314896,166425574570894;8,807619777000070;47,987206318000062;08210719327100032040;0
184645;08;3;27;046;2021;06;14;3;2;5;3;1;1;0;0;0;0;0;480255,681498919613659;5324734,619703605771065;8,734927396000046;48,075579595000079;08210629325000959790;1
184646;08;3;17;096;2021;07;17;3;3;5;2;1;1;0;0;0;0;0;421847,693471798673272;5368921,383054293692112;7,942702014000076;48,468566296000063;08210706317500977080;1
184647;08;3;35;063;2021;07;12;4;3;1;5;1;1;0;0;0;0;0;497615,699921806342900;5288022,192785566672683;8,968193026000051;47,745567181000069;08210714335200052020;0
184649;08;1;16;012;2021;06;14;4;3;0;1;1;0;0;0;0;0;0;536289,832999999634922;5382990,261999517679214;9,492213242000048;48,598939403000031;08210630116400941130;1
184655;08;3;35;075;2021;07;09;3;2;5;3;1;1;0;0;0;0;0;489015,642794718034565;5291321,609812032431364;8,853383632000032;47,775164666000080;08210713911081009560;1
184656;08;4;35;036;2021;07;15;7;2;0;1;1;0;0;0;0;0;0;521688,067816802300513;5281212,051326166838408;9,288981700000022;47,683932518000063;08210703435200992300;0
184658;08;3;36;057;2021;06;05;3;3;5;3;1;1;0;0;0;0;0;407678,219999980181456;5277641,201999485492706;7,770755138000027;47,645581355000047;08210629336300937260;1
184659;08;3;35;043;2021;07;15;3;3;0;7;1;0;0;0;0;0;0;513843,602737978100777;5280711,222984967753291;9,184443305000059;47,679641875000073;08210706335100986560;0
184667;08;1;11;000;2021;07;18;3;3;5;2;1;1;0;0;0;0;0;513497,631756776012480;5404357,277221614494920;9,183775019000052;48,792064451000044;08210706111500976820;1
184668;08;2;12;000;2021;07;08;6;3;0;7;1;0;0;0;0;0;1;456401,425999999977648;5428394,286999531090260;8,403839167000058;49,006902342000046;08210709212010989690;1
184669;08;4;16;025;2021;07;18;2;3;5;3;1;0;0;0;1;0;0;504132,737674024887383;5361717,025969279929996;9,055844362000073;48,408595322000053;08210712416000992430;0
184670;08;3;11;000;2021;07;14;5;3;3;2;1;0;0;0;0;0;1;413190,326929639093578;5318324,341599473729730;7,835975984000072;48,012313818000052;08210701311010978930;0
184673;08;1;35;019;2021;07;09;4;3;0;6;1;1;0;0;0;0;0;586107,864958007819951;5392476,652749465778470;10,169782036000072;48,679393263000065;08210721135200036300;0
184674;08;2;26;041;2021;07;07;5;3;5;2;1;0;0;0;1;0;0;477571,955084756016731;5465822,788941612467170;8,691228497000054;49,344712119000064;08210701226700969650;0
184676;08;3;11;000;2021;07;21;1;3;3;2;1;1;0;0;0;1;0;414548,082477476447821;5316698,044371236115694;7,854502219000040;47,997867675000066;08210718311010043300;0
184677;08;3;35;075;2021;07;08;2;3;0;1;1;0;0;0;0;0;0;488311,058397455140948;5288063,938149206340313;8,844066668000039;47,745841266000070;08210705335300170280;0
184678;08;2;12;000;2021;07;10;5;3;6;7;0;1;1;0;0;0;0;462170,170383247546852;5421729,113018486648798;8,483336583000039;48,947327781000070;08210708212010010560;1
184679;08;1;25;005;2021;07;07;2;3;5;3;1;0;0;0;1;0;0;514796,733349836431444;5453095,143069023266435;9,203239411000027;49,230458453000040;08210712121500988890;0
184681;08;1;18;003;2021;07;13;4;3;1;6;1;1;0;0;0;0;0;510303,675523631274700;5416921,671149209141731;9,140604437000036;48,905152693000048;08210714118300000550;0
184682;08;1;16;019;2021;07;16;3;3;0;1;1;0;0;0;0;0;0;523910,140179739333689;5398156,040372533723712;9,325182775000030;48,735965893000071;08210720116100064070;0
184684;08;2;12;000;2021;07;17;6;3;5;3;1;0;0;0;1;0;0;451470,438132499344647;5427009,799585675820708;8,336583449000045;48,994080809000081;08210702212010970470;0
184685;08;1;35;015;2021;07;18;1;2;8;7;1;0;0;0;0;0;0;575649,585958108305931;5386221,591645555570722;10,026588049000054;48,624485742000047;08210718135100010510;0
184687;08;2;21;000;2021;07;15;4;3;0;7;1;0;0;0;0;0;0;477139,675560216419399;5474275,208615884184837;8,684791368000049;49,420724580000069;08210707221300979720;0
184690;08;2;21;000;2021;07;08;3;3;3;6;1;1;0;0;0;0;0;474762,554774752818048;5474137,756955415010452;8,652023885000062;49,419394244000046;08210706221400999200;0
184691;08;3;37;125;2021;07;13;3;3;2;7;1;0;0;0;0;0;0;446141,367011652328074;5273649,519553124904633;8,283318794000024;47,614012028000047;08210713337200011990;1
184692;08;1;16;046;2021;07;21;4;3;0;1;1;0;0;0;0;1;0;524426,979000000283122;5377174,290999516844749;9,330974511000022;48,547193440000058;08210707116500978680;0
184693;08;3;37;013;2021;07;14;1;3;0;1;1;0;0;0;0;0;0;427119,171981505118310;5296260,614954078570008;8,026446639000028;47,815568732000031;08210704337010995800;0
184694;08;1;28;007;2021;07;13;2;3;5;2;1;1;0;0;0;0;0;555901,673982958309352;5482337,637733481824398;9,771905357000037;49,491099611000038;08210719128100051150;0
184695;08;3;15;064;2021;06;07;3;2;0;1;1;0;0;0;1;0;0;423791,202181790955365;5312906,203011851757765;7,979059081000059;47,964925756000071;08210629311010959990;0
184699;08;3;17;116;2021;07;17;5;3;0;7;1;0;0;0;0;0;0;433093,249220742844045;5387229,073894910514355;8,091875735000031;48,634544458000050;08210715317100019740;0
184703;08;4;25;020;2021;07;10;1;3;5;3;1;1;0;0;0;0;0;559065,768478577025235;5361086,652140898630023;9,798008029000073;48,400170325000033;08210718425000009550;0
184705;08;3;35;043;2021;07;11;6;3;5;3;1;0;0;0;0;0;0;513460,002319592982531;5279848,943890765309334;9,179305903000056;47,671891488000028;08210709335100983310;0
184709;08;3;17;096;2021;07;17;6;3;4;3;1;1;0;0;0;0;0;421226,089318955317140;5367176,697347203269601;7,934622521000051;48,452795460000061;08210716317500036480;1
184710;08;2;26;085;2021;07;15;3;3;6;4;1;0;1;0;0;0;0;490938,396162383258343;5455372,187083050608635;8,875483285000030;49,251052693000076;08210720226500017180;0
184713;08;3;36;069;2021;07;06;5;3;0;1;1;0;0;0;0;1;0;408717,919016659259796;5268409,599698174744844;7,786517667000055;47,562683302000039;08210715336200030780;1
184714;08;1;19;079;2021;07;22;4;3;5;3;1;1;0;0;0;2;0;522787,567012215033174;5408574,051878606900573;9,310493356000052;48,829726572000027;08210707119400987880;0
184715;08;4;25;079;2021;07;13;7;3;1;6;1;1;0;0;0;0;0;555768,236862384714186;5373443,755478726699948;9,755107591000069;48,511631341000054;08210710425000985860;0
184716;08;2;15;105;2021;07;20;4;2;0;7;1;0;0;0;0;0;0;455131,542000000365078;5440860,384999539703131;8,385094031000051;49,118943881000064;08210721215102063590;0
184717;08;4;26;070;2021;07;16;7;3;8;1;1;0;0;0;0;0;0;564673,271930536255240;5341186,672751402482390;9,870708523000076;48,220606615000065;08210703426200996580;0
184718;08;2;36;040;2021;07;11;2;3;5;3;1;1;0;0;0;0;0;489095,099390766583383;5421933,096622077748179;8,851057227000069;48,950223677000054;08210719231102061830;0
184719;08;1;18;049;2021;07;15;3;2;0;7;1;0;0;0;0;0;0;517325,196515546180308;5419449,716923890635371;9,236527103000071;48,927737544000081;08210706118500981180;0
184722;08;1;16;047;2021;07;16;3;3;2;6;1;1;0;0;0;0;0;520078,879932519048452;5392370,040039513260126;9,272796019000054;48,684050470000045;08210713116200161080;0
184723;08;1;25;038;2021;07;18;5;3;5;3;1;1;0;0;0;0;0;500491,766630576923490;5434793,156389405950904;9,006732303000035;49,066003638000041;08210715121400001540;1
184724;08;1;36;088;2021;07;03;7;3;0;7;1;1;0;0;0;2;0;586595,739743115380406;5405795,107425471767783;10,179207394000059;48,799113591000037;08210717136100078860;0
184726;08;1;16;019;2021;07;15;5;3;6;4;0;1;1;0;0;0;0;525063,989863645285368;5398974,159520767629147;9,340924850000022;48,743280231000028;08210701116100978410;0
184727;08;3;35;043;2021;07;16;6;3;0;1;1;0;0;0;0;0;0;512502,586075081489980;5279334,769996883347631;9,166537130000052;47,667284343000063;08210702335100979420;0
184728;08;4;16;036;2021;07;15;1;2;0;2;1;0;0;0;0;0;0;498000,867999998852611;5369323,242999516427517;8,972950054000023;48,477034957000058;08210718416100008510;0
184729;08;1;11;000;2021;07;16;2;3;6;4;0;1;1;0;0;0;0;508424,250406802631915;5406418,672175584360957;9,114741622000054;48,810698009000077;08210705111500003870;0
184730;08;1;27;014;2021;07;08;5;3;6;4;0;1;1;0;0;0;0;576531,544269169680774;5444312,765812471508980;10,049431893000076;49,146867944000064;08210708127202983720;1
184731;08;2;26;032;2021;07;07;2;3;5;3;1;1;0;0;0;0;0;467902,595186703838408;5462566,303667923435569;8,558374062000041;49,314988337000045;08210712226200017880;0
184733;08;2;12;000;2021;07;13;4;3;5;3;1;0;0;0;1;0;0;454286,106641463004053;5429151,027792690321803;8,374831124000025;49,013556211000036;08210714212010010700;0
184734;08;1;16;041;2021;07;00;4;3;6;6;1;0;1;0;0;2;0;519652,693866740912199;5384448,007040843367577;9,266629846000058;48,612796869000078;08210707116500999660;1
184735;08;1;15;003;2021;07;21;3;2;0;7;1;0;0;0;0;2;0;500290,629394933581352;5391628,946407105773687;9,003948056000070;48,677706412000077;08210720115100051190;0
184736;08;3;37;126;2021;06;15;4;3;7;7;1;0;0;0;0;0;0;439238,472926552407444;5274368,742199162021279;8,191373116000022;47,619872207000071;08210630337010947050;1
184737;08;2;22;000;2021;07;08;6;3;5;3;1;1;0;0;0;0;0;461900,792616308666766;5484092,727825131267309;8,473733165000056;49,508264740000072;08210702222600976690;0
184739;08;2;26;046;2021;07;15;6;3;0;1;1;0;0;0;0;0;0;476984,505529602058232;5454865,895051347091794;8,683772225000041;49,246132791000036;08210716226700018340;0
184740;08;2;15;009;2021;07;13;4;3;5;2;1;1;0;0;0;0;0;469284,616956016048789;5440864,828470092266798;8,579049706000035;49,119853970000065;08210707215402005770;0
184741;08;3;35;043;2021;07;02;1;3;3;6;1;0;0;0;1;2;0;512926,072629746980965;5278341,977468227967620;9,172148666000055;47,658343190000039;08210711335100022970;0
184746;08;3;15;006;2021;07;00;6;3;0;1;1;0;0;0;0;2;0;402863,905408107675612;5308248,190212443470955;7,699821860000043;47,920193386000051;08210709311400008840;0
184749;08;1;36;021;2021;07;19;1;3;0;1;1;0;0;0;0;0;0;575284,169299203902483;5406998,553727848455310;10,025421793000021;48,811410745000046;08210711136100170430;0
184751;08;2;31;000;2021;07;18;7;3;5;3;1;1;0;0;0;0;0;474693,058773075230420;5416047,457848340272903;8,654717212000037;48,896857285000067;08210703231000992770;0
184752;08;3;35;075;2021;07;20;1;3;5;3;1;1;0;0;0;0;0;487810,697231280617416;5290096,489425893872976;8,837334769000051;47,764119958000038;08210718911081037840;0
184753;08;2;12;000;2021;07;22;3;3;0;7;1;0;0;0;0;2;0;456117,468999999575317;5427035,063999529927969;8,400103463000050;48,994655840000064;08210706212402976390;1
184754;08;1;11;000;2021;07;15;5;3;2;6;1;1;0;0;0;0;0;512450,390245806425810;5401489,838603049516678;9,169429686000058;48,766291044000070;08210708111500982080;0
184756;08;1;28;131;2021;07;07;4;3;0;7;0;1;1;0;0;0;0;536804,296077377162874;5512246,599014300853014;9,511023652000063;49,761568146000059;08210714128300012090;0
184758;08;4;35;034;2021;06;08;4;3;5;3;1;1;0;0;0;0;0;529121,853738568723202;5285193,969038739800453;9,388296758000024;47,719467422000037;08210630435200955090;0
184760;08;4;16;041;2021;07;18;7;3;0;1;1;0;0;0;0;0;0;502497,900988187640905;5374596,440244562923908;9,033830264000073;48,524472956000068;08210717416200007700;0
184761;08;3;11;000;2021;07;17;2;3;0;7;1;0;0;0;0;0;0;414716,895589321851730;5316387,427301896736026;7,856826452000064;47,995096092000040;08210705311010976290;0
184763;08;2;26;095;2021;07;15;3;3;5;3;1;1;0;0;0;0;0;473595,860449403524399;5461069,987976605072618;8,636804418000054;49,301801827000077;08210706226700978850;1
184767;08;1;11;000;2021;06;11;4;3;6;4;0;1;1;0;0;0;0;515258,470272010192275;5403614,408935554325581;9,207721716000037;48,785340974000064;08210630111250941630;0
184768;08;1;36;065;2021;07;11;3;3;8;1;1;0;0;0;0;0;0;564227,302835186943412;5407032,259439963847399;9,874844922000023;48,812955162000037;08210727136300170470;0
184769;08;1;18;048;2021;08;08;4;3;1;5;1;1;0;0;0;0;0;511803,552000000141561;5414771,571999529376626;9,161009614000022;48,885784181000076;08210804118400085260;0
184770;08;4;15;061;2021;07;07;5;3;3;2;1;1;0;0;0;0;0;515648,571184839121997;5371449,003817146643996;9,211817281000037;48,495967490000055;08210722415400055850;0
184771;08;2;21;000;2021;08;12;6;3;3;2;1;0;0;0;0;0;0;476444,182890164665878;5476123,532865170389414;8,675091978000069;49,437323350000042;08210813221300131160;0
184772;08;1;19;004;2021;08;01;1;2;0;7;1;0;0;0;0;2;0;541960,054961375892162;5417969,052133051678538;9,572682475000022;48,913238555000078;08210801119100095070;1
184773;08;1;11;000;2021;07;15;6;3;0;7;1;0;0;0;0;0;0;511790,432265128009021;5406238,585523979738355;9,160585015000038;48,809023217000060;08210730111330083440;0
184775;08;2;15;017;2021;07;18;5;3;5;3;1;1;0;0;0;0;0;456294,979343406856060;5421541,635847497731447;8,403120136000041;48,945254087000080;08210729212702049000;0
184776;08;1;16;078;2021;08;10;7;2;5;3;1;1;0;0;0;0;0;512829,190776517614722;5390732,773200863972306;9,174249974000077;48,669512605000079;08210807116200089830;0
184777;08;2;26;065;2021;07;16;7;3;1;5;1;1;0;0;0;0;0;476967,313640242442489;5456113,726033493876457;8,683464259000061;49,257356490000063;08210724226700061000;0
184778;08;3;36;050;2021;08;17;3;3;5;3;1;1;0;0;0;0;0;399340,240091499872506;5273707,876470630988479;7,660671049000030;47,608956822000039;08210810311010113060;0
184779;08;3;17;100;2021;07;08;2;3;3;6;1;1;0;0;0;0;0;423965,074193131178617;5366759,099330112338066;7,971735442000067;48,449376088000065;08210726317500035300;0
184780;08;4;35;066;2021;08;16;2;3;5;3;1;0;0;0;0;0;0;518116,500000001862645;5286592,000999493524432;9,241616597000075;47,732448957000031;08210802435200861160;0
184781;08;3;35;043;2021;08;19;5;3;8;7;1;0;0;0;0;0;0;513247,085653341375291;5278007,064050164073706;9,176413727000067;47,655323250000038;08210812335100101590;0
184782;08;3;35;028;2021;07;14;7;3;0;7;1;0;0;0;0;0;0;482727,772321537137032;5287044,985739216208458;8,769625243000064;47,736547855000026;08210731911081073800;0
184783;08;3;36;008;2021;08;09;7;3;5;3;1;1;0;0;0;0;0;396664,181836597621441;5276245,485849739983678;7,624476470000047;47,631361915000070;08210814336400133680;0
184784;08;1;18;081;2021;07;13;5;3;0;7;1;0;0;0;0;0;0;519413,970942973159254;5413348,863073317334056;9,264753151000036;48,872794233000036;08210722118000073830;0
184786;08;4;21;000;2021;07;15;6;2;5;2;1;1;0;0;0;0;0;571576,791480982676148;5362187,474777502939105;9,967203083000072;48,408776143000068;08210723426010052600;0
184787;08;1;16;033;2021;08;10;2;3;6;4;0;1;1;0;0;0;0;533394,198652454651892;5387844,904669767245650;9,453330865000055;48,642772590000050;08210809116400092300;0
184790;08;1;18;054;2021;07;15;2;3;5;3;1;1;0;0;0;0;0;518887,938999999314547;5423270,411999531090260;9,258038906000024;48,962061310000081;08210726118400053190;1
184791;08;1;18;067;2021;08;22;2;3;0;7;1;0;0;0;0;2;0;504754,905010543763638;5412801,915918184444308;9,064837805000025;48,868159704000050;08210802118200111810;1
184792;08;2;15;109;2021;08;14;3;2;0;7;1;0;0;0;0;0;0;461407,594683373346925;5434877,506800051778555;8,471672309000041;49,065553417000046;08210817212102114430;0
184793;08;2;36;028;2021;08;18;4;3;2;2;1;0;0;0;0;0;0;494264,235412805341184;5422848,065696997568011;8,921646023000051;48,958523999000079;08210811231102130610;0
184795;08;2;26;098;2021;08;13;4;2;0;3;1;1;0;0;0;0;0;477967,956766854971647;5460797,014270082116127;8,696957788000077;49,299519780000026;08210804226700125820;0
184796;08;1;19;061;2021;07;12;6;3;6;7;0;0;1;0;1;0;0;540517,023042537271976;5411918,142075654119253;9,552388702000030;48,858904455000072;08210723119300040500;0
184797;08;4;36;081;2021;08;12;6;3;3;4;1;0;1;0;0;0;0;562113,318626579828560;5281951,520870827138424;9,827692285000069;47,687964691000047;08210813436300116390;0
184798;08;2;21;000;2021;07;18;6;3;0;1;1;0;0;0;0;0;0;476551,496217289008200;5473077,398357607424259;8,676752179000061;49,409928098000080;08210730221200052730;0
184799;08;1;11;000;2021;08;11;4;2;0;1;1;0;0;0;0;0;0;516172,304000000469387;5405407,529999522492290;9,220232721000059;48,801448574000062;08210811111500110810;0
184801;08;3;35;066;2021;08;03;7;3;9;7;1;0;0;0;0;2;0;504485,719828782603145;5282285,006181649863720;9,059781182000052;47,693934942000055;08210807335100106560;0
184802;08;1;19;041;2021;07;01;7;3;6;7;0;1;1;0;0;2;0;526467,604400963522494;5410014,070396088063717;9,360727957000051;48,842534591000060;08210724119400043060;0
184805;08;4;37;005;2021;08;10;5;3;6;4;0;1;1;0;0;0;0;507206,123000000603497;5325877,116999503225088;9,096763813000052;48,086123707000070;08210812437200152350;0
184807;08;3;26;074;2021;07;18;4;2;0;1;1;0;0;0;0;0;0;457892,651327328756452;5322054,624862559139729;8,434972960000039;48,050383868000040;08210728326400044910;0
184808;08;4;16;011;2021;07;17;4;3;5;3;1;1;0;0;0;0;0;504183,910116150975227;5365787,866847086697817;9,056576473000064;48,445218351000051;08210721416010044500;0
184809;08;1;18;019;2021;08;17;6;3;4;6;1;1;0;0;0;0;0;504714,526615316048265;5403256,915948303416371;9,064177471000050;48,782294291000028;08210806118010108840;0
184811;08;3;11;000;2021;08;16;1;3;5;3;1;0;0;0;1;0;0;411504,286851263605058;5318888,986002739518881;7,813256424000031;48,017161647000080;08210808311010095460;0
184812;08;1;27;076;2021;07;18;2;3;5;3;1;1;0;0;0;0;0;555143,193394571542740;5440874,538834692910314;9,755707784000037;49,118235388000073;08210726127100052950;0
184813;08;2;12;000;2021;08;18;3;3;5;2;1;1;0;0;0;0;0;458305,018080220557749;5428334,640398303046823;8,429873365000049;49,006497358000047;08210803212010086040;0
184814;08;2;35;046;2021;08;17;5;3;6;7;0;1;1;0;0;0;0;479458,158304427750409;5377889,323673943057656;8,721631352000031;48,553765320000082;08210812235200124510;0
184816;08;2;22;000;2021;08;13;4;3;5;2;1;1;0;0;0;0;0;462666,253886329010129;5484316,280690737068653;8,484284939000077;49,510323087000074;08210804222600105260;0
184817;08;1;21;000;2021;07;14;6;2;0;7;1;0;0;0;0;0;0;516639,271123222075403;5443148,831231174990535;9,228135558000076;49,140941552000072;08210723121200025890;0
184818;08;3;17;096;2021;08;19;7;3;9;1;1;0;0;0;0;0;0;423248,038040761835873;5369256,237040685489774;7,961582107000027;48,471750760000077;08210814317500117380;0
184820;08;1;15;003;2021;07;12;7;3;6;2;0;1;1;0;0;0;0;500277,224566445685923;5391616,972580632194877;9,003765950000059;48,677598700000033;08210731115100068890;0
184823;08;1;11;000;2021;08;17;5;3;6;2;0;1;1;0;0;0;0;511800,310809602029622;5400891,904641538858414;9,160566046000042;48,760924725000052;08210812111500122020;0
184824;08;3;36;050;2021;07;20;1;3;6;7;0;1;1;0;0;0;0;399391,423722697421908;5272934,538112003356218;7,661529385000051;47,602008321000028;08210725336100065960;1
184826;08;3;17;096;2021;07;13;3;3;2;6;1;1;0;0;0;0;0;420727,135780349373817;5368074,649363882839680;7,927705552000020;48,460809780000034;08210727317500043420;0
184827;08;2;15;017;2021;08;22;5;3;0;7;1;0;0;0;0;2;0;455009,346544780768454;5419538,890860900282860;8,385784347000026;48,927146811000057;08210805212702108160;0
184828;08;1;27;008;2021;07;08;6;3;5;2;1;1;0;0;0;0;0;571018,726281666196883;5460664,611932596191764;9,976744120000035;49,294598134000069;08210723127202026180;0
184830;08;3;25;069;2021;08;14;7;3;5;3;1;1;0;0;0;0;0;470521,655342538841069;5335374,774654194712639;8,603512256000045;48,170930950000070;08210814325202104840;0
184833;08;2;15;108;2021;08;20;2;3;1;7;1;1;0;0;0;1;0;448017,708368420600891;5423159,593299653381109;8,289879202000066;48,959167314000069;08210802212702109820;0
184836;08;2;36;074;2021;07;13;1;3;1;5;1;1;0;0;0;0;0;472787,558022273704410;5421317,999458895996213;8,628367909000076;48,944187947000046;08210725231000050450;0
184840;08;3;15;074;2021;08;15;6;3;5;3;1;1;0;0;0;0;0;395987,448579957708716;5296345,299607668071985;7,610671403000026;47,812051113000052;08210813311400107120;0
184843;08;1;18;048;2021;08;13;2;3;0;7;1;0;0;0;0;0;0;511307,448617252521217;5415502,567330088466406;9,154262633000030;48,892369288000054;08210816118400138860;0
184845;08;1;18;076;2021;07;22;7;3;7;7;1;0;0;0;0;2;0;504889,228616896085441;5423498,572324363514781;9,066797612000073;48,964383017000046;08210724118600040530;1
184846;08;4;16;041;2021;07;12;2;3;6;4;0;0;1;0;1;0;0;504916,882155747152865;5375626,511254444718361;9,066603814000075;48,533725546000028;08210726416200037330;0