OID_;ULAND;UREGBEZ;UKREIS;UGEMEINDE;UJAHR;UMONAT;USTUNDE;UWOCHENTAG;UKATEGORIE;UART;UTYP1;IstRad;IstPKW;IstFuss;IstKrad;IstSonstige;ULICHTVERH;IstGkfz;LINREFX;LINREFY;XGCSWGS84;YGCSWGS84;UIDENTSTLAE;IstStrassenzustand
184847;08;2;12;000;2021;08;16;4;3;2;1;1;1;0;0;0;0;0;453775,223666938021779;5428555,688889186829329;8,367912688000047;49,008163043000081;08210804212502095930;0
184848;08;1;35;019;2021;08;12;6;3;5;3;1;1;0;0;0;0;0;585098,755570949055254;5392136,630832714959979;10,156006148000074;48,676473380000061;08210813135200127940;0
184854;08;4;25;011;2021;07;16;6;3;0;1;1;0;0;0;0;0;0;588129,333813440054655;5376015,374076116830111;10,193742755000073;48,531053896000060;08210723421200027380;0
184855;08;1;11;000;2021;08;07;2;3;7;7;1;0;0;0;1;0;0;516382,676742848008871;5404164,313433615490794;9,223047946000065;48,790259252000055;08210809111320099200;0
184857;08;1;18;078;2021;07;07;2;3;6;3;0;1;1;0;0;0;0;514105,509227611124516;5419490,080163085833192;9,192572963000032;48,928182402000061;08210726118500067250;0
184858;08;2;12;000;2021;08;11;3;3;3;6;1;1;0;0;0;0;0;456689,941569617018104;5428134,629564013332129;8,407811764000030;49,004587006000065;08210803212010084140;1
184859;08;1;19;020;2021;08;09;5;3;0;1;1;0;0;0;0;0;0;520548,074567317962646;5407637,891061939299107;9,279932510000037;48,821383217000061;08210812119200100260;0
184864;08;2;22;000;2021;07;17;7;3;0;7;0;1;1;0;0;0;0;462512,077625705860555;5482652,904200877994299;8,482313164000061;49,495352398000080;08210731222600074670;0
184867;08;3;37;106;2021;08;12;3;2;0;1;1;0;0;0;0;0;0;458557,540808625519276;5288164,254336958751082;8,447150163000060;47,745518237000056;08210810337010114950;0
184870;08;4;26;014;2021;07;20;7;3;6;2;0;1;1;0;0;0;0;549637,206126633100212;5315958,963466741144657;9,665355493000050;47,995002688000056;08210724426100029680;1
184871;08;2;15;017;2021;07;16;3;3;9;5;1;1;0;1;0;0;0;454514,528679463081062;5417822,060500482097268;8,379220887000031;48,911667384000054;08210727212702047960;0
184875;08;2;22;000;2021;07;17;6;3;5;3;1;1;0;0;0;0;0;460584,508031318895519;5487226,818823488429189;8,455239003000031;49,536369853000053;08210730222800080000;0
184876;08;4;16;041;2021;08;05;2;2;0;1;1;0;0;0;1;2;0;502343,805122280493379;5371547,487717024981976;9,031726143000071;48,497044006000067;08210809416010454500;0
184877;08;2;22;000;2021;08;23;2;3;6;4;0;1;1;0;0;2;0;461871,636162845417857;5481378,537407765164971;8,473592348000068;49,483850231000076;08210816222700111000;1
184878;08;1;21;000;2021;07;12;5;3;6;4;0;1;1;0;0;0;0;516662,115747899748385;5443348,798559971153736;9,228457038000045;49,142739704000064;08210729121200168730;0
184880;08;1;27;025;2021;07;09;7;3;0;7;1;0;0;0;0;0;0;555344,418364679440856;5427910,667356628924608;9,756692846000021;49,001610711000069;08210724127100033030;0
184881;08;4;25;020;2021;08;11;2;3;0;1;1;0;0;0;0;0;0;558323,332939251326025;5362129,915783258154988;9,788123338000048;48,409624338000071;08210809425000092150;0
184883;08;3;11;000;2021;08;06;3;3;0;7;1;0;0;0;0;0;0;413280,036999985575676;5315851,975999498739839;7,837678400000073;47,990086253000072;08210803311010083090;0
184884;08;2;26;105;2021;08;18;5;3;0;1;1;0;0;0;0;0;0;471743,812736142426729;5476833,343792382627726;8,610210092000045;49,443507589000035;08210812222400142120;0
184885;08;4;35;016;2021;07;05;5;3;5;3;1;0;0;0;0;1;0;536490,214188240468502;5277977,486950395628810;9,485936185000071;47,654163691000065;08210729435100070300;0
184886;08;2;21;000;2021;07;08;3;3;5;3;1;0;0;0;1;0;0;476763,115043838508427;5475045,647843364626169;8,679554136000036;49,427640266000026;08210727221300065710;0
184888;08;3;36;050;2021;07;22;5;3;0;7;1;0;0;0;0;2;0;401104,146148281171918;5276047,431576391682029;7,683606009000073;47,630273661000047;08210722336100058640;0
184889;08;4;21;000;2021;08;21;6;3;7;1;1;0;0;0;0;2;0;571737,452747320756316;5360587,546789878979325;9,969100303000062;48,394366096000056;08210813421300263260;0
184890;08;3;35;100;2021;07;12;7;3;6;7;0;1;1;0;0;0;0;488768,448435170575976;5285677,312680523842573;8,850229931000058;47,724375555000051;08210731911083166430;0
184894;08;1;15;045;2021;08;03;7;2;1;5;1;1;0;0;0;2;0;501008,645999999716878;5394469,006999520584941;9,013708890000032;48,703255139000078;08210807115400108490;0
184897;08;1;11;000;2021;07;08;3;2;1;5;1;1;0;0;0;0;0;513117,002613273449242;5401583,499437848106027;9,178504145000034;48,767119919000038;08210727111500037670;0
184898;08;1;16;019;2021;08;14;3;3;0;7;1;0;0;1;0;0;0;521333,048648496158421;5398125,629463281482458;9,290132728000060;48,735785893000070;08210803116100105720;0
184899;08;4;36;055;2021;08;20;5;3;3;6;1;1;0;0;0;0;0;576317,401940718293190;5298214,925976892933249;10,019796632000066;47,832751323000025;08210812436100140150;0
184900;08;1;19;068;2021;07;10;6;3;5;3;1;1;0;0;0;0;0;525799,309417526237667;5413216,039103345945477;9,351821718000053;48,871366586000079;08210730119500069700;0
184902;08;4;35;024;2021;07;18;4;3;0;1;1;0;0;0;0;0;0;527113,824899618513882;5279191,684602137655020;9,361150172000066;47,665549382000052;08210728435100079640;0
184903;08;1;19;020;2021;07;15;5;3;5;2;1;1;0;0;0;0;0;520337,472000000998378;5406125,101999526843429;9,276988463000066;48,807781397000042;08210722119200025980;0
184904;08;4;35;034;2021;08;11;5;3;8;1;1;0;0;0;0;0;0;529496,021739882417023;5284611,257938003167510;9,393246161000036;47,714207536000060;08210805435200085980;0
184905;08;4;37;104;2021;07;20;6;3;0;7;1;0;0;0;0;0;0;515968,987124803476036;5326512,812603197991848;9,214454702000069;48,091683725000053;08210723437200026520;0
184907;08;2;31;000;2021;07;16;4;3;5;3;1;1;0;0;0;0;0;475459,340669282712042;5411887,530248614028096;8,665421689000027;48,859466845000043;08210728231000069630;0
184908;08;3;11;000;2021;07;15;2;3;6;7;0;0;1;0;1;0;0;413276,745324538089335;5316720,219226820394397;7,837458848000040;47,997895952000079;08210726311010056940;0
184909;08;3;15;089;2021;08;16;2;2;5;2;1;0;0;1;0;0;0;406730,303392548114061;5309897,126625584438443;7,751204016000031;47,935600038000075;08210802311010100040;0
184910;08;1;19;085;2021;08;09;5;3;0;3;1;1;0;0;0;0;0;529331,413080008700490;5413622,528721287846565;9,400016539000035;48,874866182000062;08210812119500111640;0
184913;08;1;11;000;2021;07;18;6;2;6;7;0;1;1;0;0;0;0;514358,709278612397611;5404040,453079635277390;9,195487752000076;48,789195047000078;08210723111500078920;0
184914;08;1;15;016;2021;08;11;7;2;5;3;1;1;0;0;0;0;0;490709,160714427009225;5377542,201529111713171;8,874104186000068;48,550910172000044;08210814118000132330;0
184915;08;3;35;075;2021;07;18;6;3;0;1;1;0;0;0;0;0;0;488423,796583282761276;5289643,328153539448977;8,845528568000077;47,760053930000026;08210730911081053810;0
184916;08;1;21;000;2021;08;14;4;3;6;7;1;0;1;0;0;0;0;516112,993350702337921;5443234,287448067218065;9,220923411000058;49,141724290000070;08210811121200124690;0
184918;08;3;35;075;2021;08;16;7;2;6;4;0;1;1;0;0;0;0;488825,969135603867471;5287641,982355212792754;8,850946517000068;47,742053820000081;08210807335000106960;1
184919;08;1;11;000;2021;07;09;2;3;5;2;1;1;0;0;0;0;0;511802,014914793893695;5400888,302581680938601;9,160589130000062;48,760892289000026;08210726111140065090;0
184921;08;1;16;077;2021;08;17;4;2;4;6;1;1;0;0;0;0;0;516670,180827077478170;5391950,932802930474281;9,226468206000050;48,680380514000035;08210804116010093500;0
184922;08;2;12;000;2021;07;16;5;3;2;6;1;0;0;0;0;0;0;454940,527094129472971;5429284,712474634870887;8,383765384000071;49,014806854000028;08210722212502024500;0
184923;08;4;15;019;2021;08;17;5;3;0;7;1;1;0;0;0;0;0;517949,459310633130372;5369437,954796284437180;9,242875163000065;48,477813885000046;08210812415300102910;0
184926;08;3;35;075;2021;08;10;2;3;6;7;0;0;1;0;1;0;0;487982,324283779598773;5290045,623311584815383;8,839626515000020;47,763665512000046;08210809911081092940;0
184929;08;4;25;011;2021;08;18;6;2;0;2;1;0;0;0;0;0;0;588210,405125356279314;5376214,789075860753655;10,194882853000024;48,532836121000059;08210806135010116320;0
184932;08;1;11;000;2021;07;07;3;3;5;3;1;1;0;0;0;0;0;508343,459358052350581;5405772,144468629732728;9,113628076000055;48,804883000000075;08210727111370074770;0
184933;08;2;12;000;2021;08;11;3;3;5;3;1;1;0;0;0;0;0;456234,198667677119374;5428467,188585625961423;8,401544795000063;49,007546264000041;08210803212302103550;0
184936;08;2;12;000;2021;08;08;7;3;5;3;1;1;0;0;0;0;0;453145,419100105762482;5429700,902209149673581;8,359168958000055;49,018416778000073;08210814212010131250;0
184937;08;1;11;000;2021;07;20;5;3;0;7;1;0;0;0;0;0;0;519811,410883812233806;5403875,970288259908557;9,269715306000023;48,787565575000031;08210722111240039550;0
184938;08;3;11;000;2021;08;09;5;3;3;2;1;0;0;0;0;0;0;413224,091999985277653;5315250,583999495953321;7,837050271000066;47,984668932000034;08210805311010104470;0
184939;08;3;26;006;2021;07;12;6;3;2;6;1;1;0;0;0;0;0;458769,488542330451310;5308680,966949893161654;8,448023002000070;47,930121220000046;08210723326100026260;0
184941;08;2;22;000;2021;08;15;7;3;6;7;1;0;1;0;0;0;0;461452,114210810512304;5482139,161817265674472;8,467726440000035;49,490665140000033;08210814222014108720;0
184942;08;2;12;000;2021;07;11;7;3;5;3;1;1;0;0;0;0;0;461412,667857245542109;5427975,108966924250126;8,472398787000031;49,003465423000080;08210731212102056990;0
184943;08;2;12;000;2021;07;17;2;3;5;3;1;1;0;0;0;0;0;455152,707471096888185;5430890,461230525746942;8,386489472000051;49,029266129000064;08210726212010060440;0
184945;08;2;37;028;2021;08;11;3;2;0;1;1;0;0;0;0;0;0;459259,388771896250546;5368729,648140717297792;8,448816180000051;48,470378100000062;08210817231000135630;0
184946;08;3;17;096;2021;08;10;4;3;1;5;1;1;0;0;0;0;0;422722,538237889297307;5368901,863232547417283;7,954539058000023;48,468498825000040;08210811317500098100;0
184948;08;4;21;000;2021;08;21;4;2;0;1;1;0;0;0;0;2;0;573764,630328428931534;5361511,048986108973622;9,996643434000021;48,402439281000056;08210804426010099500;1
184949;08;2;26;018;2021;07;20;6;3;3;6;1;0;0;1;0;1;0;472439,268734290264547;5472722,226727791130543;8,620089201000042;49,406561042000078;08210723221400068370;0
184950;08;3;11;000;2021;08;20;6;3;0;7;1;0;0;0;0;1;0;414276,692882885225117;5316475,719069393351674;7,850909364000074;47,995831442000053;08210813311010103400;0
184952;08;4;35;059;2021;07;13;4;3;0;7;1;0;0;0;0;0;0;511700,661827475763857;5290511,056729422882199;9,156155548000072;47,767859093000027;08210721435200020530;0
184953;08;4;25;088;2021;08;16;5;3;1;3;1;1;0;0;0;0;0;561602,528053951449692;5350411,257554534822702;9,830714711000041;48,303895043000068;08210805425000096150;1
184954;08;3;35;100;2021;07;15;6;3;5;3;1;0;0;0;0;0;0;489541,757900813594460;5285442,796749366447330;8,860547427000029;47,722278470000049;08210723911081027590;0
184956;08;1;17;026;2021;07;14;7;2;0;1;1;0;0;0;0;0;0;546670,627401196397841;5395125,861214084550738;9,634372154000062;48,707418686000040;08210731117300053120;0
184957;08;1;17;026;2021;07;07;2;2;5;3;1;1;0;0;0;0;0;547471,861961593851447;5395406,790298603475094;9,645294561000071;48,709885309000072;08210726117300035430;0
184959;08;4;15;050;2021;08;13;4;3;0;1;1;0;0;0;0;0;0;520586,504171005450189;5377195,795338144525886;9,278939581000031;48,547524725000073;08210811415100111550;0
184960;08;3;37;022;2021;07;11;7;2;6;6;0;1;1;0;0;0;0;450401,774268611334264;5296277,575093118473887;8,337430757000050;47,817937574000041;08210731337010069300;0
184961;08;3;15;113;2021;07;11;3;3;5;3;1;1;0;0;0;0;0;439190,847908622585237;5308127,657402247190475;8,186013359000071;47,923584640000058;08210727311500067390;0
184964;08;3;11;000;2021;08;09;6;3;0;7;1;0;0;0;0;0;0;413745,306119874119759;5315834,349676836282015;7,843916700000023;47,989990623000040;08210813311010102980;0
184966;08;1;11;000;2021;08;08;4;2;0;7;1;0;0;0;0;0;0;514019,228838948532939;5402873,517066689208150;9,190826093000055;48,778705147000039;08210811111120097600;0
184969;08;1;16;078;2021;07;09;1;3;1;5;1;1;0;0;0;0;0;510578,262456862255931;5393303,878720596432686;9,143743092000022;48,692684685000074;08210725116200084340;0
184970;08;3;15;047;2021;07;13;3;3;8;7;1;0;0;0;0;0;0;415470,226868124678731;5321695,284263454377651;7,865875555000059;48,042942396000058;08210727311010057740;0
184973;08;2;22;000;2021;08;14;6;3;6;4;1;0;1;0;0;0;0;461859,422257021069527;5481597,693124398589134;8,473402587000066;49,485820655000055;08210813221000120860;0
184977;08;2;12;000;2021;07;19;5;3;0;7;1;0;0;0;0;0;0;455471,005539637058973;5428766,683463843539357;8,391076624000050;49,010185652000075;08210729212010060190;0
184978;08;2;12;000;2021;07;07;5;3;6;4;1;0;1;0;0;0;0;457376,384710003621876;5428187,735001238062978;8,417191570000057;49,005112485000041;08210722212010024640;0
184979;08;2;22;000;2021;08;09;6;3;5;3;1;1;0;0;0;0;0;461915,949789228849113;5480131,699669634923339;8,474324177000028;49,472638345000064;08210806222500106480;0
184980;08;2;26;036;2021;07;13;7;3;5;2;1;1;0;0;0;0;0;467810,180190805345774;5481169,073095090687275;8,555595265000022;49,482310220000045;08210724222400061790;0
184981;08;3;15;047;2021;08;07;3;3;5;3;1;1;0;0;0;0;0;414957,008748713880777;5321859,173523288220167;7,858958625000071;48,044348464000052;08210810311010106360;0
184982;08;3;35;075;2021;07;10;2;3;5;3;1;1;0;0;0;0;0;490433,713000001385808;5288856,535999495536089;8,872365883000043;47,753007692000040;08210726911081074240;0
184983;08;2;16;043;2021;08;16;3;3;5;3;1;1;0;0;0;0;0;443968,699466537684202;5412509,160927144810557;8,236033472000031;48,863013427000055;08210803216100084260;1
184984;08;3;27;049;2021;08;20;5;3;0;1;1;0;0;0;0;1;0;473091,166565206833184;5324592,656399041414261;8,638752580000073;48,074040233000062;08210812327200113580;0
184985;08;3;35;063;2021;07;13;7;3;0;1;1;0;0;0;0;0;0;497975,194491147994995;5287146,637546105310321;8,972992820000059;47,737690520000058;08210731335200055280;0
184986;08;1;35;019;2021;08;21;7;3;6;2;0;1;1;0;0;1;0;585141,865145524032414;5391868,374610111117363;10,156536401000039;48,674054729000034;08210814135200105480;0
184987;08;1;18;079;2021;07;13;4;3;0;2;1;1;0;0;0;0;0;509191,857483615167439;5422049,379342826083302;9,125548147000075;48,951297555000053;08210728118100076240;0
184989;08;1;11;000;2021;07;18;6;3;5;2;1;1;0;0;0;0;0;517227,497491439804435;5406895,568112444132566;9,234664566000049;48,814806380000050;08210723111500061230;0
184990;08;2;25;058;2021;08;12;2;3;5;3;1;1;0;0;0;0;0;509120,188699034973979;5465749,651324355974793;9,125558638000030;49,344398449000039;08210809225100102380;0
184991;08;1;25;107;2021;08;15;7;3;0;7;1;0;0;0;1;0;0;534667,857952137477696;5437971,536444967612624;9,474868180000044;49,093618199000048;08210814121600272320;0
184992;08;1;16;078;2021;07;23;7;3;1;5;1;1;0;0;0;2;0;511380,919050457887352;5392112,187768856063485;9,154617156000029;48,681950021000034;08210731116200054870;1
184993;08;2;15;108;2021;07;19;2;2;5;3;1;0;0;0;1;0;0;450451,392338907346129;5425663,332930048927665;8,322817888000031;48,981888395000055;08210726212010050590;1
184994;08;2;21;000;2021;08;20;2;3;5;3;1;1;0;0;0;1;0;477057,475174674764276;5473720,145060600712895;8,683690059000071;49,415728786000045;08210802221300082840;1
184995;08;3;11;000;2021;08;20;4;3;6;7;0;0;1;1;0;1;0;412174,886127883568406;5314922,950198000296950;7,823059126000032;47,981578557000034;08210811311010125140;0
184996;08;2;22;000;2021;07;17;3;3;5;3;1;1;0;0;0;0;0;460083,366769371554255;5488749,339895568788052;8,448158863000060;49,550031125000032;08210727222800069110;0
184998;08;2;15;107;2021;07;17;5;3;5;3;1;1;0;0;0;0;0;461667,094278103671968;5458173,575457939878106;8,473005162000049;49,275117070000078;08210722215502040190;0
184999;08;4;16;041;2021;08;14;6;2;5;3;1;1;0;0;0;0;0;499911,034600645303726;5374326,294063584879041;8,998795157000075;48,522047587000031;08210813416200102710;0
185000;08;2;12;000;2021;08;11;1;3;6;7;0;0;1;0;1;0;0;456847,917000002227724;5428596,382999531924725;8,409922601000062;49,008751603000064;08210801212302096870;0
185005;08;2;31;000;2021;07;17;7;2;0;1;1;0;0;0;0;0;0;479233,703416072763503;5415767,320872373878956;8,716682211000034;48,894506110000066;08210724231000030440;0
185006;08;3;26;074;2021;07;13;2;3;5;3;1;1;0;0;0;0;0;464884,942330000922084;5323665,754997203126550;8,528664706000029;48,065301965000060;08210726326200039790;1
185009;08;4;26;014;2021;07;11;7;3;8;1;1;0;0;0;0;0;0;549328,145932856947184;5317328,984657498076558;9,661370554000030;48,007352121000054;08210731426300053970;0
185011;08;1;17;051;2021;08;18;2;3;6;7;0;1;1;0;0;0;0;543153,930367523804307;5395053,801934866234660;9,586566512000047;48,707023730000060;08210816117400124910;0
185013;08;4;17;002;2021;08;12;3;3;0;7;1;0;0;0;0;0;0;488829,139555234462023;5347172,322520669549704;8,849437841000054;48,277656744000069;08210810417200095240;0
185014;08;1;17;049;2021;08;18;3;3;5;3;1;1;0;0;0;0;0;554902,954757627099752;5391713,356024619191885;9,745807672000069;48,676051657000073;08210817117200116460;0
185018;08;2;15;107;2021;08;03;4;3;5;3;1;1;0;0;0;2;0;462912,183284267783165;5456135,638589270412922;8,490310583000053;49,256862947000059;08210804215502094240;0
185019;08;3;35;075;2021;07;12;5;3;0;1;1;0;0;0;0;0;0;488782,425213670358062;5288006,553040836006403;8,850356274000035;47,745333311000081;08210722911081026840;0
185020;08;2;12;000;2021;08;09;6;3;5;3;1;1;0;0;0;0;0;455037,727872111834586;5429897,194061098620296;8,385026755000069;49,020323260000055;08210813212010118840;0
185021;08;3;35;075;2021;07;15;7;3;6;6;1;0;1;0;0;0;0;487751,564682359807193;5289929,380885411053896;8,836550364000061;47,762615274000041;08210731911081167800;0
185022;08;4;36;052;2021;08;19;1;3;8;1;1;0;0;0;0;0;0;569461,404863442294300;5288857,054755352437496;9,926697928000067;47,749341979000064;08210815436300110050;0
185023;08;3;25;051;2021;07;15;4;1;1;5;1;1;0;0;0;0;0;451340,432499061338603;5348797,136561498045921;8,343994671000075;48,290502379000031;08210728325302042660;0
185024;08;4;36;039;2021;07;13;4;3;8;1;1;0;0;0;0;0;0;547877,732299105264246;5289609,620027637109160;9,638851534000025;47,758076594000045;08210721436200056770;0
185025;08;2;12;000;2021;08;15;6;3;0;7;0;0;1;0;1;0;0;456355,465596602298319;5427928,526501448825002;8,403260809000074;49,002709522000032;08210806212402098590;0
185026;08;1;11;000;2021;07;14;7;2;0;1;1;0;0;0;0;0;0;512933,143127045594156;5405046,201911186799407;9,176111037000055;48,798273943000027;08210724111500073210;0
185028;08;4;15;061;2021;07;08;2;2;6;4;0;1;1;0;0;0;0;514355,472000001929700;5371349,582999514415860;9,194310729000051;48,495103943000061;08210726415400078990;0
185031;08;2;12;000;2021;07;20;4;2;5;3;1;1;0;0;0;0;0;455139,960476604290307;5430816,858301918953657;8,386323246000075;49,028603140000030;08210728212010061940;0
185037;08;1;18;073;2021;07;09;2;3;0;3;1;0;0;0;1;0;0;498452,752000001259148;5422203,107999529689550;8,978866108000034;48,952746836000074;08210726118600065480;0
185040;08;1;36;065;2021;07;14;1;3;1;5;1;1;0;0;0;0;0;558698,406738858669996;5405261,961825292557478;9,799290319000022;48,797578167000040;08210725136300066940;0
185041;08;1;25;056;2021;07;06;3;3;5;2;1;1;0;0;0;0;0;510634,276115237735212;5435988,555891834199429;9,145614799000043;49,076665208000065;08210727121400067300;0
185043;08;4;15;059;2021;07;16;5;3;6;6;0;1;1;0;0;0;0;516576,670214474201202;5368017,989326743409038;9,224243735000073;48,465077037000071;08210722415300026220;0
185046;08;2;12;000;2021;07;12;6;3;0;7;1;0;0;0;0;0;0;452766,429405745118856;5427338,255539322271943;8,354260733000046;48,997135793000041;08210730212502063990;0
185047;08;2;15;017;2021;08;18;4;3;6;6;1;0;1;0;0;0;0;456628,303975057788193;5421466,406483445316553;8,407680107000033;48,944600847000061;08210811212702104780;0
185048;08;3;36;069;2021;08;21;2;3;1;6;1;1;0;0;0;2;0;409665,374871987849474;5269082,330748876556754;7,798971705000042;47,568867669000042;08210816336200122910;0
185049;08;2;26;032;2021;08;19;6;3;5;3;1;1;0;0;0;0;0;468087,758731412701309;5463333,882422057911754;8,560860252000055;49,321902302000069;08210806226200088080;0
185050;08;1;16;033;2021;07;10;7;3;0;7;1;0;0;0;0;0;0;534052,692438239231706;5388475,359276065602899;9,462321546000055;48,648408556000049;08210724116400047220;0
185053;08;4;37;076;2021;08;15;5;3;0;7;1;1;0;0;0;0;0;524715,524464020505548;5321956,603226456791162;9,331650704000026;48,050412620000031;08210812437100101480;0
185057;08;1;16;077;2021;07;13;5;3;4;3;1;0;0;1;0;0;0;514528,696952027268708;5389164,197479194030166;9,197277972000052;48,655364325000050;08210722116200056610;0
185059;08;3;17;005;2021;07;10;6;3;8;7;1;0;0;0;0;0;0;424074,034856150858104;5376342,726458659395576;7,971466537000026;48,535593624000057;08210723317200034390;0
185060;08;1;11;000;2021;08;22;2;3;1;1;1;1;0;0;0;2;0;514193,709977586753666;5409136,512326981872320;9,193417627000031;48,835042270000031;08210809111330115580;0
185061;08;3;11;000;2021;07;22;4;3;0;7;1;1;0;0;0;2;0;411659,131941572763026;5314396,093773564323783;7,816257406000034;47,976768308000032;08210728311010068260;0
185067;08;3;15;074;2021;07;21;6;3;8;1;1;0;0;0;0;0;0;395754,367374677211046;5296096,140538368374109;7,607618931000047;47,809772254000052;08210723311400037760;0
185071;08;1;19;079;2021;07;12;5;3;6;3;0;1;1;0;0;0;0;523215,276521922089159;5408597,240278879180551;9,316322358000036;48,829919327000027;08210722119400079300;0
185072;08;3;15;006;2021;08;13;5;3;0;1;1;0;0;0;0;0;0;403829,525617931038141;5307925,790681440383196;7,712815355000032;47,917438978000064;08210805311400089810;1
185075;08;4;35;016;2021;07;17;4;3;6;4;0;1;1;0;0;0;0;535642,320145719684660;5277962,448778875172138;9,474644052000031;47,654075652000074;08210728435100062140;0
185076;08;3;11;000;2021;07;17;2;3;2;6;1;1;0;0;0;0;0;411180,744266156107187;5318251,984154533594847;7,809050600000035;48,011386779000077;08210726311010163910;0
185079;08;2;26;096;2021;07;19;7;3;0;5;1;1;0;0;0;0;0;474936,894544200971723;5488990,752348523586988;8,653486045000022;49,552999561000036;08210731226600063440;0
185081;08;4;15;092;2021;07;07;3;3;2;6;1;1;0;0;0;0;0;518973,186518942937255;5364469,799837436527014;9,256501892000074;48,433088408000060;08210727415300166410;0
185082;08;3;11;000;2021;08;17;4;3;6;4;0;1;1;0;0;0;0;409617,488216197118163;5315796,210782837122679;7,788611543000059;47,989077479000059;08210804311010086600;0
185084;08;3;16;020;2021;08;14;7;3;3;6;1;1;0;0;0;0;0;407627,825848830863833;5339253,159351129084826;7,756874458000027;48,199786730000028;08210814316100120810;0
185085;08;4;21;000;2021;07;11;6;2;1;1;1;1;0;0;0;0;0;571753,607177793048322;5360424,697659792378545;9,969290674000035;48,392899384000032;08210730426010069520;0
185086;08;1;15;041;2021;07;21;2;3;5;3;1;1;0;0;0;2;0;494414,750082340091467;5401920,837729571387172;8,923987786000055;48,770267776000026;08210726115300036040;1
185087;08;3;26;061;2021;08;17;2;3;0;1;1;0;0;0;0;0;0;470536,442607471719384;5319885,895637124776840;8,604780742000059;48,031581086000074;08210802326100082270;0
185089;08;4;17;036;2021;08;18;4;2;0;1;1;0;0;0;0;0;0;503386,867520475760102;5352370,854635115712881;9,045690388000025;48,324515933000043;08210811417300123420;0
185090;08;3;17;073;2021;07;18;1;3;8;1;1;0;0;0;0;0;0;410259,086999983526766;5346870,038999505341053;7,790663488000064;48,268676566000067;08210725317300033440;0
185093;08;2;12;000;2021;07;14;5;1;5;3;1;0;0;0;0;0;0;454971,644235544838011;5433603,682330250740051;8,383711186000028;49,053658442000028;08210722212010066350;0
185094;08;2;26;037;2021;08;23;6;3;3;6;1;1;0;0;0;2;0;465774,121219630353153;5468015,257392950356007;8,528621658000077;49,363884866000035;08210813226400133210;0
185099;08;1;11;000;2021;08;14;7;3;6;7;0;1;1;0;0;0;0;512372,645999999716878;5406764,251999523490667;9,168530546000056;48,813740727000038;08210807111340103210;1
185101;08;1;36;042;2021;08;18;3;3;0;7;1;0;0;0;0;0;0;550384,276893042027950;5405319,182900832965970;9,686093847000052;48,798822309000059;08210810136300108360;0
185104;08;2;25;058;2021;08;18;6;3;8;1;1;0;0;0;0;0;0;509755,545893683098257;5465981,138269545510411;9,134311313000069;49,346470854000074;08210813121600118720;0
185105;08;1;19;091;2021;07;13;6;3;5;2;1;1;0;0;0;0;0;527483,751049815677106;5407038,727920619770885;9,374377302000028;48,815725164000071;08210730119400052570;0
185106;08;3;17;141;2021;08;20;1;3;4;6;1;0;0;0;0;1;0;420279,512599516659975;5376820,769859289750457;7,919981740000026;48,539422844000057;08210815317200131980;0
185107;08;2;25;117;2021;07;08;4;3;6;4;0;1;1;0;0;0;0;516085,901922618970275;5471915,996488390490413;9,221705093000025;49,399720573000081;08210728225100070260;0
185108;08;4;15;029;2021;07;17;4;3;6;4;0;1;1;0;0;0;0;522602,827398153021932;5379416,370441051200032;9,306380239000021;48,567431993000071;08210721415100163750;0
185109;08;3;15;016;2021;08;10;5;3;0;1;1;0;0;0;0;0;0;430451,766965736635029;5311178,940370224416256;8,068554748000054;47,950145616000043;08210805311500107730;1
185112;08;2;26;084;2021;07;11;4;3;6;4;0;1;1;0;0;0;0;468575,269105407409370;5469563,299881424754858;8,567077195000024;49,377960035000058;08210728226400043760;0
185113;08;1;18;060;2021;07;11;2;3;5;3;1;1;0;0;0;0;0;523187,729025833308697;5429749,603390820324421;9,317149663000066;49,020198481000079;08210726118500035260;0
185115;08;1;25;056;2021;08;23;5;3;0;1;1;0;0;0;0;2;0;510839,547422145493329;5435911,344148946925998;9,148423493000053;49,075967072000026;08210812121400124990;0
185117;08;4;36;008;2021;07;20;3;3;5;3;1;1;0;0;0;0;0;547803,794291432946920;5310834,838484281674027;9,640211297000064;47,949042347000045;08210727436400056840;1
185119;08;3;16;056;2021;07;11;6;3;5;3;1;1;0;0;0;0;0;422868,799575244076550;5327194,029354345053434;7,964131368000039;48,093343874000027;08210723316200041600;0
185120;08;4;36;055;2021;08;06;6;3;0;1;1;0;0;0;0;0;0;577291,867665854282677;5297246,641906136646867;10,032643006000058;47,823924247000036;08210813436100130170;0
185121;08;2;22;000;2021;07;15;7;3;0;1;1;0;0;0;0;0;0;461702,110195111483335;5482442,485630670562387;8,471148865000032;49,493409205000034;08210731222200053430;0
185122;08;4;21;000;2021;07;12;6;3;0;2;1;1;0;0;0;0;0;572087,716952707618475;5355725,756818784400821;9,972997658000054;48,350592881000068;08210730421300070820;0
185126;08;2;26;082;2021;07;12;1;3;5;3;1;1;0;0;0;0;0;475302,724091413430870;5481011,725434364750981;8,659043089000022;49,481246060000046;08210725226600053960;0