OID_;ULAND;UREGBEZ;UKREIS;UGEMEINDE;UJAHR;UMONAT;USTUNDE;UWOCHENTAG;UKATEGORIE;UART;UTYP1;IstRad;IstPKW;IstFuss;IstKrad;IstSonstige;ULICHTVERH;IstGkfz;LINREFX;LINREFY;XGCSWGS84;YGCSWGS84;UIDENTSTLAE;IstStrassenzustand
185127;08;3;15;052;2021;07;13;3;3;9;1;1;0;0;0;0;0;0;430360,533804894424975;5306889,428159337490797;8,068026697000050;47,911546805000057;08210727311500044020;0
185128;08;3;37;126;2021;08;17;3;2;6;4;0;1;1;0;0;0;0;440673,600968326441944;5274723,345248265191913;8,210422163000032;47,623195572000043;08210803337200085300;0
185129;08;2;36;040;2021;07;17;5;3;5;3;1;1;0;0;0;0;0;489817,296768010593951;5420034,726302741095424;8,860968650000075;48,933158856000034;08210722231102043260;0
185131;08;4;35;024;2021;07;12;5;3;0;2;1;0;0;0;0;0;0;527110,902221257798374;5279192,389455622062087;9,361111287000028;47,665555846000075;08210729435100061700;0
185132;08;1;16;011;2021;08;11;1;3;0;1;1;0;0;0;0;0;0;529833,926363758742809;5382468,402212675660849;9,404614278000054;48,594585704000053;08210815116500121760;1
185136;08;1;36;065;2021;08;14;3;2;0;7;1;0;0;0;0;0;0;558064,245498014613986;5405167,116910098120570;9,790642465000076;48,796784583000033;08210810136010115230;0
185139;08;1;16;020;2021;07;20;1;3;0;1;1;0;0;0;0;0;0;526378,852026611566544;5381731,979102496057749;9,357710048000058;48,588115884000047;08210725116500069260;0
185140;08;1;11;000;2021;07;16;3;3;3;7;1;0;0;0;0;0;0;508641,811414069496095;5396260,770268103107810;9,117491527000027;48,719314880000070;08210727111500041520;0
185142;08;4;15;059;2021;07;22;5;2;0;1;1;0;0;0;0;2;0;517936,336413641460240;5368389,567477878183126;9,242652621000047;48,468382587000065;08210722415300074650;0
185143;08;1;21;000;2021;08;08;6;3;0;1;1;0;0;0;0;0;0;510335,574651725590229;5449000,151248650625348;9,141858305000028;49,193714504000070;08210813121300116970;1
185144;08;2;26;065;2021;07;23;6;3;1;5;1;1;0;0;0;2;0;478010,384745890274644;5457584,710763892158866;8,697718045000045;49,270626495000045;08210730226700063160;0
185146;08;1;28;115;2021;08;15;2;3;1;5;1;1;0;0;0;0;0;546001,657041046768427;5501261,292472802102566;9,637426106000021;49,662133314000073;08210816128200113860;0
185147;08;1;19;020;2021;07;14;5;3;5;3;1;1;0;0;0;0;0;519687,661819380708039;5406719,794757405295968;9,268166931000053;48,813152069000068;08210729119200063110;0
185148;08;3;11;000;2021;08;16;6;3;3;6;1;0;0;0;0;0;0;412988,125965026207268;5316896,022069221362472;7,833555031000060;47,999438139000063;08210806311010108930;0
185150;08;3;17;089;2021;08;11;2;3;6;6;1;0;1;0;0;0;0;432048,177798242308199;5375658,647933347150683;8,079584684000054;48,530354534000026;08210809317100118910;0
185151;08;3;27;050;2021;07;15;2;3;6;6;1;0;1;0;0;0;0;487378,974719872698188;5315607,240647217258811;8,830827922000026;47,993640523000067;08210726327100039670;1
185152;08;2;37;040;2021;08;21;3;3;6;2;0;1;1;0;0;2;0;476795,093456080183387;5365451,169183423742652;8,686235180000040;48,441775429000074;08210803237200098380;1
185155;08;2;12;000;2021;08;15;1;3;5;3;1;0;0;0;0;0;0;454909,949689822271466;5428823,909692088142037;8,383398425000053;49,010659664000059;08210815212010133370;0
185156;08;1;16;081;2021;08;17;2;2;6;4;0;1;1;0;0;0;0;515122,693326249718666;5385519,458463385701180;9,205210462000025;48,622561701000052;08210802116010082910;0
185157;08;4;35;029;2021;07;12;4;3;0;7;1;0;0;0;0;0;0;544470,170004654675722;5270801,880991674959660;9,591470381000022;47,589103309000052;08210721435100018520;0
185158;08;3;35;063;2021;08;11;5;3;5;2;1;1;0;0;0;0;0;498707,771888520568609;5288403,305063737556338;8,982760321000058;47,748999384000058;08210805335200104630;0
185161;08;3;25;051;2021;08;19;7;3;9;7;1;0;0;0;0;0;0;446394,969825800508261;5348649,814330253750086;8,277346233000060;48,288777456000048;08210814325302118690;0
185162;08;1;11;000;2021;07;10;7;2;0;7;1;0;0;0;0;0;0;517494,694000001996756;5406759,774999523535371;9,238298364000059;48,813577342000031;08210731111320052900;0
185163;08;3;11;000;2021;07;14;2;3;5;3;1;1;0;0;0;0;0;414848,880880232900381;5315702,267942951992154;7,858731202000058;47,988950392000049;08210726311010039250;0
185164;08;1;16;015;2021;08;19;2;3;3;2;1;1;0;0;0;0;0;523030,065109441056848;5394445,028729595243931;9,313006566000070;48,702615075000040;08210802116010093270;1
185166;08;2;26;013;2021;08;11;4;2;7;7;1;0;0;0;1;0;0;496316,837000000290573;5477827,894999552518129;8,949181459000044;49,453099185000042;08210811221011117860;0
185167;08;3;26;074;2021;07;16;3;2;5;3;1;1;0;0;0;0;0;465319,511075414717197;5324131,056709062308073;8,534459795000032;48,069511963000082;08210727335000044730;0
185169;08;2;37;074;2021;07;18;6;3;3;2;1;1;0;0;0;0;0;470893,880473776720464;5370444,666039761155844;8,606096311000044;48,486452938000070;08210723237200063660;0
185170;08;3;26;005;2021;08;21;6;3;6;7;0;1;1;0;0;1;0;460933,905275135301054;5298559,367146287113428;8,477913937000039;47,839192856000068;08210813326100271460;0
185171;08;3;35;043;2021;07;08;6;3;5;3;1;1;0;0;0;0;0;513458,165662056766450;5279847,649085909128189;9,179281396000022;47,671879876000048;08210730335100071010;0
185173;08;1;19;085;2021;08;13;3;3;3;6;1;0;0;0;0;0;1;529234,783236909657717;5413653,050562907010317;9,398700934000033;48,875145308000072;08210817119500142480;0
185175;08;1;16;078;2021;07;19;7;3;6;4;0;1;1;0;0;0;0;512873,087797346524894;5392929,004126565530896;9,174914587000046;48,689269165000042;08210724116010069480;0
185176;08;3;36;069;2021;07;12;3;2;3;2;1;0;0;1;0;0;0;406457,702223344705999;5267600,571136923506856;7,756650306000040;47,555083683000078;08210727311010042560;0
185177;08;3;11;000;2021;08;11;3;3;0;7;1;0;0;0;0;0;0;414308,983106172643602;5317719,925599439069629;7,851093593000030;48,007027874000073;08210803311010091170;1
185178;08;2;26;018;2021;07;18;5;3;0;1;1;0;0;0;0;0;0;473419,673879951238632;5472087,850100243464112;8,633645752000064;49,400898563000055;08210722221400024970;0
185179;08;2;15;099;2021;08;17;6;3;0;7;1;0;0;0;0;0;0;464370,542656268924475;5447390,682640274986625;8,511128139000050;49,178289204000066;08210813215502119580;0
185180;08;1;15;013;2021;07;11;6;3;5;3;1;1;0;0;0;0;0;495255,169487454928458;5389374,032385548576713;8,935569716000032;48,657402943000079;08210730115100073050;0
185183;08;4;26;021;2021;07;16;4;3;5;3;1;1;0;0;0;0;0;558823,879485323093832;5328623,014303682371974;9,790227135000066;48,108152467000082;08210721426100091140;0
185184;08;2;26;009;2021;08;18;7;3;0;6;1;0;0;0;0;0;0;466211,748999999836087;5471496,897999547421932;8,534352912000031;49,395225685000071;08210807222014093460;0
185186;08;1;11;000;2021;08;19;3;3;5;3;1;1;0;0;0;0;0;507994,345933568663895;5397736,311290549114347;9,108717403000071;48,732597531000067;08210810111500107490;0
185188;08;1;15;003;2021;08;10;3;3;6;4;0;1;1;0;0;0;0;501021,327452271245420;5392345,426026439294219;9,013875997000071;48,684151178000036;08210803115100103700;0
185191;08;4;36;081;2021;07;18;3;3;0;1;1;0;0;0;0;0;0;556241,103967060334980;5272979,521641412749887;9,748295330000076;47,607781604000081;08210727436300056360;0
185192;08;2;21;000;2021;08;17;5;3;5;5;1;1;0;0;0;0;0;474023,680614797398448;5471403,589411627501249;8,642015288000039;49,394769840000038;08210805221400861850;0
185194;08;2;12;000;2021;08;15;1;2;3;6;1;0;0;0;0;0;0;455053,985266250558197;5429279,018215529620647;8,385317578000070;49,014763909000067;08210808212010112490;0
185197;08;1;16;016;2021;07;21;2;3;5;2;1;1;0;0;0;1;0;534052,334485054947436;5384723,386585190892220;9,462008431000072;48,614656199000081;08210726116400035640;1
185198;08;2;21;000;2021;08;19;2;3;0;5;1;1;0;0;0;0;0;476965,095178031362593;5468957,159569008275867;8,682692531000043;49,372882902000072;08210802221011084480;0
185200;08;3;35;043;2021;07;13;2;2;5;2;1;0;0;0;0;0;0;513459,135890697129071;5279848,333076650276780;9,179294342000048;47,671886010000037;08210726335100056860;0
185201;08;4;26;070;2021;08;15;2;3;6;7;0;1;1;0;0;0;0;565568,808235428296030;5342268,494764456525445;9,882931198000051;48,230246495000074;08210802426010093320;0
185202;08;3;36;050;2021;08;09;5;3;0;7;1;0;0;0;0;0;0;399210,371734972111881;5273105,801533304154873;7,659082021000074;47,603520768000067;08210812336100145320;0
185203;08;4;16;041;2021;08;21;7;3;6;4;1;0;1;0;0;2;0;503027,032650807872415;5374160,980795547366142;9,040993383000057;48,520553076000056;08210814416000130110;0
185204;08;4;36;064;2021;07;20;4;3;5;4;1;0;1;0;0;0;0;545384,891199117526412;5293343,428447751328349;9,605980733000024;47,791850133000025;08210721436200065310;0
185205;08;3;35;100;2021;08;15;5;3;5;3;1;1;0;0;0;0;0;488699,467086127027869;5287043,680500917136669;8,849274615000070;47,736668356000052;08210805911081094370;1
185206;08;4;36;064;2021;07;18;6;2;5;3;1;1;0;0;0;0;0;545792,262120787054300;5292837,565481452271342;9,611366265000072;47,787270038000031;08210723436200044550;0
185207;08;1;26;039;2021;08;10;1;3;0;7;1;0;0;0;0;0;0;547270,576011952944100;5459881,872464343905449;9,650062975000026;49,289856791000034;08210808126100090710;0
185209;08;1;18;079;2021;07;11;7;3;5;3;1;1;0;0;0;0;0;510822,968327424488962;5421979,430076025426388;9,147824950000029;48,950641916000052;08210731118100064100;0
185210;08;2;12;000;2021;07;17;2;3;1;7;1;1;0;0;0;0;0;456522,995910001918674;5428026,240231636911631;8,405540812000027;49,003600293000034;08210726212402037570;0
185212;08;3;35;063;2021;08;15;3;2;0;1;1;0;0;0;0;0;0;497924,092781451530755;5287231,048385795205832;8,972310814000025;47,738449852000031;08210817335200115040;0
185213;08;2;26;065;2021;08;15;4;2;5;3;1;1;0;0;0;0;0;478873,099000000394881;5456937,432999541983008;8,709611423000069;49,264834596000071;08210811221011099890;0
185214;08;1;36;002;2021;07;07;4;3;5;3;1;1;0;0;0;0;0;573559,017052123323083;5415995,096851069480181;10,003543937000074;48,892536488000076;08210728136100074890;1
185215;08;2;22;000;2021;08;17;4;3;6;4;0;1;1;0;0;0;0;464182,217135278508067;5483225,196617089211941;8,505324030000054;49,500600790000078;08210804222301119960;0
185216;08;2;12;000;2021;07;13;6;3;5;3;1;1;0;0;0;0;0;458998,228989704512060;5427274,588908413425088;8,439458701000035;48,997008445000063;08210723212102062640;0
185217;08;2;26;060;2021;08;10;6;3;6;7;0;1;1;0;0;0;0;477906,855000001378357;5463214,078999543562531;8,695983610000042;49,321259079000072;08210813226700128570;0
185218;08;1;25;102;2021;07;14;6;3;5;1;1;1;0;0;0;0;0;521215,749643566086888;5444528,943828199058771;9,290954069000065;49,153215016000047;08210730121600072090;0
185220;08;2;26;096;2021;08;15;2;3;0;1;1;0;0;0;0;0;0;476194,196086141280830;5488486,208338530734181;8,670899248000069;49,548512130000063;08210816226600124890;0
185223;08;1;15;003;2021;07;08;3;3;5;3;1;1;0;0;0;0;0;500769,797434861771762;5391804,558930350467563;9,010457644000041;48,679285836000076;08210727115100069010;0
185225;08;3;26;074;2021;07;08;5;3;5;3;1;1;0;0;0;0;0;465968,401000001467764;5323860,035999501124024;8,543191582000077;48,067108605000044;08210722326200039740;0
185226;08;1;17;026;2021;08;10;6;3;1;5;1;1;0;0;0;0;0;547769,870023585855961;5394811,305591158568859;9,649276256000064;48,704505870000048;08210813117300116830;0
185227;08;4;36;055;2021;07;19;5;3;0;7;1;0;0;0;0;0;0;576394,118116744793952;5298147,780045725405216;10,020809741000051;47,832138167000039;08210729436100059280;0
185229;08;3;35;043;2021;07;09;4;3;4;7;1;1;0;0;0;0;0;514313,405824718996882;5279617,603655973449349;9,190666777000047;47,669791639000039;08210728335100070060;1
185230;08;4;36;082;2021;07;21;4;2;5;3;1;0;0;0;0;2;0;547300,805000000633299;5294292,929999491199851;9,631664042000068;47,800254867000035;08210721436400051970;0
185231;08;2;21;000;2021;08;22;7;3;6;4;0;1;1;0;0;2;0;477334,085857523605227;5469076,851253569126129;8,687768504000076;49,373973356000079;08210807221400126860;0
185233;08;1;27;043;2021;08;19;3;3;6;4;0;1;1;0;0;0;0;567007,604563126340508;5446757,653712952509522;9,919261509000023;49,169970788000057;08210810127100096390;0
185234;08;1;18;048;2021;07;12;2;3;5;5;1;1;0;0;0;0;0;513295,124860285781324;5415641,465215981006622;9,181384029000071;48,893579315000068;08210726118400077220;0
185236;08;4;25;072;2021;08;13;5;3;6;1;1;0;1;0;0;0;0;582553,616255561821163;5372592,168057210743427;10,117555693000043;48,501021609000077;08210812135010120150;0
185238;08;4;15;053;2021;07;11;3;3;5;3;1;1;0;0;0;0;0;537671,716102058067918;5362099,140408022329211;9,509069828000065;48,410920477000047;08210727415200077270;0
185241;08;3;17;129;2021;08;06;7;3;0;1;1;0;0;0;0;0;0;430308,957699534483254;5350175,956953369081020;8,060264286000063;48,300938917000053;08210814317600104150;0
185243;08;2;12;000;2021;07;16;1;3;2;4;1;0;1;0;0;0;0;453782,168359889648855;5428443,580227090045810;8,368020408000064;49,007155140000066;08210725212502066480;0
185245;08;2;26;076;2021;08;09;4;2;5;2;1;1;0;0;0;0;0;474467,915324103087187;5465647,652376465499401;8,648506559000054;49,343014731000039;08210811226700110000;0
185246;08;2;26;013;2021;07;16;1;3;6;6;1;0;1;0;0;0;0;498820,283168094232678;5478894,251107126474380;8,983719645000065;49,462700970000071;08210725226100064170;0
185247;08;2;22;000;2021;07;09;3;3;5;2;1;1;0;0;0;0;0;465455,148000001907349;5476317,161999549716711;8,523506754000039;49,438539825000078;08210727222500038710;0
185248;08;2;12;000;2021;08;09;4;3;5;3;1;1;0;0;0;0;0;458114,318547551520169;5427626,625768275931478;8,427338953000060;49,000115738000034;08210804212102102640;0
185250;08;1;11;000;2021;08;11;7;3;5;3;1;1;0;0;0;0;0;519467,569869393482804;5401636,164130438119173;9,264928208000072;48,767427431000044;08210814111250131170;0
185252;08;1;25;065;2021;07;08;6;3;5;3;1;1;0;0;0;0;0;514717,062858133576810;5449308,144270634278655;9,202006256000061;49,196395462000055;08210730121500072120;0
185253;08;1;16;078;2021;08;14;4;2;0;1;1;0;0;0;0;0;0;509104,039539113640785;5394790,872717043384910;9,123743399000034;48,706085035000058;08210811116200125690;0
185255;08;1;35;027;2021;08;15;7;2;5;3;1;1;0;0;0;0;0;591645,970161583274603;5376643,562155654653907;10,241503552000040;48,536200246000078;08210807135100089250;1
185256;08;3;36;050;2021;07;02;7;2;8;1;1;0;0;0;0;2;0;402024,642147556878626;5276203,866240603849292;7,695820346000062;47,631820782000034;08210724336100058720;0
185259;08;2;16;015;2021;07;06;3;3;5;3;1;1;0;0;0;0;0;450498,886701535433531;5404223,479760920628905;8,326063543000032;48,789037065000059;08210727216300055340;0
185261;08;1;11;000;2021;07;18;6;3;0;7;1;0;0;0;0;0;0;514016,606414617970586;5402865,545898763462901;9,190790126000024;48,778633498000033;08210723111120045840;0
185262;08;1;11;000;2021;08;14;7;3;3;6;1;1;0;0;0;0;0;511443,063383255153894;5402841,298930130898952;9,155759254000031;48,778468038000028;08210814111140107790;0
185264;08;3;16;056;2021;07;19;6;3;1;5;1;1;0;0;0;0;0;421000,749805331230164;5326737,724215619266033;7,939132385000050;48,089010315000053;08210730316200071110;0
185266;08;2;12;000;2021;08;16;2;3;1;5;1;1;0;0;0;0;0;454138,182423693127930;5428598,686024885624647;8,372870693000039;49,008576886000071;08210816212502113400;0
185268;08;1;21;000;2021;07;00;7;3;1;5;1;1;0;0;0;2;0;514011,199118857271969;5442957,390896663069725;9,192096506000041;49,139285050000069;08210724121300068160;0
185269;08;3;35;075;2021;07;15;2;3;5;3;1;1;0;0;0;0;0;488473,469529541209340;5289810,693627562373877;8,846186957000043;47,761560696000060;08210726335000041770;0
185271;08;2;15;108;2021;08;20;6;3;5;3;1;1;0;0;0;0;0;449195,203363853506744;5424214,058510454371572;8,305831863000037;48,968750135000050;08210813212702116220;0
185272;08;4;16;041;2021;07;15;5;3;1;1;1;1;0;0;0;0;0;504454,659140980802476;5373870,387988958507776;9,060323805000053;48,517930289000049;08210729416200048690;0
185273;08;1;17;019;2021;08;19;2;3;1;1;1;1;0;0;0;1;0;552525,400122402235866;5394379,129232268780470;9,713852263000035;48,700235924000026;08210816117100168580;0
185274;08;2;16;043;2021;07;13;4;3;5;3;1;1;0;0;0;0;0;441248,332201500423253;5411330,057137720286846;8,199115175000031;48,852155727000081;08210728216100059180;0
185275;08;1;11;000;2021;07;08;5;2;5;3;1;1;0;0;0;0;0;512069,981945701874793;5402000,255199229344726;9,164267943000027;48,770890217000044;08210722111500022890;0
185278;08;1;27;076;2021;08;16;2;3;0;1;1;0;0;0;0;0;0;555008,333577096462250;5438893,827268429100513;9,753589885000054;49,100431631000049;08210809127100093770;0
185281;08;1;11;000;2021;08;12;3;3;5;3;1;1;0;0;0;0;0;517720,439123213291168;5402473,755501339212060;9,241188358000045;48,775014516000056;08210803111500084250;1
185283;08;2;16;043;2021;07;09;4;1;5;3;1;1;0;0;0;0;0;441447,222948291338980;5411916,292942425236106;8,201742278000040;48,857447701000069;08210728211000048820;0
185284;08;3;11;000;2021;08;18;4;3;4;6;1;1;0;0;0;0;0;413375,197133596055210;5317575,084462622180581;7,838605716000075;48,005599098000062;08210804311010102510;1
185285;08;2;12;000;2021;07;14;6;3;5;3;1;1;0;0;0;0;0;458983,017183028161526;5429178,186080051586032;8,439058447000036;49,014130627000043;08210723212010067780;0
185286;08;2;26;076;2021;08;10;7;3;0;7;0;1;1;0;0;0;0;474691,816000000573695;5464749,342999538406730;8,651645917000053;49,334943842000030;08210814221011127380;0
185287;08;2;25;039;2021;07;10;7;3;0;1;1;0;0;0;0;0;0;530749,874366929754615;5494382,679170766845345;9,425556718000053;49,601234937000072;08210731225200073240;0
185288;08;1;36;019;2021;07;14;7;3;0;1;1;0;0;0;0;0;0;582749,217638114467263;5424634,872050790116191;10,130652514000076;48,969083283000032;08210731136200067350;0
185289;08;4;21;000;2021;07;08;1;2;5;3;1;1;0;0;0;0;0;573928,254755422472954;5361546,115801647305489;9,998860012000023;48,402735544000052;08210725426010057970;1
185290;08;2;22;000;2021;08;06;2;3;4;6;1;0;0;0;0;0;0;461718,678315527737141;5482452,110916415229440;8,471376709000026;49,493496825000079;08210802222200088810;0
185294;08;1;36;002;2021;07;14;3;2;0;1;1;0;0;0;0;0;0;574500,598045168444514;5415663,986011043190956;10,016327178000040;48,889445861000070;08210727136100059410;0
185295;08;4;37;100;2021;08;00;3;3;5;3;1;0;0;0;0;2;0;537218,655519116669893;5318322,424494871869683;9,499105376000045;48,017109904000051;08210803437100096940;0
185296;08;4;21;000;2021;07;02;5;2;8;1;1;0;0;0;0;2;0;571791,435981851071119;5363342,284955406561494;9,970300749000046;48,419139528000073;08210722426010046440;0
185297;08;1;17;025;2021;08;19;7;3;4;6;1;0;0;0;1;0;0;557415,744184642098844;5390451,945171864703298;9,779763340000045;48,664478861000077;08210814117200130740;0
185299;08;1;35;015;2021;07;00;6;2;0;1;1;0;0;0;0;2;0;582508,411949050612748;5383212,211375189945102;10,119048314000054;48,596550692000051;08210730135100047710;0
185301;08;3;36;045;2021;08;13;2;3;6;7;0;1;1;0;0;0;0;397047,542999963276088;5283149,541999485343695;7,627951361000044;47,693525921000059;08210816311010118080;0
185302;08;1;26;039;2021;07;18;5;2;7;1;1;0;0;0;0;0;0;546720,398187123239040;5461121,161918377503753;9,642642363000050;49,301046002000078;08210729126100048630;0
185303;08;4;35;016;2021;08;15;6;3;4;6;1;0;0;0;0;0;0;536213,079278223216534;5277572,854059521108866;9,482212229000027;47,650538612000048;08210806435100264030;0
185307;08;4;17;031;2021;08;09;2;3;6;4;0;1;1;0;0;0;0;497657,971615056507289;5355822,901776222512126;8,968385768000076;48,355577532000041;08210802417300081950;0
185309;08;4;16;041;2021;07;20;7;3;0;7;1;0;0;0;0;0;0;505571,638236138969660;5373104,914840012788773;9,075439401000040;48,511034889000030;08210731416200078580;0
185310;08;1;11;000;2021;07;16;6;3;3;2;1;0;0;0;0;0;0;512721,487999999895692;5401993,671999521553516;9,173134452000056;48,770818016000078;08210730111500065780;0
185311;08;4;25;033;2021;08;04;7;3;0;1;1;1;0;0;0;2;0;553506,090564056299627;5349721,285557994619012;9,721455847000072;48,298424796000063;08210814425000129280;0
185312;08;1;19;008;2021;07;20;5;3;3;2;1;1;0;0;0;0;0;534566,369000000879169;5422446,947999529540539;9,472155071000032;48,953976005000072;08210722119100057070;0
185313;08;2;26;096;2021;08;10;5;3;5;3;1;1;0;0;0;0;0;475243,541231757029891;5488576,275410179048777;8,657751605000044;49,549284126000032;08210805226600095380;0
185315;08;2;21;000;2021;08;18;1;3;0;7;1;0;0;0;0;0;0;476324,360709782689810;5472570,209243625402451;8,673651312000061;49,405357222000077;08210808221200117310;1
185317;08;1;35;027;2021;07;15;2;3;3;7;1;0;0;0;0;0;0;591585,891424003057182;5377130,904171722009778;10,240797013000076;48,540592284000070;08210726135100067800;0
185318;08;2;15;106;2021;08;15;2;3;5;3;1;1;0;0;0;0;0;466303,024022222496569;5454853,687623457983136;8,537016305000066;49,245528064000041;08210802215502083980;0
185322;08;1;15;003;2021;08;14;6;2;5;3;1;1;0;0;0;0;0;496900,071603225544095;5393493,514432605355978;8,957875028000046;48,694472635000068;08210813118000104930;0
185324;08;1;16;076;2021;08;18;2;3;5;3;1;1;0;0;0;0;0;529211,996000001206994;5401021,494999520480633;9,397490708000021;48,761516898000082;08210816116100125470;0
185326;08;1;11;000;2021;07;22;5;3;6;2;0;1;1;0;0;2;0;508199,438550083898008;5406751,657704269513488;9,111686255000052;48,813696518000029;08210722111500037690;0
185328;08;3;17;034;2021;07;06;6;3;4;6;1;0;0;0;0;0;0;426793,285999993793666;5362021,551999509334564;8,010804421000046;48,407096404000072;08210723317500024750;0
185329;08;3;37;126;2021;08;17;1;2;3;6;1;0;0;0;0;0;0;442628,904706299304962;5273791,125831848010421;8,236565081000037;47,614984554000046;08210808337200102230;0
185330;08;1;15;045;2021;07;11;5;3;5;3;1;1;0;0;0;0;0;502453,150046979077160;5394774,419009808450937;9,033343504000072;48,705998640000075;08210729115400075500;0
185332;08;2;31;000;2021;08;05;2;2;5;3;1;1;0;0;0;1;0;478659,007725864648819;5416243,203419560566545;8,708816791000061;48,898767459000055;08210802231000096730;0
185333;08;2;11;000;2021;08;22;5;2;9;1;1;0;0;0;0;2;0;442145,715584258548915;5402988,269182560965419;8,212522965000062;48,777205205000030;08210812211100100830;0
185334;08;4;36;082;2021;07;22;3;3;3;6;1;0;0;0;1;2;0;548878,683491073548794;5295272,349832089617848;9,652844352000045;47,808948740000062;08210727436400067450;1
185336;08;3;17;089;2021;07;14;6;3;0;1;1;0;0;0;0;0;0;432227,788376208394766;5376405,088533263653517;8,081895808000070;48,537088333000042;08210723317100034430;0
185339;08;3;16;011;2021;08;16;3;3;0;1;1;0;0;0;0;0;0;414406,613245865330100;5330193,166309705004096;7,849905342000056;48,119241211000030;08210810316100114010;0
185343;08;1;28;126;2021;07;11;1;3;5;2;1;1;0;0;0;0;0;565293,037091219797730;5481338,855843422934413;9,901403197000036;49,481178921000037;08210725128100031650;0
185344;08;1;19;093;2021;07;19;3;3;6;7;0;1;1;0;0;0;0;523395,146460013464093;5405800,587466441094875;9,318613677000030;48,804754548000062;08210727119200054980;0
185346;08;3;11;000;2021;07;17;5;3;3;6;1;0;0;0;1;0;0;417614,199300574138761;5314581,649274187162519;7,896002140000064;47,979232050000064;08210722311010151820;0
185348;08;2;22;000;2021;07;07;6;3;6;7;0;1;1;0;0;0;0;463481,252333966083825;5477312,052476499229670;8,496189291000064;49,447373062000054;08210730222501072040;0
185349;08;1;36;019;2021;08;15;3;3;0;7;1;0;0;0;0;0;0;582634,633549924008548;5423718,331941351294518;10,128901092000035;48,960855325000068;08210810136200094860;0
185350;08;1;27;014;2021;08;10;2;2;5;3;1;1;0;0;0;0;0;578549,681248966604471;5443259,564560329541564;10,076895066000077;49,137140853000062;08210816127202137500;0
185354;08;1;16;080;2021;08;15;3;3;0;1;1;0;0;0;0;0;0;519664,940235388465226;5396493,272233426570892;9,267368605000058;48,721156184000051;08210810116200121570;0
185355;08;3;26;074;2021;07;08;2;3;2;6;1;1;0;0;0;0;0;458182,615810455754399;5322557,840489352121949;8,438814531000048;48,054930202000037;08210726326400038820;0
185356;08;2;36;070;2021;08;14;3;2;0;7;1;0;0;0;1;0;0;468761,525000001303852;5417034,507999528199434;8,573715180000022;48,905465623000055;08210803231202105880;0
185361;08;3;35;043;2021;07;10;6;3;5;2;1;1;0;0;0;0;0;512767,931414604187012;5279993,323339683935046;9,170090823000066;47,673204602000055;08210723335100042060;0
185363;08;1;35;016;2021;08;22;7;2;2;6;1;0;0;0;0;2;0;590411,162867308594286;5386005,650652427226305;10,226816108000037;48,620584048000069;08210814135010129960;0
185364;08;1;19;091;2021;07;17;7;2;1;5;1;1;0;0;0;0;0;528470,815731926821172;5406309,355327557772398;9,387771950000058;48,809119495000061;08210731119400053640;0
185368;08;4;35;036;2021;08;15;4;2;6;4;0;0;1;1;0;0;0;521353,482764007523656;5282176,506424151360989;9,284570792000068;47,692621409000026;08210811435200124920;0
185369;08;3;37;032;2021;07;18;7;2;0;6;1;0;0;0;0;0;0;437419,997148687019944;5272098,042530247941613;8,167499340000063;47,599269933000073;08210731337010054000;0
185370;08;3;36;091;2021;07;17;5;3;0;7;1;0;0;0;0;0;0;395493,576080905273557;5271972,701824987307191;7,609918088000029;47,592739741000059;08210729311010068200;0
185373;08;2;26;068;2021;07;14;6;3;0;3;1;1;0;0;0;0;0;468126,429000000469387;5459493,341999541968107;8,561698892000038;49,287359139000046;08210723226200061920;0
185376;08;1;19;067;2021;08;07;4;3;6;7;0;1;1;0;0;0;0;540544,198385534808040;5408919,859005356207490;9,552462416000026;48,831931804000078;08210811119300166890;0
185381;08;1;17;006;2021;08;12;4;3;0;1;1;0;0;0;0;0;0;550038,121000002138317;5380306,319999517872930;9,678351689000067;48,573847702000080;08210804117010090520;0
185382;08;1;11;000;2021;07;08;6;3;0;7;1;0;0;0;0;0;0;517530,115380777977407;5402588,113093018531799;9,238602809000042;48,776048656000057;08210723111250026950;0
185383;08;4;37;104;2021;08;15;5;3;6;4;0;0;1;0;1;0;0;515083,987366571091115;5325522,317128820344806;9,202534731000071;48,082793808000076;08210812437200101220;0
185384;08;4;15;061;2021;07;12;3;3;5;3;1;1;0;0;0;0;0;515474,063481530174613;5370852,623870816081762;9,209433083000022;48,490606569000079;08210727415400050240;0
185385;08;3;35;043;2021;08;10;4;3;0;1;1;0;0;0;0;0;0;513557,802176274359226;5279775,768328234553337;9,180606455000031;47,671231036000052;08210804335100090530;0
185387;08;4;26;070;2021;08;17;6;3;0;1;1;0;0;0;0;0;0;565136,626082159578800;5342681,054285736754537;9,877175698000030;48,234002324000073;08210813426200105340;0
185388;08;2;12;000;2021;07;13;6;3;5;3;1;1;0;0;0;0;0;455173,328260965645313;5431076,722068173810840;8,386750956000071;49,030943055000080;08210730212010050490;0
185389;08;1;16;078;2021;08;12;4;3;6;4;0;1;1;0;0;0;0;512269,346000000834465;5392670,105999521911144;9,166703524000070;48,686952263000080;08210811116200120460;0
185392;08;2;21;000;2021;07;14;1;3;2;6;1;1;0;0;0;0;0;478289,483091819100082;5468652,984968004748225;8,700952398000027;49,370195511000077;08210725221400066960;0