OID_;ULAND;UREGBEZ;UKREIS;UGEMEINDE;UJAHR;UMONAT;USTUNDE;UWOCHENTAG;UKATEGORIE;UART;UTYP1;IstRad;IstPKW;IstFuss;IstKrad;IstSonstige;ULICHTVERH;IstGkfz;LINREFX;LINREFY;XGCSWGS84;YGCSWGS84;UIDENTSTLAE;IstStrassenzustand
185393;08;3;15;130;2021;07;13;3;3;0;1;1;0;0;0;0;0;0;408612,896112812682986;5300978,441217765212059;7,778293162000068;47,855645076000030;08210727311400038320;0
185394;08;4;35;059;2021;08;11;3;3;0;7;1;0;0;0;0;0;0;512550,907528473064303;5290089,957989485934377;9,167490607000047;47,764054251000061;08210803435200083370;0
185396;08;2;21;000;2021;08;11;6;2;5;3;1;1;0;0;0;0;0;474234,865900854580104;5472301,555633477866650;8,644867378000072;49,402855858000066;08210813221011126970;0
185397;08;1;19;041;2021;07;00;6;3;0;1;1;0;0;0;0;2;0;526012,221086371690035;5410009,995942385867238;9,354521387000034;48,842517190000081;08210730119400071240;0
185399;08;2;16;039;2021;07;09;5;2;5;2;1;1;0;0;0;0;0;444337,562474346719682;5416141,410001311451197;8,240567836000025;48,895718773000056;08210729211000074490;0
185400;08;4;15;059;2021;08;14;6;2;5;3;1;1;0;0;0;0;0;517114,350964657031000;5368093,318371802568436;9,231520324000030;48,465740325000070;08210806416010107190;0
185402;08;3;11;000;2021;08;14;3;3;1;5;1;1;0;0;0;0;0;412862,991900920867920;5317330,702177794650197;7,831789608000065;48,003331178000053;08210810311010110950;0
185405;08;3;27;011;2021;08;12;5;2;8;1;1;0;0;0;0;0;0;484364,526167224161327;5323299,555416909977794;8,790141766000033;48,062782304000052;08210812327200160180;0
185407;08;1;16;078;2021;07;20;5;3;5;3;1;1;0;0;0;0;0;510510,644981588236988;5390156,936428841203451;9,142744262000065;48,664375643000028;08210722116010061140;0
185409;08;4;26;021;2021;07;19;6;3;5;3;1;0;0;1;0;0;0;559359,069000002928078;5328454,338999504223466;9,797392561000038;48,106585380000070;08210723426010064330;0
185410;08;2;36;071;2021;08;18;2;2;5;3;1;0;0;0;0;0;0;468360,860194107517600;5420835,101960936561227;8,567953006000039;48,939633459000049;08210809231000454820;0
185411;08;4;21;000;2021;08;14;7;3;0;1;1;0;0;0;0;0;0;574673,075000007636845;5361422,365999508649111;10,008899802000030;48,401534599000058;08210814421200104940;0
185412;08;4;25;141;2021;07;15;6;3;1;5;1;1;0;0;0;0;0;568078,134183754213154;5362887,285179426893592;9,920046488000025;48,415458864000072;08210730421300860340;0
185413;08;2;15;017;2021;07;08;2;3;0;1;1;0;0;0;0;0;0;454138,711999998427927;5421972,992999529466033;8,373625206000042;48,948978081000064;08210726212702038700;0
185414;08;2;22;000;2021;08;11;2;3;0;1;1;0;0;0;0;0;0;462010,051610448397696;5480953,935435043647885;8,475544045000049;49,480039835000071;08210802222014082020;0
185415;08;3;11;000;2021;08;08;3;3;5;3;1;1;0;0;0;0;0;414328,103999987244606;5319384,915999498218298;7,851017173000059;48,022007615000064;08210817311010125300;0
185417;08;3;27;025;2021;08;11;1;3;0;6;1;1;0;0;0;0;0;477826,047604057937860;5308287,666590934619308;8,703159499000037;47,927525437000043;08210801327100081540;1
185418;08;2;12;000;2021;07;15;3;3;2;7;1;1;0;0;0;0;0;456440,629692771472037;5424435,060646776109934;8,404799569000033;48,971291286000053;08210727212402067470;0
185419;08;2;22;000;2021;08;19;4;3;3;2;1;1;0;0;0;0;0;462643,990431662648916;5482766,739548109471798;8,484123965000038;49,496384425000031;08210804222600101840;0
185421;08;4;16;041;2021;08;19;6;3;5;3;1;1;0;0;0;0;0;504902,724308797158301;5373598,308317421004176;9,066388181000036;48,515479220000032;08210813416200113000;0
185422;08;1;25;103;2021;07;10;6;3;1;5;1;0;0;0;1;0;0;531676,997547924518585;5465803,612813182175159;9,436098899000058;49,344129372000054;08210730121500062850;0
185424;08;1;16;068;2021;08;13;3;3;5;7;1;1;0;0;0;0;0;526585,014758824370801;5389316,557078998535872;9,360991899000055;48,656338261000030;08210817116500141920;0
185426;08;1;17;026;2021;07;17;7;3;0;7;1;1;0;0;0;0;0;546134,883219465613365;5395668,993261195719242;9,627151206000065;48,712344311000038;08210724117300062670;0
185427;08;3;37;065;2021;07;07;2;3;0;1;1;0;0;0;0;0;0;446847,320999999530613;5275699,101999489590526;8,292463184000042;47,632510614000068;08210726337010033470;1
185430;08;1;15;048;2021;07;13;6;3;0;7;1;0;0;0;0;0;0;510554,795659647323191;5387291,682824237272143;9,143270821000044;48,638598690000038;08210730115100072170;0
185433;08;4;35;059;2021;08;20;5;3;5;2;1;0;0;1;0;0;0;514931,152503874152899;5293316,458775479346514;9,199365506000049;47,793033885000057;08210805435200123550;0
185434;08;4;35;016;2021;07;21;6;2;8;1;1;0;0;0;0;2;0;533476,411000002175570;5279988,609999489039183;9,445957097000075;47,672421620000080;08210723435100070140;0
185435;08;1;17;053;2021;08;09;2;2;6;4;0;1;1;0;0;0;0;550356,863213828764856;5400854,824182612821460;9,685173775000067;48,758666200000050;08210809117400092560;0
185438;08;2;15;106;2021;08;15;5;2;0;7;1;0;0;0;0;0;0;464552,546776833012700;5455917,517609741538763;8,512872158000050;49,254998221000051;08210812212010120550;0
185439;08;4;16;041;2021;08;03;1;3;0;1;1;0;0;0;0;2;0;505127,758877363987267;5372830,511316422373056;9,069425953000064;48,508570032000080;08210801416200156590;1
185440;08;4;35;034;2021;07;11;5;3;0;1;1;0;0;0;0;0;0;529230,433884598314762;5285589,708666639402509;9,389771037000060;47,723023149000028;08210729435200046490;0
185442;08;4;26;064;2021;07;17;4;3;0;1;1;0;0;0;0;0;0;541525,200448586605489;5325242,098794553428888;9,557525342000076;48,079098633000058;08210728426300044820;0
185446;08;2;12;000;2021;08;17;3;3;1;5;1;1;0;0;0;0;0;455999,369266604073346;5427908,396515503525734;8,398394468000049;49,002503168000032;08210810212010094910;0
185447;08;4;21;000;2021;07;10;2;2;5;3;1;1;0;0;0;0;0;571405,389646911993623;5361069,615069922059774;9,964697115000035;48,398740132000057;08210726426010048650;0
185448;08;1;15;041;2021;08;15;3;3;5;3;1;1;0;0;0;0;0;495156,213202327489853;5401988,105792963877320;8,934077896000076;48,770879131000072;08210803115300092930;0
185449;08;1;35;016;2021;08;19;5;2;1;1;1;1;0;0;0;0;0;590686,513895943760872;5385596,397360337898135;10,230462055000032;48,616863311000031;08210812135100126760;0
185450;08;2;26;096;2021;07;18;5;3;0;3;1;0;0;0;0;0;0;474602,765259174630046;5486200,683998316526413;8,649046354000063;49,527890083000045;08210729222014059080;0
185451;08;2;12;000;2021;07;15;4;3;0;7;1;0;0;0;0;0;0;455738,248092639259994;5428746,027758350595832;8,394733140000028;49,010019079000074;08210728212302047060;1
185452;08;1;17;038;2021;08;11;6;3;0;1;1;0;0;0;0;0;0;547663,772705772891641;5397891,937670381739736;9,648190262000071;48,732225758000027;08210806117400254680;1
185453;08;2;16;007;2021;07;13;6;3;5;3;1;1;0;0;0;0;0;436476,941084245219827;5394580,877574540674686;8,136667978000048;48,701027718000034;08210723216200025730;0
185455;08;1;36;044;2021;08;08;7;2;0;7;1;0;0;0;0;0;0;558151,320365958847106;5408980,102446427568793;9,792368367000051;48,831074431000047;08210814136300117340;0
185456;08;4;37;078;2021;07;14;6;3;0;7;1;1;0;0;0;0;0;508798,048005860298872;5316060,333312558010221;9,117938361000029;47,997781113000030;08210730437200067710;0
185458;08;2;12;000;2021;08;15;2;3;5;3;1;0;0;0;1;0;0;456750,797408241778612;5430253,947572836652398;8,408417962000044;49,023654781000062;08210802212010093920;0
185459;08;2;16;017;2021;08;15;3;3;6;2;0;1;1;0;0;0;0;451330,303142835386097;5401393,745381573215127;8,337717059000056;48,763648197000066;08210817216300117740;0
185460;08;4;15;061;2021;08;15;4;3;6;4;0;1;1;0;0;0;0;515845,678210458718240;5370910,703801030293107;9,214464855000074;48,491119816000037;08210811415400097370;0
185461;08;3;16;054;2021;07;15;1;3;8;1;1;0;0;0;0;0;0;423089,837847931310534;5336148,701707076281309;7,965482449000035;48,173922444000027;08210725316100035720;0
185462;08;3;17;065;2021;08;19;1;3;5;3;1;1;0;0;0;1;0;413205,940853590145707;5354213,969853490591049;7,828855840000074;48,335144719000027;08210801317300081760;0
185463;08;2;12;000;2021;07;15;3;3;5;3;1;1;0;0;0;0;0;452906,462313462980092;5429100,109295956790447;8,355970679000052;49,012994436000042;08210727212502059540;0
185464;08;4;35;024;2021;08;14;4;2;3;6;1;1;0;0;0;0;0;526437,721685476601124;5279148,909748636186123;9,352142215000072;47,665192506000039;08210804436000097390;1
185466;08;3;11;000;2021;08;16;6;3;5;3;1;1;0;0;0;0;0;413406,227907606400549;5317027,490816067904234;7,839132203000077;48,000677516000053;08210813311010105710;0
185468;08;3;11;000;2021;08;13;3;3;1;7;1;1;0;0;0;0;0;413685,038999984972179;5317478,768999496474862;7,842778325000040;48,004774626000028;08210810311010124530;0
185473;08;2;12;000;2021;08;14;4;3;2;6;1;1;0;0;0;0;0;455522,442313971929252;5427961,275360301136971;8,391868200000033;49,002944636000052;08210804212010091930;0
185474;08;1;16;019;2021;08;05;6;3;8;1;1;0;0;0;0;2;0;526548,049131718464196;5396796,689490064978600;9,360970625000050;48,723630538000066;08210813116100164740;0
185475;08;4;36;053;2021;07;06;5;3;5;3;1;1;0;0;0;0;0;531801,725824233144522;5308503,576364059001207;9,425739366000073;47,929062540000075;08210729436400046620;0
185478;08;1;16;033;2021;07;07;5;3;3;2;1;1;0;0;0;0;0;533413,463196616619825;5388463,197082137688994;9,453642258000059;48,648333651000030;08210722116400162940;0
185479;08;1;16;058;2021;08;21;6;2;0;7;1;0;0;0;0;2;0;532957,127430245280266;5395607,039759401232004;9,448016533000043;48,712622769000063;08210806116100106870;0
185480;08;3;36;069;2021;07;23;6;3;6;4;0;1;1;0;0;2;0;408672,924832551740110;5267819,872719040140510;7,786042235000025;47,557371873000079;08210723336200058280;0
185482;08;1;18;003;2021;07;20;2;2;6;7;0;1;1;0;0;1;0;510364,893647545948625;5417017,751933628693223;9,141442259000030;48,906015989000082;08210726118300049760;0
185484;08;2;12;000;2021;08;17;5;3;1;5;1;1;0;0;0;0;0;454465,835950672626495;5426462,394149528816342;8,377590343000065;48,989385019000053;08210812212010133420;0
185487;08;1;19;020;2021;07;18;4;2;0;1;1;0;0;0;0;0;0;519300,246473177336156;5409716,274242432788014;9,263031019000039;48,840119935000075;08210728119200060660;0
185488;08;4;16;041;2021;08;12;4;3;6;7;0;1;1;0;0;0;0;500709,188000001013279;5376511,110999515280128;9,009608131000050;48,541702572000077;08210804416200084510;0
185490;08;3;35;063;2021;08;17;6;3;0;7;1;0;0;0;0;0;0;497513,760386253707111;5287379,138089163228869;8,966836810000075;47,739780853000070;08210813335200119200;0
185491;08;4;16;041;2021;07;21;6;3;0;1;1;0;0;0;0;1;0;504104,066777485422790;5371628,028641246259212;9,055554125000072;48,497759551000058;08210730416200051480;0
185492;08;1;27;013;2021;08;16;4;3;0;1;1;0;0;0;0;0;0;567481,361891975626349;5427997,463370572775602;9,922628309000061;49,001183889000060;08210811127100098920;0
185495;08;2;26;054;2021;07;20;1;2;9;1;1;0;0;0;0;0;0;477775,422402561642230;5454372,664826743304729;8,694666438000070;49,241725366000026;08210725221011061150;0
185496;08;1;35;019;2021;07;19;3;3;5;3;1;1;0;0;0;0;0;585142,381861571222544;5391869,843242503702641;10,156543721000048;48,674067867000076;08210727135200068900;0
185497;08;3;35;063;2021;08;14;3;3;0;1;1;0;0;0;0;0;0;498344,002513316459954;5293210,059793559834361;8,977888932000042;47,792247558000042;08210803335200085460;0
185499;08;1;11;000;2021;08;18;6;3;6;4;0;1;1;0;0;0;0;513295,290658924728632;5403376,298745259642601;9,180988349000074;48,783244022000076;08210813111120103560;0
185503;08;3;17;001;2021;08;09;4;3;8;1;1;0;0;0;0;0;0;431075,215480496175587;5386607,632907716557384;8,064592087000051;48,628735398000060;08210804317100104250;0
185510;08;4;35;016;2021;08;15;4;3;0;1;1;0;0;0;0;0;0;537879,160981930792332;5276926,238238556310534;9,504340843000023;47,644625368000050;08210811435100100600;0
185513;08;1;16;080;2021;08;14;4;3;0;1;1;0;0;0;0;0;0;521730,864090393297374;5396232,010341582819819;9,295443198000044;48,718737290000036;08210804116200084660;0
185515;08;3;17;001;2021;08;15;6;3;8;1;1;0;0;0;0;0;0;431696,710741853341460;5386417,423871854320168;8,073056848000022;48,627092652000044;08210813317100104140;0
185517;08;1;11;000;2021;08;09;4;3;0;3;1;1;0;0;0;0;0;510020,915164553560317;5398758,708781564608216;9,136302089000026;48,741765725000050;08210811111130122990;0
185518;08;1;27;076;2021;08;08;3;2;0;1;1;0;0;0;0;0;0;553985,190090818330646;5439844,949593499302864;9,739701662000073;49,109077338000077;08210817127100113370;0
185519;08;1;27;099;2021;08;14;6;3;0;1;1;0;0;0;0;0;0;562179,288814490661025;5451932,116180334240198;9,853831682000020;49,217019778000065;08210806127100088930;0
185521;08;2;22;000;2021;08;10;3;2;6;4;0;1;1;0;0;0;0;461244,028962798416615;5481799,461216995492578;8,464886613000033;49,487596461000066;08210810222201972020;0
185522;08;1;11;000;2021;07;08;3;3;0;1;1;0;0;0;0;0;0;512586,669755999930203;5401743,676835194230080;9,171291988000064;48,768571817000065;08210727111500037270;0
185523;08;1;16;047;2021;08;14;3;3;6;7;0;1;1;0;0;0;0;520533,300504458136857;5392344,053922452032566;9,278968509000038;48,683801915000060;08210803116200131440;0
185524;08;1;25;046;2021;08;00;6;3;0;7;1;0;0;0;0;2;0;520740,323731891810894;5433798,262791540473700;9,283882974000051;49,056705122000039;08210813121600124940;0
185525;08;4;25;071;2021;07;07;7;3;0;7;1;1;0;0;0;0;0;550419,802673544734716;5371350,666975993663073;9,682442064000043;48,493254660000048;08210731425000072410;1
185528;08;4;16;041;2021;07;16;4;3;0;1;1;0;0;0;0;0;0;506584,962000001221895;5375471,630999514833093;9,089197059000071;48,532316901000058;08210721416200033950;0
185529;08;3;17;096;2021;08;18;5;3;3;6;1;1;0;0;0;0;0;422182,341254714876413;5369206,575370036065578;7,947175490000063;48,471173078000049;08210805317500087290;0
185530;08;3;37;096;2021;07;05;6;3;0;1;1;0;0;0;0;1;0;422535,314240778796375;5268057,344841154292226;7,970231645000069;47,561310442000035;08210723337100056280;0
185531;08;3;17;096;2021;08;21;1;3;1;5;1;1;0;0;0;2;0;422727,845715161412954;5369845,602350618690252;7,954436434000058;48,476988358000028;08210808317500099390;0
185532;08;1;15;003;2021;07;18;5;3;6;7;0;1;1;0;0;0;0;502533,887743347324431;5392021,560102168470621;9,034424013000034;48,681233336000048;08210729115100070900;0
185534;08;2;26;098;2021;08;17;2;3;0;3;1;1;0;0;0;0;0;476657,250595148652792;5459580,985420333221555;8,679000857000062;49,288532901000053;08210802221011084160;1
185536;08;1;11;000;2021;08;15;2;3;1;5;1;1;0;0;0;0;0;515271,518636173568666;5403637,346442002803087;9,207900201000029;48,785546997000040;08210802111500125430;1
185537;08;3;36;069;2021;07;11;3;3;0;7;1;0;0;0;0;0;0;409719,700477854348719;5269150,821800606325269;7,799679739000055;47,569491367000069;08210727336200056670;0
185538;08;1;35;025;2021;08;09;5;1;0;1;1;0;0;0;0;0;0;581766,974000012502074;5399306,302999518811703;10,112175728000068;48,741405362000080;08210805135010094620;0
185539;08;1;21;000;2021;07;19;6;3;0;1;1;0;0;0;0;0;0;515338,014056444168091;5440463,573050683364272;9,210192450000022;49,116820576000066;08210723121200032120;0
185540;08;2;26;062;2021;08;10;6;3;4;2;1;1;0;0;0;0;0;469665,512072430923581;5468877,578084096312523;8,582148790000076;49,371847378000041;08210813226400116630;0
185542;08;1;18;076;2021;08;23;4;2;0;1;1;0;0;0;0;2;0;504924,813085111789405;5422947,138860505074263;9,067277101000059;48,959422221000068;08210811118600108890;0
185543;08;3;11;000;2021;08;17;4;3;5;3;1;0;0;0;1;0;0;413732,832648923620582;5318275,610115708783269;7,843258665000064;48,011948934000031;08210811311010124600;0
185544;08;3;11;000;2021;08;07;7;3;1;5;1;1;0;0;0;0;0;410837,243467446416616;5314671,264986800029874;7,805189685000073;47,979129532000059;08210807311010098400;0
185546;08;2;12;000;2021;07;22;3;2;0;7;1;0;0;0;0;2;0;455777,028574968688190;5428742,902109164744616;8,395263762000070;49,009993743000052;08210727212302039430;1
185547;08;1;11;000;2021;08;16;4;3;5;7;1;1;0;0;0;0;0;511649,478067697025836;5406555,322074970230460;9,158674225000027;48,811875199000042;08210804111500104730;0
185549;08;2;22;000;2021;08;10;6;3;0;7;1;0;0;0;0;0;0;465006,631037932820618;5481390,384692862629890;8,516871960000060;49,484145650000073;08210813222301113090;0
185550;08;1;35;031;2021;07;13;6;3;4;1;1;1;0;0;0;0;0;593575,825596611946821;5382064,389891412109137;10,268859207000048;48,584670854000080;08210730135100072220;0
185551;08;4;26;021;2021;08;16;7;3;6;4;0;1;1;0;0;0;0;558696,958927431143820;5327382,871241148561239;9,788351661000036;48,097007637000047;08210814426100104990;0
185552;08;2;15;009;2021;07;09;5;3;5;3;1;1;0;0;0;0;0;471282,230033880099654;5441342,045965040102601;8,606392059000029;49,124243215000035;08210729215402060390;0
185553;08;2;12;000;2021;08;15;7;2;5;3;1;1;0;0;0;0;0;455141,637754196301103;5430819,605234615504742;8,386345886000072;49,028627971000049;08210807212010112250;1
185554;08;3;17;089;2021;07;10;7;3;6;1;0;1;1;0;0;0;0;429883,933150298893452;5374983,873041260987520;8,050387366000052;48,524046765000037;08210724317100042260;0
185555;08;4;15;061;2021;08;15;2;3;5;3;1;1;0;0;0;0;0;516451,071125707589090;5370235,178781807422638;9,222631937000074;48,485026997000034;08210809415400106440;0
185557;08;1;11;000;2021;08;17;3;3;2;6;1;1;0;0;0;0;0;508868,472452198155224;5399267,937377134338021;9,120637841000075;48,746364219000043;08210803111230085430;0
185558;08;3;36;081;2021;08;15;5;2;7;1;1;0;0;0;1;0;0;411941,912863552570343;5278457,361589916050434;7,827348382000025;47,653517563000037;08210812336300103630;0
185559;08;4;16;041;2021;08;05;7;3;0;7;1;0;0;0;0;1;0;504493,170300666242838;5373800,701573951169848;9,060844561000067;48,517303089000052;08210814416200127810;0
185560;08;4;16;041;2021;07;16;4;2;0;6;1;1;0;0;0;0;0;503701,098770687356591;5372298,783064629882574;9,050105354000038;48,503796427000054;08210721416200068920;0
185562;08;4;26;045;2021;07;17;6;3;0;1;1;0;0;0;0;0;0;536055,783999999985099;5329677,591999500989914;9,484469614000034;48,119336293000060;08210723426300028120;0
185563;08;1;15;021;2021;08;13;2;3;3;6;1;0;0;0;1;0;0;488732,473957905545831;5384520,165047971531749;8,847129933000076;48,613653202000080;08210809115200118260;0
185565;08;3;17;039;2021;08;18;2;3;6;3;1;0;1;0;0;0;0;440352,690933055244386;5347829,454227421432734;8,196013529000027;48,280856959000062;08210809317600104900;0
185567;08;1;19;067;2021;07;11;5;3;0;1;1;0;0;0;0;0;0;538342,851984687149525;5405937,372580932453275;9,522189060000073;48,805242605000046;08210729119300051100;0
185568;08;2;26;096;2021;08;08;6;3;0;1;1;0;0;0;0;0;0;475112,916578669101000;5489346,891069674864411;8,655897115000073;49,556210142000054;08210806226600159470;1
185571;08;3;35;043;2021;07;15;2;3;0;3;1;1;0;0;0;0;0;512793,024605484679341;5278498,183389732614160;9,170381321000036;47,659751326000048;08210726335100072200;0
185572;08;2;26;059;2021;08;16;3;3;3;6;1;1;0;0;1;0;0;465443,482334958389401;5460723,775583699345589;8,524699932000033;49,298280877000082;08210803226200084830;0
185573;08;3;15;131;2021;08;20;5;3;4;2;1;1;0;0;0;1;0;405339,853862589225173;5308147,706766659393907;7,732976301000065;47,919659916000057;08210812311010108960;0
185575;08;2;16;015;2021;08;03;1;2;0;1;1;0;0;0;0;2;0;449174,048784976825118;5407986,119161264970899;8,307561957000075;48,822776129000033;08210815216300129840;0
185576;08;4;17;079;2021;07;16;4;3;5;3;1;0;0;0;1;0;0;499462,039765710011125;5344651,620778435841203;8,992752503000077;48,255076906000056;08210721417100021950;0
185580;08;3;15;068;2021;08;17;7;3;0;3;1;1;0;0;0;0;0;440931,777834033593535;5301788,352556865662336;8,210182818000021;47,866715918000068;08210814311500124820;0
185581;08;1;16;070;2021;07;12;7;2;0;1;1;0;0;0;0;0;0;540486,182135980576277;5385728,299582745879889;9,549394540000037;48,623312950000070;08210731116400163380;0
185582;08;1;36;065;2021;07;15;2;3;0;7;1;0;0;0;0;0;0;557059,338024161756039;5404378,312945907935500;9,776850723000052;48,789782245000026;08210726136300035010;0
185583;08;1;27;076;2021;08;10;2;3;0;7;1;0;0;0;0;0;0;553739,590319221839309;5440263,601797616109252;9,736392495000075;49,112864500000057;08210802127100089680;0
185586;08;2;25;113;2021;08;19;1;3;0;7;1;0;0;0;0;0;0;503068,967664434574544;5473689,644897717982531;9,042312135000032;49,415879312000072;08210801225100082620;0
185587;08;4;36;081;2021;07;18;3;3;0;1;1;0;0;0;0;0;0;556253,699118960648775;5272945,089952953159809;9,748458476000053;47,607470728000067;08210727436300056350;0
185588;08;1;21;000;2021;08;12;5;3;1;5;1;1;0;0;0;0;0;512622,124467763118446;5440621,273799071088433;9,172978975000035;49,118300917000056;08210805121200096500;0
185589;08;1;19;067;2021;07;09;6;2;4;3;1;1;0;0;0;0;0;538676,907721287570894;5406980,751212067902088;9,526836668000044;48,814607654000042;08210723119010038440;0
185591;08;3;36;091;2021;07;15;6;2;0;7;1;0;0;0;0;0;0;395614,602241357788444;5271923,558314193040133;7,611539113000049;47,592317181000055;08210730336400066210;0
185595;08;2;16;023;2021;07;18;1;3;0;1;1;0;0;0;0;0;0;437644,634615117684007;5407693,708225326612592;8,150549382000065;48,819095515000072;08210725216100035460;0
185596;08;2;12;000;2021;07;15;3;3;1;5;1;1;0;0;0;0;0;453752,056176994927227;5432586,395325154066086;8,367136275000064;49,044417618000068;08210727212010041730;0
185597;08;3;35;043;2021;08;10;3;3;6;2;0;1;1;0;0;0;0;513288,016173567622900;5278475,813837619498372;9,176973054000030;47,659540073000073;08210803335100084090;0
185600;08;1;15;029;2021;07;17;6;2;6;4;0;1;1;0;0;0;0;497490,313521346077323;5398285,507080176845193;8,965866681000023;48,737584344000027;08210730118000072500;0
185601;08;1;11;000;2021;08;11;1;2;5;3;1;0;0;0;0;0;0;507924,931000000797212;5406437,409999525174499;9,107941069000049;48,810873141000059;08210815111500133900;0
185603;08;4;36;082;2021;07;12;4;2;0;1;1;0;0;0;0;0;0;547614,013533449731767;5295985,769138002768159;9,636032349000061;47,815462140000079;08210721436400052220;0
185604;08;2;22;000;2021;08;14;7;3;0;6;1;1;0;0;0;0;0;465067,424999999813735;5484547,180999549105763;8,517432148000069;49,512543011000048;08210807222301116180;0
185605;08;4;21;000;2021;07;12;6;3;5;3;1;0;0;0;0;0;0;573494,893241527490318;5360961,967554183676839;9,992903418000026;48,397531688000072;08210723421200044700;0
185606;08;2;37;024;2021;08;22;3;3;6;6;0;1;1;0;0;2;0;478131,239779279567301;5359505,620169410482049;8,704611612000065;48,388334644000054;08210810237200114360;0
185609;08;3;17;096;2021;08;10;5;3;1;5;1;0;0;0;1;0;0;423207,377908386290073;5369259,150692684575915;7,961031553000055;48,471772004000059;08210812317500121130;0
185611;08;1;11;000;2021;07;16;4;3;6;4;0;1;1;0;0;0;0;511672,841234061866999;5406783,370055502280593;9,158998934000067;48,813926252000044;08210728111500079200;0
185613;08;1;36;065;2021;07;17;6;3;0;7;1;0;0;0;0;0;0;557616,158902431838214;5399382,359083835035563;9,783731304000071;48,744791608000071;08210723136300166830;0
185614;08;2;15;106;2021;08;15;1;3;6;7;1;0;1;0;0;0;0;466838,124041536822915;5454725,504931787028909;8,544378739000024;49,244404296000027;08210808215502095030;0
185616;08;1;15;045;2021;07;17;7;3;9;7;1;0;0;0;0;0;0;501932,243198430165648;5395036,207496000453830;9,026264503000050;48,708355541000060;08210731115400055640;0
185617;08;1;17;026;2021;07;15;2;2;6;4;0;1;1;0;0;0;0;547731,510885441675782;5394559,146684657782316;9,648725769000066;48,702240511000070;08210726117010041510;0
185618;08;1;25;110;2021;08;12;2;3;1;5;1;1;0;0;0;0;0;524664,030970368534327;5443944,605434516444802;9,338207421000050;49,147829925000053;08210802121600083410;0
185620;08;4;35;018;2021;07;21;7;3;0;1;1;0;0;0;0;1;0;522940,972446315921843;5280449,330139821395278;9,305635649000067;47,677026629000068;08210724435200029560;1
185623;08;2;26;062;2021;07;08;5;2;5;3;1;1;0;0;0;0;0;469470,264678828418255;5468523,685286577790976;8,579486526000039;49,368654433000074;08210722221011021370;0
185626;08;3;17;001;2021;08;15;4;1;0;5;1;1;0;0;0;0;0;431706,741913789883256;5386837,583970872685313;8,073123744000043;48,630873096000073;08210811211000108430;0
185628;08;1;28;139;2021;07;11;7;3;6;7;0;1;1;0;0;0;0;551201,458373156376183;5490850,886956546455622;9,708114164000051;49,568083471000079;08210731128200053820;0
185629;08;2;15;029;2021;07;18;2;3;1;7;1;1;0;0;0;0;0;466672,405000000260770;5448319,222999535501003;8,542633938000051;49,186770842000044;08210726215202039440;0
185631;08;3;35;063;2021;08;11;3;3;2;6;1;1;0;0;0;0;0;496767,581482173874974;5288464,050100483000278;8,956875699000022;47,749539135000077;08210817335200115300;0
185632;08;3;11;000;2021;08;20;4;3;6;7;0;1;1;0;0;0;0;405201,431112363003194;5319529,876033665612340;7,728613067000026;48,022022297000035;08210811311010112860;0
185634;08;3;17;034;2021;08;12;4;3;0;1;1;0;0;0;0;0;0;427683,352456470020115;5363972,580598123371601;8,022493086000054;48,424749100000042;08210804317500099770;0
185635;08;2;21;000;2021;07;08;6;3;6;6;1;1;1;0;0;0;0;477357,949048298411071;5474228,477842720225453;8,687803642000063;49,420312409000076;08210723221300059910;0
185636;08;2;22;000;2021;08;11;6;3;5;3;1;1;0;0;0;0;0;462502,849316028878093;5486354,339047089219093;8,481834165000066;49,528644188000044;08210813222800115640;0
185638;08;1;16;054;2021;08;17;4;3;0;7;1;0;0;0;0;0;0;533105,326409379951656;5381669,037997325882316;9,448916670000074;48,587230208000051;08210811116400098410;0
185639;08;1;19;067;2021;08;14;2;3;6;4;0;0;1;0;1;0;0;538856,123083365149796;5406112,175673970952630;9,529195505000075;48,806783175000078;08210816119300152020;0
185640;08;3;17;057;2021;08;19;7;3;5;2;1;1;0;0;0;0;0;413256,957999983802438;5379430,067999513819814;7,824319621000029;48,561960289000069;08210807317200090010;0
185646;08;4;36;081;2021;07;09;5;3;3;6;1;0;0;0;0;0;0;558933,308489196002483;5289698,413885477930307;9,786369495000031;47,757959578000055;08210729436300163770;0
185647;08;2;21;000;2021;08;14;1;3;0;3;1;0;0;1;0;0;0;478861,164285250008106;5473114,172054450958967;8,708589543000073;49,410343495000063;08210815221200108880;0
185648;08;3;36;091;2021;07;16;4;3;4;6;1;0;1;0;0;0;0;396407,128336423076689;5271535,473043944686651;7,622169226000040;47,588953364000076;08210728311010046210;0
185649;08;4;25;141;2021;07;08;4;3;1;1;1;1;0;0;0;0;0;566246,636944486759603;5363516,374565064907074;9,895397164000030;48,421313028000043;08210721421300017470;0
185652;08;2;21;000;2021;08;17;3;3;6;4;0;0;1;0;1;0;0;474004,487680268473923;5472227,912552198395133;8,641696854000031;49,402183656000034;08210810221400164450;0
185653;08;3;35;043;2021;07;17;2;3;4;6;1;0;0;0;1;0;0;512012,009066020138562;5279927,633611032739282;9,160018871000034;47,672628034000070;08210726335100157970;0