OID_;ULAND;UREGBEZ;UKREIS;UGEMEINDE;UJAHR;UMONAT;USTUNDE;UWOCHENTAG;UKATEGORIE;UART;UTYP1;IstRad;IstPKW;IstFuss;IstKrad;IstSonstige;ULICHTVERH;IstGkfz;LINREFX;LINREFY;XGCSWGS84;YGCSWGS84;UIDENTSTLAE;IstStrassenzustand
185654;08;1;11;000;2021;08;12;3;3;5;2;1;0;0;0;1;0;0;511681,210047367960215;5401818,495349200442433;9,158971763000068;48,769262535000053;08210803111500084170;0
185655;08;3;36;069;2021;08;10;5;2;0;7;1;0;0;0;0;0;0;410186,114096971228719;5270127,877657353878021;7,805679679000036;47,578345586000069;08210812311010099310;0
185656;08;4;37;078;2021;08;14;1;3;8;1;1;0;0;0;0;0;0;508134,547820137813687;5315274,755564624443650;9,109029228000054;47,990721915000051;08210801437200107270;1
185657;08;2;25;109;2021;08;11;1;3;8;1;1;0;0;0;0;0;0;526279,577330817468464;5492967,850162703543901;9,363597746000039;49,588720154000043;08210801225200081700;0
185658;08;4;21;000;2021;07;14;3;3;0;1;1;0;0;0;0;0;0;571190,592195494100451;5360195,297646688297391;9,961647362000065;48,390899679000029;08210727421300044360;0
185659;08;1;18;046;2021;08;06;6;3;5;3;1;1;0;0;0;1;0;513517,749652400612831;5411612,547501346096396;9,184288084000059;48,857331300000055;08210806118300106590;1
185660;08;1;16;035;2021;07;12;6;3;5;3;1;1;0;0;0;0;0;527125,799375024624169;5392189,883041119202971;9,368523373000073;48,682163309000032;08210723116500157910;0
185662;08;2;22;000;2021;08;10;7;3;5;3;1;1;0;0;0;0;0;462842,088266809470952;5486120,322003811597824;8,486543888000028;49,526560236000080;08210814222800167310;0
185664;08;2;12;000;2021;07;20;1;3;0;7;1;0;0;0;0;0;0;455160,841999999247491;5428120,214999532327056;8,386906864000025;49,004348150000055;08210725212502032180;0
185667;08;4;26;044;2021;07;20;7;3;0;1;1;0;0;0;0;0;0;579415,456051132641733;5327138,700548941269517;10,066530360000058;48,092565561000072;08210724426100069750;1
185668;08;1;11;000;2021;07;17;3;3;4;6;1;1;0;0;0;0;0;516582,458178985863924;5407851,869162609800696;9,225916885000061;48,823426653000070;08210727111500066440;0
185669;08;2;12;000;2021;08;22;4;3;5;3;1;0;0;0;1;2;0;455893,322296774014831;5427166,435593359172344;8,397025178000035;48,995821572000068;08210804212401087300;0
185670;08;3;17;011;2021;07;10;5;3;5;3;1;1;0;0;0;0;0;428477,789616716094315;5355148,485576258972287;8,034732163000058;48,345464420000042;08210722317600034690;0
185671;08;2;31;000;2021;08;08;6;3;5;3;1;1;0;0;0;0;0;476110,264976662583649;5415544,019945779815316;8,674082390000024;48,892384813000035;08210813231000103110;0
185672;08;1;18;046;2021;08;16;1;3;6;4;1;0;1;0;0;0;0;514541,781197016127408;5412141,877949101850390;9,198267473000044;48,862069883000061;08210801118300111180;0
185673;08;3;11;000;2021;07;21;6;2;1;5;1;1;0;0;0;2;0;414116,741863342002034;5316834,236868375912309;7,848693969000067;47,999034978000054;08210730311010073330;0
185674;08;2;12;000;2021;08;07;4;3;5;3;1;1;0;0;0;0;0;455209,549058455042541;5429025,737865692004561;8,387472896000077;49,012496945000066;08210811212010148840;0
185677;08;1;16;019;2021;07;22;7;3;0;1;1;0;0;0;0;2;0;526879,478936563245952;5397053,839159859344363;9,365493704000073;48,725929616000030;08210724116100060180;1
185680;08;1;21;000;2021;08;21;3;3;0;7;1;0;0;0;0;2;0;513874,731810524128377;5440644,960643596947193;9,190145960000052;49,118486994000079;08210803121200100120;1
185682;08;3;36;019;2021;08;11;1;3;0;1;1;0;0;0;0;0;0;394800,779037269763649;5275695,892500910907984;7,599811987000066;47,626118236000082;08210815311010106570;0
185683;08;3;17;001;2021;07;07;4;2;5;3;1;1;0;0;0;0;0;431832,602182116359472;5386447,758713908493519;8,074895791000074;48,627380341000048;08210728317100059760;0
185685;08;4;37;059;2021;08;14;5;3;0;1;1;0;0;0;0;0;0;512821,431063646450639;5324198,407459640875459;9,172115505000022;48,070932088000063;08210805437200137740;0
185686;08;4;26;021;2021;07;10;6;2;6;7;0;1;1;0;0;0;0;559598,708493969403207;5327995,152569379657507;9,800547251000069;48,102432093000061;08210723426100043280;0
185687;08;1;11;000;2021;08;18;2;3;1;5;1;1;0;0;0;0;0;514251,653675137087703;5400037,923094468191266;9,193891555000050;48,753191055000059;08210809111210156070;0
185688;08;3;11;000;2021;07;05;4;3;1;2;1;1;0;0;0;0;0;413617,367457474581897;5316926,928910940885544;7,841982367000071;47,999801493000064;08210728311010057780;1
185689;08;3;15;095;2021;08;18;6;3;0;7;1;0;0;0;0;0;0;430278,561069315299392;5321084,092380309477448;8,064626152000073;48,039233501000069;08210806311010090030;0
185690;08;1;25;110;2021;07;13;7;3;6;4;1;0;1;0;0;0;0;529405,985000001266599;5442997,123999537900090;9,403161133000026;49,139098409000042;08210724121600035410;0
185691;08;4;16;041;2021;07;19;2;3;8;1;1;0;0;0;0;0;0;504400,422162122093141;5374532,342074017971754;9,059596328000055;48,523885851000045;08210726416200063540;0
185693;08;4;21;000;2021;08;17;5;3;4;2;1;1;0;0;0;0;0;571177,444498587399721;5360584,899790659546852;9,961535823000077;48,394405752000068;08210812421300129340;0
185694;08;4;16;036;2021;07;16;7;3;5;3;1;1;0;0;0;0;0;498136,962867887690663;5369171,701527630910277;8,974792208000054;48,475672042000042;08210731416100087960;0
185695;08;4;35;053;2021;07;14;5;3;0;7;1;0;0;0;0;0;0;508019,640146235935390;5293573,129129996523261;9,107085774000041;47,795466459000068;08210729435200050780;0
185696;08;1;11;000;2021;08;23;1;3;9;1;1;0;0;0;0;2;0;517526,235710432752967;5402586,108153728768229;9,238549918000047;48,776030729000070;08210815111250107760;0
185697;08;1;11;000;2021;07;08;5;3;5;2;1;1;0;0;0;0;0;507927,900000000372529;5398276,345999523997307;9,107824176000065;48,737456541000029;08210722111500021620;0
185700;08;2;12;000;2021;08;15;1;3;1;5;1;1;0;0;0;0;0;455390,092193382792175;5428457,202679507434368;8,390004227000077;49,007395999000039;08210808212010115900;0
185701;08;2;37;002;2021;07;11;4;3;0;7;1;0;0;0;0;0;0;455550,654836836270988;5354711,621084656566381;8,400128057000074;48,344019981000031;08210728231000071270;0
185702;08;2;22;000;2021;07;08;2;3;1;5;1;1;0;0;0;0;0;463210,112654727883637;5482509,209912506863475;8,491965605000075;49,494102675000079;08210726222600050650;0
185703;08;4;21;000;2021;08;18;2;2;0;1;1;0;0;0;0;0;0;573608,741415545344353;5360942,956230733543634;9,994437914000059;48,397347395000054;08210802426010097900;0
185704;08;1;28;131;2021;08;15;5;3;0;2;1;1;0;0;0;0;0;537178,573000000789762;5511793,853999562561512;9,516176995000023;49,757473093000044;08210812128300103230;0
185706;08;2;22;000;2021;07;16;5;2;5;3;1;0;0;0;1;0;0;465424,165316238999367;5484436,102039560675621;8,522369801000025;49,511564361000069;08210729222014046870;0
185707;08;2;12;000;2021;07;18;4;3;0;7;1;0;0;0;0;0;0;455705,718674934469163;5428748,753973269835114;8,394288038000070;49,010041267000076;08210728212010060290;0
185708;08;4;15;061;2021;08;06;4;3;5;3;1;1;0;0;0;0;0;514443,278978463262320;5371303,275613903999329;9,195497645000046;48,494685333000064;08210804415400101870;1
185709;08;1;17;026;2021;07;11;6;3;6;7;0;0;1;0;1;0;0;548092,975490835495293;5394534,094493752345443;9,653635236000071;48,701987389000067;08210723117010056520;0
185710;08;1;19;085;2021;08;12;7;3;5;3;1;1;0;0;0;0;0;528165,862727342173457;5411989,000011363998055;9,384008896000068;48,860225621000041;08210814119500127390;0
185712;08;3;35;081;2021;07;12;1;2;0;7;1;0;0;0;0;0;0;491476,341523280367255;5297991,169630426913500;8,886097212000038;47,835211127000036;08210725911081066800;1
185713;08;3;17;096;2021;08;18;2;3;6;3;0;1;1;0;0;0;0;422723,370999990962446;5369822,542999509721994;7,954380161000074;48,476780391000034;08210802317500099440;0
185715;08;3;17;005;2021;08;18;4;3;0;7;1;1;0;0;0;0;0;424008,882537667639554;5379866,750596018508077;7,969940846000043;48,567283860000032;08210811317200097930;0
185716;08;4;16;015;2021;07;21;1;3;5;3;1;1;0;0;0;1;0;507293,756249530240893;5366816,218366503715515;9,098646899000073;48,454441524000060;08210725416200048850;0
185719;08;1;11;000;2021;07;19;6;2;2;6;1;1;0;0;0;0;0;509622,031297159381211;5406816,274742320179939;9,131065152000076;48,814257403000056;08210723111500026410;0
185720;08;4;35;016;2021;08;13;6;3;8;1;1;0;0;0;0;0;0;536213,041192948818207;5278084,835735814645886;9,482254131000047;47,655145125000047;08210813435100102170;0
185723;08;1;18;048;2021;08;16;3;3;4;2;1;1;0;0;0;0;0;513960,849006047472358;5416503,598684541881084;9,190495851000037;48,901320190000035;08210817118400116870;0
185726;08;2;12;000;2021;07;08;7;2;0;7;1;0;0;0;0;0;0;454170,888288524933159;5433353,386231094598770;8,372780501000022;49,051347988000032;08210724215102047830;1
185729;08;4;16;036;2021;08;18;2;2;0;1;1;0;0;0;0;0;0;496326,811541689559817;5369330,283185372129083;8,950298600000053;48,477090741000040;08210802416100082970;0
185730;08;1;11;000;2021;08;09;6;3;2;6;1;1;0;0;0;0;0;514419,992588786408305;5404069,797512797638774;9,196323123000070;48,789457608000077;08210813111240128610;0
185731;08;4;35;016;2021;07;17;5;3;2;6;1;1;0;0;0;0;0;536353,493673252873123;5278887,059070313349366;9,484191219000024;47,662355175000073;08210729435100049200;0
185733;08;2;22;000;2021;07;16;4;3;0;1;1;0;0;0;0;0;0;462077,040163935162127;5481494,918921504169703;8,476416908000033;49,484909892000076;08210728222700047200;0
185734;08;2;26;059;2021;07;17;5;3;0;7;1;0;0;0;0;0;0;465701,344610549509525;5460142,484216805547476;8,528296415000057;49,293066782000039;08210729226200051720;0
185735;08;4;35;036;2021;07;13;4;3;3;6;1;0;0;0;0;0;0;521856,674572739750147;5281043,209768366068602;9,291219808000051;47,682407675000036;08210721435200081200;0
185736;08;2;35;007;2021;08;14;5;3;1;5;1;1;0;0;0;0;0;484067,410432563163340;5398599,626819888129830;8,783295373000044;48,740211471000066;08210805235100086140;0
185738;08;2;35;079;2021;08;17;1;3;0;7;1;0;0;0;0;0;0;466637,130814230069518;5400268,333620911464095;8,546090707000076;48,754533034000076;08210808235100091520;0
185740;08;2;22;000;2021;07;17;2;3;0;1;1;0;0;0;0;0;0;464135,742944783531129;5481765,211919508874416;8,504814705000058;49,487466201000075;08210726222600040250;1
185742;08;4;35;016;2021;08;16;4;3;8;1;1;0;0;0;0;0;0;535735,214452636428177;5277951,680424097925425;9,475880189000065;47,653973641000050;08210811435100098600;0
185743;08;3;37;126;2021;07;17;7;3;0;1;1;0;0;0;0;0;0;442041,198096316307783;5275536,440496996045113;8,228514212000050;47,630634780000037;08210731337200056910;0
185744;08;3;16;036;2021;07;08;3;3;4;6;1;1;0;0;0;0;0;412533,159702486358583;5326158,400727510452271;7,825564770000028;48,082693308000046;08210727316100074600;0
185745;08;4;16;041;2021;08;19;4;2;6;7;0;1;1;0;0;0;0;504249,630522678606212;5374265,195850374177098;9,057551387000046;48,521483546000070;08210804416010093580;0
185746;08;3;15;050;2021;07;16;6;3;4;6;1;0;0;1;0;0;0;400374,731038037687540;5302667,463630050420761;7,667801634000057;47,869613221000066;08210723311400058830;0
185748;08;2;15;059;2021;07;16;7;3;6;7;0;1;1;0;0;0;0;483140,437651040963829;5432511,267171533778310;8,769287981000048;49,045246428000041;08210731215302077610;0
185752;08;1;19;041;2021;08;15;1;2;0;1;1;0;0;0;0;0;0;526176,369730367325246;5411605,042675612494349;9,356860482000059;48,856858815000066;08210808119400102080;0
185753;08;1;36;065;2021;07;00;1;2;0;7;1;0;0;0;0;2;0;557492,117340132594109;5404882,195164449512959;9,782812861000025;48,794274856000072;08210725136300060100;0
185754;08;3;11;000;2021;07;20;2;3;6;7;0;1;1;0;0;0;0;411653,920999984256923;5315992,570999495685101;7,815859146000037;47,991128363000030;08210726311010067260;0
185755;08;1;19;020;2021;08;19;2;3;5;3;1;0;0;0;0;0;0;519285,524281098507345;5409077,029698213562369;9,262800299000048;48,834369891000051;08210802119200082440;0
185757;08;3;36;069;2021;07;10;5;3;6;7;0;1;1;0;0;0;0;408549,243104388006032;5267727,785646103322506;7,784417750000046;47,556526060000067;08210729311010068380;0
185758;08;1;11;000;2021;07;17;4;3;6;2;0;1;1;0;0;0;0;515451,352392269298434;5403606,504969153553247;9,210347208000030;48,785265108000033;08210728111500063790;0
185762;08;2;26;018;2021;07;15;7;3;0;7;1;0;0;0;0;0;0;472369,266242176294327;5470584,350638734176755;8,619272949000049;49,387328108000077;08210731221200056720;0
185764;08;3;26;074;2021;08;16;3;2;0;1;1;0;0;0;0;0;0;458900,713107981719077;5323838,259285550564528;8,448327797000047;48,066496375000042;08210810326400106830;0
185767;08;1;16;080;2021;07;12;3;3;6;6;0;0;1;0;1;0;0;519752,522875912487507;5396734,220410361886024;9,268570924000073;48,723320974000046;08210727116200070160;0
185770;08;3;35;075;2021;08;20;5;3;6;4;0;1;1;0;0;0;0;488275,392875637859106;5290713,209496989846230;8,843519427000047;47,769677531000070;08210812911081139730;0
185774;08;2;22;000;2021;07;00;5;3;6;4;0;1;1;0;0;2;0;463722,390239516273141;5485431,950505880638957;8,498770893000028;49,520422050000036;08210729222014045060;0
185775;08;2;31;000;2021;07;11;5;3;6;4;0;0;1;1;0;0;0;477826,516000000759959;5415773,887999527156353;8,697483651000027;48,894516422000038;08210729231000046430;0
185776;08;3;15;041;2021;08;15;6;3;0;1;1;0;0;0;0;0;0;422704,928409351967275;5322254,305463038384914;7,962824345000058;48,048888245000057;08210806311010089360;0
185778;08;1;18;046;2021;08;19;3;3;0;1;1;0;0;0;0;0;0;513494,356104511767626;5412090,637045800685883;9,183984922000036;48,861632603000032;08210810118300118300;0
185779;08;4;15;014;2021;07;17;2;3;6;7;0;1;1;0;0;0;0;525618,493717132136226;5375181,783485390245914;9,346996167000043;48,529220950000081;08210726415100076110;0
185780;08;4;36;081;2021;08;10;2;3;3;2;1;1;0;0;0;0;0;561944,730865535326302;5281277,900472167879343;9,825350394000054;47,681920480000031;08210802436300098890;0
185781;08;2;15;017;2021;08;17;5;3;0;3;1;1;0;0;0;0;0;456562,240666970610619;5422043,722137322649360;8,406716378000056;48,949789290000069;08210812212702153820;0
185782;08;4;36;010;2021;07;10;5;3;0;1;1;0;0;0;0;0;0;566625,864112054929137;5306740,710273390635848;9,891624955000054;47,910529112000063;08210729436100057980;0
185783;08;3;15;074;2021;08;04;1;3;0;5;1;0;0;0;0;2;0;395489,871408924460411;5296541,037785071879625;7,603979944000059;47,813731120000057;08210815311400130770;0
185785;08;3;17;065;2021;08;14;5;3;5;2;1;1;0;0;0;0;0;413307,733958489261568;5354381,820428114384413;7,830194532000064;48,336668473000032;08210805317300087110;1
185787;08;1;19;020;2021;08;14;2;3;5;3;1;1;0;0;0;0;0;520123,835110891610384;5407398,942094905301929;9,274141317000044;48,819247570000073;08210809119200094970;0
185791;08;1;17;033;2021;08;17;2;3;4;1;1;0;0;1;0;0;0;558977,489478710107505;5387406,673812977969646;9,800537498000040;48,636940261000063;08210802117200089320;0
185792;08;2;15;021;2021;08;20;3;3;1;5;1;1;0;0;0;1;0;469391,520740292966366;5444449,086655853316188;8,580242610000028;49,152100286000064;08210817215402136260;1
185793;08;3;26;003;2021;08;18;4;3;9;1;1;0;0;0;0;0;0;471809,096945246681571;5315193,130964068695903;8,622160060000056;47,989417857000035;08210811326200120620;0
185794;08;3;17;096;2021;07;09;3;3;3;7;1;1;0;0;0;0;0;421878,348538260906935;5369362,332569831982255;7,943034284000021;48,472536409000043;08210727317500079090;0
185796;08;1;11;000;2021;07;15;6;3;5;3;1;1;0;0;0;0;0;517517,318638846278191;5409204,248530855402350;9,238710952000076;48,835566732000075;08210723111500029460;0
185797;08;1;16;035;2021;08;12;7;2;0;7;1;0;0;0;0;0;0;527174,630346219986677;5392828,327525718137622;9,369228745000044;48,687904583000034;08210814116010107860;0
185800;08;1;19;067;2021;08;20;3;3;8;1;1;0;0;0;0;2;0;539158,223629158921540;5406962,258923074230552;9,533390843000063;48,814411158000041;08210817119300121160;1
185801;08;3;25;009;2021;08;13;7;2;0;7;1;0;0;0;0;0;0;467226,808941856026649;5342662,025788810104132;8,558634534000021;48,236330041000031;08210807325202112620;0
185803;08;2;35;046;2021;07;08;3;3;1;7;1;0;0;0;0;0;1;479429,778932024724782;5377737,379098296165466;8,721254288000068;48,552397464000080;08210727235200064790;0
185804;08;2;12;000;2021;08;15;4;3;5;3;1;1;0;0;0;0;0;452192,889008215628564;5431336,458946954458952;8,345949275000066;49,033055511000043;08210804212502092070;0
185805;08;1;11;000;2021;07;19;6;3;4;1;1;0;0;0;1;0;0;519953,318289672955871;5401291,804884595796466;9,271521833000065;48,764314231000071;08210723111500026290;0
185807;08;1;25;006;2021;08;18;1;3;0;7;1;0;0;0;0;0;0;507728,998576729558408;5453727,803104422986507;9,106173526000021;49,236279382000077;08210815121100123940;0
185808;08;2;21;000;2021;07;11;4;3;0;1;1;0;0;0;0;0;0;477842,846088420599699;5473259,904812859371305;8,694543539000051;49,411618109000074;08210728221201042240;0
185809;08;1;17;049;2021;07;05;5;3;5;3;1;1;0;0;0;0;0;555933,405951176770031;5392348,453784730285406;9,759890088000077;48,681673103000037;08210722117100059700;0
185810;08;4;36;081;2021;08;12;6;3;5;3;1;1;0;0;0;0;0;562327,786676320247352;5281662,418473921716213;9,830508582000050;47,685343064000051;08210806436500089580;0
185811;08;3;36;050;2021;08;16;3;3;5;3;1;1;0;0;0;0;0;400505,899935232475400;5275282,741180201992393;7,675818768000056;47,623303349000025;08210810311010096450;0
185813;08;1;18;048;2021;08;15;3;3;1;5;1;1;0;0;0;0;0;513645,155482077971101;5415547,289071850478649;9,186156289000053;48,892724521000048;08210803118400104170;0
185815;08;2;12;000;2021;09;22;7;3;6;4;1;0;1;0;0;2;0;456545,235243839211762;5428682,731770053505898;8,405774608000058;49,009507080000049;08210904212302182600;0
185818;08;1;15;021;2021;08;14;4;3;0;6;1;0;0;0;1;0;0;490066,968161665834486;5382367,421229647472501;8,865286893000075;48,594309270000053;08210825118000154590;0
185819;08;2;26;084;2021;09;11;4;2;0;1;1;0;0;0;0;0;0;469124,341562716290355;5469943,939619962126017;8,574611720000064;49,381411881000076;08210908226400182440;0
185820;08;2;35;007;2021;09;08;5;3;1;2;1;1;0;0;0;0;0;484938,964000000618398;5396999,821999523788691;8,795208050000042;48,725841344000060;08210902235100171420;0
185821;08;2;15;100;2021;08;16;3;3;1;5;1;1;0;0;0;0;0;474659,406298314221203;5450509,018742522224784;8,652101731000073;49,206850412000051;08210831215202149050;0
185823;08;1;11;000;2021;09;20;3;3;0;7;1;0;0;0;0;0;0;510581,716759173199534;5402370,804428854957223;9,144022816000074;48,774250746000064;08210907111130179720;0
185824;08;4;16;041;2021;08;18;1;3;9;1;1;0;0;0;0;0;0;504443,378634339198470;5374189,156777761876583;9,060174443000051;48,520798129000070;08210829416200145120;1
185826;08;1;25;102;2021;09;13;7;3;0;1;1;0;0;0;0;0;0;520443,860000001266599;5443347,977999536320567;9,280308530000070;49,142618089000052;08210904121600175010;0
185830;08;2;15;017;2021;09;18;5;2;6;4;0;1;1;0;0;0;0;454343,554069679230452;5422060,707010952755809;8,376412939000033;48,949782241000037;08210902212010188130;0
185831;08;2;21;000;2021;09;08;4;3;5;5;1;1;0;0;0;0;0;474547,629803590476513;5474667,353756189346313;8,649026566000032;49,424148899000045;08210915221011206940;1
185832;08;2;15;109;2021;08;08;6;3;0;7;1;0;0;0;0;0;0;462435,857852264307439;5439473,507799996063113;8,485321460000023;49,106958565000070;08210827215102140210;0
185833;08;2;12;000;2021;09;15;2;2;5;7;1;0;0;0;1;0;0;457090,114929418079555;5428048,686810066923499;8,413292205000062;49,003841891000036;08210906212010178700;0
185834;08;4;16;048;2021;09;13;3;3;5;3;1;0;0;0;1;0;0;497755,691962974146008;5377936,624596504494548;8,969586270000036;48,554523341000049;08210907416010857300;0
185835;08;3;17;114;2021;09;16;1;3;0;7;1;0;0;0;0;0;0;404183,752999976277351;5346833,043999500572681;7,708822396000073;48,267453803000080;08210912317300196620;0
185836;08;2;26;038;2021;08;18;6;3;0;7;1;1;0;0;0;0;0;471660,572670622728765;5480045,199293784797192;8,608831965000036;49,472393357000044;08210827222400160140;0
185838;08;4;25;075;2021;09;14;4;3;0;1;1;0;0;0;0;0;0;568483,669673968106508;5379545,148310340940952;9,928257479000024;48,565256350000027;08210901421200171400;0
185839;08;4;37;086;2021;08;18;5;3;4;6;1;1;0;0;0;0;0;531629,549759484827518;5309855,376334525644779;9,423533769000073;47,941233264000061;08210819436400155990;0
185840;08;4;35;018;2021;08;22;1;2;6;7;0;1;1;0;0;2;0;523947,202500994317234;5280050,959970308467746;9,319019290000028;47,673405779000063;08210822435200152110;1
185843;08;3;35;098;2021;09;17;7;3;8;7;1;0;0;0;0;0;0;503908,043274111114442;5295838,863833472132683;9,052204326000037;47,815890471000046;08210911335400188580;0
185844;08;3;17;065;2021;08;15;5;3;0;1;1;0;0;0;0;0;0;417290,604671653360128;5355206,108910983428359;7,883765732000029;48,344616860000031;08210826317300144360;1
185845;08;2;12;000;2021;09;15;5;2;6;7;0;1;1;0;0;0;0;456276,445540224201977;5425814,108416305854917;8,402407990000029;48,983684449000066;08210909212010192870;0
185847;08;4;36;064;2021;08;14;4;3;6;2;0;1;1;0;0;0;0;546040,471085580997169;5292969,771479927003384;9,614693898000041;47,788441799000054;08210818436200131140;0
185848;08;2;15;007;2021;09;10;3;3;6;4;1;0;1;0;0;0;0;478714,769682681187987;5431554,940253159031272;8,708776593000039;49,036506891000045;08210907215302189590;0
185849;08;3;26;005;2021;09;10;2;2;6;4;0;1;1;0;0;0;0;465291,969024696387351;5298500,040854079648852;8,536158517000047;47,838909166000064;08210913335000198910;0
185850;08;3;27;051;2021;09;19;7;3;2;6;1;1;0;0;0;0;0;484383,425729413516819;5332936,946781236678362;8,790042593000067;48,149489991000053;08210904327200175810;0
185852;08;1;19;091;2021;09;14;6;3;5;3;1;1;0;0;0;0;0;526884,489435746334493;5406125,374344205483794;9,366154642000026;48,807535105000056;08210910119400189000;0
185853;08;3;35;043;2021;08;01;1;3;8;1;1;0;0;0;0;2;0;511979,273252758197486;5281621,963398477062583;9,159629277000022;47,687873638000042;08210822335100124430;0
185854;08;1;15;048;2021;08;13;4;3;5;3;1;1;0;0;0;0;0;510931,407602348364890;5386935,392502533271909;9,148373535000076;48,635386975000074;08210825115100140360;0
185859;08;3;15;076;2021;08;07;7;3;5;3;1;1;0;0;0;0;0;392591,710999956354499;5296292,144999483600259;7,565341095000065;47,811015168000040;08210828311400141080;0
185861;08;4;16;041;2021;09;18;6;3;6;7;0;0;1;0;1;0;0;504119,502428160980344;5373741,902638599276543;9,055783935000022;48,516776676000063;08210903416200209890;1
185862;08;2;22;000;2021;09;14;5;3;1;3;1;1;0;0;0;0;0;462623,065793684683740;5479650,138418059796095;8,484129598000038;49,468350879000070;08210909222501215100;0
185866;08;3;17;065;2021;09;14;1;3;8;1;1;0;0;0;0;0;0;414469,756173699162900;5354622,469283759593964;7,845822397000063;48,338991446000080;08210905317300177950;0
185869;08;1;27;014;2021;08;19;6;3;5;3;1;1;0;0;0;0;0;576771,722612814977765;5444031,282957097515464;10,052671100000055;49,144306347000054;08210827127202160720;1
185870;08;1;11;000;2021;09;15;6;3;5;3;1;1;0;0;0;0;0;516045,876634209416807;5405452,049754489213228;9,218512800000042;48,801852344000054;08210903111500209990;0
185871;08;1;19;024;2021;09;18;5;2;4;6;1;0;0;0;1;0;0;540871,517907449975610;5433407,803301872685552;9,559378710000033;49,052186261000031;08210902119010193410;0
185873;08;3;27;046;2021;08;20;6;2;5;2;1;1;0;0;0;0;0;480175,537298665381968;5324814,842164359986782;8,733847729000047;48,076298867000048;08210820327200121940;0
185874;08;1;19;020;2021;08;18;2;3;5;2;1;0;0;0;1;0;0;519491,838926735334098;5408505,266000203788280;9,265584493000063;48,829219986000055;08210823119200153250;1
185876;08;4;21;000;2021;09;18;7;3;4;2;1;1;0;0;0;0;0;570390,810411588288844;5360618,417416350916028;9,950916335000045;48,394795565000038;08210904426010183310;0
185878;08;2;26;041;2021;08;16;6;2;5;3;1;1;0;0;0;0;0;476547,065625650808215;5465803,083470735698938;8,677120024000033;49,344496318000040;08210827221011141410;0
185883;08;1;16;016;2021;09;16;6;3;1;5;1;1;0;0;0;0;0;533307,716783153824508;5384465,103505883365870;9,451885352000033;48,612372782000079;08210903116400182820;0
185885;08;3;25;011;2021;08;15;6;3;8;7;1;0;0;0;0;0;0;472777,270608001388609;5339969,411624880507588;8,633555315000024;48,212368164000054;08210820325069140490;0
185886;08;3;35;043;2021;08;13;2;3;0;7;1;0;0;0;0;0;0;513924,004000000655651;5279703,101999495178461;9,185482367000077;47,670569427000032;08210823335100131320;0
185887;08;3;11;000;2021;09;19;3;3;5;3;1;1;0;0;0;1;0;414099,687999987043440;5316794,369999498128891;7,848473383000055;47,998674069000060;08210914311010198010;0
185889;08;2;22;000;2021;09;10;7;3;1;7;1;0;0;0;1;0;0;462174,174684518948197;5478740,168609865009785;8,478021301000069;49,460138344000029;08210911222500189190;0
185892;08;4;15;061;2021;08;17;3;3;3;2;1;1;0;0;0;0;0;514875,982740289531648;5371346,085068270564079;9,201356014000055;48,495060365000029;08210831416010162780;0
185894;08;3;11;000;2021;09;20;2;3;0;7;1;0;0;0;0;1;0;414400,515593203715980;5317364,263668259605765;7,852391544000056;48,003840829000069;08210906311010215660;0
185895;08;1;11;000;2021;09;13;3;2;5;3;1;0;0;0;1;0;0;511482,392020730301738;5400865,347337124869227;9,156239422000056;48,760691762000079;08210914111500218980;0
185896;08;2;26;018;2021;09;09;7;2;1;5;1;1;0;0;0;0;0;473302,869250212796032;5472379,716322088614106;8,632016262000036;49,403518729000041;08210904221400184690;0
185903;08;3;11;000;2021;09;16;4;2;0;1;1;0;0;0;0;0;0;414544,574703639373183;5318483,770301211625338;7,854099416000054;48,013930484000070;08210915311010202360;1
185908;08;1;16;049;2021;09;18;2;3;6;4;1;0;1;0;0;0;0;525170,313351804390550;5386162,177588190883398;9,341590681000071;48,628020006000042;08210913116500198590;0
185909;08;1;25;046;2021;09;16;7;3;0;1;1;0;0;0;0;0;0;519519,010543045587838;5433338,407587196677923;9,267144291000022;49,052608432000056;08210904121600175000;0
185911;08;1;11;000;2021;09;09;6;3;6;6;0;0;1;0;1;0;0;512601,389000000432134;5407299,938999526202679;9,171662743000070;48,818555097000058;08210910111340214560;0
185912;08;1;25;069;2021;08;02;7;3;0;1;1;0;0;0;0;2;0;521905,631160353310406;5456651,793939938768744;9,301076414000022;49,262237853000045;08210821121500147070;0
185913;08;1;21;000;2021;08;18;3;3;4;6;1;1;0;0;0;0;0;515592,790878577157855;5441985,348985400050879;9,213742716000070;49,130503089000058;08210824121200132930;0
185915;08;1;16;071;2021;09;13;1;2;0;1;1;0;0;0;0;0;0;526953,052992957644165;5390174,090099692344666;9,366045154000062;48,664036829000054;08210905116500189510;0
185916;08;4;16;041;2021;09;13;1;3;3;6;1;0;0;0;1;0;0;503938,318736969493330;5375413,990549754351377;9,053346246000046;48,531820541000059;08210912416200221880;0
185917;08;1;16;049;2021;08;17;6;3;5;3;1;1;0;0;0;0;0;523416,927000001072884;5384174,808999514207244;9,317683361000036;48,610209602000054;08210827116500139590;0