OID_;ULAND;UREGBEZ;UKREIS;UGEMEINDE;UJAHR;UMONAT;USTUNDE;UWOCHENTAG;UKATEGORIE;UART;UTYP1;IstRad;IstPKW;IstFuss;IstKrad;IstSonstige;ULICHTVERH;IstGkfz;LINREFX;LINREFY;XGCSWGS84;YGCSWGS84;UIDENTSTLAE;IstStrassenzustand
185920;08;2;12;000;2021;09;16;4;3;1;5;1;1;0;0;0;0;0;453107,997605548240244;5428267,433308644220233;8,358822786000076;49,005519833000051;08210901212010171690;0
185922;08;3;35;043;2021;08;12;1;2;0;1;1;0;0;0;0;0;0;514901,128848549909890;5279319,895970441401005;9,198485545000040;47,667099692000079;08210822335100151150;0
185924;08;3;17;065;2021;09;14;7;3;5;2;1;1;0;0;0;0;0;417443,789332897402346;5354774,663284679874778;7,885917268000071;48,340756071000044;08210904317300177480;0
185926;08;1;25;038;2021;08;15;4;3;5;3;1;1;0;0;0;0;0;500174,908342919312418;5434453,188067071139812;9,002394355000035;49,062945619000061;08210825121400135380;0
185929;08;2;26;084;2021;08;09;5;2;6;4;0;1;1;0;0;0;0;469343,002815033309162;5470335,355855613946915;8,577594052000052;49,384943625000062;08210819222014133610;0
185931;08;1;18;081;2021;08;14;2;3;0;6;1;1;0;0;0;0;0;519084,789078673347831;5412606,759951068088412;9,260229444000061;48,866128695000043;08210830118300147600;1
185933;08;4;36;064;2021;09;11;6;3;0;1;1;0;0;0;0;0;0;546615,770909781567752;5292789,816972926259041;9,622355027000026;47,786781362000056;08210903436200182040;0
185934;08;2;22;000;2021;09;15;6;3;5;3;1;1;0;0;0;0;0;463191,541515327058733;5480566,259712317958474;8,491890052000031;49,476625678000062;08210910222700220020;0
185936;08;3;11;000;2021;08;15;3;3;0;7;1;0;0;0;0;0;0;417573,530914605595171;5314438,969486722722650;7,895484654000029;47,977943329000027;08210824311010132570;0
185937;08;2;15;105;2021;08;12;3;3;0;7;1;0;0;0;0;0;0;457427,967000002041459;5442059,293999535962939;8,416437412000050;49,129891340000029;08210831215102159490;0
185938;08;1;36;033;2021;09;19;4;3;6;7;1;0;1;0;0;0;0;580645,603702662512660;5416022,630988378077745;10,100211755000032;48,891902352000045;08210915136100232220;0
185939;08;4;17;051;2021;09;14;7;3;6;3;0;1;1;0;0;0;0;492004,793999999761581;5358509,038999512791634;8,892024496000033;48,379697335000060;08210911417010200790;1
185942;08;3;17;001;2021;09;01;5;2;0;1;1;0;0;0;0;2;0;431699,377663502469659;5386422,632210232317448;8,073092178000024;48,627139792000037;08210902317100177030;0
185943;08;1;15;003;2021;09;12;4;3;6;7;0;1;1;0;0;0;0;497088,975464945659041;5393289,057270055636764;8,960443485000042;48,692634229000078;08210901115100177820;0
185945;08;4;21;000;2021;09;10;2;3;7;7;1;0;0;0;0;0;0;573987,168491435237229;5361506,304442679509521;9,999648864000051;48,402370521000080;08210906421200177170;0
185946;08;3;11;000;2021;09;20;2;3;5;3;1;1;0;0;0;2;0;413745,741971950046718;5318369,037230039015412;7,843412932000035;48,012791085000060;08210913311010857170;0
185947;08;2;31;000;2021;09;19;7;3;0;1;1;0;0;0;0;0;0;476785,519313265569508;5415254,890271823853254;8,683310879000032;48,889809571000058;08210904231000174890;0
185948;08;3;27;050;2021;09;12;6;3;5;3;1;1;0;0;0;0;0;487127,274573273956776;5313482,965768612921238;8,827517836000027;47,974523040000065;08210910327100203400;0
185950;08;2;26;012;2021;08;11;4;3;5;3;1;1;0;0;0;0;0;475608,800999999977648;5477819,987999549135566;8,663465244000065;49,452549620000070;08210825221300134700;0
185952;08;2;16;015;2021;08;15;3;3;5;3;1;1;0;0;0;0;0;450762,038999999873340;5406323,065999526530504;8,329394271000069;48,807944398000075;08210831216300150310;0
185953;08;2;21;000;2021;09;12;4;3;1;7;1;0;0;0;1;0;0;478872,091803046874702;5473209,348134076222777;8,708735118000050;49,411199970000041;08210915221201271360;1
185954;08;1;11;000;2021;08;22;4;3;4;6;1;1;0;0;0;2;0;512800,121575001627207;5402107,285711528733373;9,174208155000031;48,771838465000030;08210818111500116810;0
185955;08;1;11;000;2021;09;18;2;3;3;7;1;1;0;0;0;0;0;518477,639276285655797;5405640,265552228316665;9,251636710000071;48,803477971000063;08210906111500199450;0
185956;08;3;11;000;2021;09;11;3;3;0;7;1;0;0;0;0;0;0;413594,532637813128531;5316283,873079136013985;7,841805800000031;47,994013894000034;08210907311010206260;0
185961;08;3;35;098;2021;09;16;5;3;0;7;1;0;0;0;0;0;0;504799,697610818780959;5296151,924002336338162;9,064118661000066;47,818701186000055;08210909335400185280;0
185962;08;4;25;033;2021;08;11;6;3;5;3;1;1;0;0;0;0;0;554019,469000001437962;5348656,290999507531524;9,728241211000068;48,288800479000031;08210820425000122370;0
185963;08;3;17;089;2021;08;11;3;3;0;1;1;0;0;0;0;0;0;431541,944999996572733;5377799,814999517053366;8,072376763000022;48,549559649000059;08210824317100130480;0
185964;08;3;17;065;2021;09;17;3;3;8;1;1;0;0;0;0;0;0;417430,918114247731864;5354459,236131139099598;7,885805444000027;48,337917137000034;08210914317300201780;0
185965;08;2;26;038;2021;09;14;1;2;0;7;1;0;0;0;0;0;0;471138,888948268257082;5480064,285098560154438;8,601629974000048;49,472540453000079;08210905222400189150;0
185966;08;2;15;009;2021;09;09;1;3;4;6;1;1;0;0;0;0;0;470303,893360316753387;5442134,574190806597471;8,592924894000021;49,131325664000030;08210912215402218790;0
185967;08;3;17;001;2021;08;22;5;2;8;7;1;0;0;0;0;2;0;430503,235040291212499;5390755,546768074855208;8,056134502000020;48,665982367000026;08210826211000146500;0
185968;08;1;19;020;2021;09;11;5;3;0;7;1;0;0;0;0;0;0;520127,971682005561888;5406845,237674470990896;9,274170503000050;48,814266422000060;08210909119200193400;0
185969;08;4;36;082;2021;09;16;4;3;5;3;1;1;0;0;0;0;0;547212,310420631431043;5296462,268976252526045;9,630718620000039;47,819778778000057;08210901436400188440;0
185972;08;3;15;108;2021;09;17;2;3;5;2;1;1;0;0;0;0;0;405130,810509940609336;5304115,884568236768246;7,731065712000031;47,883362244000068;08210913311010248270;0
185974;08;1;25;056;2021;09;16;5;3;0;3;1;1;0;0;0;0;0;510427,212902695871890;5435135,400253422558308;9,142757507000056;49,068994210000028;08210916121400208760;1
185976;08;2;12;000;2021;08;17;4;3;1;7;1;1;0;0;0;0;0;451527,911785090342164;5426800,761162037029862;8,337394018000055;48,992205018000050;08210825212502164390;0
185977;08;2;31;000;2021;09;21;4;3;6;7;0;1;1;0;0;2;0;475879,760700760409236;5415301,468202764168382;8,670952090000071;48,890193975000045;08210908231000207230;0
185978;08;3;17;096;2021;09;18;5;3;5;3;1;1;0;0;0;0;0;422190,762559238821268;5369220,567657103762031;7,947286802000065;48,471299980000026;08210902317500190500;0
185980;08;4;36;064;2021;08;11;4;2;3;6;1;0;0;0;0;0;0;545041,187032127752900;5293311,981930751353502;9,601388580000048;47,791591342000061;08210818436200117640;0
185982;08;2;12;000;2021;08;09;1;3;1;1;1;1;0;0;0;0;0;455157,888283649459481;5428119,575183443725109;8,386866550000036;49,004342180000037;08210829212402155710;1
185987;08;2;22;000;2021;08;10;3;3;3;2;1;0;0;0;0;0;1;462608,860635941848159;5482867,042935330420732;8,483629361000055;49,497284437000076;08210824222200153080;0
185988;08;1;11;000;2021;08;09;3;3;2;7;1;1;0;0;0;0;0;515873,154385094530880;5406017,461004767566919;9,216182546000027;48,806943139000055;08210831111500163010;0
185989;08;3;36;069;2021;09;12;4;3;6;4;0;0;1;0;1;0;0;408542,241160688921809;5267738,013159500434995;7,784322572000065;47,556617079000034;08210915311010200720;1
185990;08;1;26;046;2021;08;13;6;3;0;6;1;0;0;0;1;0;0;551019,851999999955297;5458777,653999544680119;9,701478039000051;49,279623361000063;08210827126100160670;0
185991;08;1;11;000;2021;09;20;2;3;6;4;0;0;1;0;1;2;0;515948,557850871235132;5405681,622425079345703;9,217196440000066;48,803920052000080;08210906111320177730;0
185996;08;2;26;091;2021;09;16;4;2;0;7;1;0;0;0;0;0;0;494178,301463183015585;5460289,047813560813665;8,919931649000034;49,295320143000026;08210901226500171450;0
185997;08;1;28;115;2021;08;10;6;3;0;7;1;0;0;0;0;0;0;548560,437471393495798;5497472,539264800027013;9,672410070000069;49,627856723000036;08210820128200122260;0
185998;08;4;17;079;2021;08;20;2;3;0;1;1;1;0;0;0;0;0;501915,786182601004839;5339731,772984072566032;9,025787563000051;48,210811253000031;08210823417100154740;0
186000;08;2;12;000;2021;09;11;1;3;5;3;1;1;0;0;0;0;0;454395,267461235634983;5428847,224841589108109;8,376358016000040;49,010831562000078;08210905212010658600;0
186001;08;2;12;000;2021;09;01;7;2;1;5;1;1;0;0;0;2;0;456912,637751532718539;5427793,989853693172336;8,410892714000056;49,001538493000055;08210911212010214300;0
186002;08;1;16;078;2021;08;20;5;3;3;6;1;0;0;0;0;2;0;510192,310314616188407;5393285,091402078047395;9,138498120000065;48,692522097000051;08210826116200167850;0
186004;08;2;26;096;2021;09;19;1;3;0;5;1;1;0;0;0;0;0;475874,970977053046227;5488900,101333282887936;8,666460886000038;49,552222298000061;08210905226600233250;0
186007;08;1;11;000;2021;09;11;6;3;0;4;0;0;1;0;1;0;0;508252,205063489265740;5396194,168431038036942;9,112193232000038;48,718721007000056;08210903111500197150;0
186008;08;3;35;043;2021;09;19;4;3;0;1;1;0;0;0;0;0;0;511988,201591039076447;5281620,104968100786209;9,159748199000035;47,687856751000027;08210901335100172120;0
186009;08;3;36;050;2021;09;09;5;2;0;7;1;0;0;0;0;0;0;399367,898585571907461;5273982,812653895467520;7,660975819000043;47,611434262000046;08210909311010185640;0
186011;08;4;15;061;2021;08;18;1;3;0;1;1;1;0;0;0;0;0;514809,138000000268221;5369995,165999511256814;9,200403340000037;48,482908586000065;08210822415400127080;0
186013;08;3;17;089;2021;09;15;3;3;3;6;1;1;0;0;0;0;0;432099,813711279071867;5375621,820872869342566;8,080290004000062;48,530028856000058;08210914317100217260;0
186014;08;1;35;015;2021;09;11;1;2;5;3;1;1;0;0;0;0;0;573936,501509976573288;5386344,805336833000183;10,003366700000072;48,625798876000033;08210905135010180940;0
186019;08;1;11;000;2021;08;12;5;2;6;4;0;0;1;0;1;0;0;515171,015356005169451;5403537,424215022474527;9,206528312000046;48,784650567000028;08210819111500120170;0
186021;08;1;18;079;2021;09;21;3;2;5;3;1;0;0;1;0;2;0;510080,730903470888734;5420977,105068488046527;9,137662366000029;48,941637872000058;08210914118100227480;0
186022;08;1;28;007;2021;09;12;7;3;0;4;1;0;1;0;0;0;0;556012,782727042213082;5482165,234266804531217;9,773414998000021;49,489538763000041;08210904128100202930;0
186024;08;3;36;050;2021;09;15;6;3;0;7;1;0;0;0;0;0;0;399758,067318868823349;5274858,121680878102779;7,665965719000042;47,619368449000035;08210910311010190430;0
186025;08;3;11;000;2021;08;15;4;3;1;5;1;1;0;0;0;0;0;415314,319329840131104;5315902,843040747568011;7,864928571000064;47,990816456000061;08210825311010157640;0
186026;08;3;11;000;2021;09;12;4;3;0;1;1;0;0;0;0;0;0;412160,842057802714407;5315560,280386434867978;7,822740592000059;47,987309611000057;08210908311300181330;0
186030;08;4;16;041;2021;09;14;2;3;1;5;1;1;0;0;0;0;0;504153,993102880194783;5373158,388809803873301;9,056245177000051;48,511526939000078;08210906416200176890;0
186032;08;2;12;000;2021;09;16;2;3;5;3;1;1;0;0;0;0;0;453042,940542899072170;5429001,007234612479806;8,357848434000061;49,012113411000030;08210913212010200550;0
186034;08;1;18;003;2021;09;10;6;3;0;1;1;0;0;0;0;0;0;509952,049703117460012;5417122,533604610711336;9,135811045000025;48,906965349000075;08210910118300186890;0
186035;08;1;11;000;2021;08;00;7;3;0;7;1;0;0;0;0;2;0;512461,415988391265273;5401510,831443432718515;9,169580364000069;48,766479674000038;08210821111140161600;0
186037;08;1;36;042;2021;09;21;5;3;3;6;1;0;0;0;1;2;0;552504,716029206290841;5404872,633498048409820;9,714908952000030;48,794630018000078;08210902136300188290;0
186039;08;1;11;000;2021;08;18;6;2;0;3;1;1;0;0;0;0;0;507682,071000001393259;5397597,791999520733953;9,104468112000063;48,731355337000082;08210827111500161900;0
186040;08;4;37;102;2021;09;09;1;3;0;7;1;0;0;0;0;0;0;500999,700430118478835;5330123,898930562660098;9,013433939000038;48,124372051000080;08210905437000175120;0
186041;08;2;26;104;2021;09;12;3;3;8;1;1;0;0;0;0;0;0;491527,907870614901185;5469051,740340609103441;8,883293494000043;49,374110204000033;08210907226300178910;0
186044;08;1;11;000;2021;09;11;6;2;5;2;1;1;0;0;0;0;0;511291,079836996272206;5403837,986376306042075;9,153717890000053;48,787436940000077;08210903111500173680;0
186045;08;3;11;000;2021;09;17;4;3;2;6;1;1;0;0;0;0;0;414517,407316276803613;5315518,482610097154975;7,854326019000041;47,987252947000059;08210901311010171760;0
186047;08;3;36;050;2021;08;17;2;3;9;1;1;0;0;0;0;0;0;398709,695230970159173;5274347,876430150121450;7,652135774000044;47,614615570000069;08210823311010128550;0
186048;08;3;11;000;2021;09;07;3;2;0;3;1;1;0;0;0;0;0;412336,826107067056000;5317634,981840018182993;7,824674863000041;48,005996315000061;08210914311010225380;0
186050;08;3;36;050;2021;09;11;7;3;1;5;1;1;0;0;0;0;0;399307,376701847650111;5273839,122150793671608;7,660203752000029;47,610132315000044;08210911311010206290;0
186051;08;4;15;061;2021;08;17;5;3;0;7;1;0;0;0;0;0;0;514031,271999999880791;5370724,163999514654279;9,189901483000028;48,489484770000047;08210826415400138100;0
186052;08;2;15;103;2021;09;20;5;3;5;3;1;0;0;0;0;2;0;464773,526502164080739;5441062,469891510903835;8,517210701000067;49,121389814000054;08210909215402212970;0
186054;08;3;15;089;2021;08;12;3;3;5;3;1;1;0;0;0;0;0;407122,127554711885750;5310582,521194353699684;7,756301024000038;47,941822192000075;08210831311010159410;0
186058;08;3;17;129;2021;09;19;7;3;5;3;1;1;0;0;0;0;0;427120,654341874644160;5347395,806114161387086;8,017758368000045;48,275571033000062;08210904317600175280;0
186061;08;3;16;011;2021;08;01;1;2;4;6;1;0;0;0;0;2;0;413034,702305612154305;5331126,119991520419717;7,831284920000030;48,127447308000058;08210822316100149610;1
186064;08;2;22;000;2021;09;23;5;3;5;2;1;1;0;0;0;2;0;460847,368458912707865;5482849,577287169173360;8,459306047000041;49,497016209000037;08210902222501178150;0
186065;08;2;12;000;2021;08;10;3;3;0;7;1;0;0;0;0;0;0;456710,109045592136681;5428093,419257948175073;8,408091897000077;49,004217729000061;08210831212010148220;0
186068;08;4;15;061;2021;09;11;2;3;1;5;1;1;0;0;0;0;0;513671,285145206376910;5371317,975405286997557;9,185048828000049;48,494834850000075;08210906415400177490;0
186069;08;3;17;040;2021;09;17;4;2;5;2;1;1;0;0;0;0;0;432703,284317431971431;5347715,197497185319662;8,092937986000038;48,279062159000034;08210908317600184190;0
186071;08;3;37;126;2021;08;17;3;3;6;6;1;0;1;0;0;0;0;441630,093264519236982;5274015,435467423871160;8,223245296000073;47,616913443000044;08210831337010150870;0
186072;08;1;21;000;2021;08;22;5;3;6;4;0;1;1;0;0;2;0;513966,586000001057982;5443301,625999532639980;9,191496784000037;49,142382580000060;08210819121300146630;0
186074;08;1;11;000;2021;09;17;3;3;5;2;1;1;0;0;0;0;0;512865,836065681651235;5409130,968367455527186;9,175322614000038;48,835021335000079;08210914111500217460;0
186075;08;2;26;063;2021;09;14;7;3;5;7;1;1;0;0;0;0;0;470235,756090169772506;5471791,317009277641773;8,589785436000057;49,398083951000046;08210904226400201100;0
186076;08;3;11;000;2021;09;06;4;3;5;7;1;1;0;0;0;0;0;413645,563999985344708;5320493,746999500319362;7,841641761000062;48,031889981000063;08210915311010244530;1
186077;08;2;26;096;2021;09;10;6;3;5;5;1;1;0;0;0;0;0;474626,080989543348551;5487618,131594151258469;8,649277321000056;49,540640450000069;08210910226600186960;0
186078;08;3;26;075;2021;08;07;4;3;5;3;1;1;0;0;0;0;0;460330,963582855649292;5317130,580742074176669;8,468146499000056;48,006239693000055;08210825326400134050;0
186079;08;2;12;000;2021;09;07;4;3;1;5;1;0;0;0;1;0;0;460885,268832677975297;5427587,612032653763890;8,465225354000040;48,999946604000058;08210908212010182890;0
186080;08;2;12;000;2021;09;15;5;3;0;7;1;0;0;0;0;0;0;455271,213442454114556;5427215,903708506375551;8,388515492000067;48,996221785000046;08210902212402173170;0
186082;08;1;11;000;2021;08;08;4;3;4;6;1;0;0;0;0;0;0;510660,811747051775455;5406388,542738482356071;9,145203597000034;48,810392621000062;08210818111500116700;0
186083;08;1;19;020;2021;09;16;3;3;5;3;1;1;0;0;0;0;0;520864,581000002101064;5406834,495999522507191;9,284203456000057;48,814145492000080;08210907119200204090;0
186085;08;2;26;105;2021;09;14;2;3;5;3;1;1;0;0;0;0;0;469956,846323867328465;5477741,383448630571365;8,585490959000026;49,451589408000075;08210913222400198550;0
186086;08;3;36;091;2021;09;14;6;3;5;2;1;0;0;0;1;0;0;396331,576437228359282;5272363,078362543135881;7,620969052000021;47,596385782000027;08210903311010187830;0
186087;08;1;17;042;2021;09;10;6;3;5;3;1;1;0;0;0;0;0;554094,853940265253186;5393649,155964439734817;9,735084680000057;48,693535434000069;08210910117100212530;0
186088;08;1;16;041;2021;08;16;7;3;5;2;1;0;0;0;0;0;0;518743,787554922513664;5384312,751167956739664;9,254292653000050;48,611607977000062;08210821116010148110;0
186090;08;2;31;000;2021;09;09;4;3;6;7;1;0;1;0;0;0;0;476546,426000000908971;5416232,906999528408051;8,679993102000026;48,898598456000059;08210915231000224800;0
186092;08;1;15;046;2021;09;14;4;3;5;3;1;0;0;0;0;0;0;510509,103859747759998;5390162,921043237671256;9,142723484000044;48,664429507000079;08210908115100184800;0
186093;08;2;26;012;2021;09;17;1;3;1;5;1;1;0;0;0;0;0;476227,742233209311962;5477635,082380887120962;8,672015963000035;49,450910971000042;08210912221300257040;0
186094;08;4;36;009;2021;08;16;5;3;0;7;1;0;0;0;0;0;0;557192,018769406713545;5309700,781067777425051;9,765781509000021;47,938070199000038;08210826436400136590;0
186095;08;1;16;014;2021;09;08;6;3;6;4;0;1;1;0;0;0;0;528926,563666370697320;5395555,896771287545562;9,393223229000057;48,712362708000057;08210903116100181930;0
186097;08;2;12;000;2021;08;09;6;2;0;7;1;0;0;0;0;0;0;456169,680386690422893;5424336,760231135413051;8,401108087000068;48,970387897000080;08210820212402132590;0
186099;08;4;15;061;2021;09;18;3;3;6;2;0;1;1;0;0;0;0;516078,860042883083224;5370431,549117175862193;9,217602410000040;48,486803247000068;08210914415400243910;0
186103;08;2;15;109;2021;09;13;5;3;5;3;1;1;0;0;0;0;0;461406,226000000722706;5434856,280999531969428;8,471655597000051;49,065362402000062;08210909212010186050;0
186104;08;3;35;075;2021;09;18;5;2;6;4;0;1;1;0;0;0;0;488082,916467598639429;5290514,042030414566398;8,840956045000041;47,767881987000067;08210902335000172430;0
186105;08;1;28;007;2021;09;16;4;3;6;4;0;1;1;0;0;0;0;555772,417072154581547;5482448,928615095093846;9,770136417000060;49,492112460000044;08210901128100179430;0
186108;08;1;11;000;2021;09;16;3;3;5;2;1;0;0;1;0;0;0;512843,231247032992542;5402284,829515105113387;9,174800414000060;48,773434748000057;08210914111500199810;0
186110;08;3;16;014;2021;09;13;4;2;3;2;1;0;0;0;1;0;0;425312,587332414463162;5330465,626571319997311;7,996373137000035;48,123065108000048;08210915316200231990;0
186112;08;1;16;019;2021;08;12;1;2;5;3;1;1;0;0;0;0;0;521850,596364914439619;5398687,124181792140007;9,297201135000023;48,740819110000075;08210822116010144900;0
186113;08;2;22;000;2021;08;14;4;3;3;2;1;1;0;0;0;0;0;463723,135599480010569;5485426,305359641090035;8,498781709000070;49,520371320000038;08210825222800136820;0
186115;08;4;37;104;2021;08;14;2;3;6;7;0;1;1;0;0;0;0;516528,819808812811971;5326143,952760510146618;9,221958608000023;48,088350825000077;08210830437200151790;0
186120;08;4;36;064;2021;08;20;7;3;0;1;1;0;0;0;0;2;0;546059,524420688860118;5292032,921822894364595;9,614848859000062;47,780011592000051;08210828436200151240;1
186124;08;1;11;000;2021;09;15;6;3;5;2;1;1;0;0;0;0;0;512201,233602301217616;5395671,897915508598089;9,165866788000073;48,713957864000065;08210910111230200970;0
186125;08;3;35;063;2021;08;08;7;3;6;7;0;1;1;0;0;0;0;497251,020627602934837;5287198,476925740018487;8,963333347000059;47,738154270000052;08210821335200123070;0
186127;08;3;11;000;2021;09;17;3;3;5;3;1;1;0;0;0;0;0;412058,248833394609392;5318860,102667896077037;7,820689445000028;48,016978327000061;08210914311010212790;0
186129;08;3;11;000;2021;09;01;1;3;0;7;1;0;0;0;0;2;0;414588,729689004831016;5318250,529732076451182;7,854737848000070;48,011838303000047;08210912311010189350;0
186131;08;2;21;000;2021;09;09;6;2;5;3;1;1;0;0;0;0;0;476410,357702600769699;5474310,334544515237212;8,674733278000076;49,421012683000072;08210903221300190380;0
186134;08;2;15;009;2021;09;13;2;3;5;3;1;1;0;0;0;0;0;468193,899516583420336;5442914,851744595915079;8,563940324000043;49,138238776000037;08210913215402193760;0
186136;08;1;11;000;2021;08;14;7;3;0;7;1;0;0;0;0;0;0;514636,076281294226646;5404051,260239511728287;9,199264347000053;48,789285801000062;08210828111500144350;0
186137;08;1;16;058;2021;09;21;6;2;0;1;1;0;0;0;0;2;0;534046,017628361470997;5395212,871041681617498;9,462785803000031;48,709018410000056;08210910116010219220;0
186139;08;2;26;013;2021;08;15;3;3;1;5;1;1;0;0;0;0;0;498747,015028266236186;5479004,920032758265734;8,982708178000053;49,463696278000043;08210824226100146780;0
186140;08;1;35;019;2021;09;09;5;3;5;3;1;1;0;0;0;0;0;585394,819323739036918;5393339,756887752562761;10,160275662000060;48,687254196000026;08210902135200188310;0
186141;08;3;35;043;2021;08;19;2;3;0;1;1;0;0;0;0;1;0;512836,599001468159258;5279863,573410719633102;9,171001775000036;47,672035797000035;08210830335100164180;1
186142;08;2;21;000;2021;09;08;4;3;0;5;1;1;0;0;0;0;0;474093,832924516871572;5471510,771129803732038;8,642975063000051;49,395736909000050;08210915221400214550;1
186143;08;2;12;000;2021;09;16;2;2;5;3;1;0;0;0;1;0;0;455226,686108273454010;5428808,946136286482215;8,387731152000072;49,010548129000028;08210906212010192860;0
186145;08;1;35;019;2021;09;20;1;3;8;1;1;0;0;0;0;2;0;583703,949834890663624;5392675,494005242362618;10,137171733000059;48,681508659000031;08210912135200191250;0
186146;08;4;36;081;2021;08;12;5;2;5;3;1;1;0;0;0;0;0;562210,030289282090962;5283332,139716759324074;9,829177777000041;47,700376438000035;08210826436300149810;0
186147;08;1;18;071;2021;09;12;6;3;0;6;1;1;0;0;0;0;0;510809,918949778191745;5419503,154234528541565;9,147581028000047;48,928366356000026;08210903118100173870;0
186148;08;3;15;098;2021;09;18;4;2;5;3;1;1;0;0;0;0;0;403688,535439378581941;5312318,647813757881522;7,709946047000074;47,956931582000038;08210901311010188220;0
186149;08;3;35;043;2021;08;00;6;3;0;1;1;0;0;0;0;2;0;513110,327645512297750;5279812,813171643763781;9,174646689000042;47,671573581000075;08210820335100119620;0
186150;08;3;36;078;2021;08;16;2;3;4;6;1;1;0;0;0;0;0;392491,636909518390894;5290293,984435684978962;7,565490269000065;47,757046797000044;08210823336400143890;0
186151;08;2;15;100;2021;09;19;3;3;5;3;1;1;0;0;0;0;0;475027,112993611954153;5451298,135020488873124;8,657100753000066;49,213963707000062;08210914215202681800;0
186154;08;1;16;078;2021;08;19;5;3;5;3;1;1;0;0;0;0;0;512382,230174096301198;5392659,306744828820229;9,168236950000050;48,686852883000029;08210826116200137350;0
186158;08;2;12;000;2021;08;16;5;3;6;4;0;0;1;1;0;0;0;454954,701161549426615;5427501,281960694119334;8,384157086000073;48,998765779000053;08210819212502143380;0
186159;08;3;17;031;2021;09;14;2;2;5;3;1;1;0;0;0;0;0;416804,178956273943186;5358408,148671118542552;7,876569126000049;48,373354979000055;08210906317010181150;0
186160;08;3;35;098;2021;09;12;2;2;0;7;1;0;0;0;0;0;0;504108,813000000081956;5295776,602999495342374;9,054885651000063;47,815329030000044;08210913335400193500;0
186161;08;1;25;013;2021;09;13;7;3;5;3;1;1;0;0;0;0;0;507593,944597339257598;5436257,058582603931427;9,103988766000043;49,079125530000056;08210904121400201330;0
186162;08;2;22;000;2021;09;16;6;3;6;7;1;0;1;0;0;0;0;462009,992900546640158;5482066,921226436272264;8,475436293000030;49,490050560000043;08210910222200859850;0
186163;08;4;16;048;2021;08;00;7;2;1;1;1;1;0;0;0;2;0;497358,239812053740025;5374703,532367775216699;8,964220704000070;48,525435806000075;08210821416100122400;0
186165;08;3;35;063;2021;09;12;4;3;0;1;1;0;0;0;0;0;0;499480,221095674671233;5291234,057249695062637;8,993062218000034;47,774470339000061;08210908335200184490;0
186167;08;2;12;000;2021;09;06;4;3;1;6;1;1;0;0;0;0;0;455693,036300728097558;5427456,970978841185570;8,394255573000066;48,998420631000045;08210915212402201840;1
186168;08;1;15;003;2021;08;10;4;3;6;7;0;1;1;0;0;0;0;502763,994756544940174;5391538,376611478626728;9,037546889000055;48,676885584000047;08210818115100116740;0
186173;08;2;12;000;2021;09;15;6;3;0;3;1;0;0;0;0;0;0;461348,497955666854978;5427723,355056213214993;8,471545398000046;49,001196823000043;08210903212010193570;0
186175;08;4;15;050;2021;09;17;5;3;4;2;1;1;0;0;0;0;0;520384,697368960827589;5375742,704938048496842;9,276134093000053;48,534458979000078;08210909415100233100;0
186176;08;1;26;066;2021;08;23;7;2;0;7;1;0;0;0;0;2;0;537143,673893425613642;5449476,144953975453973;9,509840295000060;49,196958051000081;08210821126200124350;0
186177;08;3;11;000;2021;08;23;3;3;0;7;0;0;1;0;1;2;0;412781,025999983772635;5316401,016999499872327;7,830879946000039;47,994957190000036;08210824311010161560;0
186179;08;1;16;033;2021;09;16;1;3;8;1;1;0;0;0;0;0;0;534584,544945715926588;5389160,739654641598463;9,469599324000058;48,654544935000047;08210905116400252720;0
186180;08;4;15;061;2021;09;19;5;3;5;3;1;1;0;0;0;0;0;516537,552265396341681;5371232,682494398206472;9,223841767000067;48,493998619000081;08210902416010171860;0
186181;08;1;18;079;2021;09;15;7;2;0;7;1;0;0;0;0;0;0;507383,391999999992549;5421575,286999531090260;9,100838443000043;48,947057010000037;08210911118000206640;1
186183;08;1;11;000;2021;09;05;5;1;5;3;1;1;0;0;0;2;0;512760,435088896192610;5406424,171673532575369;9,173802107000029;48,810673565000059;08210909111500184650;0
186184;08;1;19;085;2021;09;06;5;3;4;2;1;1;0;0;0;1;0;529441,147910537198186;5414025,592687556520104;9,401542064000068;48,878486779000070;08210902119500191500;0
186185;08;4;36;049;2021;09;16;4;2;6;4;1;0;1;0;0;0;0;580303,128000010736287;5282625,472999488934875;10,070166303000065;47,692023405000043;08210901436300171470;0
186186;08;1;16;049;2021;08;14;5;3;6;4;0;1;1;0;0;0;0;524840,865000001154840;5385944,415999518707395;9,337106714000072;48,626074186000039;08210819116500143640;0
186188;08;2;37;040;2021;09;19;7;2;0;7;1;0;0;0;0;1;0;479584,069809962064028;5366307,681109007447958;8,723904035000032;48,449577575000035;08210904237200188300;0
186191;08;1;18;050;2021;08;16;4;3;5;3;1;1;0;0;0;0;0;507933,957461125217378;5417199,280544919893146;9,108272618000058;48,907684888000063;08210825118600157030;0
186192;08;1;18;016;2021;09;18;4;2;0;1;1;0;0;0;0;0;0;504134,399001802317798;5428170,502294817939401;9,056532506000053;49,006415505000064;08210908118000184920;0