OID_;ULAND;UREGBEZ;UKREIS;UGEMEINDE;UJAHR;UMONAT;USTUNDE;UWOCHENTAG;UKATEGORIE;UART;UTYP1;IstRad;IstPKW;IstFuss;IstKrad;IstSonstige;ULICHTVERH;IstGkfz;LINREFX;LINREFY;XGCSWGS84;YGCSWGS84;UIDENTSTLAE;IstStrassenzustand
186194;08;3;26;052;2021;08;18;4;3;6;4;0;1;1;0;0;0;0;450383,575341406278312;5330891,852285461500287;8,333190220000063;48,129347751000068;08210818326300142980;0
186195;08;1;11;000;2021;09;16;3;3;0;3;1;1;0;0;0;0;0;512533,040879046544433;5406459,476616837084293;9,170706002000031;48,810995792000028;08210907111500179100;0
186198;08;3;15;073;2021;08;00;6;2;1;5;1;0;0;0;1;2;0;412179,137021912261844;5313582,454483743757010;7,823390101000030;47,969520945000056;08210820311010256330;0
186200;08;3;36;091;2021;09;12;2;2;0;7;1;0;0;0;0;0;0;395082,149854098446667;5275099,212726118043065;7,603698806000068;47,620796681000058;08210913311010193440;0
186201;08;3;16;043;2021;09;18;7;3;4;7;1;0;0;0;0;0;0;411662,320707053877413;5331362,994196102023125;7,812796628000058;48,129388996000046;08210904316100198810;0
186202;08;2;12;000;2021;09;20;7;3;6;2;0;1;1;0;0;2;0;455975,197558764368296;5428069,713980352506042;8,398046506000071;49,003952513000058;08210911212010205130;0
186206;08;2;12;000;2021;08;16;5;3;5;3;1;1;0;0;0;0;0;460821,173000000417233;5427595,996999528259039;8,464348271000063;49,000017964000051;08210819212010148800;0
186207;08;2;26;031;2021;09;15;2;3;1;7;1;1;0;0;0;0;0;474145,381982553750277;5493244,177732707932591;8,642263588000048;49,591223907000028;08210906226600241900;0
186209;08;4;26;021;2021;09;06;1;3;5;3;1;1;0;0;0;0;0;558351,352420647628605;5327802,243547782301903;9,783767660000024;48,100812137000048;08210912426100209160;0
186210;08;1;16;020;2021;09;17;7;3;6;4;1;0;1;0;0;0;0;525933,884901575744152;5382502,568408543244004;9,351724308000030;48,595066758000030;08210904116500174990;0
186211;08;3;35;075;2021;09;18;6;3;6;4;0;0;1;0;1;0;0;488304,852289265021682;5293511,237099664285779;8,843837222000047;47,794853310000065;08210910335000215690;0
186213;08;2;21;000;2021;08;14;3;2;1;5;1;1;0;0;0;0;0;477485,224355154670775;5473572,997492257505655;8,689595717000032;49,414421199000060;08210824221300155160;0
186220;08;1;25;110;2021;09;18;1;3;0;7;1;0;0;0;0;0;0;524946,648194147273898;5443990,778793517500162;9,342085619000045;49,148233849000064;08210912121600207510;0
186222;08;1;36;088;2021;09;19;6;3;6;4;1;0;1;0;0;0;0;580199,217529894784093;5409969,764789370819926;10,092936796000060;48,837519669000073;08210903136100192080;0
186223;08;3;17;145;2021;09;15;4;3;8;1;1;0;0;0;0;0;0;442602,074879318475723;5349811,610777234658599;8,226060654000037;48,298896219000028;08210901317600176620;0
186225;08;1;16;077;2021;08;13;6;3;0;1;1;0;0;0;0;0;0;515812,531287315301597;5391182,576853051781654;9,214787543000057;48,673490652000055;08210820116200122670;0
186227;08;4;16;041;2021;09;18;3;3;0;1;1;0;0;0;0;0;0;505429,925241628661752;5375201,130397260189056;9,073547919000021;48,529894443000046;08210914416200198950;0
186228;08;2;15;017;2021;09;19;1;3;1;5;1;1;0;0;0;0;0;455108,736970081925392;5422437,409239146858454;8,386821840000039;48,953226766000057;08210905212702175710;0
186232;08;1;18;063;2021;09;16;4;3;5;3;1;1;0;0;0;0;0;514651,953902190551162;5423065,878774978220463;9,200161758000036;48,960336334000033;08210901118500190140;0
186236;08;3;35;043;2021;09;18;7;3;0;1;1;0;0;0;0;0;0;515683,696716519072652;5280787,935776371508837;9,208962137000071;47,680290082000056;08210904335100215050;0
186237;08;1;21;000;2021;09;12;5;3;6;3;0;1;1;0;0;0;0;515167,850393919274211;5442724,210780721157789;9,207945559000052;49,137160044000041;08210916121200234180;0
186238;08;2;31;000;2021;09;08;6;3;5;3;1;1;0;0;0;0;0;477653,848831000737846;5414925,392983013764024;8,695174363000035;48,886877445000039;08210910231000185450;0
186239;08;2;16;015;2021;08;17;4;2;5;2;1;1;0;0;0;0;0;449821,651195047423244;5405450,698513126000762;8,316694043000041;48,800021987000036;08210825216300135190;0
186240;08;1;21;000;2021;09;15;4;3;6;7;0;0;1;0;1;0;0;515100,465040287002921;5442183,307526582852006;9,207001477000063;49,132296092000047;08210908121200214130;0
186242;08;4;26;097;2021;08;18;3;3;0;4;0;1;1;0;0;0;0;535097,413015748374164;5333322,427496282383800;9,471893148000049;48,152181229000064;08210817426300139360;0
186243;08;3;15;048;2021;09;08;2;2;5;3;1;0;0;1;0;0;0;396922,161569837480783;5303736,921728296205401;7,621391962000075;47,878687877000061;08210906311010187500;0
186244;08;3;11;000;2021;08;09;1;2;6;4;0;1;1;0;0;0;0;413343,166443495079875;5317075,653817420825362;7,838277259000051;48,001102212000035;08210829311010272250;1
186247;08;4;26;021;2021;09;14;5;3;0;1;1;0;0;0;0;0;0;557786,751776116900146;5327733,546844024211168;9,776175440000031;48,100245597000026;08210909426100214470;0
186248;08;4;26;001;2021;08;17;6;3;0;1;1;0;0;0;0;0;0;566810,152995610609651;5347867,691453685984015;9,900528812000061;48,280485476000081;08210820426010138110;0
186252;08;1;19;079;2021;09;09;2;3;6;7;0;1;1;0;0;0;0;522629,514543022960424;5408600,872888343408704;9,308341316000053;48,829973627000072;08210906119400177250;0
186254;08;2;16;043;2021;09;17;1;2;0;1;1;0;0;0;0;0;0;442334,627168429084122;5412745,536968849599361;8,213722340000061;48,864989859000048;08210912211000225390;0
186255;08;1;11;000;2021;08;06;6;3;5;3;1;0;0;0;1;1;0;509159,240941751748323;5396953,285572607070208;9,124541711000063;48,725537381000038;08210827111500140430;1
186256;08;1;17;006;2021;09;17;6;3;6;4;0;1;1;0;0;0;0;550074,996860547922552;5380583,875366749241948;9,678884996000022;48,576341547000027;08210903117200217020;0
186257;08;2;16;007;2021;09;09;4;3;5;3;1;1;0;0;0;0;0;436349,099785964936018;5394649,997768815606833;8,134920058000034;48,701636426000050;08210901216200172290;0
186258;08;1;35;019;2021;08;17;6;2;0;1;1;0;0;0;0;0;0;585566,884069088846445;5392441,013608725741506;10,162426975000074;48,679147099000033;08210820135200135280;0
186259;08;2;35;065;2021;08;12;2;3;5;3;1;1;0;0;0;0;0;473803,077866612933576;5403782,385075014084578;8,643358966000051;48,786487499000032;08210823235100131570;0
186260;08;3;26;074;2021;09;19;6;2;0;1;1;0;0;0;0;0;0;460616,033215115778148;5324032,330549690872431;8,471333473000072;48,068350611000028;08210903325000193920;0
186261;08;3;35;063;2021;09;12;5;2;0;1;1;0;0;0;0;0;0;498421,027970829047263;5293225,388933729380369;8,978917329000069;47,792385675000048;08210909335200183720;0
186263;08;3;15;047;2021;08;16;3;2;5;3;1;1;0;0;0;0;0;415034,594376442953944;5322338,350130064412951;7,859904262000043;48,048669149000034;08210824311010246860;0
186264;08;2;22;000;2021;09;06;4;3;5;3;1;1;0;0;0;1;0;462939,090118751861155;5479085,193611914291978;8,488544030000071;49,463288836000061;08210915222500201610;1
186265;08;3;17;026;2021;08;06;6;3;5;2;1;1;0;0;0;0;0;412578,406078685075045;5344945,558849895372987;7,822309098000062;48,251690518000032;08210827317300138630;0
186266;08;3;11;000;2021;09;04;1;2;0;7;1;0;0;0;0;2;0;414068,708003397099674;5317364,164861910045147;7,847944042000051;48,003795418000038;08210905311010224560;0
186267;08;1;15;045;2021;09;15;4;3;0;7;1;0;0;0;0;0;0;499587,288240564987063;5395204,087722375988960;8,994389943000044;48,709868660000041;08210908115400709780;0
186268;08;3;35;075;2021;09;15;1;3;0;1;1;0;0;0;0;0;0;491470,526225568726659;5293258,211225124076009;8,886112654000044;47,792626434000056;08210912335010226640;0
186269;08;3;17;096;2021;08;18;6;3;5;2;1;1;0;0;0;0;0;421718,052740808576345;5369312,811065625399351;7,940875181000024;48,472071032000031;08210827317500142320;0
186270;08;1;19;091;2021;09;16;6;3;6;4;0;1;1;0;0;0;0;526768,210737314075232;5406656,032129058614373;9,364605622000056;48,812313779000078;08210903119400174030;0
186271;08;2;36;040;2021;09;18;4;3;5;2;1;1;0;0;0;0;0;488544,066220205277205;5422117,517503369599581;8,843525873000033;48,951872701000070;08210901231102191660;0
186272;08;4;25;071;2021;08;16;6;2;8;1;1;0;0;0;0;0;0;550869,621346793137491;5370850,395347092300653;9,688469065000049;48,488718078000034;08210820117010121600;0
186277;08;4;16;041;2021;08;16;5;2;0;7;1;1;0;0;0;0;0;505455,408262733370066;5375312,921341381967068;9,073894547000066;48,530899932000068;08210826416010136660;0
186279;08;3;11;000;2021;08;07;3;3;3;2;1;1;0;0;0;0;0;413384,996964451856911;5316172,109165985137224;7,839020298000037;47,992980188000047;08210831311000161250;0
186280;08;1;16;011;2021;08;18;5;2;5;3;1;1;0;0;0;0;0;530378,459826830774546;5380244,927730582654476;9,411836615000027;48,574557064000032;08210819116500145010;0
186282;08;3;11;000;2021;09;16;2;3;5;3;1;1;0;0;0;0;0;414650,622706557624042;5316634,063440345227718;7,855889230000059;47,997305839000035;08210913311010198040;0
186285;08;4;26;070;2021;09;18;6;3;5;3;1;1;0;0;0;0;0;564619,885501573793590;5341554,196910882368684;9,870045887000060;48,223918229000049;08210910426010237840;0
186286;08;4;15;053;2021;08;16;7;3;0;1;1;0;0;0;0;0;0;535361,929000000469387;5356396,370999507606030;9,477378079000061;48,359750688000076;08210821415200124760;0
186288;08;1;19;020;2021;09;16;4;3;4;1;1;1;0;0;0;0;0;520126,057107919827104;5406444,551634354516864;9,274124773000040;48,810661989000039;08210908119200184810;0
186290;08;3;11;000;2021;09;15;4;3;0;2;0;1;1;0;0;0;0;413361,907736565917730;5316893,471579888835549;7,838565240000037;47,999465962000045;08210915311010231840;1
186291;08;4;35;016;2021;08;21;4;3;5;3;1;1;0;0;0;2;0;536614,284000000916421;5278606,502999488264322;9,487641041000074;47,659816191000061;08210818435100129490;0
186295;08;4;35;057;2021;09;09;6;2;5;3;1;1;0;0;0;0;0;544144,321000003255904;5279563,923999492079020;9,588020293000056;47,667960291000043;08210903435100194970;0
186297;08;4;35;066;2021;08;16;6;3;8;7;1;0;0;0;0;0;0;517274,043591778725386;5285391,242265863344073;9,230333363000057;47,721668182000030;08210820435200135780;0
186300;08;2;26;041;2021;09;15;4;3;5;3;1;1;0;0;0;0;0;477505,841228231787682;5466565,601182132959366;8,690276368000070;49,351391235000051;08210915226700235820;1
186303;08;3;25;049;2021;09;16;1;2;0;1;1;0;0;0;0;0;0;473345,420830572023988;5336524,136925600469112;8,641419376000044;48,181396179000046;08210912325202194510;0
186304;08;2;36;038;2021;08;14;6;3;5;3;1;1;0;0;0;0;0;489655,816280268132687;5428230,196595875546336;8,858555469000066;49,006879647000062;08210827231102159090;0
186307;08;1;18;071;2021;08;19;6;3;1;5;1;1;0;0;0;0;0;508716,769640246406198;5418973,625723103061318;9,118993330000023;48,923635893000039;08210820118100126700;0
186308;08;4;37;088;2021;08;12;2;3;6;1;1;0;1;0;0;0;0;519150,100925115868449;5307858,289949677884579;9,256341865000024;47,923759738000058;08210823437100138090;0
186313;08;4;25;033;2021;09;18;4;3;5;3;1;1;0;0;0;0;0;553760,277717401273549;5348254,932547409087420;9,724696236000057;48,285211924000066;08210908425000183320;0
186314;08;3;17;096;2021;09;16;5;3;5;3;1;1;0;0;0;0;0;421117,720228112302721;5371720,546499915421009;7,932299874000023;48,493653264000045;08210902317500190780;0
186315;08;1;19;020;2021;09;14;4;3;0;7;1;0;0;0;0;0;0;520794,753657473251224;5407116,221778362989426;9,283266605000051;48,816682180000043;08210901119200190920;0
186318;08;3;15;070;2021;09;14;2;3;5;3;1;1;0;0;0;0;0;451246,436502376571298;5304921,393576102331281;8,347738949000075;47,895769105000056;08210913311500193980;0
186319;08;2;26;041;2021;09;11;7;3;0;1;1;0;0;0;0;0;0;478620,442106262780726;5466874,147966669872403;8,705606604000025;49,354206698000041;08210904226700174160;0
186320;08;3;37;126;2021;09;17;3;3;6;4;0;1;1;0;0;0;0;445483,505424926988780;5275911,839109573513269;8,274283866000076;47,634311224000044;08210914337010197430;0
186321;08;4;36;081;2021;09;16;7;3;9;1;1;0;0;0;0;0;0;560348,490300001576543;5282997,797999491915107;9,804322195000054;47,697545038000044;08210904436500180700;0
186322;08;1;28;020;2021;09;15;7;3;0;1;1;0;0;0;0;0;0;574742,497401730157435;5480017,089943375438452;10,031587176000073;49,468201712000052;08210911128100227220;0
186324;08;2;12;000;2021;09;10;5;3;0;2;1;1;0;0;0;0;0;454268,048999998718500;5428873,768999530002475;8,374615429000073;49,011060913000051;08210909212502186850;0
186325;08;3;35;075;2021;09;10;5;3;0;1;1;0;0;0;0;0;0;487858,670744008384645;5290327,571129063144326;8,837968512000032;47,766200026000035;08210902335300171500;0
186326;08;1;11;000;2021;09;15;4;3;6;4;0;1;1;0;0;0;0;514953,204014884307981;5402451,705589083954692;9,203523699000073;48,774888820000058;08210901111240188240;0
186328;08;2;12;000;2021;09;20;3;2;6;6;1;0;1;0;0;2;0;455835,179825137369335;5423923,561919072642922;8,396582632000047;48,966647293000051;08210907212010191070;0
186329;08;1;15;045;2021;09;18;3;2;3;2;1;1;0;0;0;0;0;497333,755664143711329;5396139,950093746185303;8,963751271000035;48,718282174000080;08210914118000220810;0
186330;08;1;28;020;2021;09;14;7;3;6;7;0;1;1;0;0;0;0;572248,453776784241199;5480683,312627572566271;9,997291906000044;49,474495248000039;08210904128100175600;0
186333;08;3;17;065;2021;08;18;1;3;5;1;1;1;0;0;0;0;0;416528,137436836026609;5354696,186250736936927;7,873578716000054;48,339929849000043;08210822317300127320;0
186334;08;3;11;000;2021;08;20;4;3;1;1;1;0;0;1;0;1;0;417568,223223125562072;5315298,819412881508470;7,895248505000040;47,985677461000080;08210825311300164360;0
186335;08;2;12;000;2021;09;13;4;3;0;2;1;0;0;1;0;0;0;455531,249490406364202;5428885,439098335802555;8,391887387000054;49,011258214000065;08210908212010181340;0
186338;08;2;12;000;2021;08;20;4;3;0;7;1;0;0;0;0;0;0;456522,864340525120497;5428031,096927834674716;8,405538493000051;49,003643970000041;08210818212402117010;0
186339;08;1;18;081;2021;09;10;2;3;1;7;1;1;0;0;0;0;0;520172,150702765211463;5413043,876451747491956;9,275077474000057;48,870026458000041;08210906118300177530;0
186341;08;2;12;000;2021;08;18;1;3;0;7;1;0;0;0;0;0;0;461360,097755860537291;5427499,831605670973659;8,471725252000056;48,999186904000055;08210829212102144890;1
186346;08;3;15;115;2021;08;17;7;3;9;1;1;0;0;0;0;0;0;407578,987364215776324;5320646,219080146402121;7,760250901000063;48,032412262000037;08210821311100167880;0
186349;08;1;25;030;2021;09;13;1;3;0;7;1;0;0;0;0;0;0;513915,758369834162295;5438894,189036272466183;9,190647850000062;49,102737187000059;08210905121200186380;0
186350;08;3;17;011;2021;09;14;1;3;5;3;1;1;0;0;0;0;0;428292,101199129596353;5354547,678100928664207;8,032328784000072;48,340038884000080;08210912317600222290;0
186351;08;1;16;035;2021;08;20;6;2;2;6;1;0;0;0;0;2;0;526543,018141287378967;5392412,864000560715795;9,360620360000041;48,684194286000036;08210827116500164100;0
186357;08;4;15;061;2021;09;07;2;3;5;3;1;0;0;0;0;0;0;514688,258058681152761;5369900,721071768552065;9,198764233000077;48,482061760000079;08210913415400267370;0
186358;08;2;22;000;2021;09;12;7;3;5;3;1;1;0;0;0;0;0;461932,724502551369369;5488374,643341835588217;8,473760980000066;49,546780056000046;08210904222800862430;0
186359;08;4;15;061;2021;09;01;7;3;0;1;1;0;0;0;0;2;0;515065,406016329303384;5372699,053766600787640;9,203968791000023;48,507227621000027;08210911415400244120;0
186363;08;2;26;084;2021;08;05;3;3;5;3;1;0;0;0;1;2;0;468500,861999999731779;5471047,772999543696642;8,565934549000076;49,391308665000054;08210831226400156310;0
186366;08;1;25;087;2021;08;08;2;2;1;5;1;1;0;0;0;0;0;506400,040374513715506;5457658,866527404636145;9,087980427000048;49,271655452000061;08210830121100165970;0
186370;08;3;17;046;2021;08;11;7;2;4;6;1;0;0;0;1;0;0;430073,522999997250736;5344470,864999504759908;8,058033955000042;48,249592577000044;08210821317000153770;0
186371;08;3;36;091;2021;08;10;3;3;1;6;1;1;0;0;0;0;0;397213,844827522523701;5272046,078612470999360;7,632776105000062;47,593674762000035;08210824311010141280;0
186373;08;2;15;100;2021;08;18;3;3;6;4;0;1;1;0;0;0;0;474348,896605797111988;5452085,634125364944339;8,647738102000062;49,221019325000043;08210831215202152290;0
186375;08;4;21;000;2021;08;23;3;2;0;1;1;0;0;0;0;2;0;571897,110816949047148;5359907,106374654918909;9,971140313000035;48,388227160000042;08210817426010125350;1
186378;08;2;22;000;2021;09;00;1;3;1;5;1;1;0;0;0;2;0;466739,291915176436305;5481452,608722763136029;8,540787486000056;49,484802760000036;08210912222301204470;0
186379;08;1;26;039;2021;09;16;6;3;6;4;0;1;1;0;0;0;0;547525,635533443652093;5460873,781773777678609;9,653688277000072;49,298758804000045;08210903126100196380;0
186380;08;3;35;043;2021;09;16;4;3;5;3;1;1;0;0;0;0;0;511413,561697665601969;5280091,300859531387687;9,152050917000054;47,674111499000048;08210901335100172180;0
186382;08;4;36;018;2021;08;17;5;3;9;1;1;0;0;0;0;0;0;552292,024000001139939;5283670,534999493509531;9,697035455000048;47,704300025000066;08210819436300145960;0
186383;08;1;15;003;2021;08;19;2;3;0;1;1;0;0;0;0;0;0;500563,094007950276136;5391827,970667794346809;9,007649624000067;48,679496672000028;08210823115100139560;1
186384;08;4;35;059;2021;09;17;3;3;0;7;1;0;0;0;0;0;0;511162,809410003013909;5291392,327355431392789;9,149000111000021;47,775797881000074;08210914435200198880;0
186385;08;3;35;043;2021;09;07;4;3;5;3;1;1;0;0;0;0;0;512122,856754814274609;5281612,230533672496676;9,161542314000030;47,687783387000081;08210915335100228550;0
186386;08;4;16;041;2021;09;07;6;3;0;7;1;1;0;0;0;0;0;504953,621021797880530;5373745,231303311884403;9,067079122000052;48,516800594000074;08210910416010861020;0
186391;08;1;21;000;2021;09;07;4;3;5;2;1;1;0;0;0;0;0;516799,978360056877136;5444154,987366611137986;9,230380898000021;49,149987870000075;08210915121200245070;1
186392;08;2;12;000;2021;08;11;4;3;6;4;0;0;1;0;1;0;0;455975,201673192903399;5427898,860406829044223;8,398065085000042;49,002415666000047;08210818212010128300;0
186393;08;1;11;000;2021;09;16;2;3;3;6;1;1;0;0;0;0;0;517833,119249292649329;5402596,098303662613034;9,242727310000021;48,776111879000041;08210906111500203100;0
186395;08;1;16;033;2021;08;23;7;3;0;7;1;0;0;0;0;2;0;533730,356864933855832;5388740,540060212835670;9,457967057000076;48,650811571000077;08210828116400142250;0
186398;08;4;17;008;2021;08;21;7;2;0;1;1;0;0;0;0;2;0;495014,748193746432662;5349728,666021717712283;8,932777922000071;48,300734397000042;08210828417300158540;1
186399;08;4;16;041;2021;09;18;5;2;0;1;1;0;0;0;0;0;0;504383,934409637935460;5374777,920439200475812;9,059375611000064;48,526095277000081;08210909416010185590;0
186401;08;3;11;000;2021;08;14;3;3;0;7;1;0;0;0;0;0;0;414528,111271549016237;5318678,108981411904097;7,853839952000044;48,015676428000063;08210824311010132550;0
186402;08;2;21;000;2021;09;16;3;3;5;3;1;1;0;0;0;0;0;474116,211541224271059;5472244,976175069808960;8,643235631000039;49,402341901000057;08210914221011201060;0
186403;08;4;21;000;2021;09;16;7;2;8;1;1;0;0;0;0;0;0;572169,776272332295775;5360758,642067801207304;9,974969086000044;48,395855807000032;08210904421300175110;0
186406;08;1;19;067;2021;09;06;5;3;5;3;1;1;0;0;0;2;0;538848,856844112277031;5405386,805045733228326;9,529027912000060;48,800258529000075;08210909119300184760;0
186409;08;2;15;106;2021;08;16;2;3;0;7;1;0;0;0;0;0;0;465063,107294640503824;5452516,517325820401311;8,520184607000033;49,224435848000041;08210823215502153660;0
186413;08;1;19;079;2021;08;13;4;3;1;5;1;1;0;0;0;0;0;524121,603382829576731;5408818,084825200960040;9,328684403000068;48,831871440000043;08210825119400150130;0
186415;08;3;17;129;2021;08;18;3;2;2;6;1;0;0;0;0;0;0;428234,294999994337559;5352820,732999507337809;8,031842976000064;48,324497795000070;08210831317600150620;0
186416;08;1;27;014;2021;08;13;5;3;0;7;1;1;0;0;0;0;0;576726,161722901277244;5442289,392762564122677;10,051714953000044;49,128645680000034;08210819127202147180;0
186417;08;4;16;041;2021;09;19;2;3;4;2;1;1;0;0;0;0;0;506680,121606191620231;5374824,799957280978560;9,090475681000044;48,526496781000048;08210906416200207990;0
186419;08;1;25;065;2021;09;11;2;3;5;2;1;1;0;0;0;0;0;516209,498488947749138;5448719,252533072605729;9,222467501000040;49,191060592000042;08210913121501217690;0
186424;08;2;12;000;2021;09;09;4;3;5;3;1;0;0;0;1;0;0;455971,871861007064581;5427897,739270715042949;8,398019682000040;49,002405344000067;08210915212010200060;1
186425;08;2;12;000;2021;08;16;4;3;5;3;1;0;0;0;0;0;0;456796,346892630681396;5427789,848927967250347;8,409303269000077;49,001493116000063;08210818212402119820;0
186428;08;1;11;000;2021;09;13;1;3;0;7;1;0;0;0;0;0;0;516856,410000001080334;5407172,700999528169632;9,229621222000048;48,817309600000044;08210912111320194880;0
186431;08;3;15;047;2021;09;16;4;3;0;6;1;1;0;0;0;0;0;415805,985877207480371;5321984,071037255227566;7,870322671000054;48,045584515000030;08210901311010182960;0
186432;08;1;16;058;2021;08;17;6;3;5;7;1;1;0;0;0;0;0;534035,142000000923872;5395240,300999525934458;9,462640238000063;48,709265757000026;08210820116010146050;0
186433;08;4;35;016;2021;08;15;1;3;0;1;1;0;0;0;0;0;0;530998,014906216412783;5279839,459933873265982;9,412931397000023;47,671203217000027;08210822435100129540;0
186435;08;3;35;043;2021;08;07;2;3;0;1;1;0;0;0;0;0;0;511377,908000001683831;5280910,601999493315816;9,151597294000055;47,681483923000030;08210830335100162850;1
186438;08;2;22;000;2021;09;14;7;3;5;3;1;1;0;0;0;0;0;463059,808560814708471;5478881,631169375032187;8,490228920000050;49,461465241000042;08210911222500264360;0
186439;08;4;35;016;2021;08;06;4;3;0;6;1;1;0;0;0;0;0;535414,261489237658679;5282231,132945928722620;9,471953308000025;47,692495219000079;08210825435100163780;0
186440;08;1;11;000;2021;09;13;5;3;0;7;1;0;0;0;0;0;0;514193,512000000104308;5399704,779999524354935;9,193089067000074;48,750195443000052;08210909111230201220;0
186441;08;4;21;000;2021;08;12;3;3;4;2;1;1;0;0;0;0;0;573259,613687454722822;5361399,001760041341186;9,989801595000074;48,401490289000037;08210831421200162920;0
186443;08;2;12;000;2021;09;18;3;3;0;3;1;0;0;1;0;0;0;456075,726000000722706;5424876,178999528288841;8,399766131000035;48,975233387000060;08210907212010181430;0
186445;08;1;28;115;2021;09;15;7;3;0;7;1;0;0;0;0;0;0;545454,776843975298107;5493194,952610248699784;9,628914044000055;49,589625360000070;08210904128200186660;0
186448;08;3;35;043;2021;08;09;4;3;3;7;1;0;0;0;1;0;0;513003,211813453584909;5278598,194107420742512;9,173183620000032;47,660647000000040;08210825335100145830;0
186450;08;2;21;000;2021;09;16;7;3;5;2;1;1;0;0;0;0;0;477842,697000000625849;5473261,136999547481537;8,694541415000060;49,411629187000074;08210911221200226370;0
186451;08;1;16;019;2021;08;12;5;3;5;3;1;1;0;0;0;0;0;524315,146966574713588;5397922,367617662996054;9,330677068000057;48,733848125000065;08210826116100149990;1
186452;08;1;16;019;2021;09;18;5;3;5;3;1;1;0;0;0;0;0;519650,986316621303558;5400099,193864358589053;9,267350849000024;48,753595244000053;08210909116010188990;0
186454;08;1;15;003;2021;08;11;5;2;2;6;1;1;0;0;0;0;0;501007,679282309487462;5393520,452771518379450;9,013693436000040;48,694721863000041;08210819115400144110;0
186457;08;2;12;000;2021;09;14;7;3;3;6;1;1;0;0;0;0;0;453284,848395006731153;5428915,314521173015237;8,361166242000024;49,011360964000062;08210904212010174820;0
186458;08;1;11;000;2021;09;09;5;3;5;3;1;1;0;0;0;0;0;514555,067307838238776;5404263,769501721486449;9,198168978000069;48,791199412000026;08210916111500205570;1
186463;08;2;15;106;2021;08;10;4;2;5;3;1;1;0;0;0;0;0;464560,805781624279916;5452858,822480503469706;8,513256127000034;49,227486002000035;08210818212010138870;0
186464;08;4;25;066;2021;09;11;2;2;5;2;1;1;0;0;0;0;0;577275,699044790118933;5346800,736667431890965;10,041375441000071;48,269696910000050;08210906426010204340;0
186467;08;2;22;000;2021;09;17;6;3;5;3;1;1;0;0;0;0;0;462663,993535812012851;5480597,632056299597025;8,484605041000066;49,476875640000060;08210903222700192950;0
186468;08;2;26;085;2021;09;14;5;3;5;7;1;0;0;0;0;0;0;494029,893938521854579;5451464,056452130898833;8,918022107000070;49,215936087000046;08210909226500260990;0
186469;08;3;16;011;2021;08;15;7;3;0;7;1;0;1;0;0;0;0;413821,351335752755404;5330555,340297061949968;7,841969773000073;48,122420065000028;08210821316100149020;0
186471;08;1;11;000;2021;09;12;4;2;5;2;1;1;0;0;0;0;0;518221,108621134422719;5401712,094265131279826;9,247969033000061;48,768148234000080;08210915111500203210;1
186472;08;3;36;105;2021;08;16;6;2;5;3;1;1;0;0;0;0;0;400516,473253028467298;5266715,057958554476500;7,677901819000056;47,546234900000059;08210827311010145310;0
186474;08;4;16;041;2021;09;20;3;3;3;6;1;0;0;0;1;1;0;503999,737780545838177;5375208,350153962150216;9,054176220000045;48,529970140000046;08210907416000192650;0
186475;08;2;31;000;2021;09;17;1;2;0;7;1;0;0;0;0;0;0;478511,072999999858439;5415182,712999526411295;8,706854133000036;48,889222529000051;08210912231000192420;0
186476;08;2;22;000;2021;08;12;6;3;0;6;1;0;0;0;1;0;0;468490,924287894740701;5479270,912113012745976;8,565144339000028;49,465272714000037;08210827222400158990;0
186478;08;4;36;064;2021;09;17;4;3;5;3;1;1;0;0;0;0;0;545568,721954076550901;5293511,905558923259377;9,608452800000066;47,793352939000044;08210901436200171640;0
186479;08;1;18;078;2021;08;22;6;3;6;2;0;0;1;0;1;2;0;515519,598505760543048;5420955,586815029382706;9,211934233000022;48,941331750000074;08210820118500130370;0
186481;08;1;35;031;2021;09;13;3;3;5;2;1;1;0;0;0;0;0;595824,631378898397088;5377921,935013353824615;10,298390034000022;48,547073685000043;08210914135100208040;0
186482;08;1;36;050;2021;09;12;1;2;0;1;1;0;0;0;0;0;0;581141,444997970014811;5404727,403180841356516;10,104738185000031;48,790246218000050;08210905136100261650;0
186483;08;4;21;000;2021;09;15;5;2;5;1;1;1;0;0;0;0;0;572016,826000005006790;5359529,300999511033297;9,972692339000048;48,384815035000031;08210902426010193640;0
186485;08;4;26;021;2021;08;11;4;2;0;1;1;0;0;0;0;0;0;559484,644403507001698;5327902,235873585566878;9,799002309000059;48,101606862000040;08210825426010145050;0
186486;08;1;25;056;2021;09;13;5;3;0;7;1;0;0;0;0;0;0;512041,337833811528981;5435801,037731382995844;9,164875988000063;49,074952482000072;08210909121400186920;0
186487;08;3;11;000;2021;08;10;3;3;1;5;1;1;0;0;0;0;0;413788,328661794774234;5315690,930682934820652;7,844522018000021;47,988706317000037;08210831311300148090;0
186492;08;4;35;016;2021;09;16;4;3;5;2;1;0;0;0;1;0;0;536316,956215504556894;5280026,218275872990489;9,483799302000023;47,672606687000041;08210915435100251830;0
186493;08;4;36;064;2021;09;13;6;3;5;3;1;1;0;0;0;0;0;545747,674836630001664;5293214,798677286133170;9,610810789000027;47,790667177000046;08210910436200218630;0
186497;08;1;19;079;2021;08;18;3;3;0;1;1;0;0;0;0;0;0;522939,183548901230097;5415588,061518492177129;9,312952315000075;48,892816916000072;08210831119400158780;0