OID_;ULAND;UREGBEZ;UKREIS;UGEMEINDE;UJAHR;UMONAT;USTUNDE;UWOCHENTAG;UKATEGORIE;UART;UTYP1;IstRad;IstPKW;IstFuss;IstKrad;IstSonstige;ULICHTVERH;IstGkfz;LINREFX;LINREFY;XGCSWGS84;YGCSWGS84;UIDENTSTLAE;IstStrassenzustand
186499;08;3;11;000;2021;08;16;4;3;0;1;1;0;0;0;0;0;0;413377,647011681459844;5316555,147340374067426;7,838844489000053;47,996424753000042;08210818311010161440;0
186500;08;4;26;021;2021;09;18;2;2;0;1;1;0;0;0;0;0;0;559862,234000002965331;5324318,987999500706792;9,803571307000027;48,069335996000063;08210906426010187960;0
186501;08;3;17;129;2021;09;18;4;3;4;7;1;1;0;0;0;0;0;430025,832204249687493;5350025,148387370631099;8,056472073000066;48,299551064000070;08210908317600212170;0
186503;08;4;15;014;2021;09;22;6;3;0;1;1;0;0;0;0;2;0;525726,256139806471765;5374996,168719900771976;9,348444298000061;48,527546716000074;08210903415100173440;0
186504;08;2;35;079;2021;09;11;5;3;0;1;1;0;0;0;0;0;0;466871,235734124667943;5399879,459388688206673;8,549306944000023;48,751047329000073;08210909235100194220;0
186505;08;4;35;024;2021;08;17;6;3;3;3;1;1;0;0;0;0;0;527898,273337147198617;5279807,727355614304543;9,371637974000066;47,671058875000028;08210820435100166020;0
186506;08;3;36;045;2021;08;01;3;3;0;7;1;0;0;0;0;2;0;399665,622360444627702;5285405,764366330578923;7,662313382000036;47,714232937000077;08210824336400141480;0
186509;08;3;11;000;2021;09;18;1;3;0;7;1;0;0;0;0;0;0;409767,969425857067108;5315570,008361533284187;7,790675505000024;47,987063993000049;08210905311300188850;0
186510;08;3;37;126;2021;09;13;3;3;2;6;1;1;0;0;0;0;0;440656,043460290879011;5275806,221628317609429;8,210041717000024;47,632936512000072;08210907337010190950;0
186511;08;2;26;018;2021;09;20;4;3;0;7;1;0;0;0;0;2;0;473110,921568934805691;5472159,697413157671690;8,629385476000039;49,401531254000076;08210908221400242740;0
186512;08;4;26;028;2021;08;21;2;3;8;1;1;0;0;0;0;2;0;568815,460000005550683;5342435,363999506458640;9,926671008000028;48,231403584000077;08210830426200147050;1
186513;08;4;16;041;2021;08;21;3;3;0;1;1;1;0;0;0;2;0;503372,407663686200976;5374546,223277958109975;9,045673715000021;48,524017096000080;08210817416010113340;1
186514;08;2;22;000;2021;09;16;2;3;5;3;1;1;0;0;0;0;0;462397,480888768099248;5478371,479744931682944;8,481137701000023;49,456836026000076;08210906222500191530;0
186515;08;2;12;000;2021;08;11;7;3;0;2;1;1;0;0;0;0;0;454952,760333245620131;5433896,489951122552156;8,383420169000033;49,056290869000065;08210828215102142170;0
186516;08;2;22;000;2021;09;17;2;2;5;7;1;1;0;0;0;0;0;461200,519770679995418;5482109,969348045065999;8,464255421000075;49,490386533000049;08210913222014194040;0
186517;08;1;11;000;2021;09;14;7;3;6;4;0;1;1;0;0;0;0;515257,014199795201421;5403648,941842889413238;9,207703176000052;48,785651664000056;08210904111500186610;0
186518;08;2;26;032;2021;09;14;5;3;5;3;1;1;0;0;0;0;0;466841,388055989518762;5462428,831782184541225;8,543784886000026;49,313695085000063;08210909226200183710;0
186519;08;4;26;074;2021;08;23;7;2;8;6;1;1;0;0;0;2;0;555731,651204663328826;5326297,574049305170774;9,748386902000050;48,087510311000074;08210821135010153760;0
186520;08;1;11;000;2021;08;17;4;3;1;5;1;1;0;0;0;0;0;507561,121934200637043;5399446,691617313772440;9,102857265000068;48,747989536000034;08210825111230146450;0
186522;08;1;15;028;2021;09;11;2;3;0;7;1;0;0;0;0;0;0;496927,552669377997518;5404172,846284380182624;8,958168818000047;48,790544232000059;08210906115300187690;0
186523;08;1;15;045;2021;09;16;4;3;5;3;1;1;0;0;0;0;0;500707,179676648229361;5396893,838393356651068;9,009615703000065;48,725069493000035;08210908115400751700;0
186528;08;4;16;041;2021;09;16;4;3;6;4;0;1;1;0;0;0;0;505965,676861282438040;5375283,825713837519288;9,080805810000072;48,530633534000060;08210901416200172170;0
186530;08;1;16;033;2021;08;11;2;3;1;5;1;1;0;0;0;0;0;532820,678999999538064;5389226,321999520063400;9,445654999000055;48,655230053000025;08210823116400128990;1
186532;08;1;28;131;2021;09;17;1;3;0;1;1;0;0;0;0;0;0;538060,919000000692904;5512239,192999558523297;9,528470230000039;49,761423270000080;08210905128300177690;0
186534;08;1;25;110;2021;09;18;7;2;8;1;1;0;0;0;0;0;0;528216,881863492541015;5443006,781790200620890;9,386859397000023;49,139241055000070;08210911121600220850;1
186537;08;3;17;096;2021;08;07;3;3;0;3;1;0;0;1;0;1;0;422404,499835119582713;5369025,474776806309819;7,950214237000068;48,469571543000029;08210831317500148630;1
186539;08;1;17;024;2021;09;17;3;3;0;1;1;0;0;0;0;0;0;559807,664714811369777;5384935,215820085257292;9,811448295000048;48,614629889000071;08210907117200181730;0
186540;08;1;11;000;2021;09;08;3;3;5;3;1;1;0;0;0;0;0;512201,588549062609673;5406473,773341342806816;9,166191908000030;48,811131000000046;08210914111500199130;0
186541;08;2;21;000;2021;09;11;7;3;1;7;0;1;1;0;0;0;0;482605,841553513891995;5473932,737572336569428;8,760175578000030;49,417824974000041;08210904221300192970;0
186542;08;1;16;019;2021;09;07;5;2;0;1;1;0;0;0;0;0;0;522091,833737221546471;5398104,836885364726186;9,300451062000036;48,735572401000070;08210916116100233190;1
186543;08;2;15;017;2021;09;12;6;3;0;7;1;0;0;0;0;0;0;454653,480350495316088;5420768,007696023210883;8,380789612000058;48,938176985000041;08210910212010192330;0
186545;08;3;11;000;2021;08;08;4;2;4;3;1;0;0;0;1;0;0;413778,861999984830618;5315600,854999499395490;7,844413255000063;47,987894777000065;08210825311010153580;0
186546;08;1;35;019;2021;09;14;4;3;0;1;1;0;0;0;0;0;0;584318,988394387066364;5391936,201320679858327;10,145374912000023;48,674776449000035;08210908135200181270;0
186548;08;1;11;000;2021;09;13;4;3;6;2;0;1;1;0;0;0;0;518144,271792084909976;5403859,730031566694379;9,247018155000035;48,787470355000039;08210915111500225230;1
186549;08;2;26;063;2021;08;18;4;3;6;4;1;0;1;0;0;0;0;469572,158908188343048;5471787,843569725751877;8,580640177000021;49,398019900000065;08210818226400139550;0
186550;08;4;26;128;2021;09;14;1;2;0;1;1;0;0;0;0;0;0;559162,865970842540264;5331219,392679523676634;9,795140933000027;48,131478427000047;08210905426100176340;0
186551;08;1;15;051;2021;09;16;4;3;4;6;1;1;0;0;0;0;0;504590,049015901982784;5385793,943576579913497;9,062288831000046;48,625196998000035;08210908115100225350;0
186552;08;1;28;007;2021;08;17;1;3;5;3;1;1;0;0;0;0;0;555739,438075065612793;5482289,663220569491386;9,769658607000054;49,490683052000065;08210829128100156450;1
186553;08;2;31;000;2021;09;18;2;2;5;3;1;1;0;0;0;0;0;480178,844999998807907;5414225,774999529123306;8,729651537000052;48,880669795000074;08210913231000162490;0
186558;08;4;21;000;2021;09;18;5;3;6;7;1;0;1;0;0;0;0;572815,813764649443328;5360795,552121166139841;9,983701722000035;48,396113540000044;08210902426010197370;0
186559;08;2;12;000;2021;09;17;3;2;6;4;0;0;1;0;1;0;0;456379,877739453688264;5428053,642860472202301;8,403581131000067;49,003836685000067;08210914212010218430;0
186564;08;2;22;000;2021;09;14;6;2;5;3;1;1;0;0;0;0;0;460626,666316121816635;5482253,822420522570610;8,456317675000037;49,491643445000079;08210903222014188400;0
186565;08;1;11;000;2021;09;22;5;1;9;7;1;0;0;0;0;2;0;507937,352326019667089;5406926,606211120262742;9,108119715000043;48,815273739000077;08210902111500178260;0
186567;08;4;25;031;2021;08;13;2;2;5;3;1;1;0;0;0;0;0;569430,300000005401671;5368874,856999512761831;9,939310523000074;48,469171210000070;08210823117010128290;0
186568;08;2;21;000;2021;08;05;2;3;3;6;1;1;0;0;0;2;0;472026,002699218690395;5472966,471891682595015;8,614375465000023;49,408739115000060;08210830221400161950;1
186569;08;4;25;071;2021;09;17;2;3;5;3;1;1;0;0;0;0;0;551006,237000001594424;5371174,255999512970448;9,690357428000027;48,491620378000050;08210913425000211840;0
186573;08;4;25;033;2021;09;07;4;3;6;7;0;0;1;0;1;1;0;554034,341217517852783;5347973,159760706126690;9,728354301000024;48,282653754000080;08210908425000182320;0
186576;08;4;35;030;2021;09;18;7;3;0;1;1;0;0;0;0;0;0;540958,023710470646620;5271281,304267488420010;9,544804520000071;47,593648232000078;08210911435100199090;0
186577;08;4;36;049;2021;08;10;5;3;0;7;1;0;0;0;0;0;0;578008,923267603851855;5282587,880111193284392;10,039590942000075;47,691966260000072;08210826436300135960;0
186579;08;4;17;002;2021;09;17;4;2;5;3;1;1;0;0;0;0;0;489548,548296047374606;5346439,980241002514958;8,859152194000046;48,271080345000030;08210901417200179630;0
186580;08;3;37;126;2021;08;16;6;3;5;2;1;1;0;0;0;0;0;442377,700830038636923;5273287,337150920182467;8,233288886000025;47,610429679000049;08210820337200155130;0
186585;08;2;26;096;2021;08;08;5;3;5;3;1;0;0;0;1;0;0;476011,274335948750377;5488748,047365812584758;8,668354566000062;49,550860049000050;08210826226600158840;0
186586;08;2;12;000;2021;09;07;5;3;5;3;1;0;0;0;0;0;0;457597,491895401850343;5427637,302683990448713;8,420272161000071;49,000176494000073;08210909212010209110;0
186587;08;1;16;077;2021;09;10;4;3;5;3;1;1;0;0;0;0;0;516340,617970426566899;5391536,167250499129295;9,221974661000047;48,676657975000069;08210901116200187080;0
186590;08;1;11;000;2021;09;16;3;3;1;5;1;1;0;0;0;0;0;507903,126522052101791;5405641,861226968467236;9,107628766000062;48,803716739000038;08210914111330249940;0
186592;08;3;11;000;2021;09;15;6;3;3;2;1;1;0;0;0;0;0;414504,810381636954844;5316119,358563343062997;7,854037554000058;47,992656383000053;08210910311200251230;0
186593;08;4;25;033;2021;08;16;7;2;9;1;1;0;0;0;0;0;0;547496,934352027252316;5347354,304944757372141;9,640170061000049;48,277610743000025;08210821426010148930;0
186594;08;2;12;000;2021;08;09;4;3;0;3;1;1;0;0;0;0;0;455342,176999999210238;5428033,819999529048800;8,389395641000021;49,003584166000053;08210825212010151580;0
186596;08;2;12;000;2021;09;20;5;3;3;6;1;0;0;0;0;2;0;457077,313926112838089;5428865,374157663434744;8,413030842000069;49,011187211000049;08210902212010189700;0
186597;08;2;12;000;2021;09;09;4;3;1;5;1;1;0;0;0;0;0;457410,824242113158107;5427553,051807196810842;8,417729010000073;48,999405793000051;08210915212402216350;1
186598;08;4;36;064;2021;08;15;3;3;5;3;1;1;0;0;0;0;0;546657,879357517696917;5292614,099779706448317;9,622898282000051;47,785197386000050;08210817436200114840;0
186600;08;4;37;088;2021;09;16;3;3;5;3;1;0;0;0;0;0;0;519307,661434558220208;5307813,766866151243448;9,258448941000040;47,923354428000039;08210907437100197180;0
186601;08;2;22;000;2021;08;19;7;3;4;6;1;0;0;1;0;0;0;461922,663000000640750;5488512,304999550804496;8,473608593000051;49,548017604000052;08210828222800153720;0
186602;08;4;35;052;2021;09;12;1;2;5;3;1;1;0;0;0;0;0;522014,928075860254467;5290366,283574389293790;9,293799668000077;47,766286690000072;08210912435200272220;0
186604;08;2;12;000;2021;08;11;7;3;0;7;1;0;0;0;0;0;0;457861,255893124267459;5428824,733287662267685;8,423754921000068;49,010875675000079;08210828212102142540;0
186608;08;4;36;064;2021;09;18;3;3;5;3;1;1;0;0;0;0;0;545429,031583003699780;5292478,990176672115922;9,606479576000027;47,784069655000053;08210914436000227590;0
186611;08;1;25;110;2021;09;17;7;2;0;7;1;0;0;0;0;0;0;530178,183345114812255;5443377,697163768112659;9,413776318000032;49,142484276000062;08210911121600190490;0
186613;08;1;15;051;2021;09;19;5;3;5;3;1;1;0;0;0;1;0;503964,430801573209465;5385350,157885590568185;9,053794699000036;48,621208890000048;08210909115100214250;0
186614;08;2;22;000;2021;09;16;4;3;1;5;1;1;0;0;0;0;0;463072,414377810433507;5477995,127868816256523;8,490485543000034;49,453492314000073;08210901222500171270;0
186615;08;2;22;000;2021;08;10;6;3;5;5;1;1;0;0;0;0;0;460188,035788819193840;5488696,669997280463576;8,449611147000041;49,549564285000031;08210820222800862760;0
186617;08;4;37;088;2021;09;19;2;2;0;7;1;0;0;0;1;0;0;517522,049294046126306;5306352,728001900017262;9,234487867000041;47,910260409000045;08210913437100863560;0
186618;08;1;27;014;2021;09;10;7;2;5;3;1;1;0;0;0;0;0;576751,783466103486717;5442333,520813519135118;10,052074496000046;49,129039364000050;08210904127010185560;0
186619;08;1;21;000;2021;09;13;5;3;6;6;1;0;1;0;0;0;0;516162,788950407877564;5443223,721666863188148;9,221605723000039;49,141627939000045;08210916121200223100;0
186621;08;1;18;048;2021;08;15;4;2;0;7;1;0;0;0;0;0;0;513446,505898233503103;5414985,546444086357951;9,183427708000067;48,887675572000035;08210825118010158150;0
186622;08;3;11;000;2021;09;21;4;3;0;1;1;0;0;0;0;2;0;411843,061753532849252;5315458,898405464366078;7,818503311000029;47,986353926000049;08210908311300181880;0
186623;08;1;15;045;2021;09;17;4;3;5;3;1;1;0;0;0;0;0;500360,810999999754131;5395289,083999523892999;9,004904636000049;48,710633325000060;08210901115400179410;0
186624;08;1;25;006;2021;08;10;4;3;5;7;1;1;0;0;0;0;0;507396,993585185147822;5453852,023828729987144;9,101615062000064;49,237400878000074;08210818121100116350;0
186625;08;2;26;032;2021;09;13;2;3;5;3;1;1;0;0;0;0;0;467353,247003763914108;5463266,951309468597174;8,550758542000040;49,321261423000067;08210906226200177860;0
186627;08;1;11;000;2021;09;19;2;3;6;6;0;0;1;0;1;0;0;515514,991000001318753;5410033,695999527350068;9,211456566000038;48,843081549000033;08210913111330197750;0
186628;08;3;11;000;2021;09;19;6;3;1;7;1;0;0;0;0;0;0;414441,228352411650121;5316735,448631569743156;7,853062659000045;47,998189849000028;08210903311010191910;0
186629;08;4;35;066;2021;09;16;5;3;0;6;1;1;0;0;0;0;0;518185,134454061277211;5286645,993097092956305;9,242534210000031;47,732932821000077;08210909435200196930;0
186630;08;1;18;049;2021;08;14;7;2;8;1;1;0;0;0;0;0;0;518579,783999999985099;5422392,070999529212713;9,253788980000024;48,954169451000041;08210821118500136330;0
186631;08;3;16;045;2021;08;16;3;3;5;2;1;0;0;0;0;0;0;414792,030999985523522;5322770,956999499350786;7,856563979000043;48,052528243000040;08210824316200165620;0
186632;08;2;22;000;2021;09;16;4;3;6;4;0;0;1;1;0;0;0;462355,741454100236297;5481794,427949020639062;8,480236110000021;49,487621173000036;08210915222700049150;0
186633;08;3;17;057;2021;08;17;6;3;5;2;1;1;0;0;0;0;0;412722,089999984018505;5379628,726999515667558;7,817030167000041;48,563672861000043;08210827317200157680;0
186634;08;2;21;000;2021;09;16;2;3;4;6;1;1;0;0;0;0;0;478106,964759405702353;5472949,776162222027779;8,698201703000052;49,408838110000033;08210906221200176930;0
186635;08;1;16;080;2021;09;14;4;3;5;3;1;0;0;0;1;0;0;522128,529411791823804;5396334,923417817801237;9,300855124000066;48,719649100000026;08210908116200193070;0
186636;08;1;15;024;2021;09;12;1;3;1;7;1;1;0;0;0;0;0;500492,973205842077732;5388049,744168046861887;9,006692532000045;48,645507254000051;08210912115100227140;0
186637;08;3;26;074;2021;08;15;6;3;5;2;1;1;0;0;0;0;0;460378,220139994286001;5324116,618735097348690;8,468133543000022;48,069094194000058;08210827326400142370;0
186638;08;2;16;007;2021;08;10;5;2;5;3;1;1;0;0;0;0;0;436402,499999998137355;5398450,337999518960714;8,135059817000069;48,735826055000075;08210819216200119080;0
186639;08;3;26;074;2021;09;15;2;3;0;2;1;0;0;0;1;0;0;467632,391610127873719;5323577,562848411500454;8,565548144000047;48,064653868000050;08210906326200208060;0
186640;08;1;11;000;2021;08;17;2;3;0;7;1;0;0;0;0;0;0;511609,990147054195404;5403329,783400509506464;9,158045193000021;48,782859315000053;08210830111130164320;1
186642;08;1;18;027;2021;09;20;7;3;0;7;1;0;0;0;0;1;0;503790,245813937857747;5411942,978865021839738;9,051675779000050;48,860439502000077;08210904118200195290;0
186643;08;2;22;000;2021;09;20;6;3;5;2;1;1;0;0;0;1;0;461964,769610896706581;5479255,936725735664368;8,475082181000062;49,464764351000042;08210910222014196480;0
186645;08;2;22;000;2021;08;13;3;3;5;3;1;1;0;0;0;0;0;461924,731994766741991;5480140,902797600254416;8,474444507000044;49,472721673000081;08210824222500141460;0
186651;08;1;25;065;2021;09;13;1;2;5;3;1;1;0;0;0;0;0;517154,524439879693091;5449376,697541266679764;9,235465480000073;49,196948754000061;08210912121500206900;0
186652;08;2;12;000;2021;08;17;6;3;7;7;1;0;1;0;0;0;0;455668,832197177223861;5428503,046402854844928;8,393810488000042;49,007828454000048;08210827212401266710;0
186654;08;3;15;048;2021;09;18;4;2;5;3;1;0;0;1;0;0;0;397711,229298708029091;5308357,423864647746086;7,630846613000074;47,920374463000030;08210901311400172050;0
186659;08;1;11;000;2021;09;18;1;3;5;2;1;1;0;0;0;0;0;513142,696400411427021;5404238,918288422748446;9,178938687000027;48,791007310000055;08210905111500187920;0
186663;08;2;12;000;2021;09;19;5;3;0;7;1;0;0;0;0;1;0;455732,884492825716734;5428419,829162077978253;8,394695369000033;49,007084505000080;08210909212302193120;0
186665;08;2;12;000;2021;08;16;5;3;0;7;1;0;0;0;0;0;0;458595,851000000722706;5428465,021999530494213;8,433836640000038;49,007689742000082;08210819212010130150;0
186666;08;2;22;000;2021;09;17;3;3;5;3;1;1;0;0;0;0;0;463240,577391153201461;5483170,554251322522759;8,492324749000034;49,500052973000038;08210907222600194700;0
186669;08;3;17;096;2021;09;11;4;3;6;2;0;1;1;0;0;0;0;421502,784285733476281;5369672,026319129392505;7,937895758000025;48,475275299000032;08210915317500232320;0
186670;08;2;15;102;2021;09;09;6;3;3;1;1;1;0;0;0;0;0;456203,342136532999575;5438010,115122746676207;8,400090970000065;49,093383125000059;08210910215102212070;0
186674;08;2;12;000;2021;08;10;4;3;1;5;1;1;0;0;0;0;0;455156,189362298697233;5428487,892493193969131;8,386802642000021;49,007655105000026;08210818212010115500;0
186676;08;3;36;081;2021;08;14;1;3;0;1;1;0;0;0;0;0;0;411426,505886418744922;5278019,566165052354336;7,820574996000062;47,649508881000031;08210829336300143900;0
186678;08;3;11;000;2021;09;14;6;3;5;3;1;1;0;0;0;0;0;415021,679913039319217;5320687,407083768397570;7,860058735000052;48,033816637000029;08210903311010175210;0
186679;08;1;11;000;2021;09;18;6;2;1;5;1;1;0;0;0;0;0;509386,277752743102610;5398369,207573071122169;9,127661052000065;48,738271658000031;08210910111500203580;0
186681;08;4;15;061;2021;08;20;3;3;5;3;1;1;0;0;0;0;0;515774,074920469895005;5369789,769631978124380;9,213453418000029;48,481037289000028;08210824415400153210;0
186683;08;2;15;064;2021;08;06;6;3;5;3;1;1;0;0;0;1;0;478133,298429827205837;5451317,537251215428114;8,699749639000061;49,214256969000076;08210827215202138520;1
186685;08;1;16;081;2021;09;06;4;3;4;2;1;0;0;0;1;1;0;519379,190999999642372;5386083,906999517232180;9,262995691000071;48,627522148000025;08210908116500181720;0
186688;08;1;11;000;2021;09;09;6;3;6;4;1;0;1;0;0;0;0;512190,468380024656653;5401183,594938270747662;9,165883512000050;48,763541238000073;08210903111500180810;0
186689;08;2;12;000;2021;09;08;4;3;0;7;1;0;1;0;0;0;0;457896,062000001780689;5428023,552999531850219;8,424313955000059;49,003671314000030;08210901212102171000;0
186690;08;4;36;079;2021;08;18;5;3;5;3;1;0;0;0;1;0;0;555397,344075523316860;5289678,659265831112862;9,739189449000037;47,758095404000073;08210819436300143550;0
186691;08;1;28;126;2021;08;11;2;3;1;5;1;1;0;0;0;0;0;563245,908193889074028;5480397,056345624849200;9,872994480000045;49,472925303000068;08210823128100129130;1
186692;08;4;36;081;2021;09;07;3;2;5;3;1;0;1;0;0;1;0;561605,902000002563000;5282521,067999491468072;9,821011835000036;47,693137336000063;08210914436300253110;0
186693;08;4;37;104;2021;09;12;7;3;5;3;1;1;0;0;0;0;0;517948,269181009382010;5326407,709413362666965;9,241030720000026;48,090685437000047;08210904437200193910;0
186694;08;2;12;000;2021;09;15;7;3;6;7;0;1;1;0;0;0;0;455535,846673874184489;5428615,420239558443427;8,391979827000057;49,008829700000035;08210911212302234590;0
186695;08;3;36;069;2021;08;00;5;3;0;6;1;0;0;0;0;2;0;406431,579588762484491;5272069,352072272449732;7,755350784000029;47,595279875000074;08210826336200134830;0
186698;08;3;17;065;2021;08;17;5;3;8;1;1;0;0;0;0;0;0;413986,228987360373139;5355440,934092992916703;7,839131708000025;48,346287726000071;08210819317300121910;0
186699;08;2;12;000;2021;09;15;3;2;0;7;1;0;0;0;0;0;0;455957,746533269062638;5431464,297718511894345;8,397439420000069;49,034485850000067;08210907212010192790;0
186700;08;1;16;049;2021;09;12;6;3;5;3;1;0;0;0;1;0;0;524848,675999999046326;5385792,710999516770244;9,337203620000025;48,624709130000042;08210903116500173840;0
186701;08;3;35;100;2021;09;18;4;3;0;7;1;0;0;0;1;0;0;488301,724000000394881;5285286,776999492198229;8,844016784000075;47,720853384000065;08210901335300179340;0
186702;08;1;21;000;2021;08;17;6;3;5;3;1;1;0;0;0;0;0;516489,710796327330172;5443296,019938195124269;9,226091025000073;49,142269596000062;08210820121200124110;0
186703;08;1;11;000;2021;08;22;2;3;0;1;1;0;0;0;0;2;0;514144,510250492952764;5403455,480280041694641;9,192551406000064;48,783937599000069;08210823111120142420;1
186707;08;4;21;000;2021;08;19;5;2;9;1;1;0;0;0;0;0;0;571912,361000006087124;5362051,301999513059855;9,971713552000040;48,407513032000054;08210826421300140140;0
186708;08;2;22;000;2021;09;11;5;3;5;3;1;1;0;0;0;0;0;462989,620778774842620;5478771,549390861764550;8,489270666000039;49,460470834000034;08210909222500183930;0
186709;08;4;21;000;2021;08;08;3;3;6;2;0;1;1;0;0;0;0;570292,548226286657155;5363802,432753231376410;9,950122528000065;48,423447719000080;08210831421300149530;0
186710;08;1;11;000;2021;08;07;5;3;0;7;1;0;0;0;0;0;0;513165,851486422121525;5402956,464977357536554;9,179212860000064;48,779469986000038;08210819111500128500;0
186711;08;1;35;019;2021;09;14;3;3;0;7;1;1;0;0;0;0;0;584682,177411323413253;5391487,837244782596827;10,150215566000043;48,670694569000034;08210907135200193450;0
186713;08;2;22;000;2021;09;14;7;3;5;7;1;1;0;0;0;0;0;461619,329012382775545;5481463,074449587613344;8,470100896000076;49,484594694000066;08210904222700175390;0
186714;08;4;21;000;2021;09;14;4;3;5;7;1;1;0;0;0;0;0;573710,687459993176162;5360858,407442281022668;9,995800122000048;48,396574951000048;08210915421200204650;0
186716;08;2;26;018;2021;08;16;4;3;0;1;1;0;0;0;0;0;0;473087,169255557470024;5473164,891535479575396;8,628989980000028;49,410571716000049;08210825221011136690;0
186718;08;4;21;000;2021;08;18;2;2;0;1;1;0;0;0;0;0;0;571569,843296795152128;5362198,154909333214164;9,967111029000023;48,408873003000053;08210830421300156280;0
186719;08;3;11;000;2021;09;16;4;3;1;5;1;1;0;0;0;0;0;417168,671821913681924;5315329,824275098741055;7,889888770000027;47,985904745000028;08210915311010219830;1
186720;08;3;17;089;2021;08;12;4;3;0;1;1;0;0;0;0;0;0;432131,508910471573472;5374854,833041459321976;8,080844126000045;48,523133076000079;08210818317100118320;0
186723;08;1;27;076;2021;09;11;2;2;5;3;1;1;0;0;0;0;0;551665,703304230235517;5439204,737140331417322;9,707840881000038;49,103518032000068;08210913127100194460;0
186724;08;2;26;041;2021;09;22;6;3;1;5;1;1;0;0;0;2;0;477155,152046603150666;5466908,577404202893376;8,685428108000053;49,354463243000055;08210903226700194110;0
186725;08;4;35;013;2021;09;18;5;3;5;3;1;1;0;0;0;0;0;539983,186999999918044;5275139,361999491229653;9,532190334000063;47,628421615000036;08210909435100217660;0
186726;08;1;11;000;2021;08;13;7;2;1;1;1;1;0;0;0;0;0;507024,238205611705780;5398523,150107922032475;9,095538062000060;48,739687639000067;08210821111230136290;0
186728;08;4;36;055;2021;09;16;5;3;0;7;1;0;0;0;0;0;0;576450,547794995829463;5298255,091328715905547;10,021582603000070;47,833096834000060;08210902436100171680;0
186729;08;1;16;077;2021;09;14;4;3;0;1;1;0;0;0;0;0;0;515169,688661521300673;5389123,905694358050823;9,205980147000048;48,654986621000035;08210915116200231920;0
186730;08;4;16;036;2021;09;20;1;3;0;1;1;0;0;0;0;1;0;495232,285089689306915;5372514,300265623256564;8,935452378000036;48,505728113000032;08210905416100175750;0
186732;08;3;35;043;2021;09;09;3;3;0;2;1;1;0;0;0;0;0;511729,015897160395980;5280482,690098024904728;9,156263881000029;47,677627442000073;08210907335100862920;0
186733;08;1;36;024;2021;09;14;1;2;4;6;1;0;0;0;1;0;0;564172,898071430623531;5412712,533497277647257;9,874993483000026;48,864053829000056;08210912119010218460;1
186734;08;1;11;000;2021;08;08;6;3;5;2;1;1;0;0;0;0;0;512166,524648707360029;5401233,113527568057179;9,165559160000043;48,763987173000032;08210827111500139740;0
186736;08;1;15;045;2021;09;19;5;3;5;2;1;0;0;0;0;0;0;501138,494516065344214;5396885,505690773949027;9,015480378000063;48,724993893000033;08210902115400254520;0
186739;08;2;26;076;2021;09;14;3;2;8;1;1;0;0;0;0;0;0;474332,935331941582263;5465215,618508871644735;8,646676186000036;49,339122959000065;08210914226700228230;0
186740;08;1;36;002;2021;09;16;1;3;0;1;1;0;0;0;0;0;0;565530,658837927505374;5418499,696974618360400;9,894432197000071;48,915965622000044;08210905136100176380;0
186741;08;4;26;070;2021;09;16;7;3;6;4;0;1;1;0;0;0;0;564756,446746842004359;5341243,343381080776453;9,871836843000040;48,221107927000048;08210911426200189960;0
186742;08;3;25;045;2021;08;21;5;3;1;5;1;1;0;0;0;2;0;467830,662824322469532;5348656,116823619231582;8,566310605000069;48,290286900000069;08210826325102269680;0
186745;08;1;25;005;2021;09;20;4;3;6;6;0;1;1;0;0;1;0;516290,079029520042241;5457508,318701397627592;9,223930466000070;49,270117747000029;08210901121500194900;0
186747;08;4;25;017;2021;09;15;3;3;0;7;1;0;0;0;0;0;0;559514,981926357373595;5369782,200610768049955;9,805312005000076;48,478349821000052;08210907117010183910;0
186748;08;3;17;096;2021;09;14;2;3;0;7;1;0;0;0;0;0;0;423332,114079627208412;5368566,995570896193385;7,962845777000041;48,465561307000030;08210913317500195490;0
186749;08;2;22;000;2021;09;13;7;3;3;2;1;1;0;0;0;0;0;464302,080778912641108;5484223,549301061779261;8,506889151000053;49,509587532000069;08210904222800175530;0
186752;08;3;35;075;2021;08;03;7;3;1;5;1;1;0;0;0;2;0;487973,052159220911562;5291239,130312312394381;8,839469739000037;47,774403937000045;08210821911081169090;0
186753;08;3;36;103;2021;08;12;4;3;5;3;1;1;0;0;0;0;0;414466,918028899468482;5284719,986703060567379;7,859739247000050;47,710194266000030;08210825311010141310;0
186756;08;1;15;042;2021;08;17;4;3;4;6;1;1;0;0;0;0;0;495592,530968340113759;5406037,842499643564224;8,939972573000034;48,807313572000055;08210818115300167220;0
186758;08;1;11;000;2021;09;13;4;3;5;2;1;0;0;0;1;0;0;512843,711459250189364;5402284,331461653113365;9,174806935000049;48,773430258000076;08210908111500197770;0
186759;08;1;18;007;2021;08;17;1;2;0;7;1;0;0;0;0;0;0;510412,662115358747542;5427717,626098027452826;9,142367745000058;49,002267625000059;08210829118100145190;1
186761;08;2;26;107;2021;09;12;6;3;5;3;1;1;0;0;0;0;0;474218,026658580638468;5482546,906114595010877;8,643968531000041;49,495009411000069;08210903226600182800;0