OID_;ULAND;UREGBEZ;UKREIS;UGEMEINDE;UJAHR;UMONAT;USTUNDE;UWOCHENTAG;UKATEGORIE;UART;UTYP1;IstRad;IstPKW;IstFuss;IstKrad;IstSonstige;ULICHTVERH;IstGkfz;LINREFX;LINREFY;XGCSWGS84;YGCSWGS84;UIDENTSTLAE;IstStrassenzustand
186764;08;2;26;012;2021;09;13;7;2;5;3;1;0;0;0;0;0;0;475801,402341896668077;5477623,058570224791765;8,666134622000072;49,450785989000053;08210904221300198620;0
186765;08;1;19;067;2021;09;20;5;3;5;3;1;1;0;0;0;2;0;539048,676320401951671;5405977,247720019891858;9,531805004000034;48,805557358000044;08210916119300232870;0
186770;08;2;12;000;2021;09;17;5;3;0;7;1;0;0;0;0;0;0;455800,078585918992758;5428741,168157169595361;8,395579135000048;49,009979798000074;08210902212302172360;0
186771;08;2;16;015;2021;08;19;3;3;4;6;1;0;0;0;0;0;0;449042,927047663368285;5406361,959159767255187;8,305977437000024;48,808155669000030;08210831211000156150;0
186772;08;3;15;064;2021;09;16;4;3;6;4;0;1;1;0;0;0;0;422008,937731355428696;5312976,987465908750892;7,955173967000064;47,965347822000069;08210915311010235260;0
186773;08;3;36;091;2021;08;10;4;3;0;1;1;0;0;0;0;0;0;396406,300051276572049;5273912,793425202369690;7,621596539000052;47,610337732000062;08210818336400407510;0
186774;08;3;11;000;2021;09;09;2;3;5;3;1;0;0;0;1;0;0;412648,552892999723554;5315428,961299609392881;7,829302409000036;47,986195152000050;08210906311010187490;0
186776;08;2;31;000;2021;09;17;2;2;6;4;0;1;1;0;0;0;0;477712,365449343807995;5415362,435194199904799;8,695948745000067;48,890811037000049;08210913231000857230;0
186777;08;1;17;033;2021;09;14;7;3;0;1;1;0;0;0;0;0;0;559053,403067153878510;5387805,761123644188046;9,801624697000022;48,640523005000034;08210904117200175290;0
186778;08;1;11;000;2021;08;14;7;3;6;7;0;1;1;0;0;0;0;513192,310000000521541;5404623,040999526157975;9,179626512000027;48,794461788000035;08210828111120144470;0
186781;08;1;36;088;2021;08;22;3;3;0;7;1;0;0;0;0;2;0;580316,906238378956914;5409983,698393112048507;10,094543056000077;48,837629777000075;08210824136100143280;0
186782;08;3;35;043;2021;08;16;2;3;1;7;1;1;0;0;0;0;0;511002,417000000365078;5281124,764999493956566;9,146599732000027;47,683417389000056;08210830335100163220;1
186784;08;1;25;001;2021;09;16;1;3;0;7;1;0;0;0;0;0;0;520694,645050286315382;5434995,894043017178774;9,283318988000076;49,067479841000079;08210905121600187520;0
186787;08;1;16;035;2021;08;19;6;3;5;3;1;1;0;0;0;1;0;526755,447047258727252;5391632,238247152417898;9,363455886000054;48,677162756000030;08210827116500972100;1
186788;08;1;36;065;2021;09;16;6;3;0;1;1;0;0;0;0;0;0;558833,059125981293619;5405112,846488481387496;9,801102321000030;48,796224139000060;08210903136300174340;0
186789;08;2;12;000;2021;09;17;4;2;3;6;1;0;0;0;0;0;0;463189,367268214002252;5428293,350702317431569;8,496661586000073;49,006436610000037;08210901212010178540;0
186791;08;2;12;000;2021;08;17;2;2;0;7;1;0;0;0;0;0;0;455969,793422480113804;5427982,382416989654303;8,397982089000038;49,003166570000076;08210823212010128520;0
186792;08;3;35;043;2021;09;07;3;3;0;5;1;1;0;0;0;0;0;512906,923028313554823;5279328,399170406162739;9,171922772000073;47,667219077000027;08210914335100225650;0
186793;08;3;37;096;2021;09;16;7;3;3;2;1;1;0;0;0;0;0;420296,931656080298126;5266792,242240369319916;7,940710545000059;47,549658150000027;08210904337010193550;0
186795;08;4;35;059;2021;08;13;4;3;0;1;1;0;0;0;0;0;0;512452,768702693283558;5290141,697328252717853;9,166182442000036;47,764521680000030;08210825435200135760;0
186796;08;4;16;041;2021;09;12;4;3;6;4;0;1;1;0;0;0;0;503792,267255042679608;5372730,797171695157886;9,051343515000042;48,507682450000061;08210908416200182940;0
186798;08;1;16;078;2021;08;21;5;3;5;3;1;1;0;0;0;2;0;509445,477531889453530;5394552,920175397768617;9,128378816000065;48,703939322000053;08210819116200165910;0
186799;08;4;17;079;2021;09;18;2;3;6;6;0;0;1;0;1;0;0;500218,483752847649157;5343345,755815135315061;9,002942778000033;48,243328497000050;08210906417100200100;0
186801;08;1;21;000;2021;09;16;2;2;6;3;0;0;1;0;1;0;0;517447,685000000521541;5443064,814999535679817;9,239215717000036;49,140163368000060;08210913121200230350;0
186802;08;1;25;056;2021;09;12;7;3;0;1;1;0;0;0;0;0;0;510705,993781126104295;5435923,756683807820082;9,146595108000042;49,076081066000029;08210904121400174560;0
186807;08;2;15;009;2021;09;08;4;3;5;3;1;0;0;0;1;0;0;468410,887296725064516;5440589,140915827825665;8,567097292000028;49,117329833000042;08210915212010693100;1
186808;08;1;21;000;2021;08;15;4;3;7;1;1;0;0;0;0;0;0;515405,697588061913848;5441844,437872326001525;9,211172715000032;49,129240263000042;08210818121200144050;0
186809;08;1;19;020;2021;09;09;2;2;3;6;1;1;0;0;0;0;0;520357,969643657095730;5406642,889106368646026;9,277293313000030;48,812438640000039;08210906119200199650;0
186810;08;3;25;061;2021;09;20;3;3;5;3;1;1;0;0;0;1;0;475384,615245672874153;5353605,610320501029491;8,667857943000058;48,335154172000045;08210907325102208660;0
186812;08;2;12;000;2021;08;16;2;3;0;3;1;0;0;1;0;0;0;456334,481000000610948;5428768,507999535650015;8,402883571000075;49,010263770000051;08210830212010158600;0
186814;08;2;12;000;2021;09;19;6;3;1;5;1;1;0;0;0;1;0;456714,722508420236409;5428468,915007371455431;8,408114943000044;49,007595684000080;08210903212010186180;0
186815;08;1;15;003;2021;08;12;7;2;0;1;1;0;0;0;0;0;0;500442,256841135211289;5392767,677777852863073;9,006009058000075;48,687950480000040;08210828115100162250;1
186816;08;3;17;096;2021;09;12;5;3;5;3;1;1;0;0;0;0;0;420970,298297617584467;5369433,629276547580957;7,930737338000029;48,473064243000067;08210909317500187160;0
186817;08;3;35;043;2021;08;12;5;2;0;1;1;0;0;0;0;0;0;512586,211271286010742;5281085,433567743748426;9,167701494000028;47,683034597000074;08210819335100120390;0
186818;08;1;11;000;2021;08;07;2;3;0;1;1;0;0;0;0;0;0;511945,237472747452557;5406361,903412234038115;9,162697033000029;48,810129613000072;08210823111500127470;0
186821;08;4;17;002;2021;09;21;7;2;8;1;1;0;0;0;0;2;0;488796,348000001162291;5346752,062999507412314;8,849007016000030;48,273875207000060;08210904417200183360;0
186822;08;2;31;000;2021;09;16;7;3;5;3;1;1;0;0;0;0;0;480266,719908804632723;5414161,921803260222077;8,730853165000042;48,880098194000027;08210911231000863520;0
186825;08;1;16;070;2021;09;06;5;3;5;3;1;1;0;0;0;1;0;540234,388072720728815;5385698,397547936066985;9,545974974000046;48,623060205000058;08210902116400188530;0
186828;08;2;16;043;2021;09;12;3;3;5;3;1;1;0;0;0;0;0;441548,514245519414544;5412119,882370920851827;8,203093985000066;48,859288533000040;08210907216100182160;0
186829;08;1;16;020;2021;09;12;3;2;6;4;0;1;1;0;0;0;0;524392,327600001357496;5380350,118999516591430;9,330691194000053;48,575765028000035;08210914116500199580;0
186833;08;3;36;091;2021;08;16;2;3;2;7;1;1;0;0;0;0;0;395796,309175414964557;5271837,716544719412923;7,613975713000059;47,591574243000025;08210830311010148240;0
186834;08;3;26;012;2021;09;11;3;3;0;7;1;0;0;0;0;0;0;462694,214890494011343;5309824,201553804799914;8,500464374000046;47,940647350000063;08210914326100198330;0
186835;08;4;35;029;2021;09;12;7;3;0;7;1;0;0;0;0;0;0;545157,142985977232456;5271450,974686646834016;9,600673698000037;47,594895947000055;08210904435100212540;0
186837;08;1;26;066;2021;08;16;5;3;0;7;1;1;0;0;0;0;0;536634,390277343802154;5450001,305454444140196;9,502897961000031;49,201712493000059;08210826126200163160;0
186839;08;1;25;038;2021;09;13;5;2;4;6;1;0;0;0;0;0;0;499361,309359825216234;5434783,864100070670247;8,991256317000023;49,065919914000062;08210902121400271350;0
186840;08;4;26;070;2021;09;11;4;2;7;1;1;0;0;0;0;0;0;564925,987000005319715;5341152,951999502256513;9,874105298000075;48,220277455000030;08210901426010172390;0
186841;08;3;11;000;2021;08;22;6;3;0;7;1;0;1;0;0;2;0;413776,743945828638971;5316371,864740809425712;7,844229999000049;47,994830008000065;08210820311010143680;0
186842;08;3;11;000;2021;08;19;2;2;4;6;1;0;0;0;0;0;0;415157,953846325166523;5315879,421958046033978;7,862837806000073;47,990585047000081;08210823311010128950;0
186844;08;2;12;000;2021;09;15;7;2;0;7;1;0;0;0;0;0;0;459362,793000000528991;5429473,011999532580376;8,444222418000038;49,016807767000046;08210904212010069550;0
186845;08;3;37;106;2021;09;20;7;2;0;1;1;0;0;0;0;2;0;460567,096747028641403;5290685,778742460533977;8,473728077000032;47,768330873000082;08210911337010862590;0
186848;08;1;18;068;2021;09;17;4;3;5;3;0;1;1;0;0;0;0;500521,596579023636878;5422826,248714894056320;9,007125297000073;48,958354130000032;08210901118600189800;0
186850;08;1;11;000;2021;09;17;3;3;5;3;1;1;0;0;0;0;0;512117,518007316626608;5408809,032407749444246;9,165115820000040;48,832140306000042;08210907111500207180;0
186853;08;4;21;000;2021;09;12;1;3;6;6;1;0;1;0;0;0;0;574004,590148901566863;5362785,723451228812337;10,000109866000059;48,413877072000048;08210912426010255970;0
186854;08;1;16;012;2021;09;14;7;3;5;3;1;1;0;0;0;0;0;536227,264999999664724;5383090,636999519541860;9,491373398000064;48,599845992000041;08210904116400857930;0
186855;08;2;12;000;2021;09;13;6;3;5;3;1;0;0;0;0;0;0;453582,520681107416749;5430891,102511746808887;8,365010617000053;49,029155705000051;08210910212010187860;0
186856;08;1;21;000;2021;08;09;7;3;0;7;1;0;0;0;0;0;0;515627,658838788047433;5443029,109171386808157;9,214261138000040;49,139891183000032;08210821121200135180;0
186857;08;1;25;065;2021;08;07;3;3;7;1;1;0;0;0;0;0;0;514505,802611746825278;5448102,148028703406453;9,199062988000037;49,185552244000064;08210824121300154560;0
186858;08;1;15;003;2021;08;11;3;3;0;7;1;0;0;0;0;0;0;501008,258186469785869;5391124,083555674180388;9,013695456000050;48,673163856000031;08210831115100155220;0
186859;08;2;26;040;2021;09;14;4;3;0;1;1;0;0;0;0;0;0;474105,883011818863451;5495481,659838724881411;8,641569583000035;49,611347248000072;08210915226600202520;0
186860;08;4;16;041;2021;08;14;4;3;2;6;1;1;0;0;0;0;0;503184,080747248604894;5375397,283595038577914;9,043129639000028;48,531674521000070;08210818416200165870;0
186862;08;3;36;069;2021;09;12;3;3;1;5;1;1;0;0;0;0;0;408564,734662706963718;5267955,789941994473338;7,784576180000045;47,558579336000037;08210907311010206180;0
186863;08;1;16;076;2021;09;00;1;2;0;1;1;0;0;0;0;2;0;528043,005186392925680;5400836,432089513167739;9,381571893000057;48,759905874000026;08210912116100862550;0
186864;08;4;26;073;2021;08;18;6;3;7;2;1;0;0;0;0;0;0;567481,624774798750877;5337010,076797723770142;9,907848901000023;48,182742517000065;08210827426200140880;0
186865;08;1;27;014;2021;09;21;6;3;6;4;1;0;1;0;0;1;0;575536,265576256439090;5443362,105906967073679;10,035608380000042;49,138441004000072;08210903127202192530;0
186866;08;2;12;000;2021;09;20;4;3;3;2;1;0;0;0;0;1;0;453783,526739392429590;5427537,250631012022495;8,368142131000070;48,999002749000056;08210901212010185940;0
186867;08;3;35;043;2021;08;16;5;3;5;3;1;1;0;0;0;0;0;513640,653257996775210;5279958,090433401986957;9,181715821000068;47,672869765000030;08210819335100143880;0
186869;08;4;16;036;2021;09;09;3;3;3;2;1;1;0;0;0;0;0;495343,888019631616771;5369782,760630773380399;8,936993766000057;48,481154911000033;08210914416100196370;0
186870;08;2;21;000;2021;09;04;1;3;6;6;0;1;1;0;0;2;0;478860,304018035531044;5473268,703102536499500;8,708569456000021;49,411733450000042;08210905221200246150;0
186871;08;1;36;019;2021;09;00;7;3;1;5;1;1;0;0;0;2;0;582812,072907684370875;5425923,286647252738476;10,131773494000072;48,980662735000067;08210911136200214330;0
186873;08;1;19;067;2021;09;17;5;3;8;1;1;0;0;0;0;0;0;541342,694295562803745;5402057,821196904405951;9,562651442000060;48,770151734000081;08210909119300186980;0
186874;08;1;18;003;2021;09;17;4;2;5;4;0;1;1;0;1;0;0;509351,900618832558393;5416557,102178882807493;9,127608157000054;48,901888227000029;08210901118000186270;0
186875;08;1;19;020;2021;08;17;5;3;5;3;1;0;0;0;0;0;0;519134,467880514450371;5408272,967667661607265;9,260704374000056;48,827141393000034;08210819119200131110;0
186876;08;2;15;102;2021;09;16;3;3;2;6;1;1;0;0;0;0;0;456120,201943541876972;5437187,525053983554244;8,399041527000065;49,085978019000038;08210907215102181960;0
186878;08;3;35;079;2021;09;10;7;2;6;4;0;1;1;0;0;0;0;500673,824523464776576;5299828,968840003013611;9,009007278000070;47,851802753000072;08210904335010174750;0
186879;08;1;16;033;2021;09;07;5;3;5;3;1;0;0;0;1;1;0;533692,062071830034256;5389757,279082454741001;9,457529893000071;48,659960089000037;08210916116400862580;1
186880;08;2;12;000;2021;09;10;6;3;0;2;1;0;0;0;0;0;0;454687,268378871493042;5427239,297247683629394;8,380530291000071;48,996389629000078;08210910212502187000;0
186882;08;1;21;000;2021;09;08;4;3;5;3;1;1;0;0;0;0;0;516030,455791209824383;5441264,562244141474366;9,219713439000031;49,124008097000058;08210908121200182060;0
186885;08;1;11;000;2021;08;21;7;3;6;2;0;1;1;0;0;2;0;510345,347933812066913;5402152,129020348191261;9,140800219000027;48,772287529000039;08210828111500154010;0
186887;08;1;11;000;2021;09;11;7;3;5;3;1;1;0;0;0;0;0;512811,168860044330359;5408509,354489488527179;9,174558241000057;48,829430527000056;08210904111500184610;0
186888;08;4;21;000;2021;09;09;5;3;1;5;1;1;0;0;0;0;0;571805,399449172429740;5360672,153062650933862;9,970032525000022;48,395119418000036;08210909421300184060;0
186889;08;2;22;000;2021;08;03;7;3;5;3;1;1;0;0;0;2;0;461269,984240120276809;5481975,735486300662160;8,465227697000046;49,489183610000055;08210821222200141360;1
186890;08;1;18;027;2021;10;12;6;3;6;4;0;1;1;0;0;0;0;501902,239898431114852;5412557,149512603878975;9,025937781000039;48,865973140000051;08211008118200906250;0
186895;08;4;15;061;2021;09;17;1;3;6;7;1;0;1;0;0;0;0;515427,936000001616776;5370936,671999512240291;9,208811882000020;48,491363830000068;08210926415400264480;0
186897;08;1;11;000;2021;09;11;6;3;1;5;1;1;0;0;0;0;0;511464,522285632789135;5402393,922293920069933;9,156038870000032;48,774443072000054;08210917111500207770;0
186900;08;4;15;053;2021;09;22;5;3;8;1;0;0;1;0;1;2;0;535475,232070159167051;5362528,835477575659752;9,479425499000058;48,414913595000030;08210923415200226840;0
186901;08;2;12;000;2021;10;17;5;3;5;2;1;1;0;0;0;0;0;456617,889987600035965;5427165,426232347264886;8,406930166000052;48,995863832000055;08211007212302882670;0
186903;08;4;16;036;2021;09;15;7;3;5;3;1;1;0;0;0;0;0;498018,764693652279675;5369140,941053751856089;8,973193075000040;48,475394946000051;08210918416100211880;0
186905;08;3;11;000;2021;09;02;1;3;0;1;1;0;0;0;0;2;0;415210,023868341930211;5315784,049842484295368;7,863554411000052;47,989734040000030;08210926311010233090;0
186906;08;2;31;000;2021;09;17;4;3;3;2;1;0;0;0;1;0;0;477505,012025872245431;5415239,114379646256566;8,693126830000040;48,889694192000036;08210922231000257410;0
186908;08;1;36;019;2021;10;15;2;2;6;6;0;1;1;0;0;0;0;582943,382898311130702;5423330,671466095373034;10,133039180000026;48,957327388000067;08211004136010873910;0
186909;08;3;11;000;2021;09;09;2;3;0;1;1;0;0;0;0;0;0;413502,308235918171704;5315247,555353041738272;7,840778676000070;47,984679373000063;08210927311010238920;0
186913;08;1;26;072;2021;09;14;7;2;7;7;1;0;0;0;0;0;0;537869,753544313833117;5469263,015301227569580;9,521680530000026;49,374892508000073;08210925126100234810;0
186915;08;4;25;033;2021;09;19;1;3;6;4;0;1;1;0;0;1;0;553648,887964078225195;5348430,178697939962149;9,723217069000043;48,286797894000074;08210919425000216470;1
186917;08;3;17;040;2021;10;16;6;2;0;1;1;0;0;0;0;0;0;433310,267640024423599;5347863,145796397700906;8,101094838000051;48,280457283000032;08211008317600920680;0
186919;08;4;21;000;2021;10;12;7;2;0;7;1;0;0;0;0;0;0;575363,568064249120653;5364610,245050827041268;10,018800271000032;48,430127748000075;08211002426010866590;0
186920;08;2;26;056;2021;09;17;4;3;7;7;1;0;1;0;0;0;0;485609,904133020900190;5471698,527287261560559;8,801675196000076;49,397806904000049;08210922226300863270;0
186922;08;2;36;071;2021;09;22;6;3;1;5;1;1;0;0;0;2;0;468635,142552765086293;5421047,683926412835717;8,571681985000055;48,941559699000038;08210924231202267040;0
186923;08;2;15;017;2021;09;16;6;3;5;3;1;1;0;0;0;0;0;455956,192111561074853;5421581,347315810620785;8,398489288000064;48,945587266000075;08210917212702208970;0
186925;08;2;22;000;2021;10;10;6;3;0;3;1;0;0;0;0;0;0;461604,207999999634922;5481978,182999551296234;8,469842111000048;49,489226865000035;08211008222200888780;0
186926;08;1;19;084;2021;10;18;6;3;6;4;0;0;1;0;1;0;0;546271,641610103659332;5413148,395669806748629;9,630978724000045;48,869568391000030;08211001119300884920;0
186929;08;3;11;000;2021;09;13;3;2;0;1;1;0;0;0;0;0;0;414741,455262824892998;5317207,177061628550291;7,856992705000039;48,002473342000030;08210921311010223600;0
186931;08;1;15;028;2021;10;07;3;3;0;7;1;1;0;0;0;0;0;501224,804904997348785;5404919,009721005335450;9,016677870000024;48,797263058000055;08211005115300955160;0
186932;08;3;15;022;2021;09;10;2;3;6;7;0;0;1;0;1;0;0;397197,188004780560732;5300500,248296489939094;7,625839007000025;47,849618718000045;08210927311400238380;0
186934;08;2;26;013;2021;10;07;5;3;0;6;1;0;0;0;1;0;0;498448,008329108357430;5479251,462339809164405;8,978580769000075;49,465913208000075;08211007226100899820;1
186935;08;1;21;000;2021;09;16;5;3;6;4;0;1;1;0;0;0;0;512672,780266383662820;5445268,759592369198799;9,173819313000024;49,160105669000075;08210930121300262400;0
186936;08;3;15;022;2021;09;17;7;2;5;3;1;0;0;0;1;0;0;398195,095306529663503;5299832,454192757606506;7,639331224000045;47,843770845000051;08210918311400246540;0
186937;08;4;35;030;2021;09;17;2;3;5;3;0;1;1;0;0;0;0;540450,684233709238470;5271749,287981847301126;9,538099604000024;47,597890733000042;08210920435100222000;0
186940;08;1;18;046;2021;10;12;1;2;5;2;1;1;0;0;0;0;0;513070,563605954870582;5411242,134476410225034;9,178179781000040;48,854008722000060;08211003118000865690;0
186941;08;1;18;079;2021;09;08;5;3;5;5;1;1;0;0;0;0;0;507337,730481147766113;5421486,439950251951814;9,100213223000026;48,946258313000044;08210923118100237820;0
186943;08;2;15;106;2021;09;12;4;3;0;3;1;1;0;0;0;0;0;464188,692665594629943;5452390,606160640716553;8,508187293000049;49,223252780000053;08210929215502813830;0
186944;08;4;15;061;2021;09;14;7;3;0;1;1;0;0;0;0;0;0;513592,868554627522826;5376826,692255124449730;9,184166976000029;48,544394752000073;08210925415400261280;0
186947;08;2;15;111;2021;09;16;2;2;5;1;1;1;0;0;0;0;0;457925,676755230873823;5445540,264656370505691;8,422895964000077;49,161236714000040;08210920215102230580;0
186948;08;3;11;000;2021;10;07;4;3;5;6;1;0;0;0;0;0;0;410452,473664315417409;5316465,720356358215213;7,799660545000052;47,995217330000060;08211006311010890100;0
186950;08;3;17;026;2021;09;11;5;2;5;3;1;1;0;0;0;0;0;411754,087745382450521;5345261,731233520433307;7,811140917000046;48,254420183000036;08210930317010261220;0
186953;08;1;16;049;2021;10;15;7;3;5;3;1;0;0;0;0;0;0;523831,887553247623146;5385706,072874540463090;9,323400765000031;48,623969299000066;08211002116500937850;0
186954;08;3;17;001;2021;10;08;2;3;5;2;1;1;0;0;0;0;0;431318,835092395544052;5386767,193307837471366;8,067871460000049;48,630197447000057;08211004317100891520;1
186955;08;4;26;128;2021;09;16;2;3;0;1;1;0;0;0;0;0;0;558635,886377040296793;5333441,106928031891584;9,788365088000035;48,151513996000062;08210927426010265650;0
186956;08;3;15;076;2021;09;16;4;3;0;1;1;0;0;0;0;0;0;392965,895019567571580;5296231,738772876560688;7,570352398000068;47,810534179000058;08210922311400226070;0
186960;08;3;17;005;2021;09;23;6;3;3;6;1;0;0;0;0;2;0;424005,900099943391979;5376244,893290450796485;7,970561545000066;48,534705376000034;08210917317200239280;0
186961;08;2;21;000;2021;09;09;2;3;3;5;1;1;0;0;0;0;0;477567,915343101136386;5472948,511883901432157;8,690771021000046;49,408807105000051;08210920221011215590;0
186962;08;2;12;000;2021;10;19;4;3;0;3;1;0;0;1;0;1;0;458380,706983692944050;5430829,152374781668186;8,430652394000049;49,028940962000036;08211006215102879830;1
186964;08;2;12;000;2021;10;10;6;3;5;3;1;1;0;0;0;0;0;458646,624293193221092;5428763,953624464571476;8,434500431000060;49,010382085000060;08211001212010870390;0
186965;08;4;26;028;2021;10;17;1;3;0;1;1;0;0;0;0;0;0;569342,539563327096403;5343567,550250314176083;9,933953063000047;48,241530881000074;08211003426200875030;0
186966;08;1;18;048;2021;09;07;4;3;2;2;1;1;0;0;0;0;0;514776,831775753758848;5415359,875973185524344;9,201588496000056;48,891012648000071;08210922118400264570;0
186969;08;1;16;049;2021;09;12;6;3;0;1;1;0;0;0;0;0;0;525056,409135281108320;5385429,570932675153017;9,340000623000037;48,621434017000070;08210917116500238700;0
186970;08;4;25;137;2021;10;16;3;2;5;3;1;1;0;0;0;0;0;574318,503555312752724;5354165,712080111727118;10,002827441000022;48,336301264000042;08211005426010898280;1
186971;08;2;12;000;2021;10;12;6;3;0;7;1;0;0;0;0;0;0;455789,555210118182003;5428478,399339770898223;8,395463856000049;49,007615412000064;08211008212502876010;0
186974;08;3;17;065;2021;09;20;1;3;5;3;1;0;0;0;0;2;0;416085,118037641048431;5354994,551150828599930;7,867542096000022;48,342554916000040;08210919317300213370;0
186976;08;2;15;007;2021;09;13;6;3;4;6;1;1;0;0;0;0;0;479376,417000001296401;5431363,833999535068870;8,717838823000022;49,034810294000067;08210924215302140710;0
186977;08;4;36;064;2021;09;14;5;3;5;3;1;1;0;0;0;0;0;544410,858755927532911;5290213,308781180530787;9,592656010000042;47,763756192000073;08210916436200206830;1
186978;08;1;17;024;2021;10;10;3;3;6;7;0;1;1;0;0;0;0;560279,087647296488285;5385486,771073823794723;9,817923861000054;48,619546053000079;08211005117200893040;1
186979;08;3;11;000;2021;09;12;2;3;0;7;1;0;0;0;1;0;0;412328,266629994846880;5314139,140912316739559;7,825274099000069;47,974548975000062;08210927311010267230;0
186983;08;1;25;005;2021;09;18;5;2;6;4;0;1;1;0;0;0;0;515299,218792075291276;5452863,169046832248569;9,210132364000060;49,228359452000063;08210923121500246800;0
186988;08;3;17;065;2021;10;15;1;3;0;1;1;0;0;0;0;0;0;417472,001912754029036;5354570,943905686959624;7,886337836000052;48,338927311000077;08211003317300868810;1
186990;08;1;36;088;2021;09;18;4;3;5;3;1;1;0;0;0;0;0;581224,986085264943540;5409391,576987475156784;10,106798452000021;48,832185979000030;08210929136100247780;1
186993;08;4;35;059;2021;09;12;6;3;1;5;1;1;0;0;0;0;0;512554,044992060400546;5290087,827952073886991;9,167532414000050;47,764035025000055;08210917435200253680;0
186994;08;2;26;105;2021;09;06;2;3;5;3;1;1;0;0;0;1;0;469748,719779817387462;5477150,631547959521413;8,582664601000033;49,446265460000063;08210920222400862850;0
186996;08;1;16;033;2021;10;12;7;3;0;1;1;0;0;0;0;0;0;531527,454736984334886;5389359,069307234138250;9,428105610000046;48,656490833000078;08211009116400907330;0
186997;08;1;19;079;2021;10;18;6;3;6;7;0;1;1;0;0;0;0;522236,826837677508593;5408124,428676493465900;9,302964939000049;48,825701836000064;08211001119400864250;0
187000;08;2;22;000;2021;09;14;3;3;5;3;1;0;0;0;1;0;0;462366,026405375450850;5482625,401460966095328;8,480298987000026;49,495095983000056;08210928222501247970;0
187002;08;2;12;000;2021;09;15;6;3;5;3;1;1;0;0;0;0;0;458276,102000000886619;5428862,127999532967806;8,429423779000047;49,011240237000038;08210917212010215040;0
187003;08;1;19;067;2021;10;16;3;3;6;4;1;0;1;0;0;0;0;537756,063427031971514;5405957,957186006009579;9,514199853000036;48,805463699000029;08211005119300904500;0
187004;08;1;27;025;2021;09;07;3;3;5;3;1;1;0;0;0;1;0;556617,036943430081010;5427304,982273697853088;9,774006569000051;48,996047281000074;08210928127100264750;0
187005;08;3;35;043;2021;09;08;5;3;2;6;1;0;0;0;1;0;0;511993,074096584692597;5281619,322149470448494;9,159813106000058;47,687849617000040;08210923335100224650;0
187006;08;1;21;000;2021;10;10;6;3;1;6;1;1;0;0;1;0;0;516204,885514288209379;5443402,220649089664221;9,222190077000050;49,143232486000045;08211008121200875460;0
187008;08;3;35;043;2021;09;18;7;3;0;1;1;0;0;0;0;0;0;512976,491225662641227;5279380,735400239005685;9,172850985000025;47,667688589000079;08210918335100228360;0
187009;08;1;18;079;2021;09;15;3;3;6;3;0;1;1;0;0;0;0;509901,810999999754131;5421719,369999527931213;9,135237086000075;48,948317938000059;08210921118100223470;0
187010;08;1;18;019;2021;09;13;6;2;6;4;0;1;1;0;0;0;0;504714,091569556854665;5405176,191320799291134;9,064193570000043;48,799559978000048;08210924118200259610;0
187011;08;2;22;000;2021;09;17;4;3;5;3;1;1;0;0;0;0;0;461489,467439911328256;5480502,436574554070830;8,468401599000060;49,475946032000081;08210922222500227230;0
187013;08;3;15;131;2021;09;11;1;2;0;1;1;0;0;0;0;0;0;406679,673999978229403;5307621,257999492809176;7,751019312000039;47,915120856000044;08210926311010234760;0
187015;08;2;15;066;2021;09;08;6;3;5;3;1;0;0;0;0;0;0;457357,814000002108514;5453790,468999538570642;8,414231665000045;49,235406761000036;08210917215502713660;0
187016;08;4;21;000;2021;10;10;3;3;5;3;1;1;0;0;0;0;0;573497,199535668827593;5361682,666800852864981;9,993060760000049;48,404014256000039;08211005421200868760;0
187017;08;3;37;123;2021;10;13;5;3;6;6;1;0;1;0;0;0;0;453538,204999999143183;5280562,878999492153525;8,381005546000040;47,676785716000040;08211007337200884280;0
187018;08;2;16;007;2021;09;19;5;3;5;2;1;1;0;0;0;2;0;436025,520369416102767;5394159,072946721687913;8,130598870000028;48,697187430000042;08210930216200254780;0
187020;08;4;16;041;2021;09;10;3;2;0;7;1;0;0;0;0;0;0;505076,676973391324282;5373792,357592154294252;9,068746048000037;48,517223576000049;08210921416010860070;0
187021;08;1;17;026;2021;09;20;6;3;9;1;1;0;0;0;0;2;0;549244,718670826405287;5393655,363324495032430;9,669182777000060;48,693992919000038;08210924117300255570;0
187022;08;2;22;000;2021;09;14;5;3;3;2;1;1;0;0;0;0;0;461766,392940075136721;5481436,320555835962296;8,472133817000042;49,484363339000026;08210916222014221970;0
187024;08;2;15;017;2021;09;06;2;3;5;3;1;1;0;0;0;2;0;455715,100999997928739;5421686,126999529078603;8,395185483000034;48,946512564000045;08210927212702238680;1
187026;08;2;12;000;2021;10;17;5;2;4;6;1;1;0;0;0;0;0;453690,662433504126966;5429104,636652503162622;8,366693827000063;49,013094516000081;08211007212010882740;0
187027;08;2;26;084;2021;09;09;4;3;4;2;1;1;0;0;0;0;0;469860,377335467375815;5469421,916068542748690;8,584791703000064;49,376753257000075;08210929226400272270;0
187028;08;2;26;084;2021;09;22;5;3;0;1;1;0;0;0;0;2;0;469120,169794679619372;5469949,647677170112729;8,574553802000025;49,381463012000040;08210923226400253740;0