OID_;ULAND;UREGBEZ;UKREIS;UGEMEINDE;UJAHR;UMONAT;USTUNDE;UWOCHENTAG;UKATEGORIE;UART;UTYP1;IstRad;IstPKW;IstFuss;IstKrad;IstSonstige;ULICHTVERH;IstGkfz;LINREFX;LINREFY;XGCSWGS84;YGCSWGS84;UIDENTSTLAE;IstStrassenzustand
187029;08;2;26;085;2021;09;19;7;3;2;2;1;1;0;0;0;0;0;492797,641999999992549;5453999,160999538376927;8,901056067000070;49,238726731000042;08210918226500226140;0
187030;08;1;15;048;2021;09;18;3;3;6;4;0;1;1;0;0;0;0;509785,084734004922211;5386978,206961914896965;9,132815390000076;48,635791133000055;08210921115100239080;0
187033;08;4;16;018;2021;10;15;7;3;0;1;1;0;0;0;0;0;0;492128,089791215024889;5362160,788147144019604;8,893621139000061;48,412552025000082;08211002416100865510;0
187034;08;2;15;017;2021;09;17;4;2;0;7;1;0;0;0;0;0;0;456375,239216433838010;5421277,120480634272099;8,404244507000044;48,942880380000076;08210922212010788050;0
187036;08;2;26;031;2021;09;01;7;3;8;1;1;0;0;0;0;2;0;475337,062277372926474;5493234,416543243452907;8,658752523000032;49,591185894000034;08210925226600243550;0
187037;08;1;18;079;2021;09;23;7;2;0;1;1;0;0;0;0;2;0;510683,714556054212153;5419910,070401230826974;9,145868707000034;48,932029042000067;08210918118000248120;0
187038;08;2;26;006;2021;09;23;2;3;6;4;0;1;1;0;0;2;0;483758,474716350436211;5466873,538870267570019;8,776355933000048;49,354359748000036;08210920226300241010;0
187041;08;4;21;000;2021;09;16;5;3;0;7;1;0;0;0;0;0;0;571830,142416770569980;5353751,328272111713886;9,969184808000023;48,332861535000063;08210930421300251570;0
187044;08;1;16;033;2021;09;15;3;3;3;6;1;0;0;0;0;0;0;534113,443848067894578;5387335,786720242351294;9,463052465000032;48,638153782000074;08210928116400246280;0
187047;08;2;22;000;2021;09;15;6;3;0;4;0;0;1;0;1;0;0;461418,675496330484748;5481768,408057391643524;8,467300922000049;49,487328284000057;08210917222200231530;0
187049;08;2;15;101;2021;09;16;3;3;0;7;1;0;0;0;0;0;0;466196,064632515423000;5427131,356176294386387;8,537869591000060;48,996156111000062;08210928212010792430;0
187050;08;3;11;000;2021;09;08;5;3;4;3;1;0;0;0;1;0;0;413757,947022218257189;5315417,302592836320400;7,844169869000041;47,986240834000057;08210923311300225080;0
187051;08;3;15;074;2021;10;10;5;3;6;7;0;1;1;0;0;0;0;397379,251999964937568;5295712,814999483525753;7,629406346000053;47,806585438000070;08211007311400872210;0
187052;08;1;16;070;2021;09;19;5;3;8;1;1;0;0;0;0;2;0;539449,228643465787172;5384738,710058454424143;9,535229682000022;48,614477041000043;08210930116400268030;0
187053;08;3;15;015;2021;10;15;7;3;2;3;1;1;0;0;0;0;0;394885,210198748856783;5320919,591713568195701;7,589957806000029;48,032907759000068;08211009311100908320;0
187054;08;4;26;021;2021;09;20;7;2;8;1;1;0;0;0;0;2;0;558477,648000002838671;5323868,235999500378966;9,784925236000049;48,065409395000074;08210918426100225130;0
187056;08;1;15;054;2021;09;15;6;2;8;1;1;0;0;0;0;0;0;494072,049346907995641;5395089,364450400695205;8,919422109000038;48,708808562000058;08210924118000262530;0
187059;08;2;22;000;2021;10;06;2;3;0;7;1;0;0;0;0;2;0;466206,480623301118612;5474768,456789202988148;8,534001848000059;49,424652008000066;08211004222500874380;1
187062;08;1;18;048;2021;10;15;5;3;0;1;1;0;0;0;0;0;0;514631,221281454898417;5415615,427572660148144;9,199611213000026;48,893314977000045;08211007118050874160;0
187063;08;4;36;064;2021;09;15;4;3;0;1;1;0;0;0;0;0;0;546701,412361423484981;5293485,799961341544986;9,623573235000038;47,793036905000065;08210929436200248630;0
187065;08;4;21;000;2021;09;18;6;3;1;5;1;1;0;0;0;0;0;571475,228034528903663;5360596,815368432551622;9,965560014000062;48,394479250000074;08210917426010211890;0
187066;08;2;36;074;2021;09;07;2;3;1;5;1;1;0;0;0;0;0;472469,158124031499028;5422131,921783886849880;8,623964702000023;48,951495498000043;08210920231302216700;1
187070;08;1;35;031;2021;09;16;4;3;0;1;1;0;0;0;0;0;0;593817,056000023148954;5381055,831999512389302;10,271901745000036;48,575563743000032;08210922135010225410;0
187071;08;4;35;029;2021;09;10;5;3;5;3;1;1;0;0;0;0;0;545128,720533511601388;5271136,137640124186873;9,600263253000037;47,592065232000039;08210916435100206720;0
187072;08;1;19;020;2021;10;09;2;2;5;3;1;0;0;0;1;0;0;519360,159769644029438;5409058,624334976077080;9,263816462000023;48,834201998000026;08211004119210911200;1
187073;08;2;26;095;2021;09;17;2;2;0;1;1;0;0;0;0;0;0;473493,711759874597192;5461860,559091711416841;8,635346893000076;49,308908555000073;08210927226700239510;0
187074;08;2;21;000;2021;10;16;5;3;0;7;1;0;0;0;0;0;0;476227,403656904585660;5474165,199543016031384;8,672219348000056;49,419700098000078;08211007221300874040;0
187076;08;3;15;115;2021;10;10;7;3;3;6;1;1;0;0;0;0;0;409061,019620914943516;5319880,053808353841305;7,780289045000075;48,025733314000036;08211009311100904150;0
187077;08;3;17;098;2021;09;22;7;2;0;1;1;0;0;0;0;2;0;437642,319675800390542;5369326,580930514261127;8,156294946000060;48,473975770000038;08210925317100261980;0
187081;08;3;35;043;2021;10;17;6;3;3;6;1;0;0;0;0;0;0;512930,112978203222156;5279270,433947250247002;9,172229950000030;47,666697062000026;08211008335100904410;0
187082;08;3;36;050;2021;10;15;6;2;0;7;1;1;0;0;0;0;0;399449,725172596983612;5273722,207102254033089;7,662124106000022;47,609102727000050;08211001311010863980;0
187084;08;1;15;021;2021;09;19;4;3;1;5;1;1;0;0;0;0;0;488812,600046434439719;5382316,055030792951584;8,848276428000077;48,593826011000033;08210922115200239360;0
187085;08;4;16;041;2021;09;15;3;3;6;7;0;0;1;0;1;0;0;504287,408085812814534;5373988,352881763130426;9,058060149000028;48,518992709000031;08210928416200066110;0
187086;08;3;26;068;2021;09;19;6;3;7;7;1;0;0;0;1;1;0;442828,468467927537858;5317866,673889959231019;8,233406100000025;48,011535844000036;08210924326300257780;0
187088;08;1;19;020;2021;10;12;4;3;8;7;1;0;0;0;0;0;0;520355,510647417977452;5406431,678875297307968;9,277249343000051;48,810538714000074;08211006119200882990;0
187089;08;1;17;026;2021;10;12;6;3;5;3;1;1;0;0;0;0;0;547016,223845220170915;5394679,276519093662500;9,639018517000068;48,703375467000058;08211008117300901700;0
187090;08;1;16;049;2021;10;15;6;3;0;1;1;0;0;0;0;0;0;524973,651342886500061;5385848,235327443107963;9,338902885000039;48,625203652000039;08211001116500873640;0
187091;08;1;19;079;2021;10;10;7;3;6;7;0;1;1;0;0;0;0;522322,568722104653716;5408335,767334876582026;9,304144615000041;48,827599912000039;08211002119400873370;0
187093;08;1;27;014;2021;09;15;3;3;0;1;1;0;0;0;0;0;0;574795,519000008702278;5443401,602999534457922;10,025461728000039;49,138886874000036;08210928127202272290;0
187094;08;3;35;063;2021;09;18;1;3;0;1;1;0;0;0;0;0;0;497854,355442922562361;5288723,936733456328511;8,971373269000026;47,751882018000060;08210926335200860030;0
187095;08;2;26;009;2021;09;11;6;3;1;5;1;0;0;0;1;0;0;465991,160898084752262;5472254,977499028667808;8,531248126000037;49,402032094000049;08210924222500243440;0
187098;08;2;12;000;2021;09;15;3;2;9;7;1;0;0;0;0;0;0;464324,867999999783933;5428163,084999531507492;8,512198956000077;49,005331518000048;08210928212102244220;0
187099;08;3;35;063;2021;09;15;5;3;0;1;1;0;0;0;0;0;0;498107,908110332675278;5288254,338058853521943;8,974758157000053;47,747657560000050;08210923335200259220;0
187100;08;2;21;000;2021;10;14;5;3;6;4;0;1;1;0;0;0;0;477292,593543644063175;5468105,044719088822603;8,687252398000055;49,365230504000067;08211007221400873980;0
187101;08;2;21;000;2021;09;09;5;3;6;7;1;0;1;0;0;0;0;476872,275572363287210;5472290,841965049505234;8,681219999000064;49,402865426000062;08210930221200267090;0
187110;08;3;11;000;2021;09;18;4;3;5;3;1;0;0;0;0;0;0;412568,256224345415831;5316668,721562439575791;7,827973965000069;47,997336215000075;08210922311010238590;0
187112;08;2;16;007;2021;09;20;4;3;0;1;1;0;0;0;0;1;0;437373,496463331393898;5393100,330083126202226;8,149075988000050;48,687800698000046;08210929216200267630;0
187113;08;3;36;091;2021;09;13;7;2;0;7;1;0;0;0;0;0;0;395223,417524685151875;5272053,639334581792355;7,606306361000065;47,593424189000075;08210925336400231690;0
187114;08;4;26;045;2021;09;12;6;3;0;1;1;0;0;0;0;0;0;534529,425986018031836;5327468,182349704205990;9,463782276000074;48,099543476000065;08210917426300207940;0
187115;08;1;17;019;2021;09;12;2;3;5;3;1;1;0;0;0;0;0;552764,381801962852478;5394310,725153874605894;9,717091164000067;48,699600435000036;08210920117100251630;0
187116;08;4;15;061;2021;10;12;4;3;5;3;1;1;0;0;0;0;0;514793,330751052126288;5370818,791571266949177;9,200218595000024;48,490318596000066;08211006416010897780;0
187117;08;2;26;095;2021;10;15;6;3;5;3;1;1;0;0;0;0;0;474219,308980952948332;5461292,901529816910625;8,645365546000050;49,303833561000033;08211008226700901560;0
187120;08;1;16;050;2021;09;17;4;3;4;6;1;0;0;0;1;0;0;527632,397424834780395;5388430,539389073848724;9,375154621000036;48,648322227000051;08210922116500228790;0
187121;08;4;36;096;2021;09;09;3;3;0;1;1;0;0;0;0;0;0;545163,190315566956997;5300404,079553592950106;9,603756933000057;47,855390155000066;08210928436400242860;0
187123;08;4;25;033;2021;09;19;6;3;5;3;1;1;0;0;0;0;0;554087,404333391226828;5347726,946338031440973;9,729037983000069;48,280434282000044;08210924425000858590;0
187124;08;1;16;073;2021;09;07;6;3;0;7;1;0;0;0;0;1;0;520718,584769320674241;5388885,932499615475535;9,281312564000075;48,652686434000032;08210917116500206620;0
187127;08;1;11;000;2021;10;13;6;3;5;3;1;1;0;0;0;0;0;512740,122756031341851;5399558,547766683623195;9,173312681000027;48,748911374000045;08211001111500885440;0
187133;08;3;35;075;2021;09;08;5;3;0;1;1;0;0;0;0;0;0;488322,046684824861586;5288065,208656910806894;8,844213220000029;47,745852896000031;08210916335300203410;1
187134;08;2;22;000;2021;10;11;3;3;5;3;1;1;0;0;0;0;0;468126,085834422148764;5479092,945335861295462;8,560123703000045;49,463652931000070;08211005222400876560;0
187136;08;1;11;000;2021;09;18;4;2;0;7;1;0;0;0;0;1;0;511596,906657294370234;5401035,033365512266755;9,157802383000046;48,762216127000045;08210929111500859390;1
187137;08;3;17;114;2021;09;15;6;3;6;1;0;1;1;0;0;0;0;405443,884799079038203;5346878,381476040929556;7,725788848000036;48,268050982000034;08210924317300237210;0
187138;08;2;26;084;2021;09;19;6;3;4;2;1;1;0;0;0;1;0;469196,676771315746009;5469821,979035580530763;8,575617734000048;49,380318535000072;08210917226400212160;0
187139;08;4;26;021;2021;10;09;3;3;6;2;0;1;1;0;0;0;0;559002,083000003360212;5327881,049999503418803;9,792518223000059;48,101461152000070;08211005426100868850;1
187140;08;1;18;079;2021;10;20;6;3;6;7;0;0;1;0;1;2;0;508800,624253157526255;5421128,945019274950027;9,120184565000045;48,943023315000062;08211008118100926880;0
187141;08;3;25;049;2021;09;19;5;3;5;2;1;1;0;0;0;0;0;473451,400102645158768;5332678,313974522054195;8,643085196000072;48,146800694000035;08210930325202269970;0
187142;08;3;27;016;2021;10;18;7;3;4;6;1;0;0;0;1;0;0;493798,311988836154342;5318300,174964481964707;8,916833563000068;48,017963798000039;08211002327100865350;0
187145;08;4;15;061;2021;09;17;5;3;4;2;1;1;0;0;0;0;0;513723,734761587344110;5371878,059081569314003;9,185777169000062;48,499872420000031;08210916415400863090;0
187146;08;1;11;000;2021;10;11;3;3;1;5;1;1;0;0;0;0;0;516154,538912878371775;5405919,514514401555061;9,220010945000070;48,806054776000053;08211005111500879260;1
187147;08;3;11;000;2021;09;12;3;3;4;6;1;1;0;0;0;0;0;415403,105999988503754;5317587,463999496772885;7,865786229000037;48,005982090000032;08210928311010244580;0
187149;08;2;22;000;2021;10;20;5;3;4;6;1;0;0;0;0;2;0;462550,133769376203418;5485783,380753008648753;8,482541756000046;49,523511671000051;08211007222800924910;0
187152;08;4;15;061;2021;09;13;2;3;8;1;1;0;0;0;0;0;0;512864,522057166323066;5371503,397240869700909;9,174134585000047;48,496520010000040;08210920415400217840;0
187153;08;4;35;057;2021;10;12;6;3;5;3;1;1;0;0;0;0;0;544604,014470630325377;5278825,752818690612912;9,594067897000059;47,661287250000044;08211001435100880950;0
187157;08;1;18;048;2021;10;18;5;3;4;2;1;1;0;0;0;1;0;513679,132420912384987;5415598,859105207026005;9,186621549000051;48,893187683000065;08211007118400967190;0
187159;08;3;25;049;2021;09;14;7;3;0;7;1;0;0;0;0;0;0;473305,353108813986182;5334056,589165059849620;8,641035328000044;48,159194605000039;08210925325202233680;0
187161;08;1;15;028;2021;09;15;2;3;5;3;1;1;0;0;0;0;0;501506,693000000901520;5403996,632999520748854;9,020512889000031;48,788964792000058;08210920115300235390;0
187162;08;1;11;000;2021;10;08;5;3;6;4;0;1;1;0;0;0;0;509597,839185701683164;5398553,894148088991642;9,130542755000022;48,739929875000030;08211007111500899440;0
187164;08;3;15;006;2021;10;16;6;3;5;3;1;1;0;0;0;0;0;402365,675999973900616;5307561,239999491721392;7,693310409000048;47,913938599000062;08211001311400864410;0
187165;08;4;26;134;2021;10;13;1;2;3;6;1;1;0;0;0;0;0;557694,668019502423704;5339071,264203913509846;9,776475988000072;48,202249451000057;08211003426010867160;0
187167;08;2;12;000;2021;09;16;4;3;5;3;1;1;0;0;0;0;0;457880,127421887591481;5427941,563109034672379;8,424104598000042;49,002932715000043;08210929212010266070;0
187169;08;4;15;059;2021;09;13;6;3;6;4;0;1;1;0;0;0;0;517051,141320359893143;5367879,732822300866246;9,230656534000047;48,463820544000043;08210924415300231120;0
187170;08;2;12;000;2021;09;07;6;3;5;3;1;0;0;0;0;0;0;455693,685072300024331;5428530,785678882151842;8,394147281000073;49,008079757000075;08210917212302860410;0
187171;08;1;21;000;2021;10;13;4;2;0;7;1;0;0;0;0;0;0;516049,810793233104050;5443870,095390476286411;9,220082456000057;49,147445242000060;08211006121200916810;0
187173;08;2;12;000;2021;09;11;5;2;1;5;1;1;0;0;0;0;0;460207,892586376518011;5426658,380260240286589;8,456055752000054;48,991544669000064;08210930212102249980;0
187175;08;3;11;000;2021;09;16;3;3;4;6;1;1;0;0;0;0;0;414755,590091145597398;5319284,278120672330260;7,856769208000060;48,021159532000070;08210921311010243020;0
187176;08;2;12;000;2021;09;14;6;3;5;3;1;1;0;0;0;0;0;456404,167208945378661;5424071,263383410871029;8,404340353000066;48,968016294000051;08210924212010243870;0
187180;08;1;35;016;2021;09;08;5;3;5;3;1;1;0;0;0;0;0;592881,523808060213923;5386704,884892912581563;10,260485445000029;48,626511073000074;08210923135100242350;0
187181;08;3;35;043;2021;10;02;5;3;0;1;1;0;0;0;0;2;0;513137,866943202912807;5278591,421423694118857;9,174976815000036;47,660583340000073;08211007335100955790;0
187182;08;4;35;029;2021;09;15;4;3;5;3;1;1;0;0;0;0;0;545093,797386274673045;5270979,081105247139931;9,599782615000038;47,590654571000073;08210929435100251650;0
187187;08;2;26;095;2021;10;17;6;3;5;3;1;1;0;0;0;0;0;474033,590000000782311;5460711,670999541878700;8,642848666000020;49,298597542000039;08211001226700971810;0
187188;08;3;17;065;2021;10;07;2;3;6;4;0;1;1;0;0;2;0;416356,862262452021241;5354992,354495352134109;7,871209065000073;48,342571200000066;08211004317300874500;0
187191;08;1;28;131;2021;09;15;4;3;4;6;1;1;0;0;0;0;0;536692,550986679270864;5511888,279150851070881;9,509438382000042;49,758352224000078;08210929128300247640;1
187193;08;1;19;020;2021;09;11;5;3;5;3;1;1;0;0;0;0;0;519632,748205898329616;5408459,025609327480197;9,267502205000028;48,828799578000030;08210923119200254960;0
187200;08;1;11;000;2021;09;18;6;3;0;6;1;1;0;0;0;0;0;516330,577521108090878;5406301,683536373078823;9,222423625000033;48,809488110000075;08210924111500237500;0
187203;08;4;16;041;2021;10;11;7;2;0;1;1;0;0;0;0;0;0;504457,960079253651202;5373868,646889768540859;9,060368486000073;48,517914602000076;08211002416010865570;0
187205;08;3;11;000;2021;09;13;4;3;1;5;1;1;0;0;0;0;0;413086,236028105020523;5316592,124798439443111;7,834931528000027;47,996717829000033;08210929311010261710;0
187208;08;2;36;076;2021;09;13;2;3;4;6;1;0;0;0;0;0;0;472457,125478751026094;5423251,682246701791883;8,623724602000038;48,961567756000079;08210920231000219820;0
187211;08;1;26;066;2021;10;16;6;3;4;6;1;0;0;0;0;0;1;534826,852521440014243;5450691,964972550049424;9,478145846000075;49,208030332000078;08211001126200883410;0
187213;08;2;22;000;2021;09;14;4;3;3;2;1;1;0;0;0;0;0;461425,246433386579156;5482096,926112988963723;8,467359586000043;49,490283545000068;08210922222200860320;0
187215;08;4;35;016;2021;09;17;1;3;9;6;1;1;0;0;0;0;0;536023,653268048539758;5278534,818822609260678;9,479769205000025;47,659204381000052;08210926435100241730;0
187216;08;2;31;000;2021;09;07;6;3;3;2;1;1;0;0;0;0;0;478102,086000000126660;5415776,706999527290463;8,701243091000038;48,894551582000076;08210924231000258940;0
187217;08;2;12;000;2021;09;13;6;3;5;2;1;1;0;0;0;0;0;454800,207000000402331;5428811,416999533772469;8,381899188000034;49,010539263000055;08210917212010241410;0
187221;08;1;19;091;2021;09;04;1;2;1;5;1;1;0;0;0;2;0;528754,985613897442818;5405582,617402186617255;9,391591340000048;48,802568886000074;08210919119400240570;0
187222;08;1;11;000;2021;09;17;4;3;5;2;1;1;0;0;0;0;0;516367,785723902285099;5405319,602211847901344;9,222891245000028;48,800652471000035;08210922111320240280;0
187223;08;1;25;026;2021;09;11;6;2;1;5;1;1;0;0;0;0;0;493460,216066043823957;5442609,742850910872221;8,910343612000077;49,136282801000050;08210924121100253960;0
187224;08;4;15;061;2021;09;18;6;3;6;3;1;0;1;0;0;0;0;514904,093835026025772;5372504,004608625546098;9,201777853000067;48,505476743000031;08210917116010240850;0
187225;08;1;19;085;2021;10;17;3;3;3;2;1;1;0;0;0;0;0;529370,422331726178527;5413264,544643517583609;9,400522820000049;48,871644056000036;08211005119500870680;0
187226;08;2;22;000;2021;09;08;2;3;0;3;1;1;0;0;0;0;0;465318,829427205026150;5482283,245088364928961;8,521103764000031;49,492194438000070;08210927222301860810;0
187227;08;1;19;067;2021;09;10;5;3;5;3;1;1;0;0;0;0;0;538850,430536773055792;5406124,227071307599545;9,529119120000075;48,806891940000071;08210923119300242550;0
187228;08;2;12;000;2021;10;12;5;3;9;7;1;0;0;0;0;0;0;457904,005378396250308;5428035,730680283159018;8,424421297000038;49,003781396000079;08211007212402886770;0
187229;08;3;17;096;2021;09;19;4;3;2;6;1;1;0;0;0;1;0;421579,313881325535476;5369300,685867913067341;7,939000706000058;48,471944680000036;08210929317500245990;0
187230;08;2;26;084;2021;10;21;7;3;0;1;1;0;0;0;0;2;0;469496,976898799650371;5469585,688167566433549;8,579773021000051;49,378208263000033;08211009226400888590;0
187231;08;2;22;000;2021;09;17;5;3;5;3;1;1;0;0;0;0;0;463827,113857842981815;5478641,177640553563833;8,500839200000030;49,459348651000028;08210923222500060010;0
187233;08;1;18;011;2021;09;09;3;3;6;3;0;1;1;0;0;0;0;505021,695636555552483;5408277,045435154810548;9,068420276000040;48,827452550000032;08210921118200252900;0
187236;08;1;19;091;2021;09;08;2;3;0;7;1;0;0;0;0;0;0;526975,603363515809178;5406325,945129591971636;9,367408727000054;48,809335437000072;08210927119400265530;0
187237;08;1;15;021;2021;10;12;2;2;6;4;0;0;1;0;0;0;1;490016,628000000491738;5382277,664999518543482;8,864606333000040;48,593501002000039;08211004118000884180;1
187240;08;4;16;041;2021;09;10;7;3;0;1;1;0;0;0;0;0;0;504793,549406324513257;5373409,125087816268206;9,064907662000053;48,513778100000081;08210925416200259740;0
187241;08;1;18;048;2021;09;14;7;3;2;6;1;1;0;0;0;0;0;514647,903346025384963;5415616,223235737532377;9,199838830000033;48,893321740000033;08210925118400248790;0
187242;08;3;11;000;2021;09;10;6;3;6;3;0;1;1;0;0;0;0;411223,001807701773942;5318307,091662341728806;7,809605682000040;48,011888355000053;08210917311010208180;0
187243;08;4;35;034;2021;10;13;3;3;5;3;1;1;0;0;0;0;0;532222,104328362271190;5285058,383445626124740;9,429622833000053;47,718100197000069;08211005435200872150;1
187244;08;1;15;003;2021;10;12;6;3;0;7;1;1;0;0;0;0;0;499966,652000000700355;5392563,648999519646168;8,999546909000060;48,686115171000040;08211008115100876430;0
187246;08;2;12;000;2021;10;19;7;3;0;7;1;0;0;0;0;2;0;455619,167654951103032;5429237,604847591370344;8,393051093000054;49,014432307000050;08211002212010880350;0
187247;08;2;12;000;2021;09;19;3;3;6;4;1;0;1;0;0;2;0;457938,677563429810107;5428743,835471790283918;8,424821985000051;49,010153270000046;08210921212010222330;0
187248;08;2;36;040;2021;09;08;3;3;6;4;0;1;1;0;0;0;0;488301,185574669390917;5421805,249684974551201;8,840217402000064;48,949059098000077;08210928231102256740;0
187250;08;1;11;000;2021;09;08;6;3;5;3;1;1;0;0;0;0;0;513696,275878710672259;5407891,745136551558971;9,186597550000045;48,823855721000029;08210917111500234200;0
187251;08;2;35;046;2021;10;13;3;3;6;7;0;1;1;0;0;0;0;479570,069082756526768;5375149,322775347158313;8,723282263000044;48,529119296000033;08211005235200892560;0
187254;08;1;15;041;2021;09;10;7;3;0;7;1;0;0;0;0;0;0;495571,435599372722208;5401766,474903564900160;8,939731299000073;48,768888440000069;08210918115300256270;0
187255;08;4;16;041;2021;09;19;1;3;0;1;1;0;0;0;0;2;0;505797,388830967247486;5375421,549648517742753;9,078528246000076;48,531874123000080;08210919416200243230;0
187256;08;4;15;061;2021;10;07;3;3;9;3;1;1;0;0;0;1;0;517331,132365909405053;5373455,388702081516385;9,234675365000044;48,513973404000069;08211005415112869720;1
187257;08;1;11;000;2021;10;14;7;3;5;7;1;1;0;0;0;0;0;516297,490527780726552;5405612,122642206028104;9,221945606000077;48,803285791000064;08211009111310879210;0
187258;08;1;19;053;2021;10;13;6;3;1;2;1;1;0;0;0;0;0;533636,205536277964711;5425105,317908521741629;9,459669797000060;48,977940356000033;08211001119100865220;0
187260;08;3;36;014;2021;09;16;3;3;0;7;1;0;0;0;1;0;0;390207,249216788448393;5283030,549725927412510;7,536850354000023;47,691329554000049;08210921311010054020;0
187262;08;4;36;010;2021;09;15;6;3;6;4;1;0;1;0;0;0;0;566961,322466515935957;5306510,283394001424313;9,896077894000030;47,908421198000042;08210924436100237150;0
187263;08;3;16;012;2021;09;10;6;3;6;7;0;1;1;0;0;0;0;403589,240766303613782;5332872,247368765994906;7,703985391000060;48,141792426000052;08210917316100219430;0
187266;08;3;11;000;2021;09;19;5;3;3;2;1;0;0;0;0;2;0;411263,633999983780086;5315362,279999496415257;7,810759400000052;47,985404688000074;08210923311010270350;0
187267;08;4;16;041;2021;10;20;5;3;4;6;1;0;0;0;0;2;0;504290,906112413853407;5374646,263938311487436;9,058114290000049;48,524911491000069;08211007416200916170;0
187268;08;4;25;071;2021;09;15;5;3;6;4;0;1;1;0;0;0;0;546324,385180695913732;5369463,808862481266260;9,626804182000058;48,476595990000078;08210930117010263210;0
187271;08;1;16;033;2021;09;09;6;3;5;3;1;1;0;0;0;0;0;533396,339522943831980;5388319,215578481554985;9,453398173000039;48,647039325000037;08210924116400255780;0
187273;08;4;36;064;2021;10;08;6;3;5;3;1;0;0;0;0;0;0;546062,204881230369210;5293013,320298532024026;9,614988675000063;47,788832053000078;08211001436200871640;0
187274;08;1;21;000;2021;10;14;2;2;2;6;1;1;0;0;0;0;0;510801,375000001862645;5447347,890999536961317;9,148207111000033;49,178843907000044;08211004121300894670;0
187275;08;1;11;000;2021;09;08;3;3;0;2;1;1;0;0;0;0;0;513927,548009565100074;5401779,223701506853104;9,189541104000057;48,768863029000045;08210928111500242190;0
187276;08;2;15;101;2021;09;18;2;3;3;6;1;1;0;0;0;0;0;466219,179168466478586;5427021,756288832053542;8,538194690000068;48,995171489000029;08210927212010812460;0
187277;08;4;36;049;2021;09;17;4;3;2;6;1;1;0;0;0;0;0;581249,147159962914884;5281032,664677795022726;10,082474672000046;47,677576120000026;08210922436300227080;0
187278;08;3;17;065;2021;10;15;5;3;1;5;1;1;0;0;0;0;0;417187,419197222217917;5354942,180405886843801;7,882425336000040;48,342229320000058;08211007317300920590;0
187282;08;1;11;000;2021;09;15;7;3;0;7;0;0;1;0;1;0;0;511752,550552379339933;5406289,168309653177857;9,160070519000044;48,809478971000033;08210918111500218670;0
187283;08;1;16;019;2021;09;13;2;3;6;2;0;0;1;0;1;0;0;521843,171388993039727;5398686,086991120129824;9,297100090000072;48,740810040000042;08210920116100252920;0
187284;08;3;35;075;2021;10;13;6;3;0;7;1;0;0;0;0;0;0;487588,864794741384685;5290426,910841450095177;8,834365008000077;47,767088697000077;08211008335300903690;0
187286;08;1;15;045;2021;10;07;2;3;0;7;1;0;0;0;0;0;0;499119,156447525136173;5396229,030596075579524;8,988024365000058;48,719088626000030;08211004115400891300;1
187289;08;3;35;075;2021;09;07;6;3;5;3;1;1;0;0;0;1;0;488826,789408292621374;5287651,624212000519037;8,850957211000036;47,742140588000041;08210924335300228330;0
187290;08;1;16;056;2021;09;11;6;3;6;4;0;1;1;0;0;0;0;530524,765000000596046;5395501,158999523147941;9,414944303000027;48,711794105000081;08210917116100221380;0
187291;08;3;15;074;2021;10;13;3;3;6;3;0;1;1;0;0;0;0;396818,943636539392173;5296013,491201370954514;7,621853590000057;47,809200402000045;08211005311400895830;0
187292;08;1;15;041;2021;10;09;6;3;5;3;1;0;0;0;1;0;0;495502,043287164531648;5401655,750291325151920;8,938788144000057;48,767891866000070;08211008115300875710;0
187293;08;4;17;016;2021;09;17;5;2;4;2;1;1;0;0;0;0;0;484602,427937999367714;5341696,078068872913718;8,792669335000028;48,228299757000059;08210930417010273500;0
187295;08;2;26;095;2021;09;15;3;3;4;6;1;0;0;0;0;0;0;474149,990099771879613;5462551,838899770751595;8,644330516000025;49,315154721000056;08210921226700273850;0
187297;08;1;18;048;2021;09;06;6;3;0;7;1;0;0;0;0;0;0;513120,533419245854020;5415621,951542261987925;9,179001481000057;48,893407497000055;08210924118400248890;0
187298;08;4;21;000;2021;09;14;5;3;6;4;0;1;1;0;0;0;0;572486,409939089789987;5355783,368513219058514;9,978388090000067;48,351065477000077;08210916421300228700;1
187300;08;3;11;000;2021;09;06;3;3;1;5;1;1;0;0;0;0;0;410079,298581223934889;5316886,772531801834702;7,794571234000045;47,998952404000079;08210928311010272030;1
187301;08;3;11;000;2021;09;07;5;3;4;6;1;1;0;0;0;0;0;413897,985412068665028;5317132,698736755177379;7,845702152000058;48,001690323000048;08210923311010236720;0
187302;08;3;36;069;2021;10;13;5;3;0;7;1;1;0;0;0;0;0;408245,299718928523362;5268227,439257377758622;7,780274284000029;47,560977979000029;08211007311010874620;0
187303;08;2;16;043;2021;09;23;5;3;5;2;1;1;0;0;0;2;0;441928,589360632933676;5412963,069619279354811;8,208155619000024;48,866908674000058;08210930216100269060;0
187304;08;2;31;000;2021;09;02;7;3;7;7;1;0;0;0;0;2;0;475907,369721251539886;5414785,081655396148562;8,671359168000038;48,885549819000062;08210918231000860170;0
187305;08;1;18;051;2021;09;07;3;3;6;7;0;1;1;0;0;0;0;509930,498200481757522;5415414,511743886396289;9,135475412000062;48,891600759000028;08210921118300253030;0