OID_;ULAND;UREGBEZ;UKREIS;UGEMEINDE;UJAHR;UMONAT;USTUNDE;UWOCHENTAG;UKATEGORIE;UART;UTYP1;IstRad;IstPKW;IstFuss;IstKrad;IstSonstige;ULICHTVERH;IstGkfz;LINREFX;LINREFY;XGCSWGS84;YGCSWGS84;UIDENTSTLAE;IstStrassenzustand
187306;08;1;17;026;2021;09;15;5;3;1;6;1;1;0;0;0;0;0;548333,429614165797830;5395152,837800126522779;9,656975486000022;48,707534701000043;08210923117300228420;0
187310;08;3;35;066;2021;09;16;4;3;0;1;1;0;0;0;0;0;0;504604,060510043054819;5282827,929044131189585;9,061364038000022;47,698819145000073;08210922335100239980;0
187311;08;3;11;000;2021;10;04;4;3;0;7;1;0;0;0;0;2;0;412913,014577450230718;5316247,768772965297103;7,832679893000034;47,993596663000062;08211006311010895420;1
187312;08;2;26;060;2021;09;14;4;3;4;5;1;1;0;0;0;0;0;477234,367095124907792;5463452,002043548971415;8,686716295000053;49,323374480000041;08210929226700261560;1
187313;08;3;35;066;2021;09;17;7;3;5;3;1;1;0;0;0;0;0;501940,905129462480545;5286328,920876214280725;9,025884457000075;47,730333286000075;08210925335100861330;0
187314;08;4;15;061;2021;09;13;6;3;5;3;1;1;0;0;0;0;0;514846,507000001147389;5372195,809999514371157;9,200987260000034;48,502705483000057;08210917415400210400;0
187316;08;1;11;000;2021;10;09;5;3;6;6;0;0;1;0;1;0;0;511617,577515982091427;5402223,758485842496157;9,158117226000059;48,772909450000043;08211007111500884050;0
187317;08;2;12;000;2021;10;08;5;3;0;7;1;0;0;0;1;2;0;456376,741999999620020;5428401,915999528020620;8,403500841000039;49,006969222000066;08211007212010924860;1
187319;08;2;16;008;2021;10;16;7;3;0;1;1;0;0;0;0;0;0;439404,174231905490160;5393841,547304671257734;8,176555638000025;48,694668549000028;08211009216200897540;0
187321;08;3;27;046;2021;09;15;2;3;5;2;1;1;0;0;0;0;0;479730,206721688620746;5324372,404439128935337;8,727890024000033;48,072304266000060;08210920327200239750;1
187324;08;1;36;060;2021;10;06;2;3;0;7;1;0;0;0;0;2;0;576024,750526799820364;5429989,889271533116698;10,039790573000062;49,018110933000060;08211004136200867390;1
187325;08;3;11;000;2021;09;09;2;3;4;6;1;0;0;0;0;0;0;412013,119403343647718;5317668,592573789879680;7,820328891000031;48,006254171000080;08210927311010270380;0
187326;08;4;36;064;2021;09;17;4;2;0;6;1;0;0;0;1;0;0;545469,737120206467807;5290193,530921304598451;9,606783698000072;47,763504418000025;08210922436200862420;0
187327;08;4;37;104;2021;10;15;4;3;6;6;0;1;1;0;0;0;0;515946,832309396937490;5326296,145432315766811;9,214149083000052;48,089734929000031;08211006437200871740;0
187328;08;2;16;043;2021;09;17;4;2;0;7;1;0;0;0;0;0;0;441644,243446124717593;5411963,496865671128035;8,204421284000034;48,857890863000080;08210929216100259920;0
187330;08;1;15;010;2021;09;14;7;2;8;7;1;0;0;0;0;0;0;488355,393189426511526;5388019,325304441154003;8,841915681000046;48,645125316000076;08210918115200213310;0
187331;08;1;28;115;2021;09;10;2;3;6;7;0;1;1;0;0;0;0;547658,464911863207817;5496930,919576024636626;9,659855656000047;49,623057236000079;08210920128200248280;0
187332;08;1;16;019;2021;10;16;5;3;6;7;0;1;1;0;0;0;0;523054,500646508298814;5399400,124390855431557;9,313615709000032;48,747189782000078;08211007116100884550;0
187334;08;2;31;000;2021;10;16;6;3;4;2;1;1;0;0;0;0;0;478725,612285140901804;5415102,687730068340898;8,709784944000035;48,888510050000036;08211001231000968780;0
187337;08;1;15;003;2021;09;17;4;3;0;7;1;0;0;0;0;0;0;501075,978000000119209;5392536,658999519422650;9,014618991000077;48,685871439000039;08210929115100250300;0
187339;08;2;22;000;2021;09;15;6;3;6;4;0;1;1;0;0;0;0;463498,207501846365631;5483051,875125365331769;8,495893635000073;49,499001074000034;08210917222600210870;0
187341;08;4;21;000;2021;10;19;5;2;6;6;1;0;1;0;0;1;0;572740,018292402848601;5360753,825278555974364;9,982670695000024;48,395746947000077;08211007426010901960;0
187342;08;3;15;015;2021;09;16;5;3;6;7;0;1;1;0;0;0;0;394432,716346396133304;5320741,533926490694284;7,583933718000026;48,031231592000040;08210930311100273250;0
187343;08;3;35;043;2021;10;14;7;3;0;7;1;0;0;0;0;0;0;510753,266857941634953;5281433,889983283355832;9,143287604000022;47,686202983000044;08211002335100874230;0
187345;08;3;35;043;2021;09;09;3;2;5;3;1;0;0;0;0;0;0;513793,394211240112782;5280975,165757009759545;9,183782703000077;47,682017812000026;08210921335100859770;0
187346;08;2;15;009;2021;09;18;6;3;5;3;1;1;0;0;0;0;0;473866,077155853621662;5438281,864122195169330;8,642003819000024;49,096831362000046;08210924215402836070;0
187347;08;3;36;050;2021;09;16;5;3;6;4;0;0;1;1;0;0;0;399589,866673850454390;5275782,828180987387896;7,663515873000051;47,627660440000056;08210916336101068820;0
187352;08;1;25;065;2021;09;11;5;3;5;3;1;1;0;0;0;0;0;516204,430131847038865;5448255,608525013551116;9,222379249000028;49,186890131000041;08210930121500260040;0
187353;08;3;17;065;2021;09;01;7;3;8;1;1;0;0;0;0;2;0;414257,442742418497801;5353619,604104360565543;7,843162071000052;48,329942070000072;08210918317010226940;0
187354;08;1;19;055;2021;09;16;3;3;0;7;1;0;0;0;0;0;0;544035,135403564199805;5404867,036656245589256;9,599593010000035;48,795237227000030;08210921119300251950;0
187355;08;1;36;019;2021;09;12;1;2;0;1;1;0;0;0;0;0;0;581845,096101933158934;5428359,020289776846766;10,119051287000048;49,002698385000031;08210926136200241500;0
187357;08;2;12;000;2021;10;17;2;3;1;5;1;1;0;0;0;0;0;451415,847603330388665;5428082,898835211992264;8,335708873000044;49,003729058000033;08211004212502868820;1
187360;08;2;22;000;2021;10;11;4;3;5;3;1;1;0;0;0;0;0;461460,579106465913355;5481356,954580979421735;8,467919574000064;49,483630141000049;08211006222700888530;0
187362;08;3;17;065;2021;09;11;7;3;6;2;0;1;1;0;0;0;0;414499,438368111848831;5353941,774862771853805;7,846361012000045;48,332872732000055;08210925317300158490;0
187364;08;2;22;000;2021;09;11;2;3;5;3;1;1;0;0;0;0;0;462942,083870635367930;5478163,881606684997678;8,488671571000054;49,455002242000035;08210920222500216730;0
187366;08;1;11;000;2021;10;16;7;3;5;2;1;0;0;0;0;0;0;512578,752726834267378;5401729,081456059589982;9,171183799000062;48,768440678000047;08211009111500879150;0
187368;08;2;35;085;2021;10;11;7;3;0;7;0;1;1;0;0;0;0;480860,918122327886522;5395714,371583415195346;8,739817134000020;48,714165588000071;08211002235100864730;0
187369;08;2;26;056;2021;09;13;4;3;5;3;1;1;0;0;0;0;0;485426,958527756854892;5471332,735198885202408;8,799167266000040;49,394512273000032;08210922226300858320;0
187370;08;1;36;044;2021;09;16;4;3;1;2;1;1;0;0;0;0;0;558284,927803990431130;5408799,986229494214058;9,794163110000056;48,829441756000051;08210929136300268860;1
187373;08;1;21;000;2021;09;10;6;3;0;6;1;0;0;0;0;0;0;515975,130888428539038;5442573,994604790583253;9,219007037000040;49,135788337000065;08210917121200244360;0
187374;08;1;16;019;2021;10;08;4;3;6;4;1;0;1;0;0;0;0;526753,258091586641967;5397030,622012874111533;9,363775946000032;48,725726189000056;08211006116100881720;0
187376;08;3;11;000;2021;09;08;5;3;7;1;1;0;0;0;0;0;0;410556,343719736672938;5315146,965424668043852;7,801327318000062;47,983369363000065;08210930311010260000;0
187377;08;1;21;000;2021;10;14;7;3;6;4;0;1;1;0;0;0;0;515990,463999950326979;5440959,792074382305145;9,219153235000022;49,121267622000062;08211009121200905870;0
187378;08;1;27;014;2021;10;06;6;3;6;7;0;1;1;0;0;2;0;577956,354637581855059;5443430,644427152350545;10,068795295000029;49,138755092000054;08211001127202872060;0
187379;08;4;36;055;2021;10;17;1;3;0;7;1;0;0;0;0;0;0;579361,432280548848212;5293268,394159523770213;10,059560034000071;47,787884098000063;08211003436100940800;0
187380;08;2;22;000;2021;09;16;4;3;0;7;1;0;0;0;0;0;0;464140,610565369017422;5477126,598617985844612;8,505302187000041;49,445744248000040;08210922222501251410;0
187381;08;4;16;041;2021;09;20;3;2;8;1;1;0;0;0;0;2;0;503422,661000001244247;5372987,059999516233802;9,046341519000066;48,509990012000060;08210928416010261200;0
187385;08;3;15;006;2021;10;11;3;3;5;3;1;1;0;0;0;0;0;402681,864650004543364;5307582,644378226250410;7,697536156000069;47,914179199000046;08211005311400868940;1
187386;08;2;12;000;2021;10;17;6;3;0;7;1;0;0;0;0;0;0;453996,270946327596903;5429949,796464905142784;8,370777112000042;49,020719630000031;08211008212502876470;0
187387;08;4;17;079;2021;09;12;5;3;3;2;1;1;0;0;0;0;0;501670,811033423990011;5339962,132272167131305;9,022490967000067;48,212884454000061;08210930417100257460;0
187390;08;3;11;000;2021;09;15;3;3;4;2;1;0;0;0;0;0;0;413477,726201610639691;5315250,449485659599304;7,840448720000040;47,984702082000069;08210921311010253520;0
187391;08;2;11;000;2021;09;17;6;3;5;3;1;1;0;0;0;0;0;440158,109999997541308;5398028,756999520584941;8,186192612000070;48,732405928000048;08210924216200245000;0
187392;08;3;17;065;2021;09;10;5;3;6;7;0;1;1;0;0;0;0;414878,188012108206749;5354888,556301273405552;7,851278997000065;48,341440021000039;08210916317300215870;0
187394;08;3;11;000;2021;09;13;2;3;6;4;0;1;1;0;0;0;0;412740,467217967845500;5318211,198218896985054;7,829968177000069;48,011234787000035;08210927311010270270;0
187395;08;1;19;085;2021;09;14;5;3;3;2;1;1;0;0;0;0;0;529131,234831229783595;5413691,709451980888844;9,397291541000072;48,875497942000038;08210923119500246460;0
187398;08;2;31;000;2021;09;00;5;3;0;7;1;0;0;0;0;2;0;478163,434622881934047;5415775,378205155953765;8,702080140000021;48,894541794000077;08210923231000863550;0
187399;08;3;11;000;2021;09;15;7;2;5;3;1;1;0;0;0;0;0;414529,109226295724511;5318667,846080875024199;7,853855378000048;48,015584243000035;08210918311010212960;0
187400;08;4;21;000;2021;09;07;2;3;5;3;1;1;0;0;0;0;0;572087,116490661166608;5359976,091353280469775;9,973718243000064;48,388826009000070;08210920421300216710;0
187409;08;2;26;098;2021;09;07;2;3;5;2;1;1;0;0;0;0;0;476605,106295814737678;5460004,363649187609553;8,678259021000031;49,292339202000051;08210920226700250590;0
187410;08;1;18;048;2021;10;20;5;3;6;5;0;1;1;0;0;1;0;514075,858913939446211;5416345,707118589431047;9,192059711000070;48,899897238000051;08211007118400898160;0
187411;08;1;16;071;2021;10;17;7;2;0;1;1;0;0;0;0;0;0;527847,973324275575578;5390085,917987737804651;9,378192719000026;48,663204377000056;08211009116500878780;0
187412;08;3;35;063;2021;09;12;5;3;0;1;1;0;0;0;0;0;0;498107,692106286063790;5287686,355604624375701;8,974757747000069;47,742547087000048;08210930335200262450;0
187413;08;2;16;049;2021;10;14;7;3;8;7;1;0;0;0;0;0;0;438602,620368007570505;5401373,146001316606998;8,164542802000028;48,762337566000042;08211002211100865810;0
187414;08;2;12;000;2021;09;19;4;3;1;5;1;1;0;0;0;1;0;457056,579837267287076;5428469,810224557295442;8,412789164000060;49,007627620000051;08210922212010239610;0
187417;08;3;16;009;2021;09;11;6;3;0;1;1;0;0;0;0;0;0;417158,311412496492267;5324336,896783359348774;7,888008307000064;48,066926089000049;08210924316200258840;0
187421;08;2;12;000;2021;10;11;6;2;5;3;1;1;0;0;0;0;0;459314,312848380766809;5429368,824747422710061;8,443569854000032;49,015867390000039;08211008212010879730;0
187422;08;2;26;076;2021;09;07;5;3;5;3;1;1;0;0;0;0;0;475370,117918324656785;5466015,915296826511621;8,660903948000055;49,346364327000060;08210930226700249450;0
187423;08;4;36;085;2021;09;17;7;3;4;6;1;1;0;0;0;0;0;560470,115037045441568;5293950,976209679618478;9,807465785000034;47,796076047000042;08210918436300243750;0
187424;08;3;11;000;2021;09;16;2;3;5;3;1;0;0;0;0;0;0;417880,217999990098178;5315088,153999496251345;7,899469350000061;47,983822545000066;08210920311010251440;1
187426;08;1;18;003;2021;09;14;6;3;0;7;1;1;0;0;0;0;0;510277,857524624094367;5417192,719035837799311;9,140258948000053;48,907591398000079;08210924118300268160;0
187431;08;3;11;000;2021;09;13;4;3;0;4;1;0;1;0;0;0;0;414203,303720424883068;5317033,613036176189780;7,849814260000073;48,000840063000055;08210929311010257850;0
187432;08;2;22;000;2021;10;14;7;3;6;7;0;0;1;0;1;0;0;461627,758716263808310;5482288,820371283218265;8,470137120000061;49,492022371000076;08211009222014879570;0
187435;08;1;17;044;2021;09;16;2;3;6;4;0;1;1;0;0;0;0;538861,181754581630230;5391674,599150255322456;9,527902495000035;48,676907646000075;08210920117400220150;0
187439;08;4;15;061;2021;09;11;5;2;0;7;0;1;1;0;0;0;0;516890,864120642654598;5374089,228397555649281;9,228739552000036;48,519687617000045;08210916415400233700;1
187440;08;1;28;007;2021;10;09;3;3;5;3;1;1;0;0;0;0;0;555740,362000002525747;5482290,788999551907182;9,769671523000056;49,490693093000061;08211005128100892920;0
187442;08;2;12;000;2021;09;17;5;3;6;3;0;0;1;0;1;0;0;454028,207828231155872;5430570,247478593140841;8,371143587000063;49,026302991000080;08210923212010229030;0
187443;08;3;16;011;2021;10;08;5;3;4;2;1;1;0;0;0;0;0;415633,370676304213703;5329536,290565388277173;7,866515561000028;48,113496213000076;08211007316100897920;0
187446;08;2;26;096;2021;09;13;5;3;6;7;1;0;1;0;0;0;0;474841,269338598474860;5488314,135436519980431;8,652207200000021;49,546909703000040;08210923226600255500;0
187447;08;2;31;000;2021;09;16;7;3;0;7;1;0;0;0;0;0;0;477534,125422099605203;5415943,505760420113802;8,693485251000027;48,896031711000035;08210918231000211620;0
187448;08;1;19;086;2021;09;07;3;3;4;6;1;1;0;0;0;0;0;534951,614329447038472;5405278,438605917617679;9,475949648000039;48,799515053000050;08210921119300859840;0
187449;08;3;17;089;2021;10;17;6;2;0;7;1;0;0;0;1;0;0;430034,077393598854542;5376975,078772734850645;8,052086237000026;48,541974648000064;08211001317100886040;0
187450;08;3;27;050;2021;10;08;2;3;5;2;1;1;0;0;0;0;0;487356,977831005118787;5314303,382852073758841;8,830571476000046;47,981909062000057;08211004327100886880;1
187452;08;2;12;000;2021;09;08;4;3;0;7;1;0;0;0;0;0;0;461205,419049522839487;5427507,226541563868523;8,469609913000056;48,999243722000074;08210922212102238820;0
187453;08;1;16;078;2021;09;01;4;3;0;1;1;0;0;0;0;2;0;511912,253890646621585;5393474,986544609069824;9,161874944000033;48,694199940000033;08210929116200256720;1
187454;08;2;22;000;2021;09;18;7;3;6;4;0;1;1;0;0;0;0;461640,072121051140130;5483689,969379262998700;8,470171100000073;49,504625717000067;08210925222600260650;0
187455;08;4;37;078;2021;09;07;6;3;6;4;0;1;1;0;0;0;0;508465,651955911889672;5315694,261804405599833;9,113475359000063;47,994491991000075;08210917437200206970;0
187456;08;2;12;000;2021;09;06;2;3;6;6;0;0;1;0;1;0;0;451597,913999998942018;5427266,209999531507492;8,338295420000065;48,996397233000039;08210920212010218540;0
187457;08;3;35;043;2021;10;18;3;2;5;3;1;0;0;0;1;1;0;512943,718635238707066;5279108,250332513824105;9,172406372000069;47,665237514000069;08211005335100882290;1
187458;08;4;37;078;2021;10;16;6;2;6;7;0;1;1;0;0;0;0;508507,603437338024378;5315961,788019686937332;9,114042988000051;47,996898415000032;08211008437000898940;0
187459;08;1;18;071;2021;10;07;6;2;5;3;1;1;0;0;0;0;0;510047,312235550954938;5420808,703581668436527;9,137201850000054;48,940123530000051;08211001118100868560;0
187464;08;3;11;000;2021;09;17;6;3;3;2;1;1;0;0;0;0;0;414512,212760629132390;5318123,489028783515096;7,853737389000059;48,010685293000051;08210917311010224330;0
187465;08;2;12;000;2021;10;08;3;3;0;1;1;0;0;0;0;0;0;456254,382765119895339;5428795,342202013358474;8,401785415000063;49,010499473000039;08211005212010869010;1
187466;08;2;21;000;2021;09;17;3;2;5;3;1;1;0;0;0;0;0;477099,047465760260820;5472832,671564083546400;8,684314405000066;49,407747674000063;08210928221011257080;0
187467;08;3;16;009;2021;09;19;5;3;5;2;1;1;0;0;0;1;0;416471,185999987646937;5324485,827999500557780;7,878757680000035;48,068176156000050;08210923316200254230;0
187468;08;1;16;019;2021;10;13;6;3;6;7;0;1;1;0;0;0;0;522699,624071263708174;5398837,690879156813025;9,308757319000051;48,742143231000057;08211008116100906930;0
187469;08;2;31;000;2021;09;18;5;3;0;2;1;1;0;0;0;0;0;478174,007476019673049;5414874,816749509423971;8,702272489000052;48,886441016000049;08210930231402251320;0
187470;08;1;19;020;2021;09;09;7;3;5;3;1;1;0;0;0;0;0;519868,839221993461251;5406761,526693206280470;9,270636752000030;48,813521714000046;08210918119200265350;0
187471;08;4;21;000;2021;09;15;2;3;0;3;1;1;0;0;0;0;0;572528,424810262396932;5361445,763642910867929;9,979932183000074;48,401995477000071;08210920426010255170;0
187472;08;1;11;000;2021;09;17;6;3;6;7;0;0;1;0;1;0;0;510769,536258839070797;5396962,348661677911878;9,146437681000066;48,725593167000056;08210917111500237460;0
187475;08;3;16;011;2021;09;14;2;3;0;6;1;0;0;0;0;0;0;414956,880635086447001;5329785,036745473742485;7,857379019000064;48,115643746000046;08210927316100265090;0
187477;08;1;15;048;2021;10;07;5;3;5;3;1;1;0;0;0;1;0;510934,139790376648307;5386935,498942285776138;9,148410622000029;48,635387884000068;08211007115100872900;0
187479;08;1;36;088;2021;09;15;7;3;0;7;1;0;0;0;0;0;0;580837,842000011354685;5410653,984999524429440;10,101773136000077;48,843590858000027;08210925136100233610;0
187480;08;3;36;069;2021;09;16;6;3;4;6;1;1;0;0;0;0;0;409062,954584344290197;5272455,297676891088486;7,790265197000053;47,599126187000081;08210917336200238910;0
187481;08;3;15;064;2021;09;16;2;3;5;3;1;1;0;0;0;0;0;422011,371999992989004;5312973,522999498993158;7,955207202000054;47,965316953000070;08210920311010235270;1
187484;08;3;17;034;2021;10;18;6;3;8;1;1;0;0;0;0;1;0;427146,173999994061887;5363302,441999509930611;8,015349578000041;48,418659168000033;08211008317500890720;0
187485;08;2;21;000;2021;10;17;6;3;6;3;0;1;1;0;0;0;0;475930,219210295006633;5472020,271301345899701;8,668251826000073;49,400395160000073;08211001221011884840;0
187486;08;2;15;009;2021;10;17;1;3;5;3;1;1;0;0;0;0;0;471071,987574878148735;5441098,059408372268081;8,603528029000074;49,122038645000032;08211003215402867230;0
187488;08;4;26;021;2021;09;10;3;3;5;3;1;1;0;0;0;0;0;559459,577593111433089;5325752,680795619264245;9,798366241000053;48,082271445000060;08210928426100265220;0
187489;08;3;11;000;2021;09;17;6;3;3;6;1;1;0;0;0;0;0;413302,154724039137363;5317090,076193571090698;7,837724657000024;48,001226385000052;08210924311010258240;0
187490;08;1;16;035;2021;09;15;6;3;2;6;1;1;0;0;0;0;0;526756,157485929317772;5391655,016562936827540;9,363467011000068;48,677367638000078;08210917116500242620;0
187492;08;4;15;050;2021;10;13;5;3;5;3;1;0;0;0;0;0;0;521866,185215228237212;5375872,088856156915426;9,296209064000038;48,535573063000072;08211007415100873920;0
187493;08;4;36;008;2021;09;16;5;3;3;2;1;1;0;0;0;0;0;548044,122659740038216;5311317,013185229152441;9,643483533000051;47,953362341000059;08210930436400269930;0
187494;08;1;36;065;2021;10;16;7;2;0;7;1;0;0;0;0;0;0;556465,497142262756824;5403964,882700754329562;9,768709662000049;48,786117588000081;08211002136300888090;0
187495;08;4;15;061;2021;09;07;3;3;6;4;0;1;1;0;0;0;0;515528,572996207512915;5371499,855024721473455;9,210194901000023;48,496427943000072;08210921415400249440;0
187496;08;3;17;096;2021;10;00;6;3;9;7;1;0;0;0;0;2;0;422104,164498467929661;5370700,774936687201262;7,945839541000055;48,484603592000042;08211008317500896720;0
187498;08;4;17;002;2021;10;11;7;3;5;3;1;1;0;0;0;0;0;488651,319000000134110;5345449,380999507382512;8,847087416000022;48,262152741000079;08211002417010866270;0
187499;08;1;36;088;2021;09;10;4;3;5;3;1;1;0;0;0;0;0;581036,251000010408461;5412529,775999523699284;10,104848016000062;48,860436178000043;08210922136100223090;0
187500;08;1;19;068;2021;09;12;4;3;5;3;1;1;0;0;0;0;0;525955,378382425755262;5413454,271199131384492;9,353965085000027;48,873503124000081;08210929119500268650;0
187501;08;4;15;014;2021;09;14;6;3;5;3;1;0;0;0;0;0;0;525991,839152699336410;5374738,827968938276172;9,352025320000052;48,525220687000058;08210924415100233000;0
187502;08;1;18;046;2021;09;23;6;3;1;1;1;1;0;0;0;2;0;514335,841535896994174;5412157,825104210525751;9,195460199000024;48,862218134000045;08210917118300253580;0
187504;08;1;19;008;2021;10;13;6;3;0;7;1;0;0;0;0;0;0;531448,649025531485677;5420786,589110532775521;9,429442088000030;48,939206777000038;08211008119100876520;0
187505;08;3;11;000;2021;09;17;5;3;2;6;1;0;0;0;0;0;0;413341,351555483415723;5316497,474123634397984;7,838369705000048;47,995901045000039;08210930311010270940;0
187506;08;1;19;067;2021;10;16;7;3;5;3;1;1;0;0;0;0;0;537312,883000000379980;5405675,192999524995685;9,508138729000052;48,802946839000072;08211002119300884600;0
187507;08;1;36;088;2021;09;07;3;2;5;2;1;0;0;0;0;0;1;581226,260772098787129;5413445,943268988281488;10,107619957000054;48,868651469000042;08210921136100218700;0
187510;08;1;11;000;2021;09;14;6;3;2;4;0;1;1;0;0;0;0;519544,850799188017845;5401429,421340016648173;9,265970067000069;48,765565174000074;08210917111250241870;0
187511;08;2;26;084;2021;10;18;3;3;5;3;1;1;0;0;0;1;0;469832,766137607395649;5469725,236166089773178;8,584388331000071;49,379480190000038;08211005226400870560;1
187512;08;1;16;077;2021;09;22;3;3;3;6;1;0;0;0;1;2;0;515722,044726274907589;5391219,457930039614439;9,213559841000063;48,673824722000063;08210928116010266140;0
187513;08;3;35;075;2021;09;18;5;3;0;1;1;0;0;0;0;0;0;489377,649015690200031;5288288,191785227507353;8,858289723000041;47,747877451000079;08210923335300259540;0
187516;08;2;31;000;2021;09;13;7;2;5;3;1;1;0;0;0;0;0;475357,824906885623932;5411772,641978975385427;8,664044602000047;48,858429322000063;08210918231000068740;0
187517;08;3;11;000;2021;09;11;2;3;0;1;1;0;0;0;0;0;0;412302,309158210642636;5314848,141603574156761;7,824781621000056;47,980923111000038;08210920311300229270;0
187518;08;1;18;040;2021;09;17;5;2;6;7;1;0;1;0;0;0;0;510824,884363615885377;5431902,006273915991187;9,148115514000040;49,039901349000047;08210923118100227490;0
187520;08;1;28;139;2021;10;15;2;2;1;1;1;1;0;0;0;0;0;550665,528874667361379;5491743,879747595638037;9,700817855000025;49,576160201000050;08211004128200894820;0
187523;08;3;11;000;2021;10;09;4;3;0;2;1;0;0;0;0;0;0;414042,768560798838735;5317935,103135999292135;7,847481927000047;48,008927723000056;08211006311010870890;0
187524;08;4;16;041;2021;09;15;4;3;6;4;1;0;1;0;0;0;0;504285,705864344723523;5373946,709117652848363;9,058036670000035;48,518618078000031;08210929416010245770;0
187525;08;1;21;000;2021;09;00;7;3;0;7;1;0;0;0;0;2;0;516224,860894770361483;5443283,352726127952337;9,222459177000076;49,142162703000054;08210925121200246900;0
187526;08;4;16;048;2021;09;16;6;3;0;1;1;0;0;0;0;0;0;497364,936207404360175;5374742,929304480552673;8,964311149000025;48,525790263000033;08210917416100237120;0
187528;08;1;21;000;2021;10;15;5;3;5;3;1;0;0;0;1;0;0;517451,594000000506639;5443079,808999536558986;9,239269960000058;49,140298133000044;08211007121200874170;0
187530;08;1;36;088;2021;10;11;6;3;0;7;1;0;0;0;0;0;0;579929,450228116475046;5409756,390296418219805;10,089219551000042;48,835635317000026;08211001136100869590;0
187531;08;1;35;016;2021;09;16;2;3;6;7;0;1;1;0;0;0;0;591725,764802397228777;5387067,859345119446516;10,244884955000032;48,629946261000043;08210927135100265970;0
187532;08;4;26;097;2021;10;14;7;3;0;1;1;0;0;0;0;0;0;537209,049944183789194;5339117,364385301247239;9,500791015000061;48,204195682000034;08211002426010890520;0
187534;08;3;35;043;2021;09;17;3;3;9;1;1;0;0;0;0;0;0;512070,013535881415009;5278865,091977789998055;9,160762219000048;47,663066550000053;08210928335100267620;0
187535;08;4;26;021;2021;09;16;6;3;8;1;1;0;0;0;0;0;0;558804,334223397076130;5327264,091937866061926;9,789777298000047;48,095929175000038;08210924426100230910;0
187537;08;1;11;000;2021;10;15;4;3;2;6;1;0;0;0;1;0;0;511849,786065361462533;5406668,368821145966649;9,161405816000070;48,812888366000038;08211006111500958070;0
187538;08;2;12;000;2021;10;17;6;3;4;1;1;1;0;0;0;0;0;454164,572259851731360;5425324,292559335008264;8,373600931000055;48,979125390000036;08211008212702877250;0
187539;08;1;15;046;2021;10;08;6;3;4;2;1;1;0;0;0;0;0;508809,236988591961563;5389781,509837908670306;9,119629635000024;48,661024573000077;08211001115100871520;0
187545;08;2;25;109;2021;10;07;3;3;5;3;1;1;0;0;0;2;0;527224,136530142277479;5492875,148430425673723;9,376659722000056;49,587844558000029;08211005225200877930;1
187547;08;2;36;071;2021;10;17;5;3;5;3;1;0;0;0;0;0;0;468728,147474048659205;5421396,940321234986186;8,572925215000055;48,944706128000064;08211007231202900420;0
187548;08;1;21;000;2021;09;10;5;3;0;7;1;0;0;0;0;0;0;513926,810027536004782;5440712,786041149869561;9,190862001000028;49,119095931000061;08210930121200260330;0
187550;08;3;11;000;2021;09;07;2;3;5;3;1;1;0;0;0;0;0;413057,117887674830854;5318539,834398753941059;7,834146478000036;48,014234130000034;08210920311010249680;0
187551;08;1;36;088;2021;09;23;2;3;1;1;1;1;0;0;0;2;0;580871,527948161587119;5412894,912624957039952;10,102674769000032;48,863741773000072;08210927136100270730;0
187554;08;2;36;046;2021;10;01;1;3;8;7;1;0;0;0;0;2;0;483273,647435885854065;5418011,195139866322279;8,771707353000068;48,914813555000080;08211003231102865160;0
187555;08;1;18;007;2021;09;07;6;3;0;1;1;0;0;0;0;0;0;510513,544001260772347;5427196,137060347944498;9,143733555000040;48,997574814000075;08210924118100228120;0
187558;08;3;36;069;2021;09;12;3;3;5;3;1;1;0;0;0;0;0;406720,482785394415259;5267591,016114415600896;7,760144328000024;47,555035535000059;08210928311010257660;0
187561;08;2;22;000;2021;09;08;5;3;5;3;1;1;0;0;0;0;0;462064,947150611318648;5481260,544146444648504;8,476272439000070;49,482801056000028;08210930222700857350;0
187562;08;4;15;061;2021;09;11;7;3;6;4;0;1;1;0;0;0;0;515680,058296022936702;5370853,191542191430926;9,212221113000055;48,490606570000068;08210918416010210070;0
187563;08;1;11;000;2021;09;12;3;3;1;7;1;1;0;0;0;0;0;513604,314325803890824;5405077,586458725854754;9,185251389000030;48,798541949000025;08210921111500219310;0
187567;08;4;15;061;2021;09;16;5;3;5;2;1;1;0;0;0;0;0;516278,968483906239271;5370803,549676004797220;9,220325043000059;48,490144744000077;08210923415400255850;0
187568;08;2;31;000;2021;09;13;4;3;6;2;0;1;1;0;0;0;0;477353,994741379283369;5415508,487572172656655;8,691051777000041;48,892111881000062;08210922231000226980;0
187570;08;4;35;016;2021;09;08;4;3;4;6;1;0;0;0;0;0;0;537733,145878560841084;5278250,994582235813141;9,502511135000077;47,656553248000080;08210929435100255520;0
187572;08;4;15;014;2021;09;17;6;3;0;6;1;0;0;0;1;0;0;524492,646772424690425;5375454,734544700011611;9,331763161000026;48,531721425000057;08210917415100209340;0
187575;08;1;19;020;2021;10;01;7;3;0;7;1;0;0;0;0;2;0;519842,943874578922987;5407451,223677473142743;9,270317389000070;48,819726921000040;08211009119200969240;0
187576;08;3;35;043;2021;10;14;6;3;5;2;1;1;0;0;0;0;0;512187,424703358672559;5281240,691525841131806;9,162392330000046;47,684439197000074;08211001335100947360;0