OID_;ULAND;UREGBEZ;UKREIS;UGEMEINDE;UJAHR;UMONAT;USTUNDE;UWOCHENTAG;UKATEGORIE;UART;UTYP1;IstRad;IstPKW;IstFuss;IstKrad;IstSonstige;ULICHTVERH;IstGkfz;LINREFX;LINREFY;XGCSWGS84;YGCSWGS84;UIDENTSTLAE;IstStrassenzustand
187577;08;1;36;042;2021;09;15;2;3;5;3;1;1;0;0;0;0;0;547618,859440402127802;5404411,539986185729504;9,648333920000027;48,790875717000063;08210927136010262950;0
187579;08;1;15;045;2021;09;16;4;2;1;5;1;1;0;0;0;0;0;499859,336462764069438;5393427,519135249778628;8,998088543000051;48,693886620000058;08210922118000858850;0
187580;08;2;12;000;2021;09;15;4;3;0;1;1;0;0;0;0;0;0;461021,742896231822670;5427540,570841871201992;8,467095651000022;48,999532091000049;08210929212102259940;1
187583;08;1;11;000;2021;10;08;4;3;0;6;1;0;0;0;0;0;0;513572,011000000871718;5403245,444999525323510;9,184750993000023;48,782060897000065;08211006111500896110;0
187585;08;4;15;061;2021;09;15;5;3;4;2;1;1;0;0;0;0;0;516190,484225065447390;5371963,761704001575708;9,219172461000028;48,500584695000043;08210930415400251750;0
187587;08;2;15;009;2021;09;12;1;3;6;7;0;1;1;0;0;0;0;470915,981707068160176;5441452,540583739057183;8,601364391000061;49,125219914000070;08210919215402850450;0
187592;08;3;15;020;2021;09;21;2;3;9;1;1;0;0;0;0;2;0;427343,933131294324994;5311821,073630271479487;8,026829781000060;47,955577150000067;08210927311010254480;0
187596;08;2;37;019;2021;09;11;7;2;4;3;1;1;0;0;0;0;0;463133,566881691105664;5369012,694854622706771;8,501203192000048;48,473163486000033;08210918231000214570;0
187597;08;4;15;061;2021;09;11;2;2;8;1;1;0;0;0;0;0;0;515902,433101406320930;5371780,401766981929541;9,215266124000038;48,498942485000043;08210920415400231040;0
187599;08;3;37;096;2021;10;07;6;3;3;2;1;0;0;1;0;0;0;418838,716629078611732;5266949,543442666530609;7,921304682000027;47,550892662000081;08211001337100882690;0
187601;08;2;26;084;2021;10;15;1;3;5;7;1;1;0;0;0;0;0;469834,436122060753405;5469722,749651310965419;8,584411526000054;49,379457907000074;08211003226400877150;1
187605;08;2;15;090;2021;09;14;7;2;3;6;1;0;0;0;0;0;0;464940,186000000685453;5434123,333999531343579;8,520096729000045;49,058980712000050;08210925215090836080;0
187611;08;1;15;003;2021;10;11;6;3;0;7;1;0;0;0;0;0;0;496773,842817383818328;5393719,879433836787939;8,956157935000022;48,696508396000070;08211001115100869690;0
187613;08;4;36;081;2021;09;16;3;3;5;3;1;1;0;0;0;0;0;562813,891192648559809;5281466,342950992286205;9,836956922000070;47,683531965000043;08210921436300221340;0
187614;08;2;26;018;2021;09;09;3;3;3;3;1;1;0;0;0;0;0;473462,742000000551343;5472053,276999548077583;8,634241653000061;49,400589464000063;08210928221400267260;0
187617;08;1;15;028;2021;09;18;5;3;0;7;1;1;0;0;0;0;0;500881,960684299468994;5405242,072906579822302;9,012010138000051;48,800169893000032;08210923115300243460;0
187620;08;1;36;019;2021;09;11;7;3;0;7;1;0;0;0;0;0;0;582725,689434901811182;5424011,707806291058660;10,130204414000048;48,963481746000070;08210925136200260410;0
187621;08;1;11;000;2021;09;18;7;3;8;1;0;1;1;0;0;0;0;510596,089933474548161;5400417,133560193702579;9,144168126000068;48,756675364000046;08210918111140213260;0
187626;08;2;12;000;2021;10;12;7;3;0;1;1;0;0;0;0;0;0;460091,188365610316396;5430592,199828924611211;8,454073784000059;49,026922605000038;08211002215102874070;0
187627;08;2;26;012;2021;09;13;4;3;5;3;1;1;0;0;0;0;0;476658,316177900880575;5477687,076564449816942;8,677953395000031;49,451395340000033;08210922221011231940;0
187628;08;3;35;075;2021;09;07;3;3;7;1;1;0;0;0;0;0;0;487781,525594188831747;5289856,956516247242689;8,836952212000028;47,761964202000058;08210928335300256150;0
187629;08;3;17;040;2021;09;19;6;3;0;1;1;0;0;0;0;1;0;432568,789278633892536;5347182,389418534934521;8,091210438000076;48,274254909000035;08210924317600232350;0
187630;08;1;26;069;2021;09;12;6;3;0;7;1;0;0;0;0;0;0;538306,676272574812174;5447391,823859442025423;9,525604532000045;49,178138132000072;08210917126200239570;0
187631;08;3;35;043;2021;10;07;3;3;0;1;1;0;0;0;0;1;0;513250,731115381233394;5279233,073134491220117;9,176499450000051;47,666354411000043;08211005335100892540;1
187634;08;1;25;079;2021;09;15;1;3;0;7;1;0;0;0;0;0;0;511699,536437095142901;5454336,257136527448893;9,160734518000027;49,241689547000078;08210919121500230770;0
187636;08;2;26;076;2021;09;09;1;3;5;3;1;1;0;0;0;0;0;475255,420295832678676;5465596,664925638586283;8,659350893000067;49,342588561000071;08210926226700248960;0
187637;08;3;35;043;2021;09;14;5;3;0;1;1;0;0;0;0;0;0;511908,541738381609321;5280394,605999758467078;9,158653264000066;47,676831609000033;08210916335100224010;0
187639;08;2;12;000;2021;09;17;2;3;6;7;0;0;1;0;1;0;0;456688,058740558102727;5428672,078822925686836;8,407728686000041;49,009421297000074;08210927212010857640;0
187641;08;2;16;041;2021;10;15;5;3;0;1;1;0;0;0;0;0;0;434375,509834939613938;5391028,632861834019423;8,108675376000065;48,668857670000079;08211007216200875140;0
187642;08;3;35;063;2021;09;16;4;3;4;6;1;0;0;0;0;0;0;494521,626000001095235;5288391,643999494612217;8,926912918000028;47,748872486000039;08210929335200269550;0
187643;08;2;26;032;2021;09;07;5;3;5;3;1;1;0;0;0;0;0;467178,164200419560075;5462880,416727397590876;8,548381156000062;49,317775218000065;08210923226200253780;0
187644;08;2;12;000;2021;09;15;7;3;5;2;1;1;0;0;0;0;0;455199,641821729950607;5431173,087331747636199;8,387100267000051;49,031811778000076;08210918212010211850;0
187646;08;1;36;088;2021;10;10;7;3;5;3;1;1;0;0;0;0;0;583586,081656555645168;5407696,830016314983368;10,138619567000035;48,816629897000041;08211009136100892370;0
187648;08;2;31;000;2021;10;13;2;3;6;2;0;1;1;0;0;0;0;478746,501190266571939;5416268,545239796862006;8,710009244000048;48,898998434000077;08211004231000887140;1
187649;08;1;18;071;2021;10;15;2;3;0;7;1;0;0;0;0;0;0;509786,067507198080420;5418702,501559849828482;9,133583858000065;48,921180955000068;08211004118100868920;1
187651;08;1;36;050;2021;09;14;4;3;0;7;1;0;0;0;0;0;0;580490,451466597616673;5403521,270058579742908;10,095640427000035;48,779482489000031;08210922136100222460;0
187654;08;1;18;048;2021;09;01;7;3;0;7;1;0;0;0;0;2;0;513865,456000000238419;5415595,877999525517225;9,189163407000024;48,893156724000050;08210918118400236120;0
187656;08;1;11;000;2021;10;17;4;3;0;4;1;0;1;0;0;0;0;506991,204219487495720;5408036,164139151573181;9,095250562000047;48,825266563000071;08211006111330890950;0
187657;08;1;18;079;2021;10;23;6;3;9;7;1;0;0;0;0;2;0;510895,997606706805527;5421612,517043866217136;9,148812597000074;48,947340007000037;08211008118100898900;0
187659;08;1;36;065;2021;10;19;7;3;0;7;1;0;0;0;0;1;0;557337,728404531255364;5407100,555346740409732;9,781020713000032;48,814243455000053;08211002136300871760;0
187661;08;2;15;100;2021;09;11;3;3;5;3;1;1;0;0;0;0;0;473785,576000002212822;5450078,102999538183212;8,640133384000023;49,202937518000056;08210928215202843590;0
187664;08;3;11;000;2021;10;19;3;3;5;2;1;1;0;0;0;2;0;414572,669803736731410;5318218,080840043723583;7,854529013000047;48,011544266000044;08211005311010868970;1
187665;08;2;12;000;2021;09;07;3;3;5;3;1;1;0;0;0;0;0;454055,969969638623297;5428456,041620424017310;8,371762707000073;49,007287675000043;08210928212010258230;1
187666;08;3;11;000;2021;09;07;5;3;3;6;1;0;0;0;0;0;0;414854,767551523633301;5316957,101843811571598;7,858561130000055;48,000238919000026;08210923311200266220;0
187668;08;3;11;000;2021;09;13;5;3;0;1;1;1;0;0;0;0;0;411989,147060398943722;5315269,536065110936761;7,820499559000041;47,984670674000029;08210930311010263600;0
187669;08;2;31;000;2021;10;07;7;3;9;1;1;0;0;0;0;0;0;482818,722000000998378;5413863,560999529436231;8,765672730000063;48,877490208000040;08211009231402903850;0
187671;08;4;17;079;2021;09;15;2;3;4;6;0;0;1;0;1;0;0;501153,290000000037253;5339712,548999508842826;9,015523883000071;48,210640141000056;08210920417100251930;0
187673;08;1;11;000;2021;10;18;7;3;1;5;1;0;0;1;0;0;0;519639,400233239866793;5401367,215019129216671;9,267253730000050;48,765002596000045;08211002111500865470;0
187674;08;2;22;000;2021;10;14;2;3;0;3;1;1;0;0;0;0;0;466341,589302218519151;5474265,953810196369886;8,535907504000022;49,420139657000050;08211004222014866860;1
187675;08;1;11;000;2021;09;07;3;3;4;5;1;0;0;0;0;1;0;509627,216475863941014;5408119,748858237639070;9,131166373000042;48,825983213000029;08210928111500265100;1
187676;08;1;11;000;2021;09;17;5;3;0;4;0;0;1;0;1;0;0;511935,519633879885077;5402613,937222775071859;9,162455780000073;48,776413454000078;08210923111500272300;0
187678;08;1;16;019;2021;10;09;3;2;4;6;1;0;0;0;0;0;0;521773,025479950942099;5397836,292040947824717;9,296101112000031;48,733167818000027;08211005116100893000;1
187682;08;2;12;000;2021;09;09;5;3;2;7;1;1;0;0;0;0;0;456380,301883442327380;5428301,669278308749199;8,403560285000026;49,006067742000027;08210930212302025400;0
187683;08;4;26;070;2021;09;10;7;3;5;3;1;0;0;0;0;0;0;565142,784821585752070;5341467,827156132087111;9,877072106000071;48,223087777000046;08210918426200210750;0
187685;08;1;18;079;2021;09;17;6;3;6;6;1;0;1;0;0;0;0;509645,656778792850673;5422860,344670200720429;9,131765617000042;48,958585814000060;08210924118100257060;0
187686;08;4;26;021;2021;09;17;5;3;0;1;1;0;0;0;0;0;0;558704,523682529106736;5326630,048558380454779;9,788349717000074;48,090234406000036;08210916426100211100;0
187687;08;2;26;032;2021;10;07;2;3;6;4;0;1;1;0;0;1;0;466959,934097289107740;5462461,619934635236859;8,545413142000029;49,313996436000082;08211004226200944640;1
187693;08;1;11;000;2021;09;16;7;3;6;4;0;1;1;0;0;0;0;512778,222020105458796;5402350,446105912327766;9,173917661000075;48,774026369000069;08210918111500243720;0
187694;08;1;18;067;2021;09;16;2;3;0;7;1;0;0;0;0;0;0;505554,570447985082865;5413451,489772392436862;9,075750841000058;48,873996500000032;08210920118200234130;0
187695;08;4;15;050;2021;10;11;6;3;4;7;1;1;0;0;0;0;0;521351,704179389402270;5376475,469895409420133;9,289270694000038;48,541018936000057;08211008415100883990;0
187696;08;2;15;009;2021;10;14;6;3;4;6;1;0;0;0;0;0;0;468568,474000002257526;5442768,871999535709620;8,569086947000073;49,136944947000075;08211001215402873320;0
187697;08;1;19;067;2021;09;15;2;3;4;6;1;0;0;0;0;0;0;537857,153786109760404;5405027,587855281308293;9,515490770000042;48,797088353000049;08210927119300242530;0
187699;08;1;36;082;2021;09;22;4;3;0;7;1;0;0;0;0;2;0;587295,333332787267864;5414646,929982354864478;10,190617517000021;48,878628399000036;08210922136100223070;0
187700;08;1;16;019;2021;09;02;4;3;0;1;1;0;0;0;0;2;0;523142,102510275319219;5399705,901399796828628;9,314824542000053;48,749937265000028;08210929116100265310;0
187702;08;1;16;049;2021;09;08;6;3;0;1;1;0;0;0;0;0;0;526453,464435578323901;5385840,013758195564151;9,358983643000045;48,625068850000048;08210917116500208390;0
187703;08;1;18;048;2021;10;17;4;3;0;7;1;0;0;0;0;0;0;512549,410149214789271;5416848,560316711664200;9,171247458000039;48,904453575000048;08211006118400872020;0
187705;08;1;15;028;2021;10;14;6;3;9;7;1;1;0;0;0;0;0;500949,944802822545171;5405617,564960142597556;9,012936783000043;48,803547692000052;08211001115300886120;0
187706;08;4;15;014;2021;10;10;7;2;0;1;1;0;0;0;0;0;0;525192,912291029468179;5375249,106445159763098;9,341235948000076;48,529843831000051;08211002415100880510;0
187707;08;3;35;043;2021;09;15;3;3;8;1;1;0;0;0;0;0;0;513326,942093400284648;5279736,244067313149571;9,177529926000034;47,670880209000075;08210921335100245820;0
187711;08;2;26;076;2021;10;14;3;3;3;5;1;1;0;0;0;0;0;474836,453876011073589;5465271,764233859255910;8,653603767000050;49,339648964000048;08211005226700901130;0
187712;08;1;36;065;2021;09;18;3;3;0;1;1;0;0;0;0;0;0;563889,253714777529240;5406941,115180647000670;9,870226697000021;48,812170183000035;08210928136300267580;0
187714;08;2;12;000;2021;10;14;5;3;1;5;1;1;0;0;0;0;0;456945,888895230367780;5428477,435091469436884;8,411274845000037;49,007688494000035;08211007212010966390;0
187716;08;2;26;085;2021;10;17;7;3;6;4;0;1;1;0;0;0;0;491161,107807701453567;5455087,216414636000991;8,878549876000022;49,248492581000050;08211009226500890740;0
187717;08;4;15;061;2021;09;15;7;3;6;4;0;1;1;0;0;0;0;515510,097994054667652;5371305,907593397423625;9,209937621000051;48,494683581000061;08210918415400257670;0
187719;08;1;17;011;2021;09;17;5;3;0;3;1;1;0;0;0;0;0;546012,818000001832843;5402155,548999523743987;9,626216438000029;48,770703042000036;08210923117400270590;0
187720;08;4;36;001;2021;10;16;6;2;4;6;1;0;0;1;0;0;0;552954,249000001698732;5273335,900999490171671;9,704609872000049;47,611264914000060;08211001436500864370;1
187723;08;4;15;061;2021;09;16;4;3;6;4;0;1;1;0;0;0;0;515789,520150518976152;5371056,365300094708800;9,213710290000051;48,492431651000061;08210922416010860040;0
187726;08;3;35;075;2021;09;10;7;2;1;7;1;0;0;0;1;0;0;489265,200569063425064;5288684,638185074552894;8,856779794000033;47,751442636000036;08210925335300245350;0
187728;08;2;15;017;2021;09;17;2;3;5;3;1;1;0;0;0;0;0;453417,304999997839332;5419801,296999530866742;8,364021081000033;48,929389413000081;08210920212702811140;0
187731;08;1;36;050;2021;10;15;6;3;4;2;1;1;0;0;0;0;0;580701,351735338568687;5403978,003317175433040;10,098600324000074;48,783563163000053;08211001136100866600;0
187733;08;2;26;013;2021;09;18;4;3;6;4;0;1;1;0;0;0;0;499038,637658394873142;5478834,550604324787855;8,986733131000051;49,462164355000027;08210922226100863450;0
187735;08;3;35;043;2021;09;07;6;3;6;4;1;0;1;0;0;0;0;512780,108742873184383;5280997,771527271717787;9,170282448000023;47,682242040000062;08210924335100257430;0
187736;08;2;12;000;2021;09;14;6;3;5;3;1;1;0;0;0;0;0;456118,886757148429751;5428522,881461879238486;8,399962086000073;49,008039039000039;08210917212010214690;0
187737;08;3;35;075;2021;10;17;3;3;5;7;1;1;0;0;0;0;0;491381,898526586592197;5289292,333704516291618;8,885007979000022;47,756942177000042;08211005335300896050;0
187738;08;3;15;006;2021;10;17;4;3;5;3;1;1;0;0;0;0;0;402869,371314757503569;5308076,314843853935599;7,699933742000042;47,918648196000049;08211006311400872240;0
187739;08;3;11;000;2021;09;20;4;3;1;1;1;1;0;0;0;2;0;414085,460458991117775;5316109,281127138063312;7,848419851000074;47,992509526000049;08210929311010246110;0
187741;08;1;15;041;2021;09;11;7;3;7;7;1;0;0;0;0;0;0;495572,686837157234550;5401776,355173105373979;8,939748220000070;48,768977331000031;08210918115300256260;0
187742;08;2;31;000;2021;09;15;2;2;6;3;0;1;1;0;0;0;0;476012,484026104211807;5415447,515218609943986;8,672754094000027;48,891512913000042;08210920231000245440;0
187743;08;3;17;122;2021;10;17;6;3;0;7;1;0;0;0;0;0;0;418249,326107433997095;5367569,916960395872593;7,894294153000033;48,455952693000029;08211008317500876270;0
187744;08;2;21;000;2021;10;20;6;3;5;3;1;1;0;0;0;2;0;476540,962965075857937;5472852,703737007454038;8,676620252000021;49,407906601000036;08211001221200870550;0
187745;08;4;26;014;2021;10;15;7;2;5;3;1;1;0;0;0;0;0;550416,872479570098221;5321128,792173970490694;9,676413815000046;48,041452208000067;08211002426010867150;0
187746;08;1;18;078;2021;09;16;4;3;5;3;1;0;0;0;0;0;0;513668,594535453245044;5420924,550573296844959;9,186656199000026;48,941096231000074;08210922118500256690;0
187747;08;3;11;000;2021;09;10;3;3;0;7;0;0;1;0;1;0;0;414371,485999987460673;5316513,298999495804310;7,852172269000050;47,996182191000059;08210928311200266400;0
187748;08;3;11;000;2021;09;17;6;3;6;7;0;1;1;0;0;0;0;402784,772624927572906;5313548,177825609222054;7,697565703000066;47,967854514000067;08210924311300261880;0
187749;08;2;22;000;2021;09;19;6;3;5;2;1;1;0;0;0;1;0;462983,842472200281918;5486269,522636134177446;8,488488595000035;49,527910887000075;08210917222800231390;0
187750;08;3;17;026;2021;10;15;3;3;5;3;1;0;0;1;0;0;0;411856,019578532315791;5344914,491285735741258;7,812586176000025;48,251310998000065;08211005317300879930;0
187751;08;4;35;029;2021;10;15;5;3;6;4;0;1;1;0;0;0;0;544663,836000001057982;5273471,312999486923218;9,594318029000021;47,613107762000027;08211007435100881240;0
187753;08;3;35;063;2021;10;11;7;3;0;7;1;0;0;0;0;0;0;497236,543999999761581;5287916,675999492406845;8,963135692000037;47,744616271000041;08211002335200873300;0
187754;08;4;17;079;2021;09;07;3;3;5;3;1;1;0;0;0;0;0;499881,531316370703280;5339955,179560391232371;8,998405282000022;48,212824090000026;08210921417100248460;0
187757;08;1;17;026;2021;10;19;3;3;6;7;0;1;1;0;0;2;0;548113,981379926204681;5394919,294056326150894;9,653965602000028;48,705450829000029;08211005117300890660;1
187761;08;2;22;000;2021;09;19;5;3;0;7;1;0;0;0;0;1;0;461626,044502601958811;5483801,500001551583409;8,469966522000050;49,505627985000046;08210930222601253800;0
187764;08;2;12;000;2021;09;11;2;3;3;6;1;0;0;0;0;0;0;455676,078209772706032;5429233,426834454759955;8,393829808000021;49,014398816000039;08210927212010240230;0
187765;08;4;21;000;2021;10;13;6;3;1;5;1;1;0;0;0;0;0;572714,613813947886229;5360585,191655389964581;9,982298346000050;48,394232977000058;08211001421200863830;0
187767;08;1;18;048;2021;09;13;2;3;1;5;1;1;0;0;0;0;0;514497,171728003770113;5416128,985391518101096;9,197800635000021;48,897937953000053;08210927118400264620;0
187770;08;3;16;037;2021;10;12;4;3;3;7;1;1;0;0;0;0;0;407142,692030000500381;5333785,182065462693572;7,751541989000032;48,150532751000071;08211006316100899490;0
187771;08;4;21;000;2021;09;18;4;3;0;7;1;0;0;0;1;0;0;572955,607724880799651;5361668,874449320137501;9,985741751000035;48,403953111000078;08210929421200249730;0
187774;08;1;15;003;2021;09;07;2;3;5;3;1;1;0;0;0;0;0;502127,362488424405456;5391455,226779520511627;9,028898269000024;48,676140052000051;08210920115100231280;0
187776;08;1;11;000;2021;10;18;7;3;6;6;1;0;1;0;0;1;0;513928,872098209336400;5405607,691175447776914;9,189688883000031;48,803303520000043;08211009111500895480;0
187778;08;1;21;000;2021;10;12;7;3;5;2;1;1;0;0;0;0;0;515769,199793097563088;5444409,516949420794845;9,216255734000072;49,152304780000065;08211002121200865780;0
187781;08;1;11;000;2021;09;08;2;3;4;6;1;0;0;0;0;0;0;513609,108871110714972;5402605,368111452087760;9,185234802000025;48,776302008000073;08210927111120263380;0
187782;08;4;15;062;2021;09;17;6;3;1;7;1;1;0;0;0;0;0;519292,146474448964000;5377947,030254168435931;9,261436519000029;48,554324159000032;08210924415100247410;0
187783;08;2;21;000;2021;09;09;6;3;5;3;1;1;0;0;0;0;0;476840,459688219241798;5475070,195222821086645;8,680619299000057;49,427864016000058;08210917221300224640;0
187784;08;4;35;016;2021;10;15;3;3;5;2;1;1;0;0;0;0;0;535940,068076850846410;5277895,775586090981960;9,478603498000041;47,653459294000072;08211005435100898590;0
187786;08;3;11;000;2021;09;06;5;3;0;7;1;0;0;0;1;1;0;410169,245987554080784;5316546,814842609688640;7,795847913000046;47,995907062000072;08210930311010270460;0
187789;08;3;35;063;2021;09;09;5;3;0;1;1;0;0;0;0;0;0;498702,582452018745244;5288000,981106903403997;8,982692289000056;47,745379429000081;08210916335200203130;1
187790;08;2;12;000;2021;10;08;3;3;5;2;1;1;0;0;0;0;0;454616,756390052847564;5429309,836981501430273;8,379334948000064;49,015009119000069;08211005212502890540;1
187791;08;2;22;000;2021;09;15;2;3;5;3;1;0;0;0;1;0;0;461834,960405740886927;5482665,266236374154687;8,472961780000048;49,495421369000042;08210927222014259720;0
187792;08;2;12;000;2021;09;11;5;2;0;4;0;0;1;0;1;0;0;455721,125719220377505;5428747,462744683027267;8,394498854000062;49,010030758000028;08210923212010249400;0
187793;08;3;35;043;2021;10;20;5;3;4;6;1;1;0;0;0;2;0;511301,021141131408513;5281331,475231930613518;9,150583768000047;47,685272144000066;08211007335100161210;0
187796;08;1;16;078;2021;10;19;6;3;2;6;1;1;0;0;0;2;0;512603,188089543022215;5392787,026317095384002;9,171242979000056;48,687997433000078;08211008116200954870;0
187797;08;4;26;014;2021;09;14;5;3;1;5;1;1;0;0;0;0;0;549038,924632620997727;5317065,446426318958402;9,657462931000055;48,005003435000049;08210930426200811240;0
187799;08;1;27;014;2021;09;15;1;3;5;3;1;1;0;0;0;0;0;576786,623620548285544;5442151,793706836178899;10,052517382000076;49,127400577000060;08210919127202260200;0
187802;08;2;26;018;2021;09;07;6;3;5;3;1;0;0;0;0;0;0;473463,345000000670552;5472065,463999543339014;8,634249150000073;49,400699110000062;08210924221400861520;0
187803;08;3;11;000;2021;09;07;5;3;9;1;1;0;0;0;0;0;0;412029,065013945102692;5316702,120401266962290;7,820740818000047;47,997562682000080;08210916311010234900;1
187806;08;2;21;000;2021;10;12;5;3;5;3;1;1;0;0;0;0;0;476923,925961829721928;5473914,608722131699324;8,681837531000042;49,417472901000053;08211007221300887930;0
187807;08;3;36;091;2021;09;13;5;3;0;7;1;0;0;0;0;0;0;394727,508619031868875;5271592,541294876486063;7,599822673000062;47,589196223000044;08210930311010252250;0
187808;08;3;11;000;2021;09;14;5;3;3;6;1;0;0;0;0;0;0;414874,529311585240066;5317016,521570594981313;7,858814208000069;48,000776055000074;08210923311010227920;0
187812;08;2;16;043;2021;10;18;6;3;6;4;1;0;1;0;0;1;0;441620,617921086959541;5411881,214650135487318;8,204110958000058;48,857148514000073;08211001216100864720;0
187813;08;1;19;008;2021;10;14;2;3;6;7;0;0;1;0;1;0;0;531605,623869009315968;5420722,210238754749298;9,431580576000044;48,938619660000029;08211004119100905850;0
187814;08;4;15;053;2021;10;14;1;2;0;1;1;0;0;0;0;0;0;537706,737307584844530;5364840,948688680306077;9,509789666000074;48,435584142000039;08211003416010866750;0
187815;08;4;15;061;2021;09;19;5;3;1;5;1;1;0;0;0;1;0;515461,803001410327852;5377076,697735916823149;9,209497901000077;48,546600579000028;08210923415400272970;0
187819;08;1;11;000;2021;09;18;7;2;6;4;0;1;1;0;0;0;0;515680,836387919262052;5403663,087017405778170;9,213473428000043;48,785768371000074;08210918111500213630;0
187822;08;1;17;033;2021;10;12;7;3;6;2;0;1;1;0;0;0;0;558898,118542595766485;5387316,095873573794961;9,799447382000039;48,636132966000048;08211009117200879310;0
187823;08;4;16;041;2021;09;07;5;3;5;3;1;0;0;1;0;1;0;506830,021999999880791;5374649,680999515578151;9,092503063000038;48,524919736000072;08210930416010253500;0
187824;08;1;18;046;2021;10;12;7;3;1;5;1;1;0;0;0;0;0;514075,191669372841716;5411663,294982835650444;9,191889417000027;48,857775417000028;08211002118300864590;0
187827;08;3;36;069;2021;09;19;6;3;0;7;1;0;0;0;0;0;0;404678,101011598482728;5267722,580330980941653;7,732975566000050;47,555922405000047;08210924336200245650;0
187828;08;2;12;000;2021;09;17;6;3;8;6;1;1;0;0;0;0;0;456099,441539797000587;5428224,367678510025144;8,399728482000057;49,005352491000053;08210917212010224700;0
187829;08;4;15;061;2021;10;17;3;3;1;7;1;1;0;0;0;0;0;515436,723498851992190;5369539,429102839902043;9,208879193000030;48,478793508000081;08211005415400895780;0
187833;08;1;11;000;2021;09;14;1;3;6;4;1;0;1;0;0;0;0;512667,690344911068678;5401897,078862126916647;9,172399316000053;48,769950168000037;08210919111500247210;0
187834;08;4;35;052;2021;09;14;3;2;0;1;1;0;0;0;0;0;0;519313,877999999560416;5293216,265999495983124;9,257880050000040;47,792015855000045;08210921435200252570;0
187835;08;1;19;083;2021;09;07;6;3;5;3;1;0;0;1;0;0;0;534856,437829693779349;5419602,334498126059771;9,475873751000051;48,928371289000040;08210924119100259080;0
187836;08;1;15;028;2021;09;15;6;3;0;3;1;1;0;0;0;0;0;500666,822013119235635;5407503,792774295434356;9,009084153000060;48,820516398000052;08210917115300242660;0
187837;08;2;11;000;2021;10;06;2;3;6;2;0;1;1;0;0;2;0;440231,443152329884470;5403396,998455852270126;8,186410345000070;48,780700787000058;08211004211100887680;1
187838;08;2;22;000;2021;09;16;2;3;0;7;1;1;0;0;0;0;0;464148,976076652295887;5484766,734068090096116;8,504725005000068;49,514464162000081;08210927222301254190;0
187840;08;4;16;041;2021;09;16;5;3;0;7;1;1;0;0;0;0;0;503713,680683164857328;5373723,762052491307259;9,050288371000022;48,516616008000028;08210923416200861740;0
187841;08;2;15;101;2021;10;17;5;3;5;3;1;1;0;0;0;0;0;465578,236000000499189;5428105,371999531984329;8,529341058000057;49,004883549000056;08211007212102875690;0
187842;08;3;35;043;2021;09;13;4;3;5;2;1;1;0;0;0;0;0;512775,381101564504206;5279999,338344609364867;9,170190241000057;47,673258576000080;08210929335100248620;0
187843;08;3;16;017;2021;10;14;7;2;5;3;1;1;0;0;0;0;0;408888,259479628875852;5341496,930852137506008;7,773351086000048;48,220151142000077;08211009316100878110;0
187844;08;2;26;049;2021;09;15;5;3;2;6;1;0;0;0;1;0;0;487341,373182898387313;5463382,598030742257833;8,825802652000050;49,323043501000029;08210923221011236960;0
187845;08;1;16;049;2021;09;18;7;2;3;6;1;0;0;0;0;1;1;525308,553000000305474;5387385,563999520614743;9,343541431000062;48,639020047000031;08210918116010239200;0
187846;08;2;22;000;2021;09;15;2;2;0;1;1;0;0;0;0;0;0;463340,534820169210434;5483252,775566827505827;8,493697550000036;49,500798561000067;08210920222014216170;0
187848;08;4;16;025;2021;10;15;6;3;5;3;1;1;0;0;0;0;0;503883,254263184033334;5361400,662768885493279;9,052470246000041;48,405750733000048;08211008416000887050;0
187849;08;2;15;017;2021;10;15;6;2;6;2;0;1;1;0;0;0;0;456595,996399999596179;5421612,553999528288841;8,407223341000076;48,945913210000072;08211001212010881030;0
187850;08;3;17;096;2021;10;18;1;3;5;3;1;1;0;0;0;1;0;422631,543436199426651;5369193,712894370779395;7,953254237000067;48,471112809000033;08211003317500877460;1
187852;08;1;18;048;2021;09;13;4;3;0;2;1;1;0;0;0;0;0;514413,002000001259148;5415608,531999528408051;9,196633860000077;48,893258061000040;08210929118400249660;0
187853;08;4;16;011;2021;09;12;7;3;6;3;0;1;1;0;0;0;0;504470,291618657298386;5366275,062248194590211;9,060454236000055;48,449599425000031;08210925416200232300;0
187854;08;4;17;002;2021;09;23;6;3;0;1;1;0;0;0;0;2;0;488007,618699230253696;5344855,280531583353877;8,838431050000054;48,256795911000040;08210924417200272350;0
187856;08;1;26;046;2021;10;14;4;3;0;7;1;0;0;0;0;0;0;549809,785464062355459;5458217,709089742973447;9,684772221000060;49,274686715000030;08211006126100881200;0
187857;08;3;36;050;2021;09;10;7;1;6;4;0;1;1;0;0;0;0;400340,536546835675836;5275064,197911117225885;7,673668264000071;47,621312050000029;08210918311010210110;0
187858;08;1;18;027;2021;09;09;3;3;6;7;0;1;1;0;0;0;0;502469,246657356619835;5412472,115638650953770;9,033668624000029;48,865206192000073;08210921118200249380;0
187860;08;3;26;074;2021;10;06;6;3;5;3;1;1;0;0;0;1;0;465384,417053223587573;5323127,984946237877011;8,535412263000069;48,060491064000075;08211001326200970210;0