OID_;ULAND;UREGBEZ;UKREIS;UGEMEINDE;UJAHR;UMONAT;USTUNDE;UWOCHENTAG;UKATEGORIE;UART;UTYP1;IstRad;IstPKW;IstFuss;IstKrad;IstSonstige;ULICHTVERH;IstGkfz;LINREFX;LINREFY;XGCSWGS84;YGCSWGS84;UIDENTSTLAE;IstStrassenzustand
187865;08;4;35;030;2021;09;15;7;3;8;1;1;0;0;0;0;0;0;541193,733964782208204;5271687,157572427764535;9,547977805000073;47,597284928000079;08210925435100251760;0
187866;08;1;36;065;2021;09;14;7;3;6;6;0;1;1;0;0;0;0;558152,853610282763839;5405330,482754075899720;9,791872024000043;48,798245789000077;08210925136300971930;0
187869;08;3;35;043;2021;10;06;3;2;6;2;0;1;1;0;0;2;0;512770,322063658386469;5279987,873237568885088;9,170122511000045;47,673155517000055;08211005335010890080;1
187870;08;4;26;021;2021;10;13;6;3;3;2;1;1;0;0;0;0;0;558833,510551604442298;5327136,581187540665269;9,790151538000032;48,094779371000072;08211008426100876540;0
187872;08;3;11;000;2021;10;17;7;2;0;7;1;0;0;0;0;0;0;412197,869807470589876;5318281,095737516880035;7,822679955000069;48,011789211000064;08211002311010887060;0
187874;08;2;15;109;2021;09;17;3;3;5;3;1;1;0;0;0;0;0;464072,461000000126660;5439631,209999535232782;8,507730172000038;49,108474904000047;08210928215102805910;0
187875;08;1;16;078;2021;09;18;7;3;3;6;1;0;0;0;1;0;0;509328,220629315823317;5394445,715348480269313;9,126782693000052;48,702976666000040;08210925116200260340;0
187876;08;3;11;000;2021;09;14;6;3;4;2;1;1;0;0;0;0;0;410693,327311362139881;5315038,741053517907858;7,803185185000075;47,982414998000081;08210917311300239540;0
187878;08;2;15;007;2021;09;19;3;2;5;3;1;1;0;0;0;1;0;479006,982381792739034;5430301,498988779261708;8,712839477000045;49,025241637000079;08210928212010827860;0
187879;08;3;17;096;2021;09;16;5;3;5;2;1;1;0;0;0;0;0;421145,172999992035329;5370180,596999511122704;7,932962041000053;48,479805080000062;08210923317500227810;0
187881;08;1;36;065;2021;10;14;6;3;8;1;1;0;0;0;0;0;0;558560,137083447538316;5405714,359302688390017;9,797472216000074;48,801660549000076;08211008136300904830;0
187883;08;3;11;000;2021;09;06;7;3;0;7;1;0;0;0;0;2;0;412254,135999984107912;5315759,388999493792653;7,823949991000063;47,989113461000045;08210918311300255040;1
187885;08;1;15;045;2021;09;09;6;3;5;3;1;1;0;0;0;0;0;501280,515210920944810;5394632,824941664934158;9,017404475000035;48,704728359000057;08210924115400860640;0
187887;08;4;26;021;2021;10;19;6;3;0;1;1;0;0;0;0;2;0;559575,981040041893721;5327865,059083962813020;9,800223835000054;48,101263878000054;08211001426010887770;0
187888;08;2;26;056;2021;10;09;2;2;6;7;0;0;1;0;1;0;0;485817,248499523848295;5471882,271488387137651;8,804526246000023;49,399464538000075;08211004226300868400;1
187889;08;4;36;055;2021;09;17;2;3;0;1;1;0;0;0;0;0;0;576720,500651617534459;5296488,733230134472251;10,024876420000055;47,817174486000056;08210927436100264900;0
187892;08;3;17;047;2021;09;07;4;3;5;3;1;1;0;0;0;0;0;419791,149432287551463;5364139,626924462616444;7,915800808000029;48,425296091000064;08210929317500244750;0
187894;08;4;16;041;2021;09;14;6;3;0;1;1;0;0;0;0;0;0;503892,573588732630014;5375928,195117874071002;9,052731412000071;48,536446788000035;08210917416200207820;0
187895;08;1;11;000;2021;09;08;2;3;3;6;1;1;0;0;0;0;0;516869,746575702913105;5409969,893074128776789;9,229917994000061;48,842472248000036;08210920111330218470;0
187896;08;3;11;000;2021;10;09;6;3;0;7;1;0;0;0;0;0;0;414228,453176923096180;5319501,492362050339580;7,849657658000069;48,023042885000052;08211008311200875980;0
187897;08;3;11;000;2021;10;08;6;3;5;3;1;0;0;0;0;0;1;410999,742341962642968;5316760,080241156741977;7,806933704000073;47,997941582000067;08211001311010881930;0
187898;08;1;11;000;2021;10;14;2;3;6;4;0;0;1;0;1;0;0;515966,917300209403038;5403481,668882355093956;9,217360956000050;48,784129075000067;08211004111500879230;0
187899;08;2;15;097;2021;09;16;4;3;5;2;1;1;0;0;0;0;0;475355,197636819444597;5443681,799343263730407;8,662072324000064;49,145466695000039;08210922215202256070;0
187901;08;3;35;002;2021;09;16;6;3;3;6;1;0;0;0;0;0;0;505422,734649223275483;5285551,571683563292027;9,072309409000070;47,723319134000064;08210924335100261790;0
187902;08;1;36;019;2021;09;15;6;3;5;3;1;1;0;0;0;0;0;583459,224954612553120;5423024,608022466301918;10,140021593000029;48,954505262000055;08210917136200242650;0
187903;08;3;35;063;2021;10;17;3;3;4;6;1;0;0;0;0;0;0;498506,336752288974822;5287121,932676728814840;8,980077365000056;47,737469684000075;08211005335200968610;0
187905;08;1;11;000;2021;10;14;6;3;0;3;1;0;0;0;0;0;0;513387,237282955087721;5399786,913393070921302;9,182123206000028;48,750952168000026;08211001111210883250;0
187907;08;2;22;000;2021;09;20;3;3;6;4;0;1;1;0;0;2;0;461145,200010897591710;5483435,760189279913902;8,463361228000053;49,502307746000042;08210921222014254310;0
187908;08;4;15;061;2021;09;11;5;3;5;3;1;1;0;0;0;0;0;516299,844133978709579;5370822,714324865490198;9,220608327000036;48,490316615000040;08210916415400204640;1
187912;08;2;12;000;2021;10;12;5;3;9;7;1;0;0;0;0;0;0;456536,971738913096488;5430310,828878203406930;8,405487228000027;49,024151403000076;08211007212302874310;1
187913;08;2;12;000;2021;09;18;5;3;6;7;1;0;1;0;0;0;0;453219,758359263651073;5426174,364916883409023;8,360591870000064;48,986701035000067;08210930212302253240;0
187914;08;3;15;113;2021;10;16;7;3;0;1;1;0;0;0;0;0;0;441176,653711479157209;5306744,955874366685748;8,212781293000035;47,911330537000026;08211009311500894530;0
187915;08;3;17;096;2021;09;15;2;3;5;3;1;1;0;0;0;0;0;422114,006420711986721;5370692,418365150690079;7,945974266000064;48,484529645000066;08210920317500216160;0
187918;08;2;22;000;2021;10;05;6;3;6;4;0;1;1;0;0;2;0;463103,259948222897947;5479228,548891047015786;8,490796185000022;49,464588246000062;08211015222500905600;0
187919;08;1;19;008;2021;10;15;4;3;6;4;0;1;1;0;0;0;0;531440,120702518150210;5421486,635671321302652;9,429379652000023;48,945504447000076;08211027119100959790;0
187920;08;4;15;061;2021;10;17;5;3;0;7;1;0;0;0;0;0;0;517326,848870906978846;5376405,074996234849095;9,234739972000057;48,540509734000068;08211021415400947650;0
187921;08;2;35;080;2021;10;18;3;3;6;7;0;1;1;0;0;2;0;481043,857729299925268;5385962,866041691973805;8,742750992000026;48,626446217000080;08211019235200932480;0
187922;08;1;25;005;2021;10;15;1;3;0;7;1;0;0;0;0;0;0;515136,033283292315900;5451633,257818687707186;9,207844648000048;49,217300200000068;08211010121500880280;0
187925;08;3;25;011;2021;10;16;2;3;5;3;1;1;0;0;0;0;0;473579,867985977791250;5339738,372368862852454;8,644373237000025;48,210323504000030;08211018325202935670;0
187927;08;2;12;000;2021;10;11;7;3;5;2;1;0;0;0;0;0;0;459125,330179756507277;5430760,547016154974699;8,440845165000042;49,028373653000074;08211023215102951970;0
187928;08;4;21;000;2021;10;15;3;3;0;6;1;1;0;0;0;0;0;573695,505571415647864;5361201,808907181024551;9,995655334000048;48,399665691000052;08211012421200918900;0
187930;08;4;25;141;2021;10;07;5;2;6;4;1;0;1;0;0;0;0;566121,154111435636878;5363267,112736899405718;9,893662033000055;48,419083995000051;08211014421300890090;0
187931;08;3;17;096;2021;10;16;3;2;5;3;1;1;0;0;0;0;0;421042,578170744702220;5368369,914113160222769;7,931915924000066;48,463505328000053;08211026317000935870;0
187933;08;4;17;008;2021;10;15;7;3;0;1;1;0;0;0;0;0;0;493043,493211165070534;5351305,926733246073127;8,906171171000040;48,314905917000033;08211016417300914230;0
187934;08;2;21;000;2021;10;14;7;3;5;3;1;1;0;0;0;0;0;478012,632552453316748;5473271,282269248738885;8,696883535000040;49,411726607000048;08211016221200898310;0
187940;08;1;21;000;2021;10;21;5;3;0;1;1;0;0;0;0;2;0;515762,662382933311164;5443035,554101884365082;9,216112326000029;49,139945708000027;08211014121200936060;0
187941;08;3;35;075;2021;11;06;2;3;0;1;1;0;0;0;0;1;0;487830,416341191157699;5291450,305805979296565;8,837559991000035;47,776301311000054;08211108335300993790;1
187942;08;2;22;000;2021;10;18;2;3;6;4;0;1;1;0;0;0;0;461320,752875633537769;5483169,622321670874953;8,465811805000044;49,499925205000068;08211025222014954590;0
187944;08;4;16;036;2021;10;18;6;3;5;3;1;1;0;0;0;1;0;495814,550516736693680;5369903,494363429024816;8,943361530000061;48,482244393000030;08211015416100913950;0
187946;08;4;15;059;2021;10;13;7;3;5;3;1;1;0;0;0;0;0;517210,976080629974604;5368093,438205368816853;9,232827448000023;48,465738766000072;08211030416010949970;0
187948;08;2;21;000;2021;10;12;2;3;5;3;1;1;0;0;0;0;0;477440,034177446737885;5470162,869471188634634;8,689166357000033;49,383745903000033;08211011221400945840;0
187949;08;2;22;000;2021;11;14;5;2;3;5;1;1;0;0;0;0;0;462777,545951806008816;5485795,053622830659151;8,485682757000063;49,523630671000035;08211104222014975950;0
187951;08;1;19;086;2021;10;17;1;3;6;1;0;0;1;0;1;0;0;535092,359702914021909;5405350,713873736560345;9,477872338000054;48,800157285000068;08211024119300956430;0
187952;08;2;12;000;2021;11;09;3;3;2;6;1;0;0;0;0;0;0;456857,976557080633938;5428114,952439328655601;8,410111308000069;49,004421776000072;08211109212010992450;0
187954;08;2;12;000;2021;10;16;4;3;5;2;1;0;0;0;1;0;0;452357,125785505399108;5430877,009206384420395;8,348250038000060;49,028935480000030;08211013212010904140;1
187955;08;1;11;000;2021;11;07;3;2;5;4;0;0;1;0;1;0;0;516567,228665801696479;5406527,524051465094090;9,225655922000044;48,811513472000058;08211102111500973560;0
187959;08;3;37;076;2021;10;10;1;2;0;1;1;0;0;0;0;0;0;427258,369328258559108;5268462,175524868071079;8,032940514000074;47,565499016000047;08211017337100914800;0
187960;08;2;25;014;2021;10;18;5;3;6;4;0;1;1;0;0;2;0;517477,576992371119559;5481167,294116817414761;9,241293745000064;49,482896202000063;08211028225200940930;0
187961;08;3;35;043;2021;10;17;6;3;0;7;1;0;0;0;0;0;0;512360,291467142291367;5281307,967047229409218;9,164697603000036;47,685041235000028;08211022335100917880;0
187962;08;3;11;000;2021;10;14;3;3;0;7;1;0;0;0;0;0;0;415887,691999987699091;5316728,244999496266246;7,872450366000066;47,998316995000039;08211012311010917420;1
187963;08;3;36;091;2021;10;14;1;2;0;7;1;0;0;0;0;0;0;395549,721999963745475;5274465,145999481901526;7,610070801000063;47,615168724000057;08211031336400946020;0
187964;08;2;12;000;2021;10;18;5;3;5;3;1;1;0;0;0;1;0;457877,900999999605119;5427933,164999531581998;8,424075029000051;49,002857020000079;08211014212102923210;0
187966;08;1;25;026;2021;10;14;1;2;0;1;1;0;0;0;0;0;0;493553,295818728394806;5443046,518785381689668;8,911612690000027;49,140212755000050;08211017121100902830;0
187967;08;4;15;014;2021;10;15;4;3;5;3;1;1;0;0;0;0;0;525842,749549916014075;5375432,068908764049411;9,350049117000026;48,531463369000051;08211027415100936620;0
187969;08;2;16;043;2021;10;18;7;3;1;5;1;1;0;0;0;2;0;442179,051602416671813;5411511,543678963556886;8,211775565000039;48,853875625000057;08211030216100964200;1
187972;08;2;25;109;2021;11;07;5;3;4;6;1;0;0;0;0;0;0;526553,020000000484288;5492318,613999554887414;9,367337103000068;49,582868643000040;08211104225200995390;1
187973;08;4;25;039;2021;10;17;4;3;5;3;1;1;0;0;0;0;0;566270,007000003941357;5352748,865999508649111;9,894015646000071;48,324451424000074;08211013421300890010;0
187974;08;3;35;043;2021;11;02;1;3;0;1;1;0;0;0;0;2;0;512003,748999999836087;5280301,487999491393566;9,159919111000022;47,675992004000079;08211107335100986850;0
187975;08;3;11;000;2021;10;16;2;3;0;7;1;0;0;0;0;0;0;413094,776554089039564;5317208,079451344907284;7,834921226000063;48,002259703000050;08211025311010955500;0
187976;08;2;12;000;2021;11;07;3;3;2;7;1;1;0;0;0;2;0;451605,631445175968111;5431468,838105550035834;8,337899740000069;49,034200443000032;08211109212502991100;0
187979;08;1;11;000;2021;10;16;1;3;6;4;0;1;1;0;0;0;0;517177,050520556047559;5406368,726149057969451;9,233955356000024;48,810068393000051;08211017111320903230;0
187983;08;4;15;050;2021;10;16;2;3;3;2;1;1;0;0;0;0;0;521047,150000000372529;5377445,930999513715506;9,285193728000024;48,549759708000067;08211011415100919290;0
187985;08;4;35;067;2021;10;17;4;2;6;7;0;0;1;0;0;0;1;528858,830686090514064;5296731,232675993815064;9,385556324000049;47,823283961000072;08211013437000907510;0
187986;08;1;11;000;2021;11;08;2;3;6;7;0;1;1;0;0;0;0;511240,869000000879169;5397342,029999524354935;9,152856909000036;48,729000462000045;08211108111210981410;0
187987;08;2;25;109;2021;10;08;2;3;6;4;0;1;1;0;0;0;0;525897,604101708158851;5492124,642334427684546;9,358257429000048;49,581152380000049;08211025225200956730;0
187989;08;3;11;000;2021;10;13;6;3;2;3;1;1;0;0;0;0;0;414561,392999986186624;5318283,378999499604106;7,854364826000051;48,012130140000068;08211015311200945260;0
187992;08;3;26;074;2021;10;07;3;3;5;7;1;1;0;0;0;1;0;462659,118546833284199;5323463,889349423348904;8,498807149000072;48,063359398000046;08211019326400906430;1
187995;08;4;16;041;2021;11;03;7;3;0;1;1;0;0;0;0;2;0;504749,735744981095195;5373602,790224188938737;9,064316603000066;48,515520717000072;08211106416200985510;1
187997;08;1;26;066;2021;11;14;3;3;5;3;1;1;0;0;0;0;0;536019,939657789655030;5449384,458643868565559;9,494408122000038;49,196200392000037;08211109126200996580;0
187998;08;1;11;000;2021;10;15;6;3;0;7;1;0;0;0;0;0;0;512513,847353384830058;5399944,425227448344231;9,170246242000076;48,752387304000081;08211029111230942310;0
188002;08;1;11;000;2021;10;07;4;3;5;3;1;0;0;0;1;0;0;512928,929212874732912;5408526,648741815239191;9,176163319000068;48,829583663000051;08211027111500933230;0
188003;08;2;26;009;2021;10;08;3;3;5;3;1;1;0;0;0;1;0;466259,149196629412472;5471733,782499510794878;8,534986011000058;49,397359019000078;08211019222500924240;1
188005;08;3;36;069;2021;10;15;1;3;0;7;1;0;0;0;0;0;0;407485,250737672671676;5267760,794649105519056;7,770271334000029;47,556672255000080;08211017336200903500;0
188006;08;3;25;049;2021;10;16;5;3;5;3;1;1;0;0;0;0;0;473885,511573444120586;5332141,930039353668690;8,648954108000055;48,141992934000029;08211028325202970650;0
188010;08;3;36;019;2021;11;16;5;3;4;6;1;1;0;0;0;0;0;394628,555709472857416;5276603,165178386494517;7,597302031000027;47,634251221000056;08211104336400989120;0
188013;08;1;16;012;2021;10;14;1;2;5;3;1;1;0;0;0;0;0;537038,516364000737667;5383106,254637893289328;9,502377872000068;48,599939012000050;08211017116400900850;0
188016;08;1;21;000;2021;10;16;1;3;0;6;1;1;0;0;0;0;0;515676,159004327841103;5443056,170591015368700;9,214927141000032;49,140133374000072;08211031121200966630;0
188017;08;1;17;051;2021;10;15;5;3;5;3;1;1;0;0;0;0;0;543566,837523262016475;5395064,948085475713015;9,592179786000031;48,707095288000062;08211021117400912610;0
188020;08;4;35;047;2021;10;19;4;3;6;4;0;1;1;0;0;2;0;513429,860495703294873;5294980,403239458799362;9,179371410000044;47,808038219000025;08211013435200891950;0
188025;08;4;36;081;2021;10;15;5;3;0;7;1;0;0;0;0;0;0;561509,294156474992633;5281736,382397012785077;9,819613874000026;47,686086916000079;08211014436300921260;0
188026;08;1;36;019;2021;10;13;4;3;0;7;1;0;0;0;0;0;0;581810,191360136494040;5424907,599217128008604;10,117879445000028;48,971661202000064;08211027136200959980;0
188029;08;4;35;030;2021;11;23;7;3;3;6;1;1;0;0;0;2;0;540319,806803810410202;5272169,986598545685410;9,536397361000070;47,601684089000059;08211106435100015220;0
188037;08;1;18;071;2021;10;14;3;3;3;6;1;0;0;0;0;0;0;509672,370917092077434;5418703,580551711842418;9,132031883000025;48,921192448000056;08211019118100910120;0
188040;08;3;36;057;2021;10;17;3;3;3;6;1;0;0;0;0;0;0;408317,155854475684464;5277709,412769123911858;7,779246135000051;47,646285784000042;08211026336300948910;0
188041;08;4;26;070;2021;10;12;5;2;5;3;1;1;0;0;0;0;0;565282,246597642078996;5341291,046284755691886;9,878922341000077;48,221483157000080;08211021426010945380;0
188042;08;2;12;000;2021;10;10;4;3;5;3;1;1;0;0;0;0;0;454776,047676441259682;5427175,001657759770751;8,381751075000068;48,995817794000061;08211020212010911630;0
188043;08;2;15;009;2021;10;17;2;3;5;3;1;1;0;0;0;0;0;467988,813194448128343;5443002,513084819540381;8,561121727000057;49,139016649000041;08211011215402896570;0
188046;08;3;37;049;2021;10;17;1;2;0;1;1;0;0;0;0;0;0;421574,214459135197103;5279187,930174997076392;7,955465354000069;47,661329175000049;08211024337010935270;0
188049;08;4;16;011;2021;10;18;1;3;6;4;1;0;1;0;0;2;0;505125,550910661928356;5366328,961122943088412;9,069316325000045;48,450079329000062;08211031416000962550;0
188050;08;1;11;000;2021;10;18;6;3;0;7;1;0;0;0;0;0;0;516201,809317622333765;5406479,116341417655349;9,220676811000033;48,811087639000050;08211015111320932640;0
188052;08;1;16;071;2021;10;13;3;3;0;7;1;0;0;0;0;0;0;529945,500472045503557;5390561,739313306286931;9,406712156000026;48,667387785000074;08211019116500939880;1
188054;08;4;15;019;2021;10;02;1;3;1;1;1;1;0;0;0;2;0;519288,177691156044602;5370384,984841600060463;9,261032962000058;48,486294036000061;08211017415300899280;0
188056;08;3;26;012;2021;10;02;6;3;0;2;1;0;0;0;0;2;0;462802,938989401794970;5311122,742493996396661;8,501807906000067;47,952336556000034;08211022326100942800;1
188060;08;2;21;000;2021;10;10;5;3;2;6;1;1;0;0;0;0;0;476946,338136534206569;5469366,494353801012039;8,682410433000030;49,376564115000065;08211014221400935530;0
188062;08;1;28;007;2021;11;05;4;3;5;3;1;1;0;0;0;2;0;555737,753000003285706;5482287,609999548643827;9,769635052000069;49,490664740000057;08211103128100982000;1
188064;08;3;17;096;2021;10;12;4;3;5;3;1;1;0;0;0;0;0;420487,533781621605158;5368129,215984545648098;7,924454769000022;48,461270360000071;08211027317500943750;0
188066;08;2;21;000;2021;10;23;4;3;1;5;1;1;0;0;0;2;0;479516,138000001199543;5473517,493999546393752;8,717597787000045;49,413993723000033;08211020221011927800;0
188068;08;1;16;077;2021;11;15;5;3;0;4;0;0;1;0;1;0;0;516332,034937648102641;5391530,136428225785494;9,221857829000044;48,676603946000057;08211104116200982980;1
188070;08;2;22;000;2021;11;14;2;3;0;1;1;0;0;0;0;0;0;462601,632517284713686;5479818,933350199833512;8,483817840000029;49,469867788000045;08211108222500982280;0
188071;08;1;18;046;2021;10;18;2;3;0;7;1;0;0;0;0;1;0;513603,300956024788320;5411822,740252209827304;9,185461387000032;48,859220280000045;08211025118300929120;0
188074;08;1;11;000;2021;10;15;6;3;0;4;0;0;1;0;1;0;0;514685,049971958622336;5404345,668959647417068;9,199941623000029;48,791933115000063;08211015111500957650;0
188075;08;4;26;070;2021;10;15;3;3;0;1;1;0;0;0;0;0;0;565018,083693652413785;5341937,401342373341322;9,875465394000059;48,227324758000066;08211026426010954850;0
188076;08;4;15;087;2021;10;18;5;1;5;7;1;1;0;0;0;0;0;513135,255326700396836;5382171,757017977535725;9,178135710000049;48,592490042000065;08211021416010939120;0
188077;08;1;11;000;2021;10;16;4;3;0;3;1;0;0;0;1;0;0;515379,534717930480838;5404236,233870785683393;9,209393093000074;48,790931860000057;08211020111250912950;0
188078;08;1;15;024;2021;10;17;2;3;1;5;1;1;0;0;0;0;0;502096,446449319832027;5387927,982429467141628;9,028460434000067;48,644408543000054;08211011115100885330;0
188080;08;4;36;064;2021;10;07;6;2;6;4;0;0;1;0;1;1;0;545579,854975295253098;5291281,198160046711564;9,608367223000073;47,773282430000052;08211022436000955910;1
188083;08;3;17;096;2021;10;07;7;3;5;3;1;1;0;0;0;1;0;422243,069542332552373;5368734,454742377623916;7,948084745000074;48,466933898000036;08211023317500937170;0
188086;08;4;36;018;2021;10;17;5;3;0;1;1;0;0;0;0;0;0;551902,805521138943732;5284538,563811749219894;9,691951056000050;47,712141067000061;08211014436300891000;0
188087;08;3;17;065;2021;10;22;3;3;5;3;1;1;0;0;0;2;0;411877,126421932131052;5356763,426685553044081;7,810396018000063;48,357892389000028;08211026317300930170;0
188089;08;1;15;045;2021;10;14;1;3;1;5;1;1;0;0;0;0;0;498960,190645235590637;5397238,117048248648643;8,985860578000029;48,728166173000034;08211017115400900400;0
188091;08;3;11;000;2021;10;17;5;3;5;2;1;1;0;0;0;0;0;413266,315166616812348;5316944,732247367501259;7,837273676000052;47,999914107000052;08211028311010938350;0
188093;08;1;18;048;2021;10;21;5;3;0;7;1;0;0;0;0;2;0;513408,079000000841916;5415007,564999526366591;9,182904241000074;48,887874478000072;08211021118400913260;1
188096;08;1;18;010;2021;10;15;5;3;5;3;1;1;0;0;0;0;0;506827,422715456224978;5431997,097996877506375;9,093420456000047;49,040813988000082;08211014118100894730;0
188098;08;3;16;056;2021;10;13;2;3;0;6;1;0;0;0;0;0;0;423410,953759086318314;5328152,800111846998334;7,971239188000027;48,102033972000072;08211025316200930180;0
188099;08;4;36;064;2021;11;18;3;3;5;7;1;1;0;0;0;2;0;545412,778306830674410;5292046,411386599764228;9,606217356000059;47,780178878000072;08211102436200990300;0
188100;08;3;35;063;2021;10;15;6;3;5;3;1;1;0;0;0;0;0;497552,301775311119854;5288017,253705389797688;8,967347312000072;47,745522504000064;08211015335200935920;0
188104;08;1;19;085;2021;10;15;5;2;6;4;0;1;1;0;0;0;0;529381,657448907382786;5413564,230326557531953;9,400697557000058;48,874339374000044;08211021119500949390;0
188105;08;1;17;019;2021;10;08;3;3;5;3;1;1;0;0;0;0;0;552638,119428760372102;5394355,293960198760033;9,715381024000067;48,700012015000027;08211012117100912190;1
188109;08;3;11;000;2021;10;08;2;2;0;7;1;0;0;0;0;0;0;412928,996151523664594;5316956,557957699522376;7,832750247000035;47,999974627000029;08211025311010925590;0
188110;08;3;11;000;2021;10;07;5;3;0;7;1;0;0;0;0;1;0;413919,188591264188290;5316430,069160863757133;7,846127306000028;47,995372771000063;08211021311010918210;1
188111;08;4;15;061;2021;11;12;3;3;5;3;1;1;0;0;0;0;0;515137,693878840655088;5372325,908193908631802;9,204933947000029;48,503868940000075;08211102415400987210;1
188113;08;2;22;000;2021;10;17;4;3;4;6;1;0;0;0;0;0;0;464151,192000000737607;5482706,906999548897147;8,504942590000041;49,495937200000071;08211027222000941400;0
188114;08;1;35;016;2021;10;14;1;2;1;3;1;1;0;0;0;0;0;591661,093042703345418;5387010,518637938424945;10,243994779000047;48,629440017000036;08211031135100945940;0
188116;08;1;28;007;2021;10;16;2;3;6;5;0;1;1;0;0;0;0;555414,794724596664310;5482452,980588402599096;9,765199203000066;49,492181672000072;08211011128100883520;0
188117;08;2;22;000;2021;11;12;4;3;5;2;1;1;0;0;0;0;0;462910,191795377992094;5479116,918460590764880;8,488142265000022;49,463572422000027;08211103222500974320;1
188120;08;1;19;091;2021;11;11;3;3;6;2;0;1;1;0;0;0;0;528325,096049742773175;5406041,331023996695876;9,385768803000076;48,806715084000075;08211109119010992260;0
188121;08;1;16;078;2021;11;09;3;3;0;1;1;0;0;0;0;0;0;512488,732407000847161;5392920,913605175912380;9,169691893000049;48,689204193000080;08211102116200980420;1
188122;08;1;11;000;2021;10;15;6;3;6;4;0;1;1;0;0;0;0;511287,426304539665580;5398671,660003215074539;9,153526424000063;48,740960972000039;08211015111500923770;0
188124;08;3;35;043;2021;10;07;5;3;3;2;1;0;0;0;0;2;0;513030,186453733593225;5280524,995512293651700;9,173600361000069;47,677983174000076;08211021335100969840;0
188125;08;2;15;007;2021;10;15;3;3;0;7;1;0;0;0;0;0;0;478991,592535554431379;5431623,678003832697868;8,712560455000073;49,037134714000047;08211019215302907450;0
188126;08;3;17;096;2021;10;12;7;3;5;7;1;1;0;0;0;0;0;421892,172450989484787;5367926,655806973576546;7,943489386000067;48,459624325000050;08211009317500890260;0
188127;08;1;35;016;2021;11;18;7;3;0;1;1;0;0;0;0;2;0;591990,222739797085524;5385784,518154803663492;10,248188543000026;48,618364958000029;08211106135100980090;1
188129;08;3;17;073;2021;10;20;2;3;8;7;1;0;0;0;0;2;0;411020,054501444101334;5347341,134734643623233;7,800816688000054;48,273021346000064;08211018317010917820;0
188131;08;3;11;000;2021;10;03;7;3;0;7;1;0;0;0;0;2;0;413199,563943482004106;5315448,135065566748381;7,836681687000066;47,986442645000068;08211023311010948600;0
188139;08;3;11;000;2021;10;07;5;3;6;7;0;1;1;0;0;0;0;415498,125175839290023;5315640,750327207148075;7,867443276000074;47,988483132000056;08211028311010961130;0
188140;08;4;35;057;2021;10;07;6;3;5;3;1;1;0;0;0;1;0;544588,439067968167365;5278832,245439762249589;9,593861127000025;47,661346740000056;08211022435100914990;1
188141;08;4;21;000;2021;10;15;4;3;5;3;1;1;0;0;0;0;0;572278,078000005334616;5360861,724999509751797;9,976449700000046;48,396770658000037;08211020421300913960;0
188144;08;1;18;027;2021;10;12;5;2;6;7;0;1;1;0;0;0;0;502218,764125897549093;5412433,138494284823537;9,030253038000069;48,864856507000070;08211014118000938650;0
188148;08;3;35;063;2021;10;13;6;3;3;6;1;0;0;0;0;0;0;497519,831574726849794;5287375,466394731774926;8,966917813000066;47,739747840000064;08211015335200894240;0
188151;08;3;17;057;2021;10;10;7;3;5;3;1;1;0;0;0;0;0;414320,709836862981319;5379151,153498351573944;7,838791612000023;48,559597904000043;08211030317200965980;1
188153;08;3;11;000;2021;10;10;2;3;5;3;1;1;0;0;0;0;0;413529,305196837522089;5317443,547600159421563;7,840697950000049;48,004436748000046;08211011311010907970;0
188154;08;2;15;108;2021;11;17;5;3;6;7;0;1;1;0;0;2;0;448054,648876016028225;5422859,331105446442962;8,290422112000044;48,956469563000041;08211104212702985460;1
188155;08;3;25;049;2021;11;07;7;3;6;4;0;1;1;0;0;1;0;472038,410829567350447;5334965,258643310517073;8,623939292000045;48,167315200000075;08211106325202997620;1
188156;08;4;15;061;2021;10;11;1;3;0;7;1;1;0;0;0;0;0;515546,582317482680082;5370150,854566346853971;9,210388464000062;48,484291410000026;08211024415400922320;0
188158;08;2;11;000;2021;10;08;6;3;4;6;1;1;0;0;0;0;0;445285,315522205084562;5399511,112648170441389;8,255715707000036;48,746211428000038;08211029211100964800;0
188160;08;2;12;000;2021;11;18;3;3;5;3;1;1;0;0;0;2;0;460826,510795109905303;5427608,457447448745370;8,464420044000065;49,000130387000070;08211102212102979520;1
188161;08;2;16;043;2021;10;13;6;3;1;5;1;0;0;0;0;0;1;441275,198000755161047;5410502,962177017703652;8,199599955000053;48,844718572000033;08211015216100927030;0
188163;08;3;25;049;2021;10;07;5;3;3;2;1;1;0;0;0;1;0;473877,021163060329854;5332144,470879565924406;8,648839822000070;48,142015445000027;08211021325202928150;0
188166;08;1;18;081;2021;10;16;5;3;0;7;1;0;1;0;0;0;0;519289,810000000521541;5413308,845999527722597;9,263058069000067;48,872438126000077;08211028118000964620;0
188168;08;3;17;057;2021;10;16;3;3;0;1;1;0;0;0;0;0;0;414072,384990619495511;5380488,526299491524696;7,835150552000073;48,571592832000078;08211019317200908610;0
188174;08;2;22;000;2021;11;14;3;3;0;7;1;0;0;0;0;0;0;462235,989685941487551;5481007,076327156275511;8,478657938000026;49,480531909000035;08211102222700974990;1