OID_;ULAND;UREGBEZ;UKREIS;UGEMEINDE;UJAHR;UMONAT;USTUNDE;UWOCHENTAG;UKATEGORIE;UART;UTYP1;IstRad;IstPKW;IstFuss;IstKrad;IstSonstige;ULICHTVERH;IstGkfz;LINREFX;LINREFY;XGCSWGS84;YGCSWGS84;UIDENTSTLAE;IstStrassenzustand
188175;08;1;15;010;2021;10;16;6;2;6;7;0;1;1;0;0;0;0;487343,493340419605374;5388822,000057822093368;8,828153906000068;48,652326608000067;08211015118000902050;0
188176;08;1;15;021;2021;10;01;4;3;0;7;1;0;0;0;0;2;0;489737,123744826763868;5381976,418735938146710;8,860823174000075;48,590786402000049;08211027115200958800;1
188177;08;3;17;041;2021;10;06;5;2;0;7;1;0;0;0;0;2;0;438405,895030060783029;5348620,591085053980350;8,169660118000024;48,287787429000048;08211021317600930280;1
188180;08;3;26;074;2021;10;10;7;3;5;3;1;1;0;0;0;0;0;459681,049168983474374;5323243,640041779726744;8,458857768000030;48,061196584000072;08211023326400973650;0
188181;08;1;16;077;2021;10;14;2;3;0;6;1;1;0;0;0;0;0;515960,105319811962545;5391867,413095042109489;9,216818518000025;48,679647725000052;08211018116200969630;0
188182;08;1;15;003;2021;10;13;6;3;6;7;0;1;1;0;0;0;0;501375,719000001437962;5393343,156999520957470;9,018694167000035;48,693126190000044;08211029115100964730;0
188183;08;2;15;009;2021;10;13;7;3;6;4;0;1;1;0;0;0;0;468806,296921299770474;5441351,813468609005213;8,572456927000076;49,124210399000049;08211023215402922030;0
188185;08;2;16;023;2021;11;17;2;3;6;7;0;1;1;0;0;1;0;435463,579909398220479;5409257,657301539555192;8,120594918000052;48,832940217000044;08211101216100987510;1
188186;08;2;12;000;2021;10;16;5;3;5;3;1;1;0;0;0;0;0;455398,989928742870688;5425652,048806540668011;8,390433842000050;48,982163961000026;08211014212010924640;0
188187;08;2;21;000;2021;10;17;3;3;6;7;1;0;1;0;0;1;0;477007,644870460033417;5473362,144296472892165;8,683023793000075;49,412506748000055;08211026221011957900;0
188188;08;3;37;065;2021;10;07;7;2;7;1;1;0;0;0;0;1;0;448523,995111126452684;5274884,027771169319749;8,314876246000040;47,625312757000074;08211016337010895970;1
188189;08;3;35;063;2021;10;17;5;2;5;2;1;1;0;0;0;0;0;496766,635250491090119;5287715,847297551110387;8,956868637000071;47,742807113000026;08211028335200966540;0
188190;08;4;16;036;2021;10;09;6;3;6;4;0;1;1;0;0;0;0;495430,608505738899112;5369203,912674736231565;8,938173590000076;48,475947982000037;08211022416100916390;0
188193;08;1;16;019;2021;11;13;6;3;5;3;1;1;0;0;0;0;0;522907,917076734825969;5398763,106844887137413;9,311586302000023;48,741464655000073;08211105116010005570;0
188196;08;2;21;000;2021;10;12;2;3;3;7;1;1;0;0;0;0;0;477546,975018465891480;5472806,866366000846028;8,690490370000020;49,407532253000056;08211025221200955810;0
188197;08;1;17;024;2021;11;15;3;3;5;2;1;1;0;0;0;0;0;560963,308011977933347;5385922,146204913035035;9,827271010000061;48,623396066000055;08211109117200982950;0
188198;08;1;21;000;2021;11;07;3;3;5;3;1;1;0;0;0;0;0;517067,148425268940628;5443028,700494516640902;9,233996904000037;49,139849198000036;08211102121200973570;0
188200;08;4;16;041;2021;10;09;3;3;5;3;1;1;0;0;0;0;0;505016,690773845650256;5373018,762503108009696;9,067924440000070;48,510264509000081;08211026416200959230;0
188202;08;2;15;017;2021;10;13;4;3;5;3;1;0;0;0;0;0;0;455883,462900570593774;5421898,977941293269396;8,397461675000045;48,948439234000034;08211020212010915610;0
188203;08;1;11;000;2021;10;16;2;2;6;2;0;1;1;0;0;0;0;512528,492045720107853;5402896,330931365489960;9,170535367000070;48,778942188000030;08211011111500893140;0
188204;08;3;36;050;2021;11;07;4;3;5;3;1;1;0;0;0;0;0;399241,032709144987166;5274636,698943747207522;7,659137819000023;47,617296469000053;08211103311010974040;1
188209;08;3;17;089;2021;10;01;1;3;8;1;1;0;0;0;0;2;0;430776,646140974946320;5379666,470834363251925;8,061697724000055;48,566266399000028;08211031317100965060;1
188210;08;2;15;009;2021;10;16;6;3;5;3;1;1;0;0;0;0;0;469520,059982897713780;5441175,691487031057477;8,582252846000074;49,122661961000063;08211015215402945010;0
188211;08;3;11;000;2021;10;19;3;3;5;2;1;1;0;0;0;2;0;412979,846413210034370;5316370,470201008021832;7,833550640000055;47,994709502000035;08211026311010957210;0
188212;08;2;26;009;2021;10;23;3;3;5;3;1;1;0;0;0;2;0;465486,063564474694431;5472937,400128934532404;8,524227193000058;49,408141829000044;08211019222500159800;0
188214;08;1;18;048;2021;10;07;2;3;3;2;1;0;0;0;1;1;0;513249,668213875032961;5415631,630451580509543;9,180763553000077;48,893491818000030;08211018118400970400;0
188215;08;4;36;082;2021;10;11;5;3;0;6;1;0;1;0;0;0;0;547192,642142387107015;5295856,186339873820543;9,630389874000059;47,814327339000045;08211028436400959740;0
188216;08;2;22;000;2021;10;15;6;2;6;4;0;1;1;0;0;0;0;462148,949000000953674;5481425,238999551162124;8,477416344000062;49,484287646000041;08211022222500970050;0
188220;08;3;25;049;2021;10;12;5;3;6;2;0;1;1;0;0;0;0;473155,363474278710783;5333670,773572489619255;8,639042798000048;48,155717198000048;08211014325202890890;0
188221;08;3;15;050;2021;10;07;2;3;3;6;1;1;0;0;0;2;0;398813,617499688640237;5303636,080969387665391;7,646705378000036;47,878081735000080;08211025311400936120;0
188223;08;1;11;000;2021;10;09;7;3;5;2;1;1;0;0;0;0;0;518709,609201793558896;5400758,084959730505943;9,254573536000066;48,759551568000063;08211016111500924840;0
188224;08;1;16;077;2021;10;07;5;3;5;3;1;0;0;0;1;2;0;516125,750000000931323;5389459,560999520123005;9,218974914000057;48,657982262000075;08211028116200967160;0
188228;08;3;35;043;2021;10;08;5;3;0;1;1;0;0;0;0;0;0;512790,649684785865247;5278574,610775878652930;9,170351928000059;47,660439043000054;08211028335100935240;0
188230;08;1;11;000;2021;10;13;2;3;6;4;0;1;1;0;0;0;0;516164,679678331129253;5405422,187131969258189;9,220129472000053;48,801580626000032;08211018111500941780;0
188231;08;1;16;019;2021;10;11;4;3;0;1;1;0;0;0;0;0;0;523241,096071111038327;5399987,093330599367619;9,316187098000057;48,752463144000046;08211013116100902980;1
188232;08;2;37;027;2021;10;15;1;3;6;7;0;0;1;0;1;0;0;483188,716370327398181;5370056,941310653463006;8,772500527000034;48,483413977000055;08211031231000953460;0
188234;08;1;11;000;2021;10;07;3;3;5;3;1;1;0;0;0;0;0;511860,397868961095810;5401594,566241480410099;9,161403897000071;48,767244692000077;08211026111500928120;1
188235;08;3;11;000;2021;10;15;5;3;1;1;1;1;0;0;0;0;0;410971,487739737145603;5318319,863528911024332;7,806231282000056;48,011968249000063;08211021311010924890;0
188237;08;3;35;043;2021;10;11;7;3;0;1;1;0;0;0;0;0;0;513847,588119654916227;5279548,674181697890162;9,184459536000077;47,669181579000053;08211016335100934280;0
188238;08;4;15;061;2021;10;17;4;3;3;7;1;1;0;0;0;0;0;515999,015416292473674;5370301,031802479177713;9,216516847000037;48,485631104000049;08211027416010961610;0
188240;08;3;17;141;2021;10;07;4;3;6;7;0;1;1;0;0;0;0;415814,087999988347292;5375917,041999511420727;7,859680859000036;48,530710867000039;08211020317200935440;0
188241;08;1;36;050;2021;10;13;3;3;0;7;1;0;0;0;0;0;1;581362,630976719781756;5404393,941411072388291;10,107683013000042;48,787218074000066;08211012136100901820;1
188242;08;1;11;000;2021;11;17;6;3;5;3;1;1;0;0;0;0;0;507965,028000001795590;5397056,547999525442719;9,108305567000059;48,726482739000062;08211105111210999720;0
188244;08;2;31;000;2021;11;15;2;3;6;7;0;1;1;0;0;0;0;478342,254426089115441;5415774,303708886727691;8,704519831000027;48,894538404000059;08211108231000984190;0
188246;08;3;11;000;2021;11;16;3;3;2;6;1;0;0;1;0;0;0;412121,758998655714095;5316304,688115289434791;7,822064503000036;47,994000412000048;08211109311010987050;0
188253;08;1;15;003;2021;11;12;7;3;0;7;1;0;0;0;0;0;0;500766,549999999813735;5391118,865999519824982;9,010412256000052;48,673117261000073;08211106118010980140;0
188254;08;3;17;089;2021;10;11;1;3;5;3;1;1;0;0;0;0;0;430997,674663639627397;5379687,939972920343280;8,064689723000072;48,566483889000040;08211024317100922450;0
188256;08;2;31;000;2021;10;12;4;3;3;6;1;0;0;0;1;0;0;477409,878641813993454;5415298,167777536436915;8,691825790000053;48,890221956000062;08211013231000893370;0
188258;08;1;25;026;2021;10;15;6;3;2;6;1;1;0;0;0;0;0;487966,598432134836912;5446781,378610467538238;8,834905107000054;49,173725025000067;08211015121100946610;0
188260;08;1;15;003;2021;10;15;3;3;3;6;1;1;0;0;0;0;0;500845,624242308549583;5391347,257874311879277;9,011486810000065;48,675171802000079;08211019115100944720;0
188263;08;2;22;000;2021;10;15;5;3;1;5;1;1;0;0;0;0;0;463956,015403126366436;5479406,811782943084836;8,502548170000068;49,466242850000071;08211028222014936690;0
188264;08;4;26;044;2021;10;16;6;3;5;3;1;1;0;0;0;0;0;580219,043885175138712;5326664,497976614162326;10,077231282000071;48,088199235000047;08211022426010916160;0
188265;08;1;11;000;2021;10;15;2;3;1;7;0;0;1;0;1;0;0;511876,532993566244841;5401628,410612961277366;9,161624450000033;48,767548846000068;08211018111140970630;0
188267;08;2;12;000;2021;11;15;6;3;1;5;1;1;0;0;0;0;0;456245,247563777491450;5427103,959252428263426;8,401842741000053;48,995284631000061;08211105212010987470;0
188273;08;2;15;009;2021;10;17;4;3;5;3;1;1;0;0;0;0;0;469641,403679973445833;5440415,406536323949695;8,583973098000058;49,115829057000042;08211027215402935210;0
188274;08;2;21;000;2021;10;16;5;3;5;3;1;1;0;0;0;0;0;474316,851132654584944;5472330,752531291916966;8,645995507000066;49,403121943000031;08211021221400946090;0
188278;08;4;16;041;2021;11;11;4;3;3;7;1;1;0;0;0;0;0;504972,084098340943456;5373744,222810642793775;9,067329126000061;48,516791375000025;08211103416200974550;1
188279;08;1;19;020;2021;11;08;2;3;5;3;1;1;0;0;0;0;0;519863,125551739707589;5407340,448794398456812;9,270586954000066;48,818729767000036;08211108119200993700;1
188280;08;2;26;032;2021;10;20;1;2;5;3;1;1;0;0;0;2;0;468161,728028254583478;5462712,798753481358290;8,561927656000023;49,316319609000061;08211024226200941170;0
188281;08;2;15;066;2021;11;16;3;3;5;3;1;1;0;0;0;0;0;460576,855816120281816;5453734,463691925629973;8,458454435000021;49,235118753000052;08211109215502013300;0
188282;08;1;15;021;2021;11;13;3;2;6;4;1;0;1;0;0;0;0;489995,990064476616681;5382330,560660101473331;8,864325170000029;48,593976534000035;08211102115200059790;1
188283;08;1;15;045;2021;10;07;6;3;0;7;1;1;0;0;0;1;0;497747,570195572450757;5396191,861376322805882;8,969376972000020;48,718750803000034;08211015115400908040;0
188285;08;1;25;026;2021;10;09;3;3;6;4;0;1;1;0;0;0;0;493587,207305038347840;5442917,441553533077240;8,912079685000037;49,139052010000057;08211019121100940920;0
188286;08;1;25;001;2021;10;13;1;3;0;1;1;0;0;0;0;0;0;522669,946410452015698;5435973,092712316662073;9,310416115000066;49,076200559000029;08211010121600878450;0
188289;08;3;11;000;2021;10;17;2;3;0;7;1;0;0;0;0;0;0;412484,044814023189247;5314617,399030869826674;7,827263509000034;47,978872394000064;08211018311010903990;0
188291;08;3;11;000;2021;11;17;4;3;6;2;0;1;1;0;0;2;0;412926,497999985702336;5316289,480999495834112;7,832852124000055;47,993973715000038;08211103311010975200;1
188292;08;3;17;096;2021;10;13;4;3;5;3;1;1;0;0;0;0;0;422897,684806765057147;5370273,741305069997907;7,956655139000077;48,480860294000081;08211013317500902080;0
188294;08;1;18;019;2021;10;15;1;3;0;7;1;0;0;0;0;0;0;505077,358981763944030;5405387,550504930317402;9,069142930000055;48,801458488000037;08211024118200926170;0
188296;08;1;19;091;2021;11;11;3;3;6;4;1;0;1;0;0;0;0;529506,588458320125937;5404543,894356667995453;9,401751937000029;48,793189607000045;08211102119400973610;1
188299;08;1;15;003;2021;10;07;4;3;5;3;1;1;0;0;0;0;0;497211,199815964326262;5393596,554425302892923;8,962102257000026;48,695401061000041;08211020115100910130;0
188301;08;2;26;059;2021;11;17;7;2;5;2;1;1;0;0;0;2;0;465193,475064379163086;5459868,839220570400357;8,521335858000043;49,290576666000049;08211106226200018420;0
188304;08;1;11;000;2021;10;10;6;3;5;2;1;1;0;0;0;0;0;516169,617223087698221;5403338,580468641594052;9,220114702000046;48,782836630000077;08211029111500960590;0
188306;08;1;16;019;2021;11;08;2;3;0;1;1;0;0;0;0;1;0;524075,730588220991194;5398751,728368798270822;9,327469606000022;48,741318253000031;08211101116100988630;1
188307;08;3;11;000;2021;10;18;5;3;0;7;1;0;0;0;1;1;0;415331,130418444983661;5315298,765332821756601;7,865272984000057;47,985384738000050;08211014311010925080;0
188308;08;2;21;000;2021;10;16;3;3;5;3;1;1;0;0;0;0;0;476992,438593938946724;5474242,730292625725269;8,682763113000021;49,420426892000080;08211026221300957470;0
188309;08;1;16;068;2021;10;13;3;3;0;1;1;0;0;0;0;0;0;526646,146103412844241;5389791,300542244687676;9,361852536000072;48,660606436000080;08211019116500921280;0
188311;08;1;36;065;2021;10;15;6;3;3;6;1;1;0;0;0;0;0;558941,744436836801469;5405538,251202743500471;9,802643138000064;48,800040381000031;08211022136300951420;0
188312;08;2;35;085;2021;10;13;7;3;2;6;1;0;0;0;1;0;0;480340,297951087355614;5397770,328073453158140;8,732641720000061;48,732644676000064;08211016235101969470;0
188313;08;3;27;049;2021;10;15;5;3;5;2;1;1;0;0;0;0;0;472509,088886184617877;5324885,336931049823761;8,630919601000073;48,076648613000032;08211028327200963290;0
188314;08;2;15;017;2021;10;15;6;3;5;3;1;1;0;0;0;0;0;454145,717950596474111;5421963,007860902696848;8,373722012000030;48,948888783000029;08211022212702917540;0
188315;08;2;12;000;2021;10;20;4;3;5;3;1;1;0;0;0;2;0;451692,554645355790854;5427356,758640645071864;8,339578393000068;48,997219133000044;08211020212010939460;1
188316;08;4;15;061;2021;10;13;2;3;5;3;1;1;0;0;0;0;0;515319,023833121173084;5371402,416112776845694;9,207354887000065;48,495556493000038;08211011415400885380;0
188318;08;1;19;091;2021;10;11;5;3;5;3;1;1;0;0;0;0;0;528512,067707389593124;5405530,926152491942048;9,388279724000029;48,802115077000053;08211014119400954520;0
188319;08;1;15;041;2021;11;10;3;3;4;6;1;0;0;0;0;0;0;494903,950397673062980;5401599,824683064594865;8,930649508000045;48,767384150000055;08211109115300006310;0
188321;08;4;25;033;2021;11;16;3;3;6;4;0;1;1;0;0;0;0;553657,924520660191774;5348435,991424420848489;9,723339615000043;48,286849419000077;08211102425000979630;1
188322;08;3;17;065;2021;10;17;6;2;6;4;1;0;1;0;0;0;0;413698,121741268783808;5352748,160263128578663;7,835795763000021;48,322027458000036;08211015317500896200;0
188324;08;1;28;139;2021;10;17;1;3;3;7;1;0;0;0;0;2;0;547474,940507449209690;5488996,084359716624022;9,656356628000026;49,551704944000051;08211031128200959480;0
188325;08;4;36;064;2021;10;16;3;3;3;6;1;0;0;0;1;0;0;545660,846000002697110;5293190,626999495550990;9,609648997000022;47,790455867000048;08211019436200939590;0
188326;08;1;15;041;2021;10;13;2;3;5;3;1;1;0;0;0;0;0;495265,516079350374639;5401648,317066511139274;8,935569377000036;48,767823242000077;08211011115300902350;0
188328;08;2;12;000;2021;11;14;2;2;5;2;1;1;0;0;0;0;0;455059,794058545492589;5429279,652208035811782;8,385396944000036;49,014770035000026;08211108212010990760;0
188330;08;2;15;108;2021;11;18;3;3;0;7;1;0;0;0;0;2;0;446420,702024269849062;5424753,153637891635299;8,267854792000037;48,973364930000059;08211102212702032370;1
188331;08;2;31;000;2021;10;17;6;3;5;2;1;1;0;0;0;0;0;478662,928355343639851;5416142,693826723843813;8,708875535000061;48,897863444000052;08211015231000958340;0
188333;08;2;15;101;2021;10;18;3;3;0;7;1;0;0;0;0;2;0;466254,734419705346227;5427473,385078154504299;8,538643219000051;48,999235983000062;08211019212102942290;0
188334;08;3;35;043;2021;10;01;7;3;6;2;0;0;1;0;1;2;0;513189,619971107691526;5278401,062636852264404;9,175660340000036;47,658869500000037;08211009335100903030;0
188335;08;2;15;007;2021;11;10;7;2;6;4;0;1;1;0;0;0;0;478310,882647763006389;5431698,238500496372581;8,703243040000075;49,037781845000040;08211106215302004840;0
188338;08;3;11;000;2021;10;08;6;3;5;3;1;0;0;0;0;0;0;417581,835999989882112;5314448,069999497383833;7,895594175000042;47,978026263000061;08211029311300954310;0
188341;08;3;17;096;2021;10;04;1;3;6;7;0;1;1;0;0;2;0;421004,209800219163299;5369007,359762880951166;7,931276603000072;48,469234262000043;08211031317500963630;1
188342;08;3;36;105;2021;10;11;5;3;5;3;1;0;0;0;0;0;1;400515,746647910214961;5266715,349663043394685;7,677892099000076;47,546237413000028;08211014311010893540;0
188343;08;1;21;000;2021;10;10;3;3;6;7;0;1;1;0;0;0;0;515941,987885107286274;5443693,323379756882787;9,218596954000077;49,145857930000034;08211026121200958550;0
188344;08;2;26;036;2021;10;08;7;3;5;3;1;1;0;0;0;0;0;468533,900999999605119;5479775,821999549865723;8,565697297000042;49,469816418000050;08211016222014896220;0
188345;08;1;21;000;2021;10;00;1;3;1;5;0;1;1;0;0;2;0;516115,272808548063040;5442876,392141867429018;9,220940353000060;49,138504844000067;08211017121200913900;0
188348;08;3;35;043;2021;10;07;4;3;0;1;1;0;0;0;0;1;0;512823,507276620715857;5280111,894356934353709;9,170834668000055;47,674270364000051;08211020335100924180;1
188355;08;1;16;049;2021;10;17;4;3;1;1;0;1;1;0;0;0;0;525529,288059709593654;5387706,415178626775742;9,346557432000054;48,641897454000059;08211013116500906660;1
188356;08;3;11;000;2021;11;06;2;3;0;7;1;0;0;0;0;1;0;414724,842014768160880;5317612,562978856265545;7,856689435000021;48,006117729000039;08211101311010972670;1
188357;08;2;26;084;2021;10;17;5;3;0;1;1;0;0;0;0;0;0;467855,431261197663844;5472179,961401123553514;8,556949044000021;49,401458658000081;08211014226400921070;0
188358;08;3;17;001;2021;10;11;3;3;5;3;1;1;0;0;0;0;0;431835,722999995574355;5386451,167999520897865;8,074937577000071;48,627411348000066;08211026317100946970;1
188359;08;3;17;150;2021;10;00;7;3;2;6;1;0;0;0;0;2;0;407977,525637080892920;5360103,941206239163876;7,757035255000062;48,387382241000068;08211016317300897240;0
188360;08;3;11;000;2021;10;03;7;3;0;7;1;0;0;0;0;2;0;412897,406541533768177;5318087,149604760110378;7,832097265000073;48,010140344000035;08211016311010895290;0
188361;08;2;22;000;2021;10;11;5;3;6;4;0;1;1;0;0;0;0;461190,253105573356152;5481711,291216060519218;8,464152806000072;49,486799983000026;08211028222200960040;0
188363;08;2;12;000;2021;10;18;4;3;5;2;1;1;0;0;0;1;0;455231,483755295164883;5429024,839913468807936;8,387772943000073;49,012490460000038;08211020212302913610;1
188366;08;4;16;041;2021;10;18;4;3;6;4;1;0;1;0;0;1;0;504283,199829323217273;5373914,849736634641886;9,058002406000071;48,518331476000071;08211013416200889560;0
188367;08;4;21;000;2021;11;10;2;3;0;1;1;0;0;0;0;0;0;571609,378931715153158;5360611,493935514241457;9,967374496000048;48,394596066000076;08211108421300993630;0
188369;08;1;15;002;2021;11;22;4;3;0;7;1;0;0;0;0;2;0;499443,627296720631421;5386550,434333151206374;8,992448779000028;48,632019135000064;08211103115100993770;1
188372;08;1;19;020;2021;10;14;1;3;0;1;1;0;0;0;0;0;0;519891,230640688911080;5408555,347046459093690;9,271028739000030;48,829657839000049;08211031119200948360;0
188373;08;3;37;060;2021;10;18;3;2;0;1;1;0;0;0;0;0;0;470142,624254588037729;5278360,903944684192538;8,602363969000066;47,657953588000055;08211019337010935230;0
188374;08;3;16;009;2021;10;16;2;3;6;4;0;1;1;0;0;0;0;416058,938055549748242;5324847,547976238653064;7,873153971000022;48,071375821000061;08211011316200899760;0
188375;08;2;12;000;2021;11;18;5;3;5;2;1;1;0;0;0;2;0;456388,329291276633739;5428411,096280910074711;8,403658289000020;49,007052618000046;08211104212302976760;1
188382;08;2;26;058;2021;10;10;6;2;0;7;1;0;0;0;0;0;0;491784,056940335780382;5462452,364874282851815;8,886958113000048;49,314751936000050;08211015226500894310;0
188383;08;1;19;085;2021;10;07;4;3;5;3;1;1;0;0;0;0;0;529177,672729100100696;5413514,792822910472751;9,397912223000048;48,873904288000062;08211027119500959560;0
188385;08;4;35;016;2021;10;00;1;3;0;1;1;0;0;0;0;2;0;537326,401856194250286;5278876,716226825490594;9,497147977000054;47,662206703000038;08211010435100901120;0
188388;08;3;11;000;2021;10;18;5;3;0;7;1;0;0;0;0;1;0;412646,084181959740818;5317456,697757381945848;7,828856585000040;48,004434940000067;08211028311010952990;0
188389;08;4;16;025;2021;10;08;6;3;6;4;0;1;1;0;0;0;0;502525,620098784565926;5361211,746118610724807;9,034124860000077;48,404058038000073;08211022416010944870;1
188390;08;3;11;000;2021;10;14;3;3;6;4;0;1;1;0;0;0;0;414095,568597977049649;5316106,810722870752215;7,848555805000046;47,992488662000028;08211012311010937250;0
188392;08;2;15;066;2021;10;16;5;3;6;2;0;1;1;0;0;0;0;460298,981218304485083;5453901,533550625666976;8,454620979000026;49,236603563000074;08211014215502926040;0
188394;08;3;11;000;2021;10;01;5;3;5;3;1;1;0;0;0;2;0;414196,085999986156821;5316367,576999498531222;7,849850704000062;47,994847851000031;08211021311010968290;1
188395;08;2;21;000;2021;10;18;7;3;6;7;0;1;1;0;0;1;0;476779,250834823586047;5475051,142641166225076;8,679776330000038;49,427690307000034;08211016221300900010;0
188399;08;3;35;075;2021;10;11;2;3;5;3;1;1;0;0;0;0;0;487743,399968524463475;5290311,896213568747044;8,836430621000034;47,766056809000077;08211011335300881570;0
188400;08;4;16;041;2021;11;12;5;3;2;6;1;1;0;0;0;0;0;504185,637920427136123;5372714,760480184108019;9,056669198000066;48,507535679000057;08211104416200976100;1
188401;08;3;11;000;2021;10;09;4;3;5;3;1;0;0;1;0;0;0;413615,151052232831717;5315874,798480367287993;7,842164443000058;47,990336906000039;08211013311010908800;0
188403;08;3;26;074;2021;10;06;2;3;6;4;0;0;1;0;1;1;0;460040,639901826158166;5322924,263554269447923;8,463713652000024;48,058345877000079;08211025326400034000;0
188404;08;3;11;000;2021;11;17;3;3;5;2;1;1;0;0;0;2;0;413868,941705310717225;5320602,537831196561456;7,844615638000050;48,032898757000055;08211109311010998600;0
188405;08;3;17;001;2021;11;16;3;2;5;3;1;1;0;0;0;0;0;431045,786069061607122;5386607,515268161892891;8,064192763000051;48,628731095000035;08211102317100993300;0
188406;08;3;15;006;2021;10;08;6;3;5;3;1;1;0;0;0;0;0;403240,634519418701530;5308249,244016742333770;7,704862851000030;47,920259838000050;08211015311400066930;0
188407;08;4;15;078;2021;10;15;3;3;1;1;1;1;0;0;0;0;0;529651,423433067277074;5371083,892881089821458;9,401328674000069;48,492178058000036;08211026415100959050;0
188409;08;2;12;000;2021;10;15;4;3;1;5;1;1;0;0;0;0;0;457352,321715298108757;5427917,454985864460468;8,416890952000074;49,002679615000034;08211020212010912300;0
188411;08;2;22;000;2021;11;12;4;3;5;3;1;1;0;0;0;0;0;462739,722474951297045;5485877,315907092764974;8,485152388000074;49,524368249000077;08211103222301976340;1
188417;08;3;16;020;2021;10;15;6;3;5;2;1;1;0;0;0;0;0;408479,497691831551492;5338340,465927319601178;7,768530094000027;48,191700590000039;08211015316100925370;0
188418;08;2;22;000;2021;10;17;4;2;2;6;1;1;0;0;0;0;0;461782,699000000953674;5485418,681999551132321;8,471973628000057;49,520183510000038;08211027222800967830;0
188419;08;3;35;075;2021;10;13;5;3;2;6;1;1;0;0;0;0;0;487985,245368338190019;5290616,587710406631231;8,839649708000024;47,768802830000027;08211021335300916840;0
188421;08;3;11;000;2021;10;15;3;3;5;7;1;1;0;0;0;0;0;411363,773214069195092;5316069,315611274912953;7,811955187000024;47,991778549000060;08211019311010944440;0
188424;08;2;22;000;2021;11;19;7;2;5;3;1;1;0;0;0;2;0;460213,049305341206491;5488707,571617012843490;8,449955834000036;49,549663982000027;08211106222014004230;0
188425;08;1;11;000;2021;10;21;2;3;0;7;1;0;0;0;0;2;0;513141,615789168514311;5402916,990206148475409;9,178881705000038;48,779115387000047;08211025111110962850;0
188426;08;2;12;000;2021;11;15;3;3;5;3;1;1;0;0;0;0;0;455008,719085545279086;5429282,208347953855991;8,384698201000049;49,014789305000079;08211109212010990770;0
188427;08;1;17;019;2021;10;11;6;3;0;3;1;1;0;0;0;0;0;551027,322000000625849;5394078,898999519646168;9,693456947000072;48,697659567000073;08211029117100941730;0
188428;08;2;21;000;2021;10;17;4;3;6;1;0;1;1;0;0;0;0;476883,525999999605119;5471483,005999544635415;8,681422073000022;49,395599488000073;08211013221011910590;1
188431;08;1;11;000;2021;10;08;4;3;5;2;1;0;0;0;1;0;0;508578,213864858262241;5396883,532481813803315;9,116639829000064;48,724918148000029;08211027111500947540;0
188434;08;2;15;100;2021;10;11;2;3;6;4;0;1;1;0;0;0;0;474290,612817636691034;5449926,671873988583684;8,647075987000051;49,201596768000059;08211018215202906110;0
188436;08;3;36;103;2021;10;12;6;1;5;3;1;0;0;0;1;0;0;413462,569238606840372;5284048,050793007016182;7,846486225000035;47,704015838000032;08211022311010934650;0
188440;08;2;12;000;2021;10;17;5;3;6;3;1;0;1;0;0;0;0;456413,854936845600605;5428694,037152033299208;8,403976926000041;49,009599508000065;08211014212010924740;0
188442;08;3;16;043;2021;10;21;7;3;0;1;1;0;0;0;0;2;0;410781,161147726699710;5332029,859092989936471;7,800817394000035;48,135264526000071;08211016316100924620;0
188443;08;2;35;085;2021;10;17;4;2;5;3;0;1;1;0;0;0;0;479457,824413435533643;5395318,670149045065045;8,720762952000030;48,710561224000060;08211027235100936700;0
188444;08;2;25;014;2021;10;19;5;3;6;4;0;1;1;0;0;0;0;525857,416933332569897;5485388,830467551946640;9,357259369000076;49,520568306000030;08211021225200945070;0
188445;08;4;15;061;2021;10;00;7;3;8;1;1;0;0;0;0;2;0;516478,770605524070561;5370334,620966918766499;9,223010713000065;48,485920888000066;08211030415400969570;0
188446;08;2;21;000;2021;10;16;4;3;2;2;1;1;0;0;0;0;0;477695,423000001348555;5472918,799999546259642;8,692530372000022;49,408544538000058;08211020221200971840;0
188447;08;4;35;016;2021;10;12;2;3;3;2;1;0;0;1;0;0;0;535780,744512153789401;5280460,320770254358649;9,476691942000059;47,676542372000029;08211011435100882800;0
188449;08;3;11;000;2021;10;14;4;3;5;3;1;1;0;0;0;0;0;410144,072999983094633;5315196,147999495267868;7,795793271000036;47,983753988000046;08211013311300889660;0
188451;08;3;11;000;2021;10;19;1;2;0;7;1;1;0;0;0;2;0;414048,362786628305912;5318164,002784969285131;7,847511037000061;48,010987507000038;08211024311010971670;0
188452;08;1;18;003;2021;11;16;3;3;5;3;1;1;0;0;0;0;0;511210,021285301074386;5415965,635685188695788;9,152946185000076;48,896536705000074;08211109118300053390;0
188453;08;1;16;080;2021;11;06;3;3;6;7;0;1;1;0;0;2;0;519935,830237688496709;5396430,395489783957601;9,271048600000029;48,720581943000070;08211102116200973480;1
188458;08;2;12;000;2021;10;10;2;3;6;7;1;0;1;0;0;0;0;458184,632185499183834;5428860,081145063042641;8,428173201000050;49,011215633000063;08211011212102882280;0
188467;08;3;11;000;2021;10;14;5;3;0;7;1;0;0;0;0;0;0;412419,771662498824298;5318071,814968859776855;7,825697487000070;48,009937124000032;08211021311010972240;0