OID_;ULAND;UREGBEZ;UKREIS;UGEMEINDE;UJAHR;UMONAT;USTUNDE;UWOCHENTAG;UKATEGORIE;UART;UTYP1;IstRad;IstPKW;IstFuss;IstKrad;IstSonstige;ULICHTVERH;IstGkfz;LINREFX;LINREFY;XGCSWGS84;YGCSWGS84;UIDENTSTLAE;IstStrassenzustand
188468;08;2;12;000;2021;10;06;3;3;6;4;0;1;1;0;0;2;0;454935,292700854130089;5429285,157002173364162;8,383693753000045;49,014810470000043;08211019212010911640;1
188469;08;3;26;074;2021;10;12;1;3;0;3;1;1;0;0;0;0;0;460518,297441726550460;5322592,459591377526522;8,470154539000021;48,055390473000045;08211010326400913040;0
188470;08;3;11;000;2021;10;16;5;3;3;6;0;0;1;1;0;0;0;412506,030542955733836;5318864,534532118588686;7,826692045000073;48,017079672000079;08211028311010936460;0
188471;08;2;26;032;2021;10;13;6;2;6;4;0;1;1;0;0;0;0;466499,203999998979270;5462921,037999540567398;8,539035767000030;49,318103716000053;08211022222014915990;0
188473;08;4;37;100;2021;10;10;2;2;8;1;1;0;0;0;0;0;0;536533,550586957484484;5318469,738854479044676;9,489930968000067;48,018474813000068;08211011436000887830;0
188475;08;3;16;024;2021;10;17;4;3;0;1;1;0;0;0;0;0;0;409595,303668525069952;5334710,773237613961101;7,784312640000053;48,159211768000034;08211013316100889570;0
188476;08;4;25;031;2021;11;14;2;3;6;4;0;0;1;0;0;0;1;571662,695252102799714;5367759,194100659340620;9,969316653000021;48,458885206000048;08211108421200984330;0
188480;08;1;18;076;2021;10;19;6;2;5;3;0;1;1;0;0;2;0;505023,198096988722682;5422958,835565391927958;9,068621267000026;48,959526649000054;08211015118010926810;0
188481;08;1;19;008;2021;10;06;3;3;6;2;0;1;1;0;0;2;0;531030,610021131113172;5421511,261184088885784;9,423788977000072;48,945746647000078;08211026119100955760;1
188482;08;1;18;048;2021;10;17;3;3;6;6;1;0;1;0;0;0;0;513715,857949536293745;5415592,643633870407939;9,187122377000037;48,893130958000029;08211019118400925660;0
188485;08;4;26;014;2021;10;16;5;2;0;1;1;0;0;0;0;0;0;550810,647000002674758;5317438,608999498188496;9,681258845000059;48,008222212000078;08211028426010962730;0
188486;08;3;35;043;2021;10;21;6;3;0;1;1;0;0;0;0;2;0;512845,553023238666356;5280167,531387494876981;9,171129996000047;47,674770530000046;08211022335100947430;0
188487;08;2;15;059;2021;10;18;2;3;5;3;1;1;0;0;0;2;0;485574,345736801624298;5434448,113264650106430;8,802525188000061;49,062731061000079;08211018215302943570;0
188489;08;4;35;016;2021;11;18;5;3;0;2;1;1;0;0;0;1;0;537468,570788014680147;5279776,867002058774233;9,499118646000056;47,670297473000062;08211104435100990580;0
188490;08;2;36;004;2021;10;15;5;3;0;1;1;0;0;0;0;0;0;473360,135000000707805;5415373,222999531775713;8,636575408000056;48,890736254000046;08211014231202926830;0
188491;08;3;35;002;2021;10;19;2;3;0;2;1;0;0;1;0;1;0;505530,355280302464962;5285550,980206849053502;9,073744467000040;47,723312899000064;08211025335100163720;0
188493;08;1;16;071;2021;10;09;7;2;0;1;1;0;0;0;0;0;0;528992,363335886970162;5390785,567352795973420;9,393782903000044;48,669446301000050;08211016116500896780;0
188495;08;4;35;016;2021;10;14;7;3;6;4;0;1;1;0;0;0;0;532473,155385065823793;5279929,080058502033353;9,432588167000063;47,671937168000056;08211030435100961750;1
188496;08;3;11;000;2021;10;13;4;3;2;6;1;1;0;0;0;0;0;414932,361440933309495;5316852,813111178576946;7,859621802000049;47,999311131000070;08211020311010946340;0
188497;08;1;18;048;2021;10;17;3;3;0;3;1;0;0;0;1;0;0;513757,837331200949848;5414940,714041396975517;9,187673138000036;48,887265438000043;08211012118400919440;1
188498;08;1;18;048;2021;11;08;5;3;0;7;1;0;0;0;0;0;0;513402,009366738609970;5415009,257368737831712;9,182821499000056;48,887889833000031;08211104118400977900;1
188499;08;3;35;043;2021;10;13;4;3;1;5;1;1;0;0;0;0;0;512790,703000000678003;5278681,305999495089054;9,170355761000053;47,661399051000046;08211013335100926670;0
188500;08;1;18;079;2021;11;15;2;3;6;7;0;1;1;0;0;0;0;509126,705616252496839;5421118,237903747707605;9,124637401000030;48,942922271000043;08211108118100020840;0
188501;08;1;16;050;2021;10;15;1;3;0;7;1;0;0;0;0;0;0;526606,844670257531106;5388551,956368336454034;9,361239175000037;48,649458998000057;08211024116500921470;0
188502;08;1;15;045;2021;11;07;3;2;5;2;1;1;0;0;0;0;0;499223,950486062094569;5395956,599633313715458;8,989449620000073;48,716637961000060;08211109118000984300;0
188504;08;2;12;000;2021;10;19;6;3;5;2;1;0;0;0;0;2;0;457111,359641689807177;5428114,945117514580488;8,413575671000046;49,004439370000057;08211015212010925760;0
188506;08;1;19;020;2021;10;11;4;3;5;3;1;0;0;0;0;0;1;520343,656233720481396;5406632,642858056351542;9,277097846000061;48,812346935000051;08211020119200926680;0
188507;08;1;25;065;2021;10;06;2;3;6;2;0;1;1;0;0;2;0;517166,346561696380377;5448086,294906901195645;9,235572631000025;49,185340941000049;08211011121500908480;0
188508;08;4;16;036;2021;11;07;6;3;5;3;1;1;0;0;0;0;0;495298,076203493401408;5369576,751794977113605;8,936376161000055;48,479301226000075;08211105416100977870;1
188511;08;2;22;000;2021;10;13;6;3;4;2;1;1;0;0;0;0;0;461382,321780822239816;5480096,470471145585179;8,466962258000024;49,472287769000047;08211029222500943990;0
188512;08;3;36;091;2021;10;19;3;3;3;6;1;1;0;0;0;2;0;396397,312541835010052;5271993,919816331937909;7,621930437000060;47,593075628000065;08211012311010890060;1
188514;08;4;16;041;2021;10;14;5;3;5;7;1;1;0;0;0;0;0;503189,241799996234477;5373043,238678859546781;9,043181543000060;48,510496646000036;08211014416200944420;0
188516;08;4;36;085;2021;10;13;7;2;0;1;1;0;0;0;0;0;0;559133,171338779851794;5296695,107945224270225;9,789989476000073;47,820888178000075;08211009436300905510;0
188517;08;3;17;068;2021;10;18;7;2;0;1;1;0;0;0;0;2;0;436762,174601861275733;5388143,123150255531073;8,141528489000052;48,643148334000045;08211016317100911830;0
188518;08;3;17;096;2021;10;07;5;3;5;3;1;1;0;0;0;2;0;421033,232774029485881;5365624,813215736299753;7,932307368000068;48,438812211000027;08211028317500961100;0
188519;08;3;15;047;2021;10;20;6;2;5;3;1;1;0;0;0;2;0;415360,202821300365031;5321067,413922064006329;7,864523812000073;48,037279900000044;08211022311010933130;0
188522;08;2;36;028;2021;11;17;6;2;6;7;0;1;1;0;0;2;0;494351,746000001206994;5422589,505999527871609;8,922845056000028;48,956198886000038;08211105231102978790;0
188523;08;4;16;041;2021;10;14;4;3;0;7;1;0;1;0;0;0;0;504283,094458804465830;5373910,330595783889294;9,058000933000073;48,518290821000051;08211013416200920650;1
188524;08;4;26;070;2021;11;16;2;3;0;1;1;0;0;0;0;0;0;565594,198494602926075;5343032,757591158151627;9,883391398000072;48,237118986000041;08211108426200983850;0
188529;08;4;15;061;2021;10;18;6;2;3;6;1;1;0;0;0;1;0;515275,704034415073693;5369916,971398154273629;9,206714203000047;48,482193952000046;08211015415400926980;0
188532;08;1;25;094;2021;10;12;4;2;3;6;1;1;0;0;0;0;0;513731,893185126595199;5438867,706092232838273;9,188127985000051;49,102503094000042;08211020121600934820;0
188534;08;2;26;038;2021;11;10;4;3;4;2;1;1;0;0;0;0;0;471680,504999999888241;5479143,259999547153711;8,609171627000023;49,464281638000045;08211103222400992100;1
188536;08;1;25;056;2021;10;16;1;3;6;4;0;1;1;0;0;0;0;511148,301648252643645;5436209,078402528539300;9,152659388000075;49,078639816000077;08211024121400955120;0
188537;08;1;16;035;2021;11;08;3;3;6;4;0;1;1;0;0;0;0;526928,044751752167940;5392242,794875666499138;9,365840240000068;48,682647863000057;08211109116500983350;0
188539;08;1;25;027;2021;10;15;6;3;5;2;1;1;0;0;0;0;0;519464,035513107664883;5446155,029845122247934;9,267009864000045;49,167900126000063;08211015121500914020;0
188540;08;4;15;061;2021;11;15;3;3;3;6;1;1;0;0;0;0;0;514383,953849351033568;5371157,497884985059500;9,194689631000074;48,493375225000079;08211102415400005920;0
188541;08;4;36;082;2021;10;08;6;3;5;3;1;1;0;0;0;0;0;547744,400000003166497;5295651,327999493107200;9,637737107000021;47,812443536000046;08211015436400908280;0
188542;08;3;17;057;2021;10;19;4;3;5;3;1;1;0;0;0;2;0;412766,607947010546923;5380070,114790966734290;7,817540873000041;48,567649068000037;08211027317200957600;0
188543;08;2;22;000;2021;10;11;7;3;0;7;1;0;0;0;1;0;0;463422,609490466304123;5477817,559289593249559;8,495333617000028;49,451916348000054;08211030222500943030;0
188544;08;2;12;000;2021;10;14;4;3;5;2;1;1;0;0;0;0;0;453579,186381517909467;5431067,905638946220279;8,364944766000065;49,030745801000080;08211020212010915740;0
188547;08;3;35;043;2021;11;01;1;3;1;5;1;1;0;0;0;2;0;512540,751382343471050;5280491,652032565325499;9,167078720000063;47,677692841000066;08211107335100001200;0
188548;08;1;15;042;2021;10;10;1;2;6;2;0;1;1;0;0;0;0;496506,677023806609213;5405594,959718678146601;8,952426528000046;48,803335246000074;08211024118000953610;0
188550;08;2;16;015;2021;11;20;3;3;8;1;1;0;0;0;0;2;0;450049,918716692365706;5406051,462657727301121;8,319729172000052;48,805444419000025;08211102216300978850;0
188551;08;3;11;000;2021;10;07;6;2;3;3;1;0;0;0;1;2;0;410386,254476074129343;5316481,512690760195255;7,798769815000071;47,995350108000025;08211015311010926780;0
188552;08;2;11;000;2021;10;18;4;2;8;7;1;0;0;0;0;2;0;441570,402585769072175;5403533,386638285592198;8,204615469000032;48,782054821000031;08211027211100948070;0
188553;08;2;22;000;2021;10;09;3;3;0;7;1;1;0;0;0;0;0;461447,718542341142893;5481852,717965537682176;8,467693684000039;49,488088452000056;08211019222201065590;0
188554;08;4;36;078;2021;10;16;7;3;0;7;1;1;0;0;0;0;0;557592,076463160105050;5290942,724718755111098;9,768639515000075;47,769275548000053;08211009436300909670;0
188555;08;1;27;076;2021;11;19;7;3;0;7;1;0;0;0;0;2;0;553565,993847366422415;5440287,127193454653025;9,734017033000043;49,113091252000061;08211106127100987380;1
188557;08;3;17;001;2021;10;14;2;3;0;1;1;0;0;0;0;0;0;432364,646963182836771;5385768,319494072347879;8,082226062000075;48,621326517000057;08211018317100938360;0
188558;08;4;15;061;2021;10;07;6;3;4;2;1;1;0;0;0;2;0;516628,065096070989966;5370942,533588450402021;9,225055329000043;48,491385951000041;08211029415400971730;0
188559;08;3;11;000;2021;10;17;7;3;2;2;1;1;0;0;0;0;0;410981,974505648016930;5318502,638227151706815;7,806333917000075;48,013613807000070;08211023311010953880;0
188561;08;1;19;090;2021;11;21;2;3;0;1;1;0;0;0;0;2;0;531460,307003330439329;5406950,113305954262614;9,428536750000035;48,814739379000059;08211101119400988920;1
188564;08;3;11;000;2021;10;12;7;3;6;4;1;0;1;0;0;0;0;411431,877170126885176;5316318,242276703938842;7,812816456000064;47,994027147000054;08211016311300914300;0
188565;08;3;17;057;2021;10;04;7;3;6;7;0;1;1;0;0;2;0;412429,410988542251289;5381121,567634774371982;7,812749728000028;48,577059182000028;08211016317200933470;0
188566;08;3;26;074;2021;10;16;5;3;5;7;1;1;0;0;0;0;0;465060,685664073564112;5323248,148019956424832;8,531057683000029;48,061554496000042;08211028326200950550;0
188567;08;4;35;034;2021;10;18;6;3;3;2;1;1;0;0;0;1;0;529083,192844935692847;5285131,523694414645433;9,387777115000063;47,718907318000049;08211022436000163350;0
188569;08;1;19;020;2021;10;15;3;2;5;2;1;1;0;0;0;0;0;520204,318631074391305;5407166,665049264207482;9,275226268000040;48,817155440000079;08211012119200900700;0
188570;08;2;22;000;2021;11;08;6;3;0;7;1;0;0;0;0;0;0;461725,473672575317323;5489013,052638430148363;8,470834066000066;49,552509083000075;08211105222800065770;1
188572;08;2;12;000;2021;11;11;2;2;5;6;1;0;0;0;0;0;0;457396,789956273511052;5427546,297844614833593;8,417537855000035;48,999344072000042;08211108212010987530;0
188574;08;1;15;045;2021;10;07;6;3;5;3;1;1;0;0;0;1;0;497750,198000000789762;5396187,082999520003796;8,969412724000051;48,718707826000070;08211022115400916130;1
188575;08;3;35;100;2021;11;20;3;3;6;4;1;0;1;0;0;2;0;489275,680889524519444;5286301,751635784283280;8,856978352000056;47,730002628000079;08211102335300975720;1
188576;08;4;15;061;2021;10;07;6;3;5;3;1;1;0;0;0;1;0;516193,952408940531313;5371345,710618078708649;9,219195438000042;48,495024408000063;08211015415400921630;0
188578;08;4;15;061;2021;10;15;7;3;0;1;1;0;0;0;0;0;0;515421,437480662018061;5371549,090160757303238;9,208746542000029;48,496873518000029;08211030415400956110;0
188579;08;2;12;000;2021;10;17;4;3;5;3;1;0;0;0;1;0;0;460096,518000002019107;5430628,056999532505870;8,454143159000068;49,027245491000031;08211020212010927940;0
188581;08;3;11;000;2021;11;09;4;3;0;7;1;0;0;0;0;0;0;413339,925999986939132;5315349,264999499544501;7,838582404000022;47,985572308000030;08211103311010980600;1
188582;08;2;26;062;2021;11;15;7;3;5;3;1;1;0;0;0;0;0;469835,443999999202788;5468379,833999544382095;8,584527233000074;49,367378706000068;08211106226400002810;0
188583;08;1;11;000;2021;10;20;1;3;5;3;1;1;0;0;0;2;0;514543,864172515459359;5403218,070966824889183;9,197979439000051;48,781792678000045;08211024111500938470;0
188584;08;2;12;000;2021;11;09;3;3;1;5;1;1;0;0;0;0;0;458067,636035146191716;5428848,546822711825371;8,426574550000055;49,011103940000055;08211109212010986720;0
188585;08;2;26;018;2021;10;12;6;2;0;5;1;1;0;0;0;0;0;473546,456549326889217;5472059,738097656518221;8,635395021000022;49,400651224000057;08211029221400964340;0
188587;08;1;11;000;2021;11;08;3;3;5;2;1;1;0;0;0;0;0;516935,576746076345444;5409901,358166439458728;9,230812353000033;48,841853930000070;08211102111500973430;0
188589;08;1;16;035;2021;10;07;4;3;0;1;1;0;0;0;0;2;0;526813,974286461248994;5391697,655915487557650;9,364255167000067;48,677748739000037;08211027116500931460;0
188590;08;1;28;131;2021;10;06;3;3;0;6;1;1;0;0;0;1;0;534783,806943906471133;5514713,383797325193882;9,483190993000051;49,783874959000059;08211019128300944210;1
188591;08;3;11;000;2021;10;18;1;3;0;7;1;0;0;0;0;0;0;413945,161726891063154;5316421,750631775707006;7,846477059000051;47,995301439000059;08211010311010879790;0
188592;08;1;25;056;2021;10;16;5;3;6;2;0;1;1;0;0;0;0;510374,012973568402231;5434950,327306104823947;9,142024411000023;49,067330288000051;08211028121400962170;0
188593;08;2;12;000;2021;10;13;6;3;0;1;1;0;0;0;0;0;0;454540,885400466620922;5429315,183614991605282;8,378296795000040;49,015051627000048;08211022212502919090;1
188595;08;3;17;145;2021;10;19;1;3;6;4;0;1;1;0;0;2;0;442241,775999997742474;5350073,977999508380890;8,221167035000065;48,301223651000043;08211031317600958240;1
188596;08;2;12;000;2021;10;22;5;3;5;3;1;1;0;0;0;2;0;454783,062888420186937;5428138,990057207643986;8,381739651000032;49,004489472000046;08211014212010892130;0
188598;08;1;21;000;2021;10;12;6;3;1;5;1;1;0;0;0;0;0;513891,375277657061815;5443315,025357739999890;9,190466033000064;49,142504817000031;08211022121300947890;0
188600;08;1;11;000;2021;10;21;3;3;2;7;1;1;0;0;0;2;0;513234,818319673649967;5402196,291085420176387;9,180127161000030;48,772630057000072;08211019111500935900;0
188602;08;1;11;000;2021;11;12;1;3;5;3;1;1;0;0;0;0;0;515532,878204060718417;5405790,347239205613732;9,211539635000065;48,804908653000041;08211107111500979580;0
188603;08;2;26;032;2021;10;09;7;3;6;4;0;1;1;0;0;0;0;467795,734000002034009;5462138,063999542966485;8,556938362000039;49,311130755000079;08211023226200949690;0
188604;08;1;17;019;2021;10;15;2;3;5;2;1;0;0;0;0;0;0;552308,030574484728277;5394227,514748848974705;9,710879110000064;48,698890357000039;08211018117100906450;0
188607;08;2;22;000;2021;10;16;3;3;5;3;1;0;0;0;0;0;0;462057,187142512761056;5483140,887763563543558;8,475984799000059;49,499713268000050;08211012222600970080;1
188609;08;2;22;000;2021;10;14;5;3;2;6;1;1;0;0;0;0;0;460714,965072476305068;5482285,029529877007008;8,457533779000073;49,491929859000038;08211014222200956580;0
188610;08;2;21;000;2021;10;06;3;3;5;3;1;1;0;0;0;2;0;477087,820409163832664;5468931,108697080984712;8,684384553000029;49,372653205000063;08211026221400964150;1
188611;08;4;16;041;2021;10;06;2;3;0;7;1;0;0;0;0;2;0;504325,654999999329448;5373573,392999511212111;9,058573786000068;48,515259314000048;08211018416200917680;0
188612;08;1;15;045;2021;10;14;1;3;1;5;1;1;0;0;0;0;0;501042,244995551183820;5395479,485395535826683;9,014168098000027;48,712345422000055;08211017115400972480;0
188613;08;3;11;000;2021;10;16;5;3;5;3;1;1;0;0;0;0;0;412861,849084489978850;5315016,804987777024508;7,832244059000061;47,982516761000056;08211028311010938240;0
188614;08;2;16;013;2021;10;07;6;2;6;7;0;1;1;0;0;2;0;446386,163999999873340;5384086,108999518677592;8,272689526000022;48,607553158000030;08211022216300945430;1
188615;08;1;26;046;2021;10;20;5;3;6;6;0;0;1;0;1;2;0;549564,639000001363456;5459544,990999542176723;9,681566770000074;49,286644929000033;08211021126100929710;1
188617;08;1;18;048;2021;11;16;6;3;0;7;1;0;0;0;0;0;0;514410,329355749301612;5415123,056068392470479;9,196580276000077;48,888890910000043;08211105118400978680;1
188618;08;1;16;048;2021;10;17;5;3;6;4;0;1;1;0;0;0;0;533501,238445685245097;5391044,776800772175193;9,455042903000049;48,671552497000050;08211014116010909000;0
188620;08;2;12;000;2021;10;07;2;2;1;5;1;1;0;0;0;1;0;457385,996596849523485;5428183,407277625054121;8,417323444000033;49,005074220000040;08211025212010927700;0
188621;08;1;11;000;2021;10;08;6;3;5;3;1;1;0;0;0;0;0;518177,422847233712673;5406435,122606720775366;9,247583467000027;48,810637226000040;08211022111500958050;0
188623;08;3;11;000;2021;10;22;6;3;0;7;1;0;0;0;0;2;0;413195,281999986618757;5316565,830999497324228;7,836398282000061;47,996496123000043;08211015311200160810;0
188625;08;1;25;058;2021;10;08;7;2;0;7;1;0;0;0;0;0;0;509291,256948448717594;5443653,313497141003609;9,127401356000064;49,145634657000073;08211030121400969500;0
188626;08;2;12;000;2021;10;20;4;3;5;3;1;1;0;0;0;2;0;457877,900999999605119;5427933,164999531581998;8,424075029000051;49,002857020000079;08211020212010926300;1
188627;08;1;18;003;2021;10;13;2;3;5;2;1;1;0;0;0;0;0;511243,774955161847174;5416024,101191779598594;9,153408318000061;48,897062034000044;08211011118000916330;0
188629;08;3;15;015;2021;11;14;7;3;1;3;1;0;0;0;0;0;0;394984,200491593219340;5320778,493818299844861;7,591319873000032;48,031654954000032;08211106311100989290;0
188630;08;1;18;007;2021;10;14;2;2;5;3;1;1;0;0;0;0;0;510706,615706931799650;5427542,924643501639366;9,146382224000035;49,000691054000072;08211025118100942910;0
188632;08;2;26;098;2021;10;07;4;3;6;4;0;0;1;0;1;0;0;477063,381214434280992;5460356,498920477926731;8,684541186000047;49,295524042000068;08211013226700887550;0
188634;08;2;16;043;2021;10;20;6;3;0;1;1;0;0;0;0;2;0;442919,567859480157495;5412715,763060741126537;8,221701490000044;48,864776153000037;08211015216100895230;0
188635;08;3;11;000;2021;10;16;3;3;0;1;1;0;0;0;0;0;0;413550,881014683283865;5315681,534255374222994;7,841342119000046;47,988589739000076;08211026311300948840;0
188636;08;1;17;042;2021;10;21;3;3;0;1;1;0;0;0;0;2;0;554857,359555315226316;5393689,306955143809319;9,745450647000041;48,693830032000051;08211019117100067970;0
188639;08;2;36;046;2021;10;07;5;3;0;7;1;0;0;0;0;1;0;484283,333782182075083;5418466,241030748933554;8,785470607000036;48,918933458000026;08211028231102971970;0
188640;08;2;12;000;2021;10;07;6;3;5;3;1;1;0;0;0;1;0;453271,607807220891118;5429363,122692413628101;8,360933629000044;49,015388012000074;08211022212010950490;0
188644;08;3;26;074;2021;10;17;2;3;5;7;1;1;0;0;0;0;0;459455,012999999336898;5324944,353999502956867;8,455662828000072;48,076483023000037;08211025326400966070;0
188645;08;1;19;085;2021;10;12;6;3;0;7;1;0;0;0;0;0;0;529433,537325616925955;5413469,364484932273626;9,401398233000066;48,873483539000063;08211022119500932950;0
188650;08;1;11;000;2021;10;19;1;3;5;3;1;0;0;0;1;2;0;513964,104376072064042;5405015,783910997211933;9,190148559000022;48,797978003000026;08211031111500151690;0
188652;08;1;11;000;2021;10;18;3;3;1;5;1;1;0;0;0;1;0;512153,936596698127687;5406741,818271974101663;9,165550805000066;48,813543233000075;08211012111500899050;1
188655;08;2;26;006;2021;11;07;2;3;1;7;1;1;0;0;0;1;0;483974,861109570600092;5467724,381125984713435;8,779301283000052;49,362018791000025;08211108226300985330;0
188656;08;4;36;064;2021;10;21;7;3;0;7;1;0;0;0;0;2;0;546531,718138133175671;5293214,398357192054391;9,621278453000059;47,790607395000052;08211023436200948040;0
188657;08;4;36;082;2021;10;09;2;3;5;3;1;1;0;0;0;0;0;547459,350357146933675;5295682,111893184483051;9,633933221000063;47,812741585000026;08211018436400937640;0
188661;08;4;16;041;2021;10;12;3;2;0;6;1;0;0;0;0;0;0;504300,245415748097003;5373839,590811802074313;9,058232459000067;48,517654302000039;08211026416010953900;0
188662;08;3;35;043;2021;10;18;5;3;3;6;1;1;0;0;0;1;0;512823,894321950152516;5280112,877717299386859;9,170839853000075;47,674279205000062;08211021335100966350;0
188664;08;1;18;068;2021;10;18;1;2;0;7;1;0;0;0;0;2;0;500815,898369004949927;5422459,446624059230089;9,011144887000057;48,955054176000033;08211017118600917290;0
188665;08;3;11;000;2021;10;07;4;2;0;7;1;0;0;0;0;2;0;411776,673599204048514;5316230,569915596395731;7,817455171000063;47,993286177000073;08211027311010967000;0
188666;08;1;36;088;2021;10;10;7;3;0;4;1;0;1;0;0;0;0;579974,684188202954829;5409789,057899875566363;10,089842224000051;48,835923312000034;08211030136100967770;0
188668;08;3;35;043;2021;10;18;2;3;6;1;0;0;1;0;1;0;0;511239,313706201501191;5280535,553599964827299;9,149741038000059;47,678111790000060;08211011335100165460;0
188671;08;3;11;000;2021;11;07;2;2;6;4;0;1;1;0;0;0;0;413534,244263825938106;5316954,207326209172606;7,840862783000034;48,000035634000028;08211108311010066340;1
188672;08;3;15;064;2021;10;16;2;3;0;1;1;0;0;0;0;0;0;421359,077123687602580;5311849,983597790822387;7,946675600000049;47,955130084000075;08211025311010929850;0
188674;08;2;12;000;2021;11;09;3;3;0;1;1;0;0;0;0;0;0;453091,185233855620027;5427782,576044842600822;8,358648926000058;49,001157242000033;08211102212502973280;1
188675;08;1;19;037;2021;10;03;7;3;0;7;1;0;0;0;0;2;0;545577,559745463542640;5419407,427103860303760;9,622212956000055;48,925921323000068;08211016119300926430;0
188676;08;3;25;049;2021;10;16;3;3;5;3;1;1;0;0;0;0;0;472158,861010270193219;5335295,726681230589747;8,625537570000063;48,170293619000063;08211026325102958100;0
188677;08;1;25;026;2021;10;06;4;3;5;3;1;1;0;0;0;2;0;493604,391344694420695;5442440,970882883295417;8,912322841000048;49,134766149000029;08211020121100970620;0
188678;08;1;16;078;2021;10;08;2;3;5;3;1;1;0;0;0;0;0;510490,235663935542107;5393574,824997844174504;9,142553821000035;48,695123623000029;08211011116200882050;0
188679;08;2;15;017;2021;11;06;4;3;6;4;0;1;1;0;0;2;0;454782,439799090847373;5421548,022209033370018;8,382463895000058;48,945202799000072;08211103212702993750;1
188681;08;4;21;000;2021;10;00;7;3;6;7;0;1;1;0;0;2;0;572033,375558845698833;5360539,178872983902693;9,973089024000046;48,393897275000029;08211023426010955070;0
188682;08;1;11;000;2021;10;17;7;3;0;1;1;0;0;0;0;1;0;513122,652915716171265;5401983,417945852503181;9,178593795000040;48,770717441000045;08211030111120946560;1
188687;08;3;16;017;2021;10;08;5;3;5;2;1;1;0;0;0;0;0;408686,367370361462235;5341714,076456369832158;7,770586861000027;48,222075287000052;08211021316100930250;0
188688;08;2;16;009;2021;10;02;1;3;1;5;1;0;0;0;0;2;1;446000,831505563110113;5421324,744492620229721;8,262572637000062;48,942490057000043;08211010216100903950;0
188692;08;1;16;078;2021;10;18;2;3;5;3;1;1;0;0;0;1;0;511802,974957044236362;5392842,480357443913817;9,160371894000036;48,688511949000031;08211018116200907070;0
188694;08;3;11;000;2021;11;09;6;3;6;7;0;1;1;0;0;0;0;403971,927582769654691;5315823,949279125779867;7,712957600000038;47,988504192000050;08211105311300994950;1
188696;08;3;11;000;2021;10;09;2;3;5;2;1;1;0;0;0;0;0;418737,111083803698421;5314350,014496341347694;7,911090529000035;47,977291985000079;08211025311010953550;0
188698;08;3;37;097;2021;11;08;3;3;0;6;0;1;1;0;0;0;0;434582,496109598316252;5290110,054716458544135;8,127057332000049;47,761037542000054;08211102337010987630;1
188699;08;3;25;014;2021;10;15;6;3;5;3;1;1;0;0;0;0;0;462196,262382220476866;5343798,596865037456155;8,490787915000055;48,246275143000048;08211015325302964880;0
188700;08;2;35;060;2021;10;17;4;3;1;5;1;1;0;0;0;1;0;477862,927471864968538;5379423,060610115528107;8,699932599000022;48,567508804000056;08211027235200962800;0
188702;08;1;11;000;2021;10;19;5;3;0;7;1;0;1;0;0;2;0;519123,974207660183311;5403928,973787777125835;9,260359016000052;48,788063907000037;08211021111240916380;1
188705;08;1;15;003;2021;10;00;5;3;5;3;1;1;0;0;0;2;0;501377,536000002175570;5391005,620999520644546;9,018711067000027;48,672097446000066;08211014115100919590;0
188706;08;2;16;015;2021;11;13;2;3;0;7;1;0;0;0;0;0;0;449849,447886727750301;5405973,948268620297313;8,317008628000053;48,804731011000058;08211108216300982510;0
188708;08;2;22;000;2021;11;15;3;3;5;2;1;1;0;0;0;0;0;466222,170372839085758;5481372,886790050193667;8,533654928000033;49,484057134000068;08211109222301986130;1
188711;08;2;15;017;2021;10;17;4;3;2;6;1;1;0;0;0;0;0;453541,573034909553826;5419312,879535252228379;8,365773209000054;48,925005353000074;08211027212702936600;0
188713;08;2;15;017;2021;10;17;1;3;5;3;1;1;0;0;0;0;0;455713,587000000290573;5421682,646999530494213;8,395165185000053;48,946481153000036;08211010212702913550;0
188714;08;1;16;019;2021;11;15;1;3;6;4;0;1;1;0;0;0;0;523309,547005812637508;5400499,707613583654165;9,317147359000046;48,757071993000068;08211107116010979600;0
188718;08;3;11;000;2021;10;14;7;3;5;3;1;1;0;0;0;0;0;409894,718445278704166;5316876,915676545351744;7,792099490000055;47,998837751000053;08211023311010967440;0
188719;08;1;18;048;2021;10;13;4;3;0;1;1;0;0;0;0;0;0;514676,689130369573832;5415066,029636289924383;9,200211784000032;48,888371664000033;08211013118400940630;1
188721;08;4;21;000;2021;10;16;5;2;6;4;0;1;1;0;0;0;0;573451,605277203954756;5361459,097034599632025;9,992405682000026;48,402008516000080;08211014426010907400;0
188722;08;2;22;000;2021;10;18;3;3;5;5;1;1;0;0;0;0;0;462253,093080116435885;5486252,509057343006134;8,478392727000028;49,527712780000059;08211026222014931120;0
188723;08;3;15;052;2021;10;10;7;3;6;7;0;1;1;0;0;0;0;433108,031999996863306;5306276,721999494358897;8,104886324000063;47,906327263000037;08211016311500930580;0
188725;08;1;26;046;2021;10;12;2;3;0;7;1;1;0;0;0;0;0;549737,260436083190143;5458735,228546513244510;9,683839594000062;49,279347470000062;08211011126100930850;0
188727;08;1;25;013;2021;10;19;7;3;0;7;1;0;0;0;0;2;0;505743,449157226830721;5435793,691543113440275;9,078642191000029;49,074977364000063;08211023121400932650;0
188729;08;1;15;041;2021;10;16;6;3;6;4;0;1;1;0;0;0;0;495524,990371590480208;5401662,597566539421678;8,939100352000025;48,767953629000033;08211029115300967660;0