OID_;ULAND;UREGBEZ;UKREIS;UGEMEINDE;UJAHR;UMONAT;USTUNDE;UWOCHENTAG;UKATEGORIE;UART;UTYP1;IstRad;IstPKW;IstFuss;IstKrad;IstSonstige;ULICHTVERH;IstGkfz;LINREFX;LINREFY;XGCSWGS84;YGCSWGS84;UIDENTSTLAE;IstStrassenzustand
188730;08;3;35;043;2021;10;08;3;3;5;2;1;1;0;0;0;0;0;512030,464867725968361;5280350,964027436450124;9,160276394000050;47,676436676000037;08211012335100916720;0
188732;08;2;12;000;2021;10;07;5;3;5;3;1;1;0;0;0;0;0;455046,303275087848306;5430157,506484927609563;8,385115192000058;49,022665412000038;08211014212010915550;0
188735;08;1;11;000;2021;10;16;1;3;6;7;0;1;1;0;0;0;0;518691,834080382250249;5403187,393060324713588;9,254442077000022;48,781405885000027;08211010111250881530;0
188738;08;3;17;073;2021;10;14;6;3;5;3;1;0;0;0;0;0;0;410235,277999983169138;5347399,164999503642321;7,790230365000070;48,273432549000063;08211022317300955980;0
188743;08;1;16;019;2021;11;06;3;3;4;6;1;0;0;0;0;2;0;521168,964471750892699;5397198,007364988327026;9,287853549000033;48,727446673000031;08211109116100985530;0
188744;08;3;11;000;2021;10;11;2;2;6;7;1;0;1;0;0;0;0;413901,127414071001112;5316437,548375111073256;7,845883755000045;47,995437618000039;08211025311010958370;0
188750;08;1;16;077;2021;10;12;4;3;5;3;1;1;0;0;0;0;0;516051,783293314278126;5389148,872094171121716;9,217958464000048;48,655189181000026;08211020116010908970;0
188751;08;1;16;077;2021;10;16;2;3;0;2;1;0;0;0;0;0;0;515810,664017193019390;5388740,112502664327621;9,214668848000031;48,651518089000035;08211011116200897810;0
188753;08;2;25;014;2021;11;13;2;2;6;7;0;1;1;0;0;0;0;523218,996775350533426;5485870,072657827287912;9,320834557000069;49,525003729000048;08211108225200992470;0
188756;08;3;11;000;2021;11;15;3;3;5;3;1;1;0;0;0;0;0;411940,492689081467688;5315015,083308892324567;7,819899827000029;47,982375098000034;08211102311010980430;1
188758;08;1;18;003;2021;10;07;4;3;3;2;1;0;0;0;1;2;0;510793,286999999545515;5416875,070999531075358;9,147284443000046;48,904725152000026;08211027118300970190;0
188759;08;1;16;078;2021;10;07;3;3;3;2;1;1;0;0;0;0;0;509432,765000001527369;5394551,056999521329999;9,128205991000073;48,703922753000029;08211019116010912080;1
188760;08;1;11;000;2021;10;00;1;3;8;7;1;0;0;0;0;2;0;512306,241434271447361;5408649,977870266884565;9,167682619000061;48,830705765000062;08211010111330907250;0
188761;08;3;35;075;2021;11;10;7;3;5;3;1;1;0;0;0;0;0;487569,857462017796934;5290495,945952624082565;8,834109369000032;47,767709475000061;08211106335300985290;0
188763;08;2;22;000;2021;10;19;2;2;0;3;1;1;0;0;0;2;0;464301,354249308817089;5484220,922119395807385;8,506879353000045;49,509563859000082;08211018222014905680;0
188764;08;2;12;000;2021;10;10;6;2;6;7;0;0;1;0;1;0;0;456138,624317149631679;5428714,209983138367534;8,400211294000030;49,009761463000075;08211029212010953540;0
188765;08;2;25;033;2021;10;15;7;3;1;5;1;0;0;0;0;0;1;510858,068409850820899;5461294,386660976335406;9,149362873000030;49,304294531000039;08211023225100921960;0
188768;08;3;16;051;2021;10;10;5;3;5;2;1;1;0;0;0;0;0;399641,722502736374736;5335131,013482656329870;7,650402593000024;48,161498260000030;08211014316100891160;0
188770;08;4;17;002;2021;10;16;7;3;0;1;1;0;0;0;0;0;0;491618,494405285455287;5349115,123439094051719;8,886994450000032;48,295178654000040;08211016417010920280;0
188773;08;4;16;041;2021;10;09;6;3;3;1;1;1;0;0;0;0;0;504550,503558540716767;5375086,346841225400567;9,061634974000071;48,528868804000069;08211022416200915220;0
188774;08;4;15;061;2021;10;18;4;3;3;2;1;1;0;0;0;1;0;515208,430584554560483;5371228,029467845335603;9,205851580000058;48,493990336000081;08211020415400913430;0
188777;08;4;35;059;2021;10;10;4;2;6;4;0;1;1;0;0;0;0;512335,385999999940395;5290764,905999492853880;9,164633669000068;47,770131268000057;08211013435200960960;0
188780;08;4;35;066;2021;11;15;3;3;8;1;1;0;0;0;0;0;0;518213,076054425910115;5286793,228599799796939;9,242913023000028;47,734256789000028;08211102435200979680;1
188781;08;3;15;015;2021;10;09;6;2;0;1;1;0;0;0;0;0;0;394306,404422533698380;5320890,478009201586246;7,582203168000035;48,032550358000037;08211015311100921170;0
188782;08;2;37;040;2021;10;16;4;3;5;3;1;1;0;0;0;0;0;477477,843006990849972;5367245,348838059231639;8,695370301000025;48,457941301000062;08211027237200959120;0
188783;08;3;11;000;2021;10;18;7;3;0;7;1;0;0;0;0;0;0;411166,089153148233891;5318531,251688860356808;7,808796276000066;48,013896815000066;08211030311010964190;1
188784;08;4;16;031;2021;10;17;3;3;8;1;1;0;0;0;0;0;0;503089,470069374889135;5362165,610729560256004;9,041750328000035;48,412637010000026;08211019416000915300;1
188785;08;3;36;050;2021;10;08;2;3;0;3;1;1;0;0;0;0;0;399843,771928530186415;5275034,992289477959275;7,667065524000066;47,620972718000075;08211011311010883200;0
188787;08;2;15;064;2021;11;17;1;3;0;7;1;0;0;0;0;1;0;477861,104188228026032;5451455,855964783579111;8,696004581000068;49,215491392000047;08211107215202008520;0
188790;08;1;18;018;2021;10;08;5;2;6;7;0;1;1;0;0;0;0;511843,490006900392473;5430129,886619605123997;9,162001142000065;49,023941463000028;08211021118000928940;0
188791;08;3;35;063;2021;10;13;2;3;0;6;1;0;0;0;1;0;0;498218,172155478037894;5287375,182376686483622;8,976232759000027;47,739747591000025;08211011335200163800;0
188793;08;2;35;046;2021;10;14;4;2;6;2;0;1;1;0;0;0;0;480164,210017438046634;5376680,904624842107296;8,731256728000062;48,542916843000057;08211013235200891650;0
188795;08;2;35;085;2021;10;16;2;3;0;7;1;1;0;0;0;0;0;481878,911021038889885;5395462,762081999331713;8,753666971000030;48,711932531000059;08211025235100961000;0
188798;08;3;36;050;2021;10;15;4;2;0;7;1;0;0;0;0;0;0;399856,275703956373036;5274771,763038376346231;7,667292070000030;47,618606812000053;08211027311010936070;0
188799;08;2;12;000;2021;10;12;7;3;0;7;1;0;0;0;0;0;0;456106,326840221881866;5428040,235577419400215;8,399842527000033;49,003696691000073;08211030212402943270;1
188801;08;1;18;048;2021;10;14;2;3;6;7;0;1;1;0;0;0;0;512310,889496459625661;5416729,026383228600025;9,167989050000074;48,903383067000050;08211011118000918830;0
188802;08;4;35;059;2021;11;13;4;3;6;4;1;0;1;0;0;0;0;511869,644888894632459;5290437,769187055528164;9,158408763000068;47,767196596000076;08211103435200991860;1
188805;08;2;22;000;2021;11;16;3;3;3;6;1;0;0;0;1;0;0;461760,455507653765380;5483054,171836055815220;8,471895316000030;49,498914671000080;08211109222014002200;0
188807;08;2;21;000;2021;11;14;3;3;1;7;1;1;0;0;0;0;0;477614,685399793088436;5472874,420275276526809;8,691419919000055;49,408142384000030;08211102221200976740;1
188811;08;1;11;000;2021;10;13;2;3;6;4;1;0;1;0;0;0;0;512133,739983159117401;5402476,170021949335933;9,165149704000044;48,775170276000040;08211011111130900020;0
188815;08;2;26;038;2021;10;07;6;3;4;6;1;0;0;0;0;1;0;471495,803999999538064;5479809,663999548181891;8,606574693000027;49,470267083000067;08211029222400058230;1
188816;08;1;21;000;2021;10;01;7;3;0;7;1;0;0;0;0;2;0;516147,252922536805272;5443976,836094807833433;9,221422895000046;49,148402854000039;08211023121200948700;0
188819;08;2;22;000;2021;10;16;5;3;5;3;1;1;0;0;0;0;0;468126,459193413145840;5479092,029135741293430;8,560128929000030;49,463644710000040;08211014222400956590;0
188820;08;2;21;000;2021;10;17;3;3;4;2;1;1;0;0;0;0;0;477102,703617522493005;5472788,736358586698771;8,684367337000026;49,407352621000030;08211026221200955380;0
188823;08;2;25;032;2021;10;16;7;2;5;3;1;0;0;0;0;0;0;534279,905043224804103;5496211,205595385283232;9,474567833000037;49,617491449000056;08211016225200928750;0
188824;08;1;15;028;2021;10;17;5;3;5;2;1;1;0;0;0;0;0;500421,565228120423853;5404935,215335540473461;9,005740368000033;48,797409906000041;08211028115300963130;0
188826;08;3;11;000;2021;10;09;4;3;5;2;1;1;0;0;0;0;0;410013,953449307940900;5316461,186514873057604;7,793784699000071;47,995114980000039;08211020311010942650;0
188828;08;1;11;000;2021;11;16;6;3;6;4;0;1;1;0;0;1;0;511517,268505318090320;5402182,212720787152648;9,156750845000033;48,772537572000033;08211105111500986740;0
188829;08;4;37;078;2021;10;08;4;3;5;3;1;1;0;0;0;0;0;508847,212224813178182;5315672,504385381937027;9,118589413000052;47,994291070000031;08211013437200887040;1
188831;08;2;26;062;2021;10;14;2;3;5;2;1;1;0;0;0;0;0;470104,592961322516203;5468940,504365995526314;8,588192143000072;49,372435089000078;08211025226400926990;0
188833;08;3;17;057;2021;11;17;3;3;6;2;0;1;1;0;0;2;0;412442,126166054978967;5380829,169395983219147;7,812983654000050;48,574431028000049;08211102317200033160;1
188835;08;4;25;072;2021;10;12;3;3;6;4;0;1;1;0;0;0;0;582318,406359525397420;5372628,377694817259908;10,114379347000067;48,501378170000066;08211026421200933160;0
188837;08;4;16;036;2021;10;07;3;3;6;7;0;0;1;0;1;1;0;494867,111000000499189;5369767,663999512791634;8,930542237000054;48,481015383000056;08211019416100909210;0
188839;08;2;21;000;2021;11;17;4;2;5;7;1;1;0;0;0;2;0;475552,064000000245869;5474063,638999542221427;8,662914072000035;49,418759812000076;08211103221011974590;1
188844;08;3;11;000;2021;10;20;1;2;0;7;1;0;0;0;0;2;0;416393,806901061907411;5315481,017079398036003;7,879476582000052;47,987163976000033;08211031311010964230;0
188846;08;1;36;088;2021;10;10;3;3;1;5;1;0;0;0;1;0;0;579716,157757704146206;5410188,719551786780357;10,086397600000055;48,839551217000064;08211026136100956040;0
188848;08;2;12;000;2021;10;21;2;3;0;7;1;0;0;0;0;2;0;457000,413201800547540;5428574,069897223263979;8,412010138000028;49,008561538000038;08211018212302906290;0
188849;08;4;35;057;2021;10;07;5;3;5;3;1;1;0;0;0;2;0;544578,765930668450892;5279169,602892661467195;9,593766719000030;47,664382691000071;08211028435100934900;1
188851;08;2;15;066;2021;10;16;2;3;0;7;1;0;0;0;0;0;0;460298,400261357426643;5454351,548494206741452;8,454568424000058;49,240651336000042;08211018215502904550;0
188852;08;1;16;056;2021;10;14;1;3;0;1;1;0;0;0;0;0;0;530567,138734774664044;5395323,624064179137349;9,415507152000032;48,710194954000031;08211024116100956540;0
188853;08;2;12;000;2021;11;12;3;2;0;7;1;0;0;0;0;0;0;456379,672000000253320;5428380,151999531313777;8,403543241000023;49,006773659000032;08211109212010005100;0
188855;08;2;21;000;2021;10;13;4;2;6;4;1;0;1;0;0;0;0;476937,882795478217304;5472017,039804013445973;8,682140176000075;49,400405106000051;08211013221200891500;1
188859;08;3;17;096;2021;10;07;5;3;7;1;1;0;0;0;1;1;0;425359,965484101325274;5369206,324767656624317;7,990159714000072;48,471556028000066;08211021317500953080;0
188861;08;2;12;000;2021;10;12;1;2;5;2;1;1;0;0;0;0;0;464404,158540079370141;5428264,415691798552871;8,513274204000027;49,006247594000058;08211010212010911330;0
188863;08;2;12;000;2021;10;13;6;3;0;1;1;0;0;0;0;0;0;454543,715041342191398;5429314,983612101525068;8,378335514000071;49,015050036000048;08211022212502919100;1
188865;08;4;16;041;2021;10;08;3;3;0;7;1;0;0;0;0;1;0;501429,086988145485520;5370927,777924148365855;9,019342244000029;48,491471590000060;08211012416200899590;1
188867;08;3;11;000;2021;10;15;5;2;8;7;1;0;0;0;0;0;0;412911,709455278702080;5316261,560374828055501;7,832659604000071;47,993720545000031;08211014311010923090;0
188868;08;4;15;061;2021;10;07;2;3;2;6;1;1;0;0;0;1;0;517024,934671369381249;5373066,768195070326328;9,230513416000065;48,510485632000041;08211025415400964720;0
188870;08;4;16;041;2021;10;15;2;2;5;3;1;1;0;0;1;0;0;505758,191993506625295;5374225,321494644507766;9,077980784000033;48,521112796000068;08211018416200967890;0
188872;08;3;35;043;2021;10;07;4;3;5;2;1;1;0;0;0;0;0;513328,346924898214638;5278764,259968174621463;9,177518984000073;47,662134589000061;08211027335100966910;0
188875;08;4;15;061;2021;10;07;2;3;3;2;1;1;0;0;0;0;0;515018,086185334250331;5370998,411407494917512;9,203266960000065;48,491929189000075;08211011415400880160;0
188877;08;4;36;082;2021;10;17;4;3;5;3;1;1;0;0;0;0;0;546678,104189584031701;5295146,097396878525615;9,623440731000073;47,807976239000027;08211013436400920220;0
188878;08;2;31;000;2021;11;08;2;3;6;2;0;1;1;0;0;0;0;478774,698228667490184;5415917,570548489689827;8,710412209000026;48,895842151000068;08211108231000064520;0
188880;08;1;35;019;2021;11;07;3;3;5;3;1;1;0;0;0;0;0;584335,484882757999003;5392480,278985790908337;10,145709931000056;48,679667830000028;08211109135200983580;0
188886;08;1;16;033;2021;11;17;1;3;5;3;1;1;0;0;0;2;0;533364,801052464172244;5387719,055836316198111;9,452921665000076;48,641642037000054;08211107116400005090;0
188887;08;3;15;047;2021;10;03;7;2;0;1;1;0;0;0;0;2;0;415392,588826551102102;5321718,609111672267318;7,864829497000073;48,043141925000043;08211023311010966990;0
188888;08;2;21;000;2021;10;21;2;3;1;5;1;1;0;0;0;2;0;476753,254188836552203;5472848,133418997749686;8,679546878000053;49,407873639000059;08211018221200903610;0
188889;08;4;16;011;2021;10;12;6;3;0;1;1;0;0;0;0;0;0;504717,663285397924483;5366167,607308905571699;9,063798368000050;48,448630903000037;08211029416200942750;0
188891;08;2;26;013;2021;10;17;1;3;6;2;0;1;1;0;0;1;0;499022,232681971974671;5479923,749117067083716;8,986504050000065;49,471961545000056;08211031226100947470;0
188892;08;1;11;000;2021;10;07;6;3;6;4;0;1;1;0;0;0;0;518758,638327593915164;5403812,626447573304176;9,255379975000039;48,787028390000046;08211015111500921330;0
188894;08;2;12;000;2021;10;08;3;3;5;2;1;1;0;0;0;0;0;454987,855999999679625;5429048,915999528020620;8,384438768000052;49,012689301000080;08211019212302918940;1
188895;08;4;21;000;2021;10;17;1;3;6;4;0;1;1;0;0;0;0;572985,403245746158063;5361296,579656500369310;9,986079535000044;48,400600788000077;08211010421200882340;0
188896;08;1;11;000;2021;10;13;2;3;1;7;1;1;0;0;0;0;0;512717,092977451160550;5402184,160818222910166;9,173080528000071;48,772531731000072;08211018111110905060;0
188897;08;4;25;033;2021;10;15;2;3;5;2;1;1;0;0;0;0;0;553435,685000001452863;5348116,787999508902431;9,720303565000052;48,283996660000071;08211018426010923370;0
188900;08;1;19;053;2021;10;14;2;3;2;6;1;1;0;0;0;0;0;533744,692108044400811;5424664,257575923576951;9,461115719000077;48,973966942000061;08211018119100941770;0
188901;08;1;19;008;2021;10;14;3;3;5;2;1;1;0;0;0;0;0;531033,604999999515712;5421510,657999530434608;9,423829833000070;48,945741071000043;08211012119100916040;1
188902;08;3;11;000;2021;11;11;6;3;0;7;0;0;1;0;1;0;0;411028,041226240806282;5316733,917390502989292;7,807318396000028;47,997710179000080;08211105311010998580;0
188904;08;3;27;050;2021;10;15;2;1;6;4;0;1;1;0;0;0;0;486786,318268234841526;5314577,438756398856640;8,822915699000021;47,984363255000062;08211025325000952270;0
188906;08;1;16;081;2021;11;05;4;3;5;3;1;1;0;0;0;2;0;517427,607443386688828;5385821,071237863972783;9,236499881000043;48,625215075000028;08211103116500155670;1
188908;08;3;35;002;2021;10;18;4;2;8;1;1;0;0;0;0;2;0;507419,049466885626316;5283856,148042855784297;9,098900346000050;47,708044493000045;08211027335100934490;0
188909;08;2;15;106;2021;10;13;5;3;0;7;1;0;0;0;0;0;0;464762,108945241197944;5452294,611967675387859;8,516070410000054;49,222422577000032;08211021215502916830;0
188910;08;1;17;018;2021;10;19;7;3;6;2;0;1;1;0;0;2;0;538740,710376444272697;5396196,156977526843548;9,526690202000054;48,717589761000056;08211030117400944160;1
188911;08;3;17;065;2021;10;07;3;3;5;3;1;1;0;0;0;0;0;413454,634730165824294;5355306,254333619028330;7,831986378000067;48,345003692000034;08211019317300970550;0
188913;08;1;11;000;2021;11;18;5;3;6;2;0;1;1;0;0;2;0;513916,145847786217928;5404333,580358613282442;9,189472401000046;48,791842051000060;08211104111120985990;1
188914;08;4;36;081;2021;11;18;1;2;0;1;1;0;0;0;0;2;0;561975,021881572902203;5288910,219771072268486;9,826839623000069;47,750583242000062;08211107436500992220;0
188917;08;3;36;050;2021;11;19;5;3;6;4;0;1;1;0;0;2;0;400459,482484135776758;5275220,725337639451027;7,675215258000037;47,622738362000064;08211104336101985210;1
188919;08;4;15;061;2021;10;15;2;3;5;3;1;1;0;0;0;0;0;513160,909382986836135;5371561,467742295935750;9,178148304000047;48,497036294000054;08211025415400955510;0
188920;08;4;37;104;2021;10;07;2;3;6;4;0;1;1;0;0;0;0;516465,019085681065917;5325506,226474951952696;9,221077272000059;48,082614862000071;08211018437200919880;0
188923;08;1;11;000;2021;10;16;5;3;1;5;1;1;0;0;0;0;0;512390,313922422938049;5401560,913076234981418;9,168614289000061;48,766931625000041;08211028111500967420;0
188925;08;4;15;061;2021;10;19;7;3;1;1;1;1;0;0;0;2;0;510100,473299943841994;5368831,268183831125498;9,136655862000055;48,472530987000027;08211030415400958300;1
188926;08;3;27;050;2021;10;15;4;3;6;4;1;0;1;0;0;0;0;485454,540383370593190;5314045,534330917522311;8,805085881000025;47,979548723000050;08211020327100155800;0
188927;08;4;25;104;2021;10;20;2;3;0;2;1;0;0;0;0;2;0;551013,049929113127291;5342406,531611019745469;9,686960773000067;48,232826331000069;08211011425000912790;0
188930;08;2;12;000;2021;11;08;2;3;5;3;1;1;0;0;0;0;0;456006,424673689529300;5428225,103883761912584;8,398456616000033;49,005352490000064;08211108212010986630;0
188934;08;2;31;000;2021;10;05;6;3;5;3;1;1;0;0;0;2;0;479070,314454779960215;5417073,607022786512971;8,714386152000031;48,906251519000079;08211015231000893150;0
188935;08;1;28;115;2021;10;06;4;3;6;2;1;0;1;0;0;2;0;547802,807000001892447;5497132,438999554142356;9,661878559000058;49,624858302000064;08211027128200957890;0
188938;08;1;25;102;2021;11;17;7;2;6;3;0;1;1;0;0;2;0;521049,687432019971311;5444025,229488754644990;9,288650387000075;49,148689688000047;08211106121600997660;0
188942;08;3;11;000;2021;10;19;6;3;1;1;1;1;0;0;0;2;0;413165,366804806515574;5316744,010047562420368;7,835961303000033;47,998094840000078;08211029311010941220;0
188946;08;4;16;022;2021;10;14;2;3;0;1;1;0;0;0;0;0;0;510439,206806886941195;5375481,888682505115867;9,141405120000059;48,532356896000067;08211025416200958840;0
188948;08;3;25;072;2021;10;17;7;3;5;3;1;1;0;0;0;0;0;470791,996672589331865;5329252,134687433019280;8,607568395000044;48,115859572000033;08211009325202972510;0
188951;08;3;16;011;2021;10;06;6;2;0;7;1;0;0;0;0;2;0;413930,585095451213419;5331141,591999527066946;7,843318887000066;48,127708269000038;08211022316100945600;1
188952;08;1;18;079;2021;10;15;5;2;6;4;0;1;1;0;0;0;0;510707,914847952313721;5421511,927752554416656;9,146241213000053;48,946438424000064;08211021118000939760;0
188957;08;3;17;005;2021;10;17;2;3;9;1;1;0;0;0;0;0;0;424121,783959575928748;5378181,916123159229755;7,971778188000030;48,552142695000043;08211025317200925350;0
188958;08;1;11;000;2021;11;12;4;3;5;3;1;1;0;0;0;0;0;511764,854139470495284;5403745,070756847038865;9,160165215000063;48,786592296000038;08211103111500975610;0
188959;08;4;16;041;2021;10;13;6;2;5;3;1;1;0;0;0;0;0;501872,999819470569491;5376810,492329437285662;9,025376883000035;48,544393511000067;08211015416200927100;0
188961;08;1;25;005;2021;10;16;1;3;0;1;1;0;0;0;0;0;0;515400,720106082037091;5451765,535259691998363;9,211484320000068;49,218483466000066;08211031121500948770;0
188965;08;1;17;026;2021;11;12;2;3;6;4;0;1;1;0;0;0;0;547691,469665887765586;5394901,134401461109519;9,648221107000040;48,705319926000072;08211108117300069530;0
188967;08;1;18;046;2021;11;18;3;3;0;4;0;1;1;0;0;2;0;514172,209916284307837;5412010,694419752806425;9,193224103000034;48,860898339000073;08211109118300009880;0
188970;08;4;36;008;2021;10;12;3;3;1;1;1;1;0;0;0;0;0;547426,302014395594597;5311075,887189837172627;9,635182638000060;47,951239062000070;08211026436400928580;0
188972;08;1;18;048;2021;11;11;7;2;5;3;1;0;0;0;1;0;0;513759,419164971448481;5415705,420465258881450;9,187720467000076;48,894144503000064;08211106118010979900;0
188973;08;3;17;057;2021;10;10;7;3;8;1;1;0;0;0;0;0;0;412256,977834168821573;5380680,125185715034604;7,810505625000076;48,573064573000067;08211023317200926740;0
188974;08;1;18;071;2021;10;18;2;3;6;4;0;1;1;0;0;0;0;510249,382271799258888;5419362,118382511660457;9,139924853000025;48,927107177000039;08211018118100907050;0
188977;08;2;22;000;2021;10;16;3;3;5;3;1;1;0;0;0;0;0;462033,506000000052154;5481675,798999551683664;8,475798511000050;49,486534092000056;08211012222700902950;1
188980;08;4;15;061;2021;11;18;3;3;4;2;1;1;0;0;0;2;0;511639,058611460030079;5371309,484438441693783;9,157541336000065;48,494799396000076;08211130415112045150;1
188981;08;2;22;000;2021;12;11;6;3;0;3;1;1;0;0;0;0;0;462210,211333236657083;5478755,571735588833690;8,478517098000054;49,460279131000050;08211203222500074340;0
188984;08;2;21;000;2021;12;07;2;3;0;7;1;0;0;0;0;2;0;476174,172007769346237;5473478,133947633206844;8,671526640000025;49,413517986000045;08211213221300106490;1
188985;08;3;11;000;2021;11;14;2;3;6;4;1;0;1;0;0;0;0;413785,082738301716745;5317544,555641090497375;7,844106102000069;48,005379902000072;08211122311010162390;0
188986;08;3;15;074;2021;11;13;4;3;6;4;0;1;1;0;0;0;0;397205,666335517540574;5296134,283873209729791;7,626988706000077;47,810348808000072;08211117311400022820;0
188987;08;2;12;000;2021;12;19;4;3;1;5;1;1;0;0;0;2;0;457086,950711194425821;5428434,972883813083172;8,413208117000067;49,007316366000055;08211208212302108360;0
188989;08;4;16;041;2021;11;15;3;3;6;1;1;0;1;0;0;0;0;505068,415809948928654;5373048,160904984921217;9,068625137000026;48,510528572000055;08211116416010068330;0
188992;08;3;36;050;2021;12;16;3;3;8;1;1;0;0;0;0;1;0;402246,434417859651148;5276463,949306316673756;7,698713814000030;47,634193865000043;08211214311010095220;0
188994;08;2;22;000;2021;12;15;6;3;3;2;1;0;0;0;0;0;0;463401,455000000074506;5477920,772999551147223;8,495032219000052;49,452843436000080;08211210222014097280;1
188995;08;2;22;000;2021;11;13;2;3;5;3;1;1;0;0;0;0;0;462595,184865661896765;5479815,126588601619005;8,483729211000025;49,469833151000046;08211122222500025310;0
188996;08;2;21;000;2021;12;14;2;3;0;7;1;0;0;0;0;0;0;477620,706388284452260;5473200,707965558394790;8,691484525000021;49,411077513000066;08211206221200076130;0
188998;08;2;12;000;2021;11;15;2;3;5;3;1;1;0;0;0;0;0;454044,164000000804663;5428485,818999532610178;8,371597912000027;49,007554646000074;08211129212010042220;1
188999;08;3;35;043;2021;12;07;2;3;1;5;1;1;0;0;0;0;0;512763,703895277343690;5280910,644954096525908;9,170061323000027;47,681458430000077;08211213335100093810;0
189000;08;3;11;000;2021;11;19;1;2;0;1;1;0;0;0;0;2;0;414630,830206345766783;5316283,298630243167281;7,855693744000064;47,994147927000029;08211121311010042600;0
189001;08;2;15;109;2021;11;07;6;3;5;3;1;1;0;0;0;1;0;461416,737573133781552;5434898,750631913542747;8,471795443000076;49,065745081000046;08211112215102996640;0
189002;08;1;36;019;2021;12;14;5;3;6;7;0;0;1;0;1;0;0;582713,838763182051480;5424266,339115455746651;10,130094295000049;48,965773466000030;08211209136200121410;0
189004;08;3;26;074;2021;12;20;7;2;6;4;0;1;1;0;0;2;0;465244,449932862073183;5322951,564070047810674;8,533548118000056;48,058896231000062;08211204325000094810;1
189005;08;3;35;063;2021;12;10;4;2;5;3;1;1;0;0;0;0;0;497803,560750957578421;5287678,449183084070683;8,970700857000054;47,742474984000069;08211201335000069730;0
189007;08;1;18;071;2021;12;11;6;2;4;6;1;1;0;0;0;0;0;510576,212199379689991;5419360,293493188917637;9,144386682000061;48,927085262000048;08211217118100118870;0
189008;08;3;11;000;2021;11;10;4;3;6;3;0;1;1;0;0;0;0;409893,056915381923318;5315823,146493434906006;7,792298461000030;47,989358658000072;08211110311010013020;0
189009;08;2;22;000;2021;12;11;2;2;5;3;1;0;0;0;0;0;1;467894,103944728150964;5484982,420191738754511;8,556443953000041;49,516614064000066;08211213222014097680;1
189010;08;3;17;057;2021;11;17;5;3;1;7;1;1;0;0;0;2;0;412572,281376085244119;5380098,083695348352194;7,814901461000034;48,567873552000037;08211118317200035250;0
189011;08;3;25;014;2021;11;17;5;3;5;3;1;1;0;0;0;1;0;463044,503000000491738;5340080,947999505326152;8,502537432000054;48,212879395000073;08211111325302990130;0
189012;08;1;16;078;2021;12;16;4;2;6;4;0;1;1;0;0;2;0;510503,257298433221877;5393466,739280162379146;9,142728026000043;48,694151057000056;08211208116200091380;1
189018;08;4;36;081;2021;12;10;4;3;6;4;0;1;1;0;0;0;0;561607,823573369532824;5282940,279335297644138;9,821096651000062;47,696908689000054;08211215436300112880;1
189019;08;1;15;041;2021;11;07;4;3;4;6;1;0;0;0;1;0;0;495563,882166773080826;5401542,875436047092080;8,939630915000066;48,766876890000049;08211110115300014000;0
189022;08;4;21;000;2021;11;22;4;3;5;2;1;1;0;0;0;2;0;572528,201805119402707;5360293,438836561515927;9,979730110000048;48,391630057000043;08211124421300025580;0
189023;08;3;11;000;2021;11;17;2;3;8;1;1;0;0;0;0;1;0;412353,001593767665327;5314884,420019162818789;7,825453388000028;47,981256395000059;08211115311300012390;0
189024;08;4;21;000;2021;11;08;2;3;0;1;1;0;0;0;0;0;0;572000,652392406947911;5361968,358767380937934;9,972892176000073;48,406756857000062;08211129421300051670;2
189025;08;1;19;079;2021;12;12;6;3;6;4;0;1;1;0;0;0;0;523135,451451570726931;5408970,697995610535145;9,315255787000069;48,833281836000026;08211203119400089010;0
189027;08;2;35;046;2021;11;07;2;3;5;3;1;1;0;0;0;1;0;478976,645524067804217;5376949,916591152548790;8,715153747000045;48,545298254000045;08211115235200021840;0
189028;08;2;12;000;2021;12;22;1;2;0;1;1;0;0;0;0;2;0;456576,545253505930305;5428680,396906746551394;8,406202985000050;49,009488282000063;08211205212010099160;1
189033;08;1;19;091;2021;11;12;2;3;5;3;1;1;0;0;0;0;0;527502,159697759896517;5406363,600665219128132;9,374582809000060;48,809651095000049;08211122119400019640;1
189034;08;1;17;026;2021;11;03;1;2;8;7;1;0;0;0;0;2;0;553011,007000002078712;5400618,233999522402883;9,721253636000029;48,756317651000074;08211121117300061240;1
189039;08;3;36;050;2021;12;18;5;3;9;1;1;0;0;0;0;2;0;398633,502939278259873;5274535,466287292540073;7,651078772000062;47,616291080000053;08211209311010093550;0
189042;08;3;16;009;2021;12;16;6;3;0;7;1;0;0;0;0;1;0;417051,525726198218763;5324238,439937965944409;7,886594297000045;48,066026552000039;08211217316200133110;1
189046;08;1;28;131;2021;12;18;3;3;9;1;1;0;0;0;0;2;0;537469,383000001311302;5512122,614999558776617;9,520245982000063;49,760411931000078;08211214128300109870;1
189047;08;4;15;061;2021;11;13;7;3;3;2;1;1;0;0;0;0;0;514909,788874718360603;5370515,175156470388174;9,201783937000073;48,487584400000060;08211120415400012680;0
189048;08;2;12;000;2021;11;17;6;3;5;3;1;1;0;0;0;1;0;455311,806450745090842;5427864,921935774385929;8,388998997000044;49,002062713000043;08211112212402019460;1