OID_;ULAND;UREGBEZ;UKREIS;UGEMEINDE;UJAHR;UMONAT;USTUNDE;UWOCHENTAG;UKATEGORIE;UART;UTYP1;IstRad;IstPKW;IstFuss;IstKrad;IstSonstige;ULICHTVERH;IstGkfz;LINREFX;LINREFY;XGCSWGS84;YGCSWGS84;UIDENTSTLAE;IstStrassenzustand
189344;08;1;36;038;2021;12;15;4;3;0;7;1;0;0;0;0;0;0;589893,100000017322600;5414534,834999527782202;10,226015349000022;48,877249012000050;08211201136100079010;1
189345;08;2;15;009;2021;11;11;3;3;5;3;1;1;0;0;0;0;0;468232,359828910790384;5440739,635223334655166;8,564638946000059;49,118674356000042;08211123212010027240;0
189346;08;1;11;000;2021;11;11;3;3;6;2;0;0;1;0;0;0;1;506646,379852402955294;5405679,812716558575630;9,090514394000024;48,804072857000051;08211123111500048370;0
189348;08;1;16;033;2021;11;16;5;3;6;4;0;1;1;0;0;0;0;533446,379938947968185;5388499,503651808947325;9,454092075000062;48,648658500000067;08211111116400016170;0
189350;08;1;16;033;2021;11;09;2;3;5;3;1;1;0;0;0;0;0;534267,956000000238419;5387193,488999517634511;9,465137957000024;48,636865238000041;08211122116400047680;1
189353;08;4;16;041;2021;12;08;4;3;5;3;1;1;0;0;0;0;0;504191,193660566583276;5372711,291377888992429;9,056744382000034;48,507504433000065;08211208416200108080;1
189354;08;1;11;000;2021;11;15;7;3;6;4;0;1;1;0;0;0;0;515094,234365629032254;5397185,112576050683856;9,205250144000047;48,727507413000069;08211127111500035190;1
189356;08;2;12;000;2021;12;14;6;3;2;6;1;1;0;0;0;0;0;458273,304925778880715;5428549,537597963586450;8,429417663000038;49,008428249000076;08211210212000086450;1
189358;08;2;22;000;2021;12;17;6;3;5;2;1;1;0;0;0;2;0;462165,523000000044703;5481412,103999549522996;8,477646417000074;49,484170537000068;08211203222700138640;1
189359;08;2;12;000;2021;12;14;5;2;5;3;1;0;0;0;1;0;0;456349,844999999739230;5428831,401999531313777;8,403086895000058;49,010830595000073;08211216212010101760;0
189360;08;3;17;096;2021;11;07;3;3;5;3;1;1;0;0;0;0;0;422907,582453236915171;5370069,188296265900135;7,956826781000075;48,479021566000029;08211109317500995420;1
189363;08;2;15;017;2021;12;07;4;3;0;7;1;0;0;0;0;2;0;453643,124877872876823;5419376,430569440126419;8,367152231000034;48,925584621000041;08211208212702081420;0
189364;08;3;15;020;2021;11;13;5;2;5;3;1;1;0;0;0;0;0;425064,750422597862780;5313811,358649782836437;7,995959770000070;47,973218776000067;08211125311010055110;0
189365;08;3;11;000;2021;11;12;3;3;5;2;1;1;0;0;0;0;0;412386,825712767429650;5317593,338885087519884;7,825353583000037;48,005628581000053;08211116311010057210;0
189366;08;4;21;000;2021;11;15;5;2;6;4;0;1;1;0;0;0;0;570651,312714735977352;5360592,601575592532754;9,954430636000041;48,394534206000060;08211111426010020910;0
189370;08;3;36;057;2021;12;21;5;3;0;1;1;0;0;0;0;2;0;407966,672654254361987;5277610,601188860833645;7,774601355000073;47,645347161000075;08211209336300109550;1
189371;08;1;16;056;2021;12;07;5;3;6;4;0;1;1;0;0;1;0;530631,362323182635009;5395494,633838621899486;9,416392830000063;48,711730178000039;08211202116010090620;1
189372;08;4;15;061;2021;11;06;3;3;5;3;1;1;0;0;0;2;0;511071,789000000804663;5371849,254999514669180;9,149877357000037;48,499665627000070;08211123415400034700;0
189377;08;1;21;000;2021;12;13;4;2;6;4;0;1;1;0;0;0;0;515787,551155719906092;5446205,562227364629507;9,216577836000056;49,168460277000065;08211208121200110790;0
189380;08;4;36;082;2021;11;13;3;3;2;6;1;1;0;0;0;0;0;547715,074454650282860;5294733,447371697053313;9,637244394000049;47,804187602000070;08211130436400062390;1
189382;08;3;25;057;2021;12;07;5;3;6;7;0;1;1;0;0;1;0;476756,475000000558794;5359603,312999509274960;8,686037097000053;48,389164359000063;08211216325102130600;0
189384;08;4;21;000;2021;11;13;7;3;6;2;0;1;1;0;0;0;0;571415,004645590670407;5361233,193390265107155;9,964854824000042;48,400210475000051;08211113421300994040;1
189385;08;3;11;000;2021;12;12;6;3;6;4;1;1;1;0;0;0;0;413289,468842961825430;5316515,215098967775702;7,837670798000033;47,996053596000081;08211210311010102270;1
189386;08;3;11;000;2021;11;15;4;3;5;3;1;1;0;0;0;0;0;414341,765025965869427;5319366,385882861912251;7,851204053000060;48,021842762000063;08211117311010005290;0
189389;08;1;18;048;2021;11;11;3;3;5;3;1;1;0;0;0;0;0;512931,162000000476837;5416616,390999529510736;9,176449412000068;48,902357191000078;08211123118400055090;0
189390;08;1;11;000;2021;11;18;3;3;1;5;1;1;0;0;0;2;0;515085,952454722486436;5404834,512060144916177;9,205417954000040;48,796321092000028;08211130111500044620;1
189391;08;1;25;005;2021;12;17;6;2;6;7;1;0;1;0;0;2;0;515768,696377820335329;5452214,586752599105239;9,216555020000044;49,222513416000027;08211203121500074240;0
189395;08;2;12;000;2021;12;18;5;3;3;2;1;1;0;0;0;2;0;459038,373996868729591;5428954,880235664546490;8,439837997000041;49,012125632000050;08211209212010113610;1
189396;08;1;16;077;2021;12;11;2;3;5;3;1;1;0;0;0;0;0;517908,095312177203596;5391312,215137844905257;9,243257737000022;48,674600297000040;08211206116200113320;1
189397;08;1;11;000;2021;12;15;5;3;1;5;1;0;0;0;1;0;0;512389,183870060369372;5401554,410435635596514;9,168598715000030;48,766873150000038;08211202111500072950;1
189398;08;3;26;005;2021;11;20;3;3;6;4;0;1;1;0;0;2;0;465336,807943305000663;5298433,354839302599430;8,536763070000063;47,838311602000033;08211123326100055410;0
189399;08;1;18;048;2021;12;13;6;3;6;4;0;1;1;0;0;0;0;515259,483165232464671;5414995,420432379469275;9,208159268000031;48,887722406000080;08211217118400154070;0
189400;08;4;16;036;2021;11;08;4;3;6;4;0;1;1;0;0;0;0;494715,177420984022319;5369497,559559604153037;8,928489703000025;48,478584149000028;08211110416100998690;1
189401;08;3;26;074;2021;12;07;2;3;5;3;1;1;0;0;0;1;0;460169,231000000610948;5323933,160999499261379;8,465345381000077;48,067430663000039;08211213326400092920;1
189405;08;3;11;000;2021;11;17;6;3;5;2;1;1;0;0;0;2;0;414011,248723099939525;5316963,202135205268860;7,847254233000058;48,000180886000066;08211126311010055890;1
189408;08;3;17;047;2021;11;15;3;2;6;4;0;1;1;0;0;0;0;419547,248999990522861;5363836,694999514147639;7,912562708000053;48,422540142000059;08211130317500059510;1
189409;08;4;15;050;2021;12;07;6;3;0;7;1;0;0;0;0;1;0;521401,204430780373514;5376824,604646055027843;9,289959250000038;48,544158141000025;08211203415100072640;1
189410;08;1;15;028;2021;12;07;6;3;5;2;1;1;0;0;0;1;0;500650,968369047157466;5404894,385206416249275;9,008864039000059;48,797042403000034;08211217115300119470;0
189411;08;1;11;000;2021;11;13;4;2;6;6;0;0;1;0;1;0;0;510782,378925872966647;5406293,595101801678538;9,146856880000030;48,809536385000058;08211110111500985280;1
189414;08;3;16;002;2021;12;15;3;3;6;7;0;1;1;0;0;0;0;406753,576999979093671;5329951,813999496400356;7,747150852000061;48,115995348000069;08211207316100160180;0
189415;08;1;16;078;2021;11;16;5;3;0;1;1;0;0;0;0;0;0;510437,409049924463034;5393804,869892815127969;9,141841766000027;48,697194008000054;08211125116200030090;0
189417;08;4;15;059;2021;11;18;2;3;6;2;0;1;1;0;0;2;0;516514,239725874736905;5369542,042251951992512;9,223459398000045;48,478789634000066;08211129416010039610;1
189419;08;4;21;000;2021;12;11;3;3;6;7;0;1;1;0;0;0;0;573963,365903712809086;5361415,538201440125704;9,999311321000050;48,401556855000081;08211214421200098890;1
189420;08;1;16;019;2021;11;18;1;3;0;1;1;0;0;0;0;2;0;521292,435666176490486;5398109,282646365463734;9,289579548000063;48,735640228000079;08211114116100067080;0
189422;08;1;16;071;2021;11;12;4;2;0;1;1;0;0;0;0;0;0;528304,988342136144638;5391377,699556574225426;9,384487521000040;48,674804614000038;08211124116500029180;0
189427;08;2;22;000;2021;12;12;4;3;5;3;1;1;0;0;0;0;0;461823,277266681194305;5480131,787076089531183;8,473045063000029;49,472633311000038;08211208222500093900;0
189429;08;2;26;041;2021;11;08;2;3;3;6;1;1;0;0;0;1;0;475891,740741436369717;5466150,326142041012645;8,668077217000075;49,347594186000038;08211129226700059350;0
189430;08;1;15;021;2021;12;16;6;3;0;7;1;0;0;0;0;2;0;489262,072269270196557;5382324,829377589747310;8,854371924000077;48,593912817000046;08211203115200094410;1
189432;08;2;12;000;2021;11;16;2;3;0;7;1;0;0;0;0;2;0;456997,595140934921801;5429013,056617347523570;8,411925099000030;49,012510083000052;08211115212302001680;0
189434;08;1;11;000;2021;12;15;3;3;6;7;1;0;1;0;0;0;0;513219,391251800581813;5406721,160411288961768;9,180062804000045;48,813335642000027;08211207111500090740;0
189435;08;1;25;013;2021;11;19;4;3;5;2;1;1;0;0;0;2;0;506828,064288442023098;5434976,427630065008998;9,093479473000059;49,067614599000080;08211124121400025950;0
189437;08;1;19;079;2021;12;07;3;3;5;2;1;1;0;0;0;0;0;523481,287013427354395;5407524,379032673314214;9,319885424000063;48,820258133000038;08211214119400095740;0
189439;08;2;15;100;2021;11;09;6;3;5;3;1;1;0;0;0;0;0;474496,223503263667226;5451919,119026472792029;8,649771860000044;49,219527656000025;08211112215202012360;0
189441;08;1;16;035;2021;11;07;2;3;6;4;0;1;1;0;0;1;0;526231,297980721108615;5391739,372097352519631;9,356342594000068;48,678148770000064;08211129116500068100;1
189442;08;1;16;047;2021;12;14;2;3;5;3;1;1;0;0;0;0;0;520442,208390762098134;5391916,986892933025956;9,277709811000022;48,679963006000037;08211206116200076200;0
189444;08;2;31;000;2021;11;16;3;3;6;7;0;1;1;0;0;0;0;480171,968745151534677;5416218,144219955429435;8,729461073000039;48,898592309000037;08211123231000053150;0
189445;08;4;25;141;2021;12;11;6;3;1;2;1;1;0;0;0;0;0;566475,388587425462902;5363357,151834128424525;9,898463360000051;48,419856654000057;08211217421300112570;0
189448;08;2;15;108;2021;11;17;5;3;0;2;1;1;0;0;0;1;0;447444,514176118187606;5423733,018392182886600;8,281975495000040;48,964276790000042;08211118212702010340;0
189449;08;4;35;035;2021;11;13;5;3;8;7;1;0;0;0;0;0;0;545595,272085505537689;5283829,893674472346902;9,607792191000044;47,706241286000079;08211111435100009170;0
189450;08;3;35;063;2021;12;16;4;3;0;1;1;0;0;0;0;2;0;497910,776000000536442;5287100,898999491706491;8,972133815000063;47,737278777000029;08211208335200082890;1
189456;08;1;11;000;2021;12;12;6;3;1;7;1;1;0;0;0;0;0;511883,802864284254611;5403176,809921272099018;9,161768130000041;48,781478006000043;08211217111130108180;0
189457;08;3;15;074;2021;11;15;3;3;6;7;0;1;1;0;0;0;0;397325,828191807493567;5296384,890130707994103;7,628533857000036;47,812622170000054;08211109311400010040;0
189458;08;3;16;011;2021;12;11;7;3;1;5;1;1;0;0;0;0;0;414602,466999987140298;5329725,500999500975013;7,852630107000039;48,115060773000039;08211211311010158790;1
189461;08;3;11;000;2021;11;08;5;3;5;3;1;1;0;0;0;0;0;414297,645240699872375;5317702,589071160182357;7,850945076000073;48,006870405000029;08211125311010053820;0
189464;08;1;28;131;2021;12;17;5;3;6;7;0;1;1;0;0;2;0;535228,880283894017339;5512236,011549672111869;9,489149078000025;49,761567332000027;08211202128300081330;1
189467;08;4;21;000;2021;11;19;2;3;6;4;0;1;1;0;0;2;0;571406,199589438736439;5361083,394482953473926;9,964710400000058;48,398863990000052;08211122135010027300;0
189469;08;1;25;056;2021;11;10;4;3;5;2;1;1;0;0;0;0;0;510530,128964724950492;5435638,616398477926850;9,144179610000037;49,073519128000044;08211124121400054680;0
189474;08;3;25;051;2021;11;09;7;3;5;3;1;1;0;0;0;0;0;451906,540019975043833;5348884,321266373619437;8,351616225000043;48,291329984000072;08211113325302993440;0
189475;08;1;16;078;2021;12;13;5;3;6;7;0;1;1;0;0;0;0;514182,190324571914971;5393067,625387854874134;9,192706829000031;48,690487831000041;08211209116300114180;0
189476;08;3;37;066;2021;11;09;7;3;6;7;0;1;1;0;0;0;0;430288,691999996080995;5268431,122999489307404;8,073226345000023;47,565552218000050;08211127337100058480;0
189478;08;1;21;000;2021;12;08;6;3;0;1;1;0;0;0;0;1;0;516665,627542610280216;5442314,378381671383977;9,228462418000049;49,133434659000045;08211210121200112740;2
189479;08;3;36;091;2021;12;17;4;3;2;6;1;1;0;0;0;2;0;394878,149635949172080;5274052,398049060255289;7,601235894000069;47,611347398000078;08211201336400145220;1
189480;08;2;22;000;2021;11;07;3;3;5;3;1;1;0;0;0;1;0;462209,529050691053271;5478755,348180411383510;8,478507704000037;49,460277078000047;08211123222500021750;0
189481;08;3;26;037;2021;12;06;6;2;5;2;1;0;0;0;0;2;1;456344,726069833151996;5327737,841407744213939;8,413622192000048;48,101409454000077;08211217325000116880;1
189487;08;3;35;043;2021;12;10;3;3;0;1;1;0;0;0;0;0;0;514170,689210116863251;5280241,099966155365109;9,188785913000061;47,675404787000048;08211207335100086770;2
189488;08;2;26;091;2021;11;07;7;3;1;6;1;1;0;0;0;0;0;494164,480000000447035;5460858,485999541357160;8,919733238000049;49,300442188000034;08211127226500045820;1
189489;08;1;19;020;2021;12;13;2;3;5;3;1;1;0;0;0;0;0;519145,442906158044934;5406947,927051886916161;9,260792057000060;48,815221249000047;08211220119200118080;0
189490;08;2;16;009;2021;11;20;3;3;5;3;1;1;0;0;0;2;0;446061,449961070902646;5419314,269153295084834;8,263666405000038;48,924411167000073;08211130216100054640;1
189493;08;3;11;000;2021;12;14;1;3;3;6;1;0;0;0;0;0;0;416763,766845375299454;5315657,392734253779054;7,884399761000054;47,988798820000056;08211219311010139200;0
189495;08;1;11;000;2021;12;09;2;3;5;3;1;0;0;0;1;0;0;512929,056812550872564;5403847,002232249826193;9,176017653000031;48,787486149000074;08211206111120130880;0
189496;08;4;36;064;2021;12;11;4;3;6;4;0;1;1;0;0;0;0;545530,474338604137301;5292455,213774953037500;9,607831268000041;47,783848575000036;08211201436000073550;0
189499;08;1;17;026;2021;11;16;5;3;5;3;1;1;0;0;0;0;0;547465,996338931843638;5395407,319744169712067;9,645214894000048;48,709890518000066;08211111117010987960;0
189501;08;3;17;145;2021;11;12;2;3;6;7;0;1;1;0;0;0;0;442321,550752371549606;5350285,266619868576527;8,222213767000028;48,303131657000051;08211122317600018220;0
189503;08;3;11;000;2021;11;08;5;3;3;2;1;1;0;0;0;0;0;414529,971780378371477;5316020,056430708616972;7,854394517000060;47,991766485000028;08211111311010064510;0
189504;08;1;11;000;2021;12;11;4;3;6;4;0;0;1;0;1;0;0;512329,974999999627471;5399491,240999523550272;9,167731169000035;48,748314141000037;08211208111500095100;1
189509;08;3;35;043;2021;12;14;6;3;6;4;0;1;1;0;0;0;0;511138,085522237233818;5281498,222155915573239;9,148416949000023;47,686775304000037;08211203335100077680;0
189510;08;3;35;043;2021;12;09;5;3;5;3;1;0;0;0;0;0;0;512821,285090188495815;5279968,117732480168343;9,170800842000062;47,672976755000036;08211216335100129230;1
189513;08;1;17;026;2021;12;09;7;3;5;3;1;1;0;0;0;0;0;548548,508000001311302;5394868,588999520987272;9,659865321000041;48,704961040000057;08211211117300157090;1
189514;08;2;12;000;2021;11;08;5;2;5;2;1;1;0;0;0;0;0;452048,917757733725011;5427189,235595148056746;8,344469750000030;48,995740040000044;08211118212010024440;0
189515;08;2;16;005;2021;12;12;3;3;6;7;0;1;1;0;0;0;0;444430,386883763596416;5418130,142147349193692;8,241563505000045;48,913615706000030;08211207216100079610;0
189519;08;1;19;067;2021;12;17;5;3;5;2;1;1;0;0;0;2;0;538516,276366090402007;5406043,984581917524338;9,524560816000076;48,806190915000059;08211202119300088840;1
189521;08;3;35;043;2021;11;07;2;3;2;7;1;0;0;0;1;1;0;512096,914149614982307;5279137,163161229342222;9,161128043000076;47,665514056000063;08211115335100031700;1
189522;08;4;15;050;2021;11;08;6;3;5;3;1;1;0;0;0;0;0;520898,058000002056360;5376607,779999513179064;9,283131460000050;48,542224505000036;08211112415100991110;0
189523;08;1;11;000;2021;12;08;1;3;0;7;1;0;0;0;0;0;0;507674,362887473776937;5396949,849103374406695;9,104351229000031;48,725526520000074;08211205111230112950;1
189524;08;1;16;049;2021;11;08;4;3;6;4;0;1;1;0;0;0;0;525087,800000000745058;5385648,282999519258738;9,340439803000038;48,623400303000039;08211124116500051550;0
189525;08;3;26;074;2021;12;15;7;2;6;2;0;1;1;0;0;0;0;460206,240199374035001;5322512,359578473493457;8,465974363000043;48,054650449000064;08211218326400110910;0
189528;08;4;16;041;2021;11;01;7;3;6;6;1;0;1;0;0;2;0;504340,507453033700585;5373918,518783984705806;9,058778495000070;48,518364090000034;08211120416200035330;1
189531;08;2;15;109;2021;11;09;2;3;0;7;1;0;0;0;0;0;0;461595,733347629196942;5434799,404035866260529;8,474255214000038;49,064862632000029;08211129215102048120;2
189532;08;2;26;076;2021;12;14;2;3;5;3;1;1;0;0;0;0;0;474825,018303576856852;5465924,215852471068501;8,653405134000025;49,345517240000049;08211220226700130370;0
189534;08;3;35;075;2021;12;06;4;3;5;3;1;1;0;0;0;2;0;487448,774746350944042;5290880,803550215438008;8,832482307000021;47,771169889000078;08211201335300076860;0
189536;08;3;15;074;2021;12;10;6;3;5;3;1;1;0;0;0;0;0;396444,539409087039530;5295903,671731615439057;7,616880564000041;47,808152454000037;08211217311400122740;1
189537;08;3;27;046;2021;11;06;3;3;6;4;0;0;1;0;1;2;0;480380,709671683609486;5323891,309141371399164;8,736644629000068;48,067996207000078;08211109327200996300;0
189538;08;2;31;000;2021;12;09;1;3;5;2;0;1;1;0;0;0;0;477025,933954220265150;5415413,313749343156815;8,686581627000066;48,891243653000060;08211212231000144940;0
189539;08;3;11;000;2021;11;22;2;3;0;7;0;0;1;1;0;2;0;413063,952801401726902;5315546,863574905321002;7,834844595000050;47,987312323000026;08211122311010047500;0
189541;08;3;36;105;2021;12;17;3;3;5;3;1;1;0;0;0;1;0;401696,742999971844256;5266796,580999484285712;7,693564702000060;47,547147965000079;08211207311010079730;0
189542;08;1;18;046;2021;11;17;5;3;5;3;1;1;0;0;0;2;0;513565,378000000491738;5411306,823999525979161;9,184927269000070;48,854580034000037;08211125118300031130;0
189544;08;2;16;007;2021;11;19;3;3;6;4;0;1;1;0;0;2;0;436528,824947832152247;5394244,487518953159451;8,137424745000033;48,698007148000045;08211130216200043080;1
189545;08;4;36;064;2021;12;21;6;3;0;7;1;0;0;0;0;2;0;546456,245669252239168;5293205,290539246052504;9,620269852000035;47,790530902000057;08211203436200092070;0
189546;08;3;36;091;2021;12;18;5;2;6;4;0;0;1;1;0;2;0;397523,331538936123252;5271696,435978589579463;7,636973265000051;47,590578615000027;08211216311010112830;0
189547;08;1;27;076;2021;12;12;2;3;6;7;0;1;1;0;0;0;0;553724,281181641854346;5440071,836012583225965;9,736157209000055;49,111140963000025;08211220127100128820;0
189549;08;3;16;056;2021;12;07;6;2;4;6;1;0;0;0;0;2;0;424205,922981907613575;5329211,234841309487820;7,981727556000067;48,111650312000052;08211210316200097600;1
189550;08;2;21;000;2021;11;10;2;3;6;4;1;0;1;0;0;0;0;476770,908351633697748;5475401,038132870569825;8,679640792000043;49,430837230000066;08211122221300034040;0
189551;08;1;11;000;2021;11;13;5;3;5;3;1;1;0;0;0;0;0;507956,696488605812192;5397862,318024700507522;9,108207831000072;48,733731572000067;08211118111230010800;0
189555;08;1;16;078;2021;12;11;6;2;6;2;0;1;1;0;0;0;0;509998,819678501226008;5393370,308032978326082;9,135870945000022;48,693291843000054;08211203116010088060;1
189556;08;3;17;057;2021;12;09;4;2;0;7;1;0;0;0;0;0;0;412544,497263842262328;5375113,688711564987898;7,815571645000034;48,523038017000033;08211215317200161740;0
189559;08;2;11;000;2021;12;06;5;2;5;3;1;1;0;0;0;2;0;442248,103047025389969;5406930,873593771830201;8,213362162000067;48,812678799000025;08211209211100109900;1
189561;08;1;36;088;2021;11;10;2;3;6;4;0;0;1;0;1;0;0;580244,495626573450863;5410424,325011137872934;10,093642733000024;48,841602236000028;08211115136100002750;0
189562;08;1;16;078;2021;12;09;7;3;5;3;1;1;0;0;0;0;0;510153,284509040415287;5393407,310793180018663;9,137970824000035;48,693622228000038;08211211116200087390;1
189565;08;1;21;000;2021;11;17;6;3;5;3;1;1;0;0;0;2;0;516803,575118412263691;5444152,291807338595390;9,230430108000064;49,149963524000043;08211126121200046110;1
189566;08;2;12;000;2021;11;09;3;3;2;6;1;1;0;0;0;0;0;457777,713399568572640;5428849,720696141943336;8,422609943000054;49,011094729000035;08211116212102001060;0
189570;08;4;15;061;2021;11;07;2;3;3;2;1;1;0;0;0;1;0;516094,924472382292151;5373237,508336571976542;9,217927991000067;48,512046190000035;08211115415400043970;0
189571;08;2;26;084;2021;11;17;7;2;6;4;0;1;1;0;0;2;0;470099,560750597156584;5469911,462440868839622;8,588049838000074;49,381168410000043;08211113222014993140;1
189573;08;4;16;041;2021;11;16;4;3;9;1;1;0;0;0;0;2;0;503810,751560177654028;5374245,734119692817330;9,051607614000034;48,521311279000031;08211124416200028480;0
189574;08;1;25;024;2021;12;17;7;2;1;5;1;1;0;0;0;1;0;523213,000821440480649;5443294,770814195275307;9,318272952000029;49,142041063000079;08211218121600127920;0
189576;08;1;18;003;2021;12;16;3;3;5;3;1;1;0;0;0;1;0;511350,816000001505017;5417709,065999524667859;9,154915607000021;48,912217576000046;08211214118300161100;1
189578;08;3;37;096;2021;11;05;5;3;0;1;1;0;0;0;0;2;0;418682,922999989241362;5268083,810999488458037;7,919024575000037;47,561077363000038;08211111337100987110;1
189579;08;1;11;000;2021;12;08;5;3;0;7;1;0;0;0;0;0;0;509105,820979999378324;5406843,938174888491631;9,124034297000037;48,814514040000063;08211209111340109480;1
189581;08;1;18;048;2021;12;08;3;3;5;3;1;1;0;0;0;0;0;513820,101849163882434;5414952,933115076273680;9,188522908000039;48,887373972000034;08211221118400118490;0
189582;08;1;16;019;2021;12;09;6;3;0;1;1;0;0;0;0;0;0;521926,250764844007790;5400788,843802521005273;9,298342047000062;48,759723282000039;08211210116100161350;2
189585;08;1;17;026;2021;12;09;6;3;1;5;1;1;0;0;0;0;0;547935,767683573998511;5395407,174169886857271;9,651600145000032;48,709853274000068;08211217117010107580;0
189588;08;4;21;000;2021;11;19;6;2;4;2;1;0;0;0;1;2;0;571179,563523199409246;5360588,110666768625379;9,961564989000067;48,394434395000076;08211119426010030130;0
189592;08;4;17;036;2021;11;10;3;2;6;4;0;1;1;0;0;0;0;502920,077727130614221;5352774,569455180317163;9,039395980000052;48,328150352000080;08211130417010059660;1
189595;08;3;11;000;2021;12;23;1;3;1;5;1;1;0;0;0;2;0;412652,048068516887724;5318670,996055940166116;7,828689176000069;48,015358719000062;08211219311010160130;1
189596;08;2;22;000;2021;11;10;2;3;6;4;0;1;1;0;0;0;0;461885,618533201515675;5488682,356592707335949;8,473080052000057;49,549544782000055;08211115222014022940;0
189599;08;4;16;041;2021;11;17;4;3;6;2;0;0;1;0;1;2;0;504377,495593029074371;5374790,488190677016973;9,059288537000043;48,526208385000075;08211124416010044640;0
189600;08;2;12;000;2021;11;09;2;3;0;2;1;0;0;0;0;0;0;453656,587129326537251;5430287,362992482259870;8,366092767000055;49,023730624000052;08211129212502051070;1
189601;08;3;16;009;2021;12;13;2;3;6;4;0;1;1;0;0;0;0;418225,160999989137053;5324436,662999499589205;7,902306901000031;48,067961212000057;08211213316200109570;0
189605;08;1;25;005;2021;11;15;2;3;0;6;0;0;1;0;1;0;0;516549,388405675999820;5452272,409715764224529;9,227278736000073;49,223012948000076;08211122121500036870;0
189607;08;1;15;003;2021;12;07;2;2;5;2;1;1;0;0;0;2;0;500348,778823425993323;5392196,686985474079847;9,004738466000049;48,682813843000076;08211206118000096800;1
189608;08;2;12;000;2021;12;10;4;3;5;2;1;1;0;0;0;0;0;454604,671697193756700;5432866,833735931664705;8,378771444000051;49,047003554000071;08211201215102070420;0
189610;08;1;19;079;2021;12;13;6;3;6;7;0;1;1;0;0;0;0;525708,221013871952891;5407818,369583521038294;9,350240791000033;48,822814619000042;08211217119400104390;0
189611;08;3;35;043;2021;11;10;4;3;5;2;1;1;0;0;0;0;0;512491,821830938570201;5280123,381419319659472;9,166416305000041;47,674380215000042;08211110335100994900;0
189612;08;2;16;043;2021;12;10;1;3;0;1;1;0;0;0;0;0;0;442085,015536180697381;5411543,012875376269221;8,210489326000072;48,854149919000065;08211212216100089320;0
189613;08;4;15;061;2021;11;06;5;3;0;1;1;0;0;0;0;1;0;515556,276211267337203;5370774,959717933088541;9,210542888000020;48,489905845000067;08211118415400021780;1
189614;08;3;11;000;2021;11;07;5;3;5;3;1;1;0;0;0;0;0;418740,162447636947036;5314353,991381917148829;7,911130657000058;47,977328147000037;08211111311010001180;0
189615;08;4;26;021;2021;12;05;4;3;4;6;1;1;0;0;0;2;0;559255,216592703014612;5327358,256549978628755;9,795845388000032;48,096734520000041;08211208426100092790;1
189616;08;3;16;009;2021;11;21;7;3;0;1;1;0;0;0;0;2;0;417360,742999988608062;5324118,955999501049519;7,890767166000046;48,064991887000076;08211127316200063880;0
189617;08;1;21;000;2021;12;11;3;3;0;4;0;1;1;0;0;0;0;516374,596702464856207;5443064,525710474699736;9,224503298000059;49,140190309000047;08211221121200138660;0
189618;08;2;16;009;2021;12;14;6;2;6;4;0;1;1;0;0;0;0;445355,754674694500864;5420832,398178348317742;8,253830092000044;48,938004776000071;08211210211000094540;0
189619;08;3;35;043;2021;11;19;3;3;6;4;0;1;1;0;0;2;0;513463,185494616627693;5279836,109152644872665;9,179347911000036;47,671775939000042;08211130335100066180;1
189623;08;2;15;099;2021;12;06;2;3;5;3;1;1;0;0;0;2;0;463003,445240470580757;5445700,932915164157748;8,492526329000043;49,163008987000069;08211206212010079370;1
189624;08;1;16;071;2021;12;16;4;3;0;1;1;0;0;0;0;1;0;527295,722061353735626;5391573,818371288478374;9,370791166000060;48,676613827000040;08211201116500075350;1
189628;08;3;16;043;2021;12;06;2;3;3;6;1;1;0;0;0;2;0;409411,384143400005996;5326350,712666962295771;7,783616883000036;48,083987152000077;08211213316100092090;1
189629;08;4;15;061;2021;11;15;5;3;3;2;1;1;0;0;0;0;0;515846,797725949436426;5371276,362659940496087;9,214493881000067;48,494409382000072;08211118415400040510;0
189634;08;1;21;000;2021;12;07;6;3;4;2;1;1;0;0;0;2;0;516804,152411648072302;5444161,174627270549536;9,230438395000022;49,150043412000059;08211210121200096760;2
189638;08;3;26;074;2021;11;07;3;3;6;7;0;0;1;0;1;0;0;465590,744847753085196;5323701,417182551696897;8,538135216000057;48,065661280000029;08211109326200007030;1
189639;08;2;12;000;2021;12;19;2;3;5;3;1;1;0;0;0;2;0;455420,268465104512870;5427468,970512533560395;8,390525320000052;48,998508931000060;08211213212010094620;0
189640;08;2;31;000;2021;11;13;4;3;8;7;0;0;1;0;1;0;0;478497,869770647957921;5415465,451151903718710;8,706659142000035;48,891765490000068;08211117231000068750;0
189642;08;4;26;065;2021;11;16;4;3;5;3;0;0;1;0;1;1;0;580437,400329597294331;5331335,814309354871511;10,081043978000025;48,130192133000037;08211124426010047520;0
189645;08;1;21;000;2021;12;13;5;3;5;3;1;1;0;0;0;0;0;516256,101399778388441;5442634,181679572910070;9,222861329000068;49,136322369000027;08211202121200079380;1
189646;08;1;11;000;2021;12;08;4;3;6;4;0;1;1;0;0;0;0;517019,898117257282138;5408352,938444767147303;9,231897247000063;48,827922347000026;08211215111500127220;1
189654;08;2;12;000;2021;11;09;7;3;0;7;1;0;0;0;0;0;0;461227,288039315491915;5427505,621982358396053;8,469909040000061;48,999230662000059;08211113212102992180;1