OID_;ULAND;UREGBEZ;UKREIS;UGEMEINDE;UJAHR;UMONAT;USTUNDE;UWOCHENTAG;UKATEGORIE;UART;UTYP1;IstRad;IstPKW;IstFuss;IstKrad;IstSonstige;ULICHTVERH;IstGkfz;LINREFX;LINREFY;XGCSWGS84;YGCSWGS84;UIDENTSTLAE;IstStrassenzustand
189655;08;3;11;000;2021;12;07;4;3;3;2;1;0;0;0;1;2;0;411675,223329408094287;5314568,389618866145611;7,816437552000025;47,978320383000039;08211208311010105070;1
189656;08;2;22;000;2021;11;18;1;3;4;2;1;1;0;0;0;2;0;468627,412847440689802;5475891,590780913829803;8,567295581000053;49,434883951000074;08211128222000037900;1
189657;08;2;26;076;2021;12;10;1;3;5;3;1;1;0;0;0;0;0;474469,680999999865890;5466306,208999546244740;8,648488669000074;49,348938459000067;08211205226700112120;0
189661;08;4;17;031;2021;12;12;6;2;6;3;0;1;1;0;0;0;0;496247,489992854185402;5357800,984614890068769;8,949328522000030;48,373366765000071;08211217417010114150;0
189662;08;2;35;008;2021;11;17;4;3;6;6;0;1;1;0;0;2;0;476784,077970688231289;5401092,991234483197331;8,684093006000069;48,762412586000039;08211110235100007910;0
189663;08;2;21;000;2021;12;16;2;3;4;6;1;0;0;0;0;0;0;479213,506000000983477;5473691,147999549284577;8,713416490000043;49,415545450000081;08211213221300097030;0
189665;08;1;36;009;2021;11;16;6;2;0;7;1;0;0;0;0;1;0;568064,903348237276077;5408045,004787143319845;9,927278231000059;48,821656001000065;08211112136300021380;0
189666;08;1;11;000;2021;12;14;4;3;2;2;1;0;0;0;1;0;0;511560,926798108033836;5408826,416634179651737;9,157532114000048;48,832307305000029;08211208111330083630;1
189668;08;1;19;020;2021;12;10;2;2;0;7;1;0;0;0;0;0;0;519996,360938401892781;5407357,445205783471465;9,272402770000042;48,818878389000076;08211220119200127290;0
189671;08;3;17;116;2021;12;09;6;3;1;7;1;0;0;0;1;0;0;433225,732800584286451;5387683,601626234129071;8,093600452000032;48,638647125000034;08211203317100104190;0
189672;08;1;11;000;2021;12;13;6;3;1;5;1;1;0;0;0;0;0;514979,192647431977093;5403370,484847027808428;9,203910896000025;48,783153447000075;08211217111250106500;0
189674;08;2;22;000;2021;11;07;4;3;5;3;1;0;0;0;1;0;0;462561,787659344263375;5480934,474440718069673;8,483162343000060;49,479899074000059;08211110222014006560;0
189675;08;3;11;000;2021;12;11;7;3;0;7;1;0;0;0;0;0;0;413965,213981910608709;5316416,838040795177221;7,846746778000067;47,995259947000079;08211211311200098350;1
189676;08;4;15;050;2021;11;08;4;2;5;3;1;1;0;0;0;0;0;520580,072000000625849;5376346,546999515965581;9,278810463000070;48,539884906000054;08211117416010037150;0
189679;08;3;36;050;2021;11;15;2;3;6;3;0;0;1;0;1;0;0;401540,462827194482088;5276592,538829656317830;7,689289584000051;47,635243610000032;08211129311010041790;0
189680;08;4;16;025;2021;12;17;5;2;6;2;0;1;1;0;0;2;0;505070,158295626752079;5361797,831633388996124;9,068512394000038;48,409315448000029;08211202416000070980;1
189682;08;2;26;038;2021;11;08;2;3;5;3;1;1;0;0;0;0;0;471480,394844857044518;5480365,296732133254409;8,606321964000074;49,475264089000063;08211115222400023840;0
189690;08;3;36;050;2021;11;15;6;2;6;4;0;0;1;0;1;0;0;399133,992440670728683;5273014,479655127972364;7,658087160000036;47,602687415000048;08211126311010048710;0
189691;08;2;21;000;2021;11;19;3;3;2;2;1;0;0;0;0;2;0;477331,271193022839725;5473011,578377168625593;8,687505303000023;49,409365608000030;08211116221200000990;1
189692;08;2;25;058;2021;11;17;2;3;1;5;1;1;0;0;0;2;0;510680,898440423421562;5466279,017159044742584;9,147059222000053;49,349134782000078;08211129225100065240;1
189693;08;4;37;076;2021;12;06;5;3;6;4;0;0;1;0;0;2;1;525577,752052960917354;5322411,134221224114299;9,343247659000042;48,054468031000056;08211202437100070830;0
189696;08;1;25;074;2021;12;17;3;3;6;2;0;1;1;0;0;2;0;509532,052312425337732;5439930,392717635259032;9,130615124000030;49,112141838000070;08211221121400144690;0
189701;08;4;35;059;2021;12;16;2;2;5;3;1;1;0;0;0;1;0;514053,588999999687076;5289175,281999493017793;9,187514061000059;47,755793423000057;08211213435200124010;0
189702;08;2;22;000;2021;11;17;7;2;6;4;0;0;1;0;1;2;0;463259,992065304890275;5486791,958027780056000;8,492255768000064;49,532626703000062;08211120221011017940;0
189706;08;2;22;000;2021;12;12;2;3;0;1;1;0;0;0;0;0;0;464351,330858591943979;5481665,239321144297719;8,507800272000054;49,486579699000060;08211220222014115500;0
189707;08;1;16;015;2021;12;19;1;3;0;1;1;0;0;0;0;2;0;523494,146999999880791;5393688,848999518901110;9,319270878000054;48,695795213000054;08211205116200115810;0
189708;08;4;16;041;2021;12;13;4;3;0;3;1;0;0;0;0;0;0;504717,937105085700750;5375062,878732500597835;9,063902536000057;48,528656440000077;08211201416200089210;1
189709;08;3;11;000;2021;11;05;3;3;6;2;0;1;1;0;0;2;0;411030,991057783365250;5316731,123903553932905;7,807358509000039;47,997685462000049;08211123311010049540;0
189710;08;1;11;000;2021;11;15;3;3;0;7;1;0;0;0;0;0;0;511455,895422251895070;5402556,333577791228890;9,155925979000074;48,775904272000048;08211123111500050810;0
189711;08;2;12;000;2021;12;13;6;3;0;6;1;0;0;0;1;0;0;454213,560363201424479;5428485,631369736045599;8,373914121000041;49,007565549000049;08211217212502133660;0
189716;08;1;17;024;2021;12;07;4;3;5;3;1;1;0;0;0;2;0;561880,893599935807288;5384996,972233755514026;9,839583214000072;48,614983792000032;08211208117200106690;1
189718;08;1;16;019;2021;12;06;2;3;6;4;0;1;1;0;0;2;0;523400,363619898445904;5399213,348723325878382;9,318309876000058;48,745496672000058;08211220116100114590;1
189721;08;2;31;000;2021;12;10;5;3;6;4;0;1;1;0;0;0;0;477095,963877339847386;5415438,082169469445944;8,687535591000028;48,891469054000027;08211216231400112770;0
189724;08;2;22;000;2021;12;19;6;3;5;3;1;1;0;0;0;2;0;462238,397920784540474;5482926,835733536630869;8,478507788000059;49,497799293000071;08211210222600090040;1
189725;08;4;15;059;2021;11;06;4;3;5;3;1;1;0;0;0;2;0;516695,966378317214549;5368191,131033437326550;9,225864432000037;48,466631531000075;08211117415300019190;0
189727;08;2;37;019;2021;11;11;6;3;6;3;0;1;1;0;0;0;0;462896,288684776984155;5369211,859314210712910;8,497975308000036;48,474941231000059;08211126237200045330;0
189728;08;4;36;082;2021;11;12;2;3;5;3;1;1;0;0;0;0;0;547347,537337378598750;5294603,128374965861440;9,632321943000022;47,803042271000038;08211115436400999320;0
189729;08;1;11;000;2021;11;17;3;3;6;4;0;1;1;0;0;2;0;508261,632179156877100;5396197,923424731940031;9,112321474000055;48,718754662000038;08211130111230069900;0
189732;08;3;11;000;2021;11;04;7;3;0;7;1;0;0;0;0;2;0;414131,680094434879720;5316884,267421849071980;7,848884168000041;47,999487028000033;08211113311010033910;0
189733;08;1;15;003;2021;11;15;3;2;0;7;1;0;0;0;0;0;0;500354,187341235578060;5392613,134181413799524;9,004812303000051;48,686560245000067;08211123115100051800;0
189734;08;4;35;059;2021;12;11;7;2;0;1;1;0;0;0;0;0;0;511882,303999999538064;5290761,044999495148659;9,158586549000063;47,770105043000058;08211204435200081590;1
189735;08;4;15;053;2021;11;14;4;3;6;4;0;0;1;0;1;0;0;536518,823953217826784;5362294,424383491277695;9,493508043000077;48,412745161000032;08211124415200026860;0
189737;08;1;18;048;2021;11;12;3;3;4;6;1;1;0;0;0;0;0;515066,493630680255592;5416263,271696893498302;9,205573414000071;48,899132370000075;08211123118400048720;0
189739;08;3;11;000;2021;12;12;2;3;6;2;0;1;1;0;0;0;0;414135,582506270147860;5316737,793283455073833;7,848965784000029;47,998169962000077;08211213311201139350;0
189740;08;4;16;041;2021;11;00;1;3;0;1;1;0;0;0;0;2;0;504165,270226851105690;5374235,680104587227106;9,056408628000042;48,521218577000070;08211121416200013700;0
189741;08;3;15;074;2021;11;06;5;3;5;2;1;1;0;0;0;2;0;396764,874695152044296;5296454,881679246202111;7,621026510000036;47,813161984000033;08211111311400988070;1
189742;08;1;11;000;2021;12;19;5;3;0;7;1;0;0;0;0;2;0;510291,710000665858388;5397323,607220131903887;9,139949525000077;48,728851129000077;08211209111500128040;1
189744;08;3;25;051;2021;12;17;2;3;4;2;1;1;0;0;0;2;0;451130,661999997682869;5348757,448999505490065;8,341171431000021;48,290129179000076;08211220325302116200;0
189746;08;3;36;091;2021;12;07;5;3;5;3;1;1;0;0;0;1;0;396478,362805088050663;5272011,482881838455796;7,623004060000028;47,593246557000043;08211209311010083780;0
189748;08;4;16;036;2021;11;18;3;3;5;3;1;1;0;0;0;2;0;495045,001287359744310;5368781,202811662107706;8,932961123000041;48,472142179000059;08211123416100050660;0
189749;08;3;11;000;2021;12;10;6;3;0;7;1;0;0;0;0;0;0;412916,705141538754106;5316271,327108919620514;7,832724570000039;47,993809081000052;08211217311200121460;1
189750;08;1;21;000;2021;11;12;4;3;5;3;1;1;0;0;0;0;0;515636,539059345610440;5444461,201070215553045;9,214438471000051;49,152773088000060;08211110121200010060;0
189753;08;4;36;039;2021;11;15;6;2;4;6;1;1;0;0;0;0;0;548766,951304698362947;5290578,510366577655077;9,650824673000045;47,766727027000059;08211119436200162640;1
189754;08;4;16;041;2021;11;16;7;3;3;3;1;1;0;0;0;1;0;504769,736787133850157;5373699,992848878726363;9,064588551000043;48,516395036000063;08211127416200057990;1
189758;08;3;35;043;2021;12;19;4;3;5;3;1;1;0;0;0;2;0;513524,173364460468292;5279893,748548643663526;9,180162134000057;47,672293286000070;08211208335100160280;1
189761;08;1;35;016;2021;12;18;6;3;0;1;1;0;0;0;0;2;0;593758,595178993418813;5386807,139392858371139;10,272408166000048;48,627299884000081;08211210135010117530;2
189763;08;1;11;000;2021;11;14;4;3;5;3;1;1;0;0;0;0;0;518616,913517831824720;5402820,177210072055459;9,253405604000022;48,778104705000032;08211124111250041410;0
189765;08;1;11;000;2021;11;06;4;3;6;6;1;0;1;0;0;2;0;513089,803726959042251;5403318,416653059422970;9,178189233000069;48,782727678000072;08211110111110988370;0
189768;08;1;15;041;2021;11;15;6;3;5;3;1;1;0;0;0;0;0;495531,246708025224507;5402400,970313731580973;8,939177471000050;48,774596053000039;08211112115300019250;0
189769;08;3;11;000;2021;12;18;3;3;5;3;1;1;0;0;0;2;0;411677,230739867314696;5314568,833669919520617;7,816464354000061;47,978324654000062;08211207311010152830;0
189773;08;4;15;061;2021;12;20;6;3;0;1;1;0;0;0;0;2;0;513348,226125334389508;5372493,322562132030725;9,180713639000032;48,505415638000045;08211203415400080480;0
189774;08;2;21;000;2021;12;17;5;3;0;1;1;0;0;0;0;1;0;476174,288560308516026;5472867,149948637932539;8,671564913000054;49,408022297000059;08211216221200103370;0
189777;08;4;15;061;2021;12;17;6;2;0;2;1;1;0;0;0;2;0;515188,961593020707369;5371514,358870258554816;9,205598477000024;48,496566727000072;08211210416010085260;0
189778;08;2;22;000;2021;11;18;2;3;0;4;0;0;1;0;1;2;0;461640,749168456532061;5482310,165632247924805;8,470314419000033;49,492215182000052;08211122222014018100;0
189780;08;3;36;050;2021;11;16;5;2;1;7;1;0;0;0;1;1;0;399303,611927264370024;5274070,190695608034730;7,660100574000069;47,612210270000048;08211125336100069570;1
189781;08;1;16;080;2021;11;18;3;3;2;6;1;1;0;0;0;2;0;519478,399060834199190;5394898,804570110514760;9,264757108000026;48,706818260000034;08211116116200004160;0
189782;08;3;17;065;2021;11;18;2;3;5;3;1;1;0;0;0;2;0;414766,701384061947465;5354001,244213353842497;7,849954342000046;48,333443757000055;08211129317300046380;1
189784;08;2;12;000;2021;12;10;4;3;6;3;0;1;1;0;0;0;0;456893,161493823863566;5427720,052212763577700;8,410634290000075;49,000872053000080;08211215212010132740;0
189785;08;2;22;000;2021;11;17;3;3;5;3;1;1;0;0;0;2;0;463158,590204029344022;5480686,279960885643959;8,491424027000051;49,477703203000033;08211116222700032050;0
189786;08;4;15;061;2021;11;13;6;3;4;3;1;1;0;0;0;0;0;516088,759642104618251;5371235,086473168805242;9,217767335000076;48,494031898000060;08211112415400066790;0
189787;08;3;37;060;2021;12;03;7;2;0;1;1;0;0;0;0;2;0;467916,406519538722932;5277946,855885121971369;8,572746749000032;47,654121619000080;08211204337010088800;1
189789;08;4;16;023;2021;11;14;4;3;5;3;1;1;0;0;0;0;0;508053,161810327321291;5373976,330907782539725;9,109055741000077;48,518847540000081;08211124416010028380;0
189790;08;1;15;042;2021;12;17;7;3;6;4;0;1;1;0;0;2;0;496236,562538586556911;5406066,767830785363913;8,948743677000039;48,807578016000036;08211218115300109590;0
189791;08;1;16;019;2021;11;18;3;3;1;7;1;1;0;0;0;2;0;520480,039995207451284;5399307,614143973216414;9,278590584000028;48,746447553000053;08211123116100050960;0
189792;08;4;21;000;2021;11;11;4;3;5;3;1;1;0;0;0;0;0;572494,848884450271726;5360074,901205066591501;9,979241917000024;48,389668090000043;08211110421300995030;0
189793;08;1;27;014;2021;12;10;3;3;0;7;1;0;0;0;0;0;0;578114,474281458184123;5443258,370659053325653;10,070929360000036;49,137185606000060;08211214127202124260;0
189794;08;3;11;000;2021;11;18;1;3;0;7;1;0;0;0;0;2;0;411435,878443029709160;5322167,992583554238081;7,811661225000023;48,046647490000055;08211121311010044320;1
189795;08;2;12;000;2021;11;02;5;2;0;7;1;0;0;0;0;2;0;457411,693567489273846;5428632,923180175945163;8,417627635000031;49,009119453000039;08211111212010009960;0
189798;08;3;35;043;2021;12;12;2;3;9;1;1;0;0;0;0;0;0;512368,049522116780281;5281303,014900399371982;9,164800836000040;47,684996529000045;08211220335100113100;0
189799;08;2;15;017;2021;12;17;6;3;6;4;0;1;1;0;0;2;0;456607,262999999336898;5421627,527999527752399;8,407375608000052;48,946048695000059;08211210212702118430;0
189801;08;3;17;096;2021;12;11;6;3;6;4;0;1;1;0;0;0;0;422684,004742627032101;5369775,065552694723010;7,953856375000043;48,476348495000082;08211203317500072870;0
189803;08;1;25;065;2021;11;06;4;3;6;3;0;1;1;0;0;1;0;516318,058410337194800;5448304,101567342877388;9,223940567000056;49,187323325000079;08211110121500145490;0
189804;08;4;15;061;2021;12;21;7;3;6;4;0;1;1;0;0;2;0;515197,343373625539243;5371010,158050596714020;9,205693584000073;48,492030556000032;08211211416010110760;0
189807;08;2;15;009;2021;11;17;5;3;6;4;0;1;1;0;0;2;0;470357,351751073263586;5442004,832915883511305;8,593667221000032;49,130161199000042;08211125215402031450;0
189808;08;3;15;015;2021;11;12;3;3;6;4;0;1;1;0;0;0;0;394955,446683451533318;5320393,282401539385319;7,591028754000035;48,028185473000065;08211116311100033940;1
189810;08;1;18;079;2021;12;12;6;3;6;4;0;1;1;0;0;0;0;507455,692000001668930;5421572,602999528869987;9,101825827000027;48,947031998000057;08211203118100078100;0
189811;08;2;12;000;2021;12;21;4;3;1;5;1;1;0;0;0;2;0;456741,837608133442700;5428838,466885577887297;8,408446315000049;49,010921750000080;08211215212010139490;0
189813;08;3;36;050;2021;12;11;6;3;0;1;1;0;0;0;0;0;0;399319,805871019139886;5274646,133830860257149;7,660183639000024;47,617393585000059;08211210311010084760;1
189814;08;4;36;064;2021;12;18;2;2;6;4;0;1;1;0;0;2;0;545984,653945524245501;5293529,126218197867274;9,614007996000055;47,793478301000050;08211206436000098040;1
189816;08;3;11;000;2021;12;16;3;3;1;1;1;1;0;0;0;2;0;412556,601752030663192;5315389,966422488912940;7,828078274000063;47,985831815000040;08211207311300081030;1
189817;08;2;12;000;2021;11;15;6;3;5;3;1;1;0;0;0;0;0;456349,832097641192377;5428410,516664259135723;8,403131974000075;49,007044683000061;08211126212010047340;1
189821;08;3;17;057;2021;12;07;5;2;6;4;0;1;1;0;0;2;0;414328,537178845144808;5386912,504759712144732;7,837296739000067;48,629407676000028;08211216317000117290;0
189824;08;2;22;000;2021;12;16;6;3;5;3;1;1;0;0;0;2;0;462739,710303333587945;5480556,151190983131528;8,485654115000045;49,476507192000042;08211210222700113850;1
189826;08;2;12;000;2021;12;12;3;3;5;2;1;0;0;0;0;0;1;452970,149568002671003;5428927,330943312495947;8,356861599000069;49,011445147000074;08211207212010080140;0
189829;08;2;25;014;2021;12;07;5;3;6;2;0;1;1;0;0;2;0;523272,356987784616649;5485623,447742208838463;9,321557315000064;49,522783376000064;08211202225200086830;1
189830;08;2;36;004;2021;12;07;4;3;6;4;0;1;1;0;0;2;0;473321,007585335522890;5413416,922868952155113;8,636169309000024;48,873136438000074;08211215231202127160;0
189833;08;2;21;000;2021;12;16;5;3;4;4;1;0;1;0;0;2;0;477687,679254287853837;5472892,090234911069274;8,692425127000035;49,408304004000058;08211209221200094600;0
189834;08;1;18;048;2021;12;18;2;3;5;3;1;1;0;0;0;2;0;513621,937339805997908;5416056,241334542632103;9,185856505000061;48,897303431000068;08211206118400103410;1
189835;08;4;15;050;2021;12;15;4;3;1;7;1;1;0;0;0;0;0;520671,738919528201222;5375594,923221968114376;9,280015021000054;48,533120107000059;08211201415100083820;1
189836;08;3;35;043;2021;11;12;3;2;6;4;0;0;1;0;1;0;0;514004,911746482364833;5280429,259544672444463;9,186583426000027;47,677101393000044;08211123335000022920;0
189842;08;2;22;000;2021;11;09;5;3;5;3;1;1;0;0;0;0;0;465970,316859875805676;5484275,692085836082697;8,529927889000021;49,510152450000078;08211111222301017310;0
189843;08;1;11;000;2021;12;08;5;2;1;5;1;1;0;0;0;0;0;513647,809213455766439;5399720,996304985135794;9,185665885000049;48,750353524000047;08211209111230083100;0
189845;08;2;22;000;2021;12;18;2;3;1;5;1;1;0;0;0;2;0;461337,158968411386013;5481952,370115114375949;8,466157468000063;49,488977735000049;08211220222500152610;0
189846;08;1;21;000;2021;12;07;6;3;0;1;1;0;0;0;0;2;0;513757,615829126909375;5441704,888534737750888;9,188577104000046;49,128024074000052;08211210121300097120;2
189849;08;3;37;116;2021;12;17;4;2;5;3;1;1;0;0;0;2;0;417777,144999988377094;5276065,468999492004514;7,905489436000039;47,632767698000066;08211215337010101100;0
189850;08;1;15;003;2021;11;12;4;2;0;7;1;0;0;0;0;0;0;500546,043388277292252;5391801,685115730389953;9,007417957000030;48,679260219000071;08211110115100001600;0
189858;08;1;11;000;2021;12;10;4;3;5;3;1;1;0;0;0;0;0;513964,035873628221452;5405189,410162283107638;9,190153529000042;48,799539926000080;08211215111120114940;0
189860;08;2;16;015;2021;12;13;3;3;5;2;1;1;0;0;0;0;0;449978,666473368182778;5406451,579304385930300;8,318710102000068;48,809037851000028;08211207216300111060;0
189861;08;2;22;000;2021;11;16;4;3;5;3;1;1;0;0;0;1;0;463614,999377776868641;5482904,265386808663607;8,497520112000075;49,497680417000026;08211124222014059470;0
189862;08;4;35;010;2021;11;11;7;3;6;7;0;1;1;0;0;0;0;520190,408070814795792;5284243,914507297798991;9,269166798000072;47,711260423000056;08211127435200045000;0
189864;08;2;15;096;2021;11;08;7;3;0;7;1;0;0;0;0;1;0;463711,735082454979420;5418746,179044900462031;8,504655311000022;48,920587525000030;08211120212702026740;1
189865;08;1;11;000;2021;11;17;7;2;6;4;0;1;1;0;0;2;0;516783,775017728097737;5406621,090979032218456;9,228609219000020;48,812349374000064;08211113111500021110;1
189866;08;3;15;098;2021;12;08;4;3;5;3;1;1;0;0;0;0;0;407094,451199205592275;5312366,400567809119821;7,755545280000035;47,957864427000061;08211208311010093820;0
189867;08;4;21;000;2021;11;11;7;2;6;4;0;1;1;0;0;0;0;572784,290783541277051;5361878,579697288572788;9,983463723000057;48,405859262000035;08211127426010051510;0
189868;08;1;11;000;2021;12;07;3;3;5;2;1;1;0;0;0;1;0;513251,685117335058749;5404206,332486549392343;9,180421517000070;48,790711858000066;08211221111500142230;0
189870;08;1;11;000;2021;12;13;5;2;6;7;0;0;1;0;1;0;0;516015,643456226214767;5406142,338773921132088;9,218128016000037;48,808062865000068;08211202111320088640;1
189872;08;4;15;061;2021;12;14;6;3;4;2;1;1;0;0;0;0;0;516317,964910372160375;5370836,876189682632685;9,220854131000067;48,490443549000076;08211217415400122810;0
189876;08;1;35;019;2021;11;09;6;3;5;3;1;1;0;0;0;0;0;585869,631655160337687;5391015,130545122548938;10,166242851000050;48,666280762000042;08211112135200004770;0
189880;08;2;12;000;2021;12;14;3;2;5;3;1;1;0;0;0;0;0;458997,541698965243995;5427278,488026982173324;8,439448912000046;48,997043473000076;08211214212010098270;0
189881;08;3;17;065;2021;11;11;7;2;6;2;0;1;1;0;0;0;0;414940,372922396287322;5354056,743161026388407;7,852285983000058;48,333966364000048;08211120317010039480;0
189882;08;3;11;000;2021;11;18;6;2;6;2;0;0;1;0;1;2;0;411104,522147946991026;5316390,120515581220388;7,808414621000054;47,994628281000075;08211112311010008530;0
189884;08;2;15;046;2021;12;14;3;2;1;7;0;1;1;0;0;0;0;451404,257601408287883;5414289,215249573811889;8,337195510000072;48,879652530000044;08211221212010120690;0
189886;08;3;15;074;2021;12;21;4;3;0;2;1;0;0;1;0;2;0;395348,894916583783925;5296530,764936972409487;7,602099875000022;47,813615805000040;08211201311400070080;1
189887;08;3;17;065;2021;11;16;3;3;0;3;1;1;0;0;0;0;0;415551,277750890702009;5354815,976561624556780;7,860375039000076;48,340877517000081;08211123317300026820;0
189888;08;4;36;064;2021;12;08;6;3;0;7;1;0;0;0;0;0;0;546809,539231992326677;5293728,059516256675124;9,625043032000065;47,795208657000046;08211217436200116640;0
189890;08;2;22;000;2021;12;09;2;3;0;1;1;0;0;0;0;0;0;465033,816775392740965;5475386,336019070819020;8,517777440000032;49,430143311000052;08211213222500092540;0
189891;08;3;36;081;2021;11;20;5;3;0;1;1;0;0;0;0;2;0;411529,420999985188246;5278232,947999488562346;7,821901918000037;47,651442507000070;08211118336300034740;0
189892;08;1;11;000;2021;11;10;6;3;6;7;0;1;1;0;0;0;0;513611,526935054920614;5402274,118127448484302;9,185256750000065;48,773322056000040;08211112111110993200;0
189893;08;4;37;088;2021;12;07;4;3;6;4;0;1;1;0;0;1;0;519597,624611725099385;5308044,625350411981344;9,262340797000036;47,925422710000078;08211208437100116830;1
189894;08;2;22;000;2021;11;12;7;3;5;3;1;1;0;0;0;0;0;465516,646737648174167;5475902,342926135286689;8,524391086000037;49,434812175000047;08211127222500036510;0
189898;08;1;18;048;2021;12;13;7;3;0;7;1;0;0;0;0;0;0;513446,739906944334507;5414985,357834877446294;9,183430894000026;48,887673870000071;08211204118400074550;1
189899;08;4;16;041;2021;12;15;4;2;3;6;1;0;0;0;0;0;0;502996,359959837980568;5374160,818510409444571;9,040578000000039;48,520551763000071;08211215416200113980;0
189900;08;3;35;043;2021;11;07;3;3;0;3;1;0;0;0;1;2;0;514350,469915927387774;5280763,292418513447046;9,191198153000073;47,680099323000036;08211109335100067170;0
189901;08;2;36;040;2021;12;17;6;3;6;2;0;1;1;0;0;2;0;488863,192935011349618;5422195,804083233699203;8,847882598000069;48,952582771000039;08211210231102102410;1
189902;08;2;12;000;2021;11;18;4;3;5;3;1;0;0;0;0;2;0;454563,488879706710577;5429780,531723828986287;8,378553795000073;49,019239126000059;08211117212010007240;0
189903;08;1;18;048;2021;12;07;4;3;6;7;0;0;1;0;1;0;0;513687,958008091896772;5415395,410577736794949;9,186735138000074;48,891357318000075;08211208118400105160;1
189905;08;2;12;000;2021;11;07;3;3;6;2;0;1;1;0;0;1;0;456732,522005353122950;5428849,405329370871186;8,408317766000039;49,011019489000034;08211116212010033440;0
189906;08;1;17;024;2021;11;17;3;3;6;2;0;1;1;0;0;2;0;561965,482890309765935;5385021,344291623681784;9,840734410000039;48,615194653000060;08211130117200063200;1
189907;08;2;26;013;2021;12;07;5;3;6;4;0;1;1;0;0;0;0;498987,652233811095357;5480229,705901958048344;8,986025959000074;49,474713531000077;08211202226100120880;0
189908;08;3;36;069;2021;12;08;3;3;5;3;1;0;0;0;1;1;0;408219,561999981291592;5268994,248999483883381;7,779772017000028;47,567872431000069;08211214311010096550;1
189911;08;4;15;061;2021;12;16;7;3;0;1;1;0;0;0;0;1;0;513833,966017521917820;5369610,686780776828527;9,187194260000069;48,479471883000031;08211204415400074980;1
189912;08;2;12;000;2021;11;13;4;3;0;6;1;1;0;0;0;0;0;461406,070450146682560;5427921,358940750360489;8,472313693000046;49,002981516000034;08211124212102061590;0
189913;08;4;36;064;2021;11;06;2;2;4;6;1;1;0;0;0;2;0;545264,024922171607614;5288778,931053252890706;9,603891379000061;47,750791645000049;08211122436200055850;0
189914;08;1;15;003;2021;12;17;7;3;6;4;0;1;1;0;0;2;0;500722,190847426652908;5391811,533595079556108;9,009810924000021;48,679348638000079;08211218115100127900;0
189915;08;4;35;016;2021;11;22;7;3;6;7;0;1;1;0;0;2;0;536612,485000000335276;5278607,032999489456415;9,487617127000021;47,659821062000049;08211127435100045810;1
189917;08;1;35;020;2021;11;11;7;3;1;5;0;1;1;0;0;0;0;586321,380438875406981;5386317,546132506802678;10,171397930000069;48,623967057000073;08211120135100013450;0
189918;08;3;15;074;2021;11;15;6;3;6;7;0;1;1;0;0;0;0;396783,360801460221410;5295902,461028002202511;7,621404901000062;47,808195993000027;08211112311400993270;0
189919;08;1;15;044;2021;12;08;5;2;4;7;1;0;0;0;1;0;0;504397,977000000886619;5389013,825999520719051;9,059716519000062;48,654165010000042;08211209118000104460;1
189921;08;1;15;045;2021;12;17;3;3;6;2;0;1;1;0;0;2;0;501722,702432711608708;5394695,035021631047130;9,023414844000058;48,705286941000054;08211221115400134790;0
189922;08;3;36;081;2021;12;08;5;3;0;7;1;1;0;0;0;1;0;411421,314864477142692;5278027,892192652449012;7,820504202000052;47,649583070000062;08211209336300082330;1
189923;08;4;15;061;2021;12;15;4;3;0;3;1;0;0;0;1;0;0;514623,034974616952240;5371208,107929106801748;9,197927393000043;48,493825012000059;08211201415400069870;0
189924;08;2;26;032;2021;11;07;3;3;5;3;1;1;0;0;0;2;0;467108,235893454402685;5463016,011290026828647;8,547407818000067;49,318991105000066;08211123226200034580;0
189926;08;3;15;108;2021;11;07;3;3;5;3;1;1;0;0;0;0;0;405079,385699925012887;5303882,877620968967676;7,730429268000023;47,881258707000029;08211109311400015600;0
189937;08;3;26;012;2021;12;00;1;3;6;4;0;1;1;0;0;2;0;462365,999126042239368;5311225,741959700360894;8,495947052000076;47,953237701000035;08211219326100147010;1
189939;08;2;22;000;2021;12;10;6;3;3;6;1;1;0;0;0;0;0;461496,553385030478239;5483632,224784728139639;8,468194533000030;49,504097242000057;08211210222600112310;0
189940;08;4;36;082;2021;12;15;2;3;2;7;1;1;0;0;0;0;0;548055,729176825843751;5295173,086792573332787;9,641842342000075;47,808117661000040;08211206436400078390;0
189941;08;2;22;000;2021;11;21;6;3;0;5;1;1;0;0;0;2;0;461196,152741645462811;5482518,002310927957296;8,464155061000042;49,494056287000035;08211126222200057030;0
189942;08;2;12;000;2021;11;14;3;3;0;7;1;0;0;0;0;0;0;459221,729351415298879;5429220,986289616674185;8,442318572000033;49,014531446000035;08211116212102002480;1
189945;08;2;22;000;2021;12;15;4;2;5;3;1;1;0;0;0;0;0;461064,743538347072899;5480814,649320753291249;8,462508259000060;49,478727129000049;08211215222014115490;1
189946;08;4;36;064;2021;11;07;2;3;1;5;1;1;0;0;0;0;0;546041,988790600560606;5292743,021910179406404;9,614690105000022;47,786401624000064;08211115436200028260;0
189947;08;1;25;065;2021;12;13;1;3;0;6;1;1;0;0;0;0;0;518173,295020392164588;5450869,722923861816525;9,249516700000072;49,210349480000048;08211219121500143180;1