OID_;ULAND;UREGBEZ;UKREIS;UGEMEINDE;UJAHR;UMONAT;USTUNDE;UWOCHENTAG;UKATEGORIE;UART;UTYP1;IstRad;IstPKW;IstFuss;IstKrad;IstSonstige;ULICHTVERH;IstGkfz;LINREFX;LINREFY;XGCSWGS84;YGCSWGS84;UIDENTSTLAE;IstStrassenzustand
190972;08;1;19;079;2021;12;12;3;3;6;4;0;1;1;0;0;0;0;522766,159974197857082;5408649,414867071434855;9,310205862000032;48,830405304000067;08211228119400156520;1
190977;08;3;16;017;2021;12;11;4;2;9;1;1;0;0;0;0;0;0;409626,656680470332503;5340955,301976742222905;7,783405333000076;48,215384912000047;08211229316100141370;1
190981;08;2;11;000;2021;12;17;4;1;0;1;1;0;0;0;0;2;0;442549,706518705934286;5402758,403292564675212;8,218053421000036;48,775174969000034;08211222211000138490;0
190988;08;2;12;000;2021;12;12;3;3;5;3;1;1;0;0;0;0;0;456232,807354395277798;5427089,527373032644391;8,401674240000034;48,995153933000040;08211228212010136950;1
191006;08;3;11;000;2021;12;14;4;3;0;7;1;1;0;0;0;0;0;413772,717308097518981;5315841,541602099314332;7,844282574000033;47,990059014000053;08211222311010147940;0
191014;08;1;19;079;2021;12;19;4;3;6;2;0;1;1;0;0;2;0;521952,877542139030993;5412033,123734472319484;9,299305789000073;48,860873540000057;08211229119400156470;1
191024;08;3;15;131;2021;12;23;1;3;1;5;1;0;0;0;0;2;1;405093,027173643000424;5307932,431248925626278;7,729720781000026;47,917686997000033;08211226311010150350;1
191031;08;3;11;000;2021;12;11;6;3;3;2;1;0;0;0;1;0;0;414627,377875332720578;5318513,560656009241939;7,855203590000031;48,014209528000038;08211231311010164470;0
191033;08;1;28;131;2021;12;23;7;3;6;2;0;1;1;0;0;2;0;537181,248000000603497;5511970,297999562695622;9,516230980000046;49,759059876000038;08211225128300143370;1
191053;08;3;17;129;2021;12;13;6;2;0;1;1;0;0;0;0;0;0;430313,849295414984226;5349541,116395689547062;8,060435039000026;48,295228743000052;08211231317600147440;1
191055;08;3;36;105;2021;12;13;4;2;5;3;1;1;0;0;0;0;0;399845,306877331808209;5267076,397090272977948;7,668902439000021;47,549382160000050;08211222311010149430;0
191063;08;2;22;000;2021;12;17;3;3;6;7;0;0;1;0;1;2;0;461737,422568962909281;5477686,967775883153081;8,472096349000026;49,450637951000033;08211228222014139880;0
191089;08;3;11;000;2021;12;07;3;3;1;5;1;1;0;0;0;2;0;414325,971738550812006;5316054,545242268592119;7,851653867000039;47,992049426000051;08211221311010158740;2
235599;08;3;11;000;2021;01;12;2;2;4;6;1;0;0;0;0;0;0;410124,035306122328620;5315187,845333253964782;7,795526535000022;47,983676489000061;08210104311010474710;0
235600;08;2;21;000;2021;01;08;3;3;0;1;1;0;0;0;0;0;0;477576,065478016447742;5468555,151281518861651;8,691131217000077;49,369289669000068;08210105221400466410;0
235601;08;1;16;037;2021;01;13;7;3;8;7;1;0;0;0;0;0;0;535979,123999999836087;5400786,072000000625849;9,489547970000046;48,759044748000065;08210109116100467080;2
235602;08;2;26;107;2021;01;22;7;3;0;7;1;0;1;0;0;2;0;474842,507134402345400;5484270,304848829284310;8,652482243000065;49,510537021000061;08210109226600485300;0
235603;08;1;28;058;2021;01;08;1;2;0;1;1;0;0;0;0;0;0;559780,722487629740499;5481478,951446740888059;9,825332796000055;49,483006874000068;08210110128100488220;0
235604;08;3;36;050;2021;01;13;3;3;0;7;1;0;0;0;0;0;0;399211,282900718972087;5273669,232557719573379;7,658964581000021;47,608589164000080;08210112336100472980;1
235605;08;2;26;036;2021;01;05;4;3;0;1;1;0;0;0;0;2;0;468754,831492807832547;5479501,071231182664633;8,568768235000050;49,467356546000076;08210113221011472380;2
235606;08;1;21;000;2021;01;14;6;3;0;6;1;0;0;0;0;0;0;515028,191757109307218;5442261,292223082855344;9,206013648000066;49,132999363000067;08210115121200488850;0
235607;08;3;37;032;2021;01;19;6;3;0;1;1;0;0;0;0;2;0;438594,107196439465042;5274075,002194844186306;8,182839841000032;47,617168703000061;08210115337010484740;1
235608;08;1;16;072;2021;01;14;5;3;8;1;1;0;0;0;0;0;0;532008,769820800749585;5392641,678895048797131;9,434895167000036;48,685996297000031;08210121116400504180;1
235609;08;2;11;000;2021;01;17;5;3;0;7;1;0;0;0;0;1;0;440550,726385641493835;5404326,007778616622090;8,190621705000069;48,789087873000028;08210121211100493250;1
235610;08;3;17;057;2021;01;10;5;3;3;6;1;0;0;0;0;0;0;415866,272913697408512;5379955,408488292247057;7,859571572000050;48,567041120000056;08210121317200521130;0
235611;08;4;15;061;2021;01;17;5;3;0;7;1;0;0;0;0;2;0;515785,480424223642331;5376143,281078077852726;9,213848122000059;48,538195246000043;08210121415112501840;1
235612;08;3;35;075;2021;01;13;3;2;0;1;1;0;0;0;0;0;0;491746,992036960669793;5284729,488383406773210;8,889965970000048;47,715892362000034;08210126335300520050;2
235613;08;1;16;019;2021;02;17;3;3;5;3;1;1;0;0;0;0;0;523266,825977982371114;5398841,676831274293363;9,316472429000044;48,742158159000041;08210202116100968590;1
235614;08;3;17;057;2021;02;18;3;3;6;6;1;0;1;0;0;2;0;416029,776733599603176;5383320,528477380052209;7,861107520000076;48,597330598000042;08210202317200537950;0
235615;08;3;26;012;2021;02;14;5;3;7;7;1;0;0;0;0;0;0;456043,702479354338720;5313679,558271309360862;8,411022422000030;47,974911298000052;08210204326100534310;0
235616;08;4;15;061;2021;02;16;5;3;6;6;1;0;1;0;0;0;0;511730,519582348293625;5372578,314588790759444;9,158814962000065;48,506212555000047;08210204415112534650;1
235617;08;1;15;046;2021;02;18;6;3;6;7;1;0;1;0;0;2;0;509372,411459702823777;5389413,327503519132733;9,127269200000057;48,657704161000026;08210205115100545440;0
235618;08;1;16;033;2021;02;10;6;2;0;1;1;0;0;0;0;0;0;532903,979452539235353;5388477,372564050368965;9,446726534000049;48,648488206000081;08210205116400534910;1
235619;08;4;35;029;2021;02;17;7;3;7;7;1;0;0;0;0;0;0;545249,583559246384539;5275378,294429348781705;9,602308869000069;47,630224775000045;08210206435100537250;0
235620;08;4;15;061;2021;02;12;1;3;0;1;1;0;0;0;0;0;0;516565,733653483446687;5374885,555021572858095;9,224368244000061;48,526860270000043;08210207415400554870;0
235621;08;3;25;001;2021;02;16;7;3;0;1;1;0;0;0;0;0;0;453793,290000000037253;5343752,799000000581145;8,377612128000067;48,245306202000052;08210213325102663270;0
235622;08;3;11;000;2021;02;16;1;3;0;7;1;0;0;0;0;0;0;415610,952900667558424;5320406,478390194475651;7,868017285000064;48,031367731000046;08210214311200561940;0
235623;08;1;36;088;2021;02;07;3;3;0;1;1;0;0;0;0;0;0;580094,127999999560416;5409452,057000000029802;10,091403766000042;48,832876847000080;08210216136100565220;2
235624;08;3;35;043;2021;02;07;3;3;0;1;1;0;0;0;0;1;0;512229,060302127618343;5279896,092256497591734;9,162909440000021;47,672340167000073;08210216335100555550;1
235625;08;1;15;028;2021;02;15;4;3;0;1;1;0;0;0;0;0;0;501281,652271910512354;5403842,070377860218287;9,017448588000036;48,787574860000063;08210217115300560920;0
235626;08;4;16;041;2021;02;11;5;3;9;1;1;0;0;0;0;0;0;502939,875710647145752;5375994,291742472909391;9,039825998000026;48,537046603000078;08210218416200560100;1
235627;08;4;16;041;2021;02;15;5;3;3;6;1;0;0;0;0;0;0;498043,034521357621998;5374751,256709055975080;8,973495155000023;48,525867660000074;08210218416200592620;0
235628;08;3;35;063;2021;02;14;6;3;2;1;1;1;0;0;0;0;0;497139,828315832244698;5287127,898686723783612;8,961850697000045;47,737518752000028;08210219335000568620;0
235629;08;4;26;097;2021;02;15;6;3;0;1;1;0;0;0;0;0;0;534609,305659367470071;5333436,357733294367790;9,465339922000055;48,153232975000037;08210219426300562420;1
235630;08;1;15;045;2021;02;14;7;3;0;1;1;0;0;0;0;0;0;496002,754524845397100;5394055,114351960830390;8,945675942000037;48,699519734000035;08210220115400565800;0
235631;08;1;16;080;2021;02;16;7;2;4;6;1;0;0;0;0;0;0;520605,986706048483029;5396902,482139013707638;9,280183559000022;48,724807015000067;08210220116200596350;0
235632;08;1;25;006;2021;02;14;1;3;2;6;1;0;0;0;0;0;0;511383,055960484023672;5455950,262232850305736;9,156432420000044;49,256213802000048;08210221121100570020;0
235633;08;1;25;081;2021;02;19;1;2;0;1;1;0;0;0;0;0;0;495478,995934610778932;5433107,917411069385707;8,938126130000057;49,050827639000033;08210221121400590950;1
235634;08;1;36;018;2021;02;15;1;3;0;1;1;0;0;0;0;0;0;588301,326057147234678;5429827,218697468750179;10,207625561000043;49,015012966000029;08210221136200567970;2
235635;08;2;11;000;2021;02;16;1;3;4;6;1;0;0;0;0;0;0;440551,213386124116369;5404324,780762450769544;8,190628512000046;48,789076883000064;08210221211100567430;0
235636;08;2;21;000;2021;02;15;1;3;0;1;1;0;0;0;0;0;0;475389,244706081226468;5475921,932204755954444;8,660553876000051;49,435468203000028;08210221221300588380;0
235637;08;2;35;080;2021;02;10;1;3;0;1;1;0;0;0;0;0;0;484144,477391151420306;5383489,673912571743131;8,784922905000030;48,604283288000033;08210221235200587220;0
235638;08;2;35;080;2021;02;12;1;3;0;7;1;0;0;0;0;0;0;480635,419645414687693;5383309,568727463483810;8,737332092000031;48,602564305000044;08210221235200593970;1
235639;08;4;15;061;2021;02;15;1;2;4;6;1;0;0;0;1;0;0;514351,944715343415737;5371334,173164920881391;9,194262455000057;48,494965391000051;08210221415400589640;0
235640;08;1;18;010;2021;02;12;3;2;3;2;1;0;0;0;0;0;0;506042,064757180283777;5430892,690066943876445;9,082657858000061;49,030887429000074;08210223118000591530;0
235641;08;1;18;048;2021;02;18;3;3;4;3;1;0;0;0;0;0;0;513785,679197382938582;5415201,234528911300004;9,188061721000054;48,889608394000049;08210223118400594680;0
235642;08;1;21;000;2021;02;17;3;3;0;7;1;0;0;0;1;0;0;514414,330098204431124;5440068,857884032651782;9,197520250000025;49,113292314000034;08210223121200592050;0
235643;08;2;12;000;2021;02;15;3;2;0;1;1;0;0;1;0;0;0;456610,957283595111221;5426736,039486085996032;8,406881252000062;48,992000950000033;08210223212402575000;0
235644;08;3;11;000;2021;02;13;3;3;0;7;1;0;0;0;0;0;0;411976,125626393011771;5317890,693888504989445;7,819787427000051;48,008246937000081;08210223311010575730;0
235645;08;3;11;000;2021;02;08;3;3;0;7;1;0;0;0;0;0;0;414303,706967767386232;5320864,841851866804063;7,850393984000050;48,035316763000026;08210223311010584920;0
235646;08;3;16;011;2021;02;09;3;2;0;1;1;0;0;0;0;0;0;417367,821601269359235;5328207,539926812984049;7,890071130000024;48,101771117000055;08210223316100592980;0
235647;08;3;17;034;2021;02;23;3;3;0;7;1;0;0;0;0;2;0;428292,377452218148392;5357126,398448543623090;8,031893171000036;48,363235404000079;08210223317500572380;0
235648;08;4;35;024;2021;02;09;3;3;0;7;1;0;0;0;0;0;0;528020,046527915401384;5280300,932215763255954;9,373291748000042;47,675491226000076;08210223435100571010;0
235649;08;1;21;000;2021;02;18;4;3;5;3;1;1;0;0;0;1;0;515452,898256693501025;5443356,219467072747648;9,211877665000031;49,142838071000028;08210224121200594100;0
235650;08;1;36;088;2021;02;14;4;2;0;1;1;0;0;0;0;0;0;585102,986713207559660;5408036,342289373278618;10,159349074000033;48,819477561000042;08210224136010578400;1
235651;08;2;36;004;2021;02;15;4;2;5;2;1;1;0;0;0;0;0;469280,530558696598746;5414177,664951045066118;8,581012211000029;48,879792727000051;08210224231202595620;0
235652;08;3;36;091;2021;02;15;4;2;0;7;1;0;0;0;0;0;0;396431,398095477372408;5275162,108747931197286;7,621635035000054;47,621579566000037;08210224311010574490;0
235653;08;4;37;059;2021;02;14;4;3;5;3;1;1;0;0;0;0;0;510513,854310498572886;5322394,044661900028586;9,141094222000049;48,054740349000042;08210224437200594330;0
235654;08;1;16;016;2021;02;15;5;3;0;1;1;0;0;0;0;0;0;531381,095326452632435;5383754,856967356987298;9,425693970000054;48,606083010000077;08210225116400580830;1
235655;08;1;19;084;2021;02;16;5;2;0;1;1;0;0;0;0;0;0;546247,024671391118318;5416064,088760180398822;9,630972916000076;48,895797629000072;08210225119010586240;0
235656;08;2;12;000;2021;02;16;5;2;0;7;1;0;0;0;1;0;0;453621,109202948748134;5428236,744510743767023;8,365841863000071;49,005282558000033;08210225212010595300;0
235657;08;3;11;000;2021;02;17;5;3;0;7;1;0;0;0;0;0;0;410369,505994476727210;5317074,786906735971570;7,798421435000023;48,000684386000046;08210225311010599120;0
235658;08;3;25;009;2021;02;14;5;2;0;7;1;0;0;0;0;0;0;467117,114238663983997;5342292,715415809303522;8,557185961000073;48,233001842000078;08210225325202599680;0
235659;08;1;16;079;2021;02;15;6;3;0;7;1;0;1;0;0;0;0;534804,261300266720355;5377941,167625649832189;9,471641877000025;48,553602229000035;08210226116400588770;0
235660;08;1;18;046;2021;02;15;7;3;0;7;1;0;0;0;0;0;0;512607,804557791561820;5412829,640481327660382;9,171920319000037;48,868299175000061;08210227118300583280;0
235661;08;1;18;051;2021;02;14;7;3;0;7;1;0;0;0;1;0;0;510903,771846664370969;5413362,523312783800066;9,148698381000031;48,873125179000056;08210227118300584820;0
235662;08;1;28;115;2021;02;15;7;3;6;6;1;0;1;0;0;0;0;548269,501768709276803;5495821,338526040315628;9,668178700000055;49,613029096000048;08210227128200597730;0
235663;08;1;11;000;2021;02;14;1;2;0;7;1;0;0;0;0;0;0;515123,138742400915362;5404267,193203515373170;9,205903412000055;48,791216655000028;08210228111240584470;0
235664;08;2;21;000;2021;02;03;1;3;0;1;1;0;0;0;0;2;0;476232,711776677402668;5475565,283217700198293;8,672208648000037;49,432293781000055;08210228221300596880;0
235665;08;1;16;019;2021;03;14;2;2;0;1;1;0;0;0;0;0;0;521467,533215426898096;5399005,514326022937894;9,292007560000059;48,743696637000028;08210301116100615890;0
235666;08;1;26;011;2021;03;14;2;2;0;7;1;0;0;0;0;0;0;527070,818604803294875;5447415,492476576939225;9,371443429000067;49,178949769000042;08210301126200608710;0
235667;08;1;16;077;2021;03;16;3;3;4;1;1;0;0;0;0;0;0;514081,620043000904843;5391717,112014610320330;9,191294276000065;48,678340807000041;08210302116010614010;0
235668;08;2;36;038;2021;03;18;3;3;0;7;1;0;0;0;1;1;0;484719,654482438985724;5428137,583412962965667;8,791063148000035;49,005944061000037;08210302231102629630;0
235669;08;1;25;065;2021;03;19;4;3;0;7;1;0;0;0;0;2;0;515704,341240370995365;5448314,745153050869703;9,215518710000026;49,187435091000054;08210303121500619590;0
235670;08;4;16;041;2021;03;15;4;3;0;1;1;0;0;0;0;0;0;499661,342329081846401;5374387,184101753868163;8,995413567000071;48,522595291000073;08210303416200605490;0
235671;08;1;11;000;2021;03;11;5;3;0;7;1;0;0;0;0;0;0;512522,896687945001759;5401209,548602615483105;9,170407846000046;48,763768116000051;08210304111130606440;0
235672;08;2;26;091;2021;03;13;6;3;6;2;1;0;1;0;0;0;0;493691,560948372760322;5460746,158823750913143;8,913230084000077;49,299427089000062;08210305226500608450;0
235673;08;3;11;000;2021;03;19;6;3;8;1;1;0;0;0;0;2;0;413587,921241160598584;5318041,731556578539312;7,841363116000025;48,009825540000065;08210305311010636950;0
235674;08;1;25;046;2021;03;15;1;2;0;1;1;0;0;0;0;0;0;521812,516800375655293;5433831,322129496373236;9,298560183000063;49,056965474000037;08210307121600610990;0
235675;08;3;26;074;2021;03;10;3;3;6;6;1;0;1;0;0;0;0;465460,213180255144835;5323045,385230145417154;8,536436186000060;48,059752040000035;08210309326200672560;0
235676;08;1;19;067;2021;03;17;4;3;0;7;1;0;1;0;0;0;0;540393,963116399361752;5406202,979649955406785;9,550147846000073;48,807501951000063;08210310119300627800;0
235677;08;1;21;000;2021;03;18;4;3;0;7;1;0;1;0;0;2;0;514940,660477604891639;5446187,913943817839026;9,204959389000066;49,168322728000078;08210310121300639250;0
235678;08;2;37;074;2021;03;10;4;2;0;1;1;0;0;0;0;0;0;471803,824223006260581;5369751,404475022107363;8,618457401000057;48,480257683000048;08210310231000629180;1
235679;08;3;26;074;2021;03;13;5;3;0;1;1;0;0;0;0;0;0;455195,373180204303935;5315465,874587929807603;8,399469781000050;47,990923439000028;08210311325000629100;1
235680;08;2;21;000;2021;03;18;6;3;1;5;1;0;0;0;0;0;0;475504,067538352101110;5474569,567484556697309;8,662221079000062;49,423308607000081;08210312221300649470;0
235681;08;1;11;000;2021;03;18;7;2;0;7;1;0;0;0;0;1;0;515048,136434855638072;5404709,210940451361239;9,204898445000026;48,795194814000070;08210313111500631670;1
235682;08;3;11;000;2021;03;14;2;3;5;3;1;0;0;0;0;0;0;414466,402254392392933;5315863,969386492855847;7,853573736000044;47,990353920000075;08210315311010659490;0
235683;08;1;36;088;2021;03;16;3;3;6;6;1;0;1;0;0;0;0;578309,770262670936063;5409742,249231530353427;10,067149090000044;48,835714528000040;08210316136100651760;0
235684;08;3;25;057;2021;03;22;4;3;8;7;1;0;0;0;0;2;0;474580,881154075264931;5357298,193199619650841;8,656790123000064;48,368342568000060;08210317325102641520;1
235685;08;3;35;043;2021;03;12;6;3;0;1;1;0;0;0;0;0;0;513142,420453594881110;5280013,535487243905663;9,175080247000039;47,673378961000026;08210319335100645130;0
235686;08;3;17;031;2021;03;16;2;3;0;1;1;0;0;0;0;0;0;417990,842827013577335;5358559,745524125173688;7,892560476000028;48,374873925000031;08210322317300642430;0
235687;08;1;16;078;2021;03;07;4;3;0;1;1;0;0;0;0;0;0;512304,761072449968196;5391945,037233626469970;9,167163119000065;48,680428793000033;08210324116200657900;0
235688;08;2;25;058;2021;03;15;4;3;8;1;1;0;0;0;0;0;0;508930,876290522399358;5465794,977863138541579;9,122953375000066;49,344808966000073;08210324225100647370;0
235689;08;3;37;030;2021;03;18;4;3;0;7;1;0;0;0;1;1;0;459796,816118979302701;5275497,993322458118200;8,464848621000044;47,631634735000034;08210324337010669730;0
235690;08;2;26;037;2021;03;16;5;3;3;3;1;0;0;0;1;0;0;466579,283653359510936;5468984,324987141415477;8,539629051000077;49,372646071000077;08210325226400667680;0
235691;08;3;16;056;2021;03;09;5;3;0;7;1;0;0;0;1;0;0;419839,848045852850191;5326395,724422018975019;7,923609865000060;48,085788903000036;08210325316200677100;0
235692;08;4;16;049;2021;03;15;5;2;0;1;1;0;0;0;0;0;0;489185,436181376862805;5371543,532356868498027;8,853612573000021;48,496919713000068;08210325416100649440;0
235693;08;1;17;051;2021;03;17;6;2;5;2;1;0;0;1;0;0;0;542904,218064076034352;5393446,011252782307565;9,583005446000072;48,692577884000059;08210326117010674540;0
235694;08;1;18;081;2021;03;17;6;3;0;7;1;0;0;0;0;0;0;521113,668905557889957;5412740,330313262529671;9,287900653000065;48,867264502000069;08210326118300674940;0
235695;08;2;26;105;2021;03;15;6;3;0;7;1;0;0;0;0;0;0;470864,784842338180169;5478746,106543092057109;8,597943648000069;49,460670787000026;08210326222014674220;0
235696;08;3;36;050;2021;03;15;6;3;4;6;1;0;1;0;0;0;0;400445,299082554760389;5276381,820425731129944;7,674762510000050;47,633180654000057;08210326311010676440;0
235697;08;3;35;002;2021;03;10;6;3;0;1;1;0;0;0;0;0;0;504907,445723833283409;5285127,390218392945826;9,065433519000067;47,719506634000027;08210326335100675920;0
235698;08;1;21;000;2021;03;17;1;2;0;7;1;0;0;0;0;0;0;512724,771690572029911;5445322,056161317043006;9,174534107000056;49,160584014000051;08210328121300654460;0
235699;08;1;28;139;2021;03;13;1;2;6;6;1;0;1;0;0;0;0;551938,474953588563949;5492366,995197031646967;9,718506396000066;49,581656551000037;08210328128200677500;0
235700;08;4;16;015;2021;03;18;1;3;8;1;1;0;0;0;1;0;0;506419,693565412308089;5365835,047694336622953;9,086810308000054;48,445623978000071;08210328416010682360;0
235701;08;1;11;000;2021;03;14;2;3;0;7;1;0;1;0;0;0;0;517823,862164344114717;5410377,507149742916226;9,242939264000029;48,846112389000041;08210329111500965550;0
235702;08;1;15;050;2021;03;10;2;3;4;6;1;1;0;0;0;0;0;489665,876851973938756;5399236,702843605540693;8,859425753000039;48,746060637000028;08210329115300657700;0
235703;08;1;25;006;2021;03;13;2;2;0;7;1;0;0;0;0;0;0;505667,811354426899925;5453280,557011861354113;9,077852635000056;49,232278848000078;08210329121100660700;0
235704;08;2;26;105;2021;03;08;2;3;5;3;1;0;0;0;0;0;0;472064,312376826361287;5477181,696739319711924;8,614606672000036;49,446655741000029;08210329222400680750;0
235705;08;2;35;080;2021;03;16;2;2;0;7;1;0;0;0;0;0;0;481491,861903457960580;5385901,744504905305803;8,748833410000032;48,625909779000040;08210329235200674190;0
235706;08;1;11;000;2021;03;16;3;3;4;7;1;0;0;0;0;0;0;513440,849409641814418;5402963,889898529276252;9,182956340000032;48,779530899000065;08210330111500676250;0
235707;08;1;11;000;2021;03;08;3;3;5;3;1;1;0;0;0;0;0;515087,909611217444763;5396827,522534089162946;9,205151056000034;48,724290690000032;08210330111500676610;0
235708;08;1;19;090;2021;03;13;3;3;3;6;1;0;0;0;1;0;0;532847,833204376860522;5405832,706065147183836;9,447346929000048;48,804615778000027;08210330119400676100;0
235709;08;1;36;088;2021;03;16;3;3;0;1;1;0;0;0;0;0;0;583733,459140686318278;5414909,951454946771264;10,142101432000061;48,881485344000055;08210330136100679650;0
235710;08;2;26;105;2021;03;17;3;2;4;6;1;0;0;0;0;0;0;472341,301905703498051;5476999,920337988995016;8,618440545000055;49,445033383000066;08210330221011670530;0
235711;08;3;36;069;2021;03;06;3;2;0;7;1;0;0;0;0;0;0;411131,003137143212371;5273203,412614506669343;7,817618664000065;47,606142956000042;08210330311010662750;0
235712;08;3;15;109;2021;03;19;3;3;4;2;1;1;0;0;0;0;0;422876,999529985885601;5315054,987882525660098;7,966428171000075;47,984146208000027;08210330311010669790;0
235713;08;1;17;024;2021;03;16;4;3;0;1;1;0;0;0;0;0;0;560190,577903207275085;5385716,140051452443004;9,816756293000026;48,621617818000061;08210331117200674590;0
235714;08;2;16;043;2021;03;16;4;3;0;1;1;0;0;0;0;0;0;440846,518445757101290;5411233,761955447494984;8,193652247000045;48,851251381000054;08210331216100672130;0
235715;08;2;25;058;2021;03;10;4;3;0;1;1;0;0;0;0;0;0;511222,032156486879103;5468905,028165218420327;9,154583780000053;49,372746081000059;08210331225100671810;0
235716;08;3;15;064;2021;03;13;4;3;7;1;1;0;0;0;0;0;0;419549,618999999947846;5313919,597999999299645;7,922056598000040;47,973522805000073;08210331311300953710;0
235717;08;3;35;075;2021;03;07;4;3;0;1;1;0;0;0;0;0;0;491257,752284183516167;5288737,590884112752974;8,883362644000044;47,751949176000039;08210331335300662330;0
235718;08;1;16;019;2021;04;17;5;3;0;1;1;0;0;0;0;0;0;520498,528686508769169;5400981,714026441797614;9,278925438000044;48,761506972000063;08210401116100689920;0
235719;08;3;15;113;2021;04;17;5;2;0;1;1;0;0;0;0;0;0;437020,781256159534678;5305216,251284537836909;8,157393511000066;47,897183047000055;08210401311500694780;0
235720;08;3;35;066;2021;04;17;5;3;2;6;1;0;0;0;0;0;0;505613,994554261793382;5281719,604044424369931;9,074810410000055;47,688838823000026;08210401335100689970;0
235721;08;4;15;073;2021;04;12;5;2;0;7;1;0;0;0;0;0;0;518257,069769887370057;5355594,289057331159711;9,246434790000023;48,353261177000036;08210401415300966960;0
235722;08;4;17;002;2021;04;15;5;2;3;2;1;1;0;0;0;0;0;492359,886378875235096;5341943,210654919035733;8,897119981000060;48,230664069000056;08210401417010685970;0
235723;08;2;22;000;2021;04;19;6;3;5;3;1;1;0;0;0;1;0;464148,462402805278543;5481984,339052013121545;8,504970445000026;49,489437896000027;08210402222014699850;0
235724;08;3;15;098;2021;04;18;6;3;6;6;1;0;1;0;0;0;0;407696,487182800367009;5312132,462999213486910;7,763657715000022;47,955847204000065;08210402311300698970;0
235725;08;3;17;096;2021;04;21;6;3;8;1;1;0;0;0;0;2;0;421276,973693386942614;5368674,046739123761654;7,935028864000060;48,466270349000069;08210402317500686720;0
235726;08;3;27;049;2021;04;18;6;2;7;7;1;0;0;0;1;0;0;474018,154327197233215;5322004,303532981313765;8,651354307000076;48,050791472000071;08210402327200711880;0
235727;08;4;16;041;2021;04;00;6;1;9;1;1;0;0;0;0;2;0;507772,564241216052324;5374962,274613099172711;9,105274281000050;48,527720971000065;08210402416010686230;0
235728;08;4;16;022;2021;04;15;6;2;4;6;1;0;0;0;0;0;0;510499,905654593021609;5376145,485534643754363;9,142244042000073;48,538325811000050;08210402416010690110;0
235729;08;3;35;043;2021;04;09;7;3;0;1;1;0;0;0;0;0;0;514813,308598834672011;5280418,740627133287489;9,197353045000057;47,676988729000072;08210403335100687400;0
235730;08;4;16;041;2021;04;15;7;2;6;6;1;0;1;0;0;0;0;505990,994373674446251;5377909,932336407713592;9,081186513000034;48,554258602000061;08210403416010698390;0
235731;08;1;15;041;2021;04;13;1;3;0;1;1;0;0;0;0;0;0;493260,881525544333272;5403324,110711115412414;8,908261282000069;48,782880131000070;08210404115300688480;0
235732;08;1;18;012;2021;04;13;1;2;0;1;1;0;0;0;0;0;0;493920,938198430580087;5416487,520313266664743;8,917051218000040;48,901303052000060;08210404118010689230;0
235733;08;1;25;107;2021;04;15;1;3;0;1;1;0;0;0;0;0;0;534830,535980845103040;5439590,187981581315398;9,477235994000068;49,108169019000059;08210404121600706880;0
235734;08;2;11;000;2021;04;12;1;3;9;1;1;0;0;0;0;0;0;444825,871592105599120;5399946,511982864700258;8,249408114000062;48,750087416000042;08210404211100689000;0
235735;08;2;21;000;2021;04;19;1;3;4;6;1;0;0;0;0;1;0;476319,335215260740370;5473239,660109493881464;8,673542115000032;49,411378623000076;08210404221011688840;0
235736;08;3;15;041;2021;04;15;1;2;0;7;1;0;0;0;0;0;0;420011,429528516135179;5322700,049006953835487;7,926605047000066;48,052566025000033;08210404311010688990;0
235737;08;4;37;005;2021;04;14;1;3;9;1;1;0;0;0;0;0;0;501395,235622912761755;5325166,833784583024681;9,018732915000044;48,079772462000051;08210404437200703810;0
235738;08;1;15;028;2021;04;11;2;3;0;7;1;0;0;0;0;0;0;497900,916693339881022;5406601,884861957281828;8,971408690000032;48,812399733000063;08210405115300689170;0
235739;08;2;31;000;2021;04;12;2;3;0;1;1;0;0;0;0;0;0;479396,734331642801408;5408209,586787422187626;8,719286893000060;48,826524240000026;08210405231000688760;0
235740;08;3;36;050;2021;04;12;2;2;0;7;1;0;0;0;0;0;0;398345,195309755799826;5276414,863545577973127;7,646806944000048;47,633151587000043;08210405311010689340;0
235741;08;1;16;078;2021;04;17;6;3;5;3;1;1;0;0;0;0;0;512804,634491409931798;5393619,315837284550071;9,174005872000066;48,695480657000076;08210409116200713910;0
235742;08;3;36;081;2021;04;13;6;3;0;1;1;0;0;0;0;0;0;411773,399040601332672;5277944,917052449658513;7,825208205000024;47,648884737000060;08210409336300705620;0
235743;08;4;16;041;2021;04;18;6;2;0;1;1;0;0;0;0;0;0;500799,302843086072244;5372154,972729999572039;9,010820662000071;48,502513049000072;08210409416010705080;0
235744;08;2;16;033;2021;04;15;7;3;0;4;1;0;1;0;0;0;0;447694,247404614230618;5412883,271816931664944;8,286777888000074;48,866703963000077;08210410216300718190;0
235745;08;3;11;000;2021;04;16;7;2;4;6;1;0;1;0;0;0;0;411609,551394619455095;5316329,414396830834448;7,815195205000066;47,994152229000065;08210410311010709300;0
235746;08;4;15;061;2021;04;20;7;3;5;1;1;1;0;0;0;2;0;516444,223000000230968;5370215,611999999731779;9,222538493000059;48,484851146000040;08210410415400729010;0