OID_;ULAND;UREGBEZ;UKREIS;UGEMEINDE;UJAHR;UMONAT;USTUNDE;UWOCHENTAG;UKATEGORIE;UART;UTYP1;IstRad;IstPKW;IstFuss;IstKrad;IstSonstige;ULICHTVERH;IstGkfz;LINREFX;LINREFY;XGCSWGS84;YGCSWGS84;UIDENTSTLAE;IstStrassenzustand
235747;08;1;15;021;2021;04;15;1;3;0;7;1;0;0;0;0;0;0;495282,792893261415884;5380776,081278967671096;8,936042602000043;48,580054187000030;08210411115200709670;0
235748;08;1;17;049;2021;04;12;1;2;8;1;1;0;0;0;0;0;0;556611,810999999754131;5391789,025000000372529;9,769029171000057;48,676579710000055;08210411117010747520;0
235749;08;1;25;027;2021;04;14;1;2;0;1;1;0;0;0;0;0;0;517321,065322132606525;5446241,935774105601013;9,237616376000062;49,168746097000053;08210411121500710920;0
235750;08;2;25;091;2021;04;17;1;3;0;1;1;0;0;0;0;0;0;523622,875169501057826;5475726,900593227706850;9,325809313000036;49,433753124000077;08210411225200708280;0
235751;08;3;11;000;2021;04;12;1;2;0;7;1;0;0;0;0;0;0;417533,131025598966517;5315809,715416577644646;7,894680153000024;47,990268717000049;08210411311010697450;0
235752;08;3;15;064;2021;04;12;1;3;3;6;1;0;0;0;0;0;0;420347,026827287103515;5314357,117482194676995;7,932657905000042;47,977558347000070;08210411311010710410;0
235753;08;4;15;060;2021;04;16;1;3;0;1;1;0;0;0;0;0;0;513792,874787729117088;5380033,077692821621895;9,186983083000030;48,573235865000072;08210411415400708230;0
235754;08;4;36;064;2021;04;18;1;3;0;7;1;0;0;0;0;0;0;548242,640980759751983;5291531,274277106858790;9,643933704000062;47,775338486000066;08210411436200698940;0
235755;08;2;35;046;2021;04;16;2;3;1;7;1;1;0;0;0;0;0;479886,954902224766556;5377753,512498482130468;8,727448596000045;48,552557435000040;08210412235200717660;0
235756;08;2;12;000;2021;04;19;3;3;0;7;1;0;0;0;0;0;0;450250,881727275555022;5431450,707208062522113;8,319368511000050;49,033929532000059;08210413212502714520;0
235757;08;1;11;000;2021;04;11;5;2;0;1;1;0;0;0;0;0;0;517482,041979888221249;5409284,291897806338966;9,238233651000030;48,836287780000077;08210415111330707010;0
235758;08;1;16;019;2021;04;08;5;2;0;1;1;0;0;0;0;0;0;524089,671801203745417;5397189,277162143960595;9,327567900000076;48,727262081000049;08210415116100727590;0
235759;08;3;11;000;2021;04;16;6;3;4;6;1;0;0;0;0;0;0;410165,698850323096849;5315477,932088178582489;7,796024073000069;47,986291737000045;08210416311010736800;0
235760;08;4;26;064;2021;04;19;6;2;0;1;1;0;0;0;0;2;0;541175,058024883037433;5326498,693566489964724;9,552945647000058;48,090426469000079;08210416426300731770;0
235761;08;3;11;000;2021;04;09;2;3;5;3;1;0;0;0;0;0;0;410998,941356273484416;5314602,575408261269331;7,807370236000054;47,978534167000078;08210419311010742200;0
235762;08;3;16;011;2021;04;07;2;2;5;3;1;0;0;0;0;0;0;415292,055779522343073;5326206,203991741873324;7,862591864000024;48,083495917000050;08210419316200743130;0
235763;08;1;11;000;2021;04;08;3;3;0;7;1;0;0;0;1;0;0;514308,251662641530856;5405597,692325277253985;9,194855045000054;48,803204954000080;08210420111310728840;0
235764;08;1;21;000;2021;04;20;3;2;0;7;1;0;0;0;0;1;0;516534,798874444211833;5439898,580941936001182;9,226569936000033;49,111707240000044;08210420121200744780;0
235765;08;1;15;028;2021;04;17;4;3;6;6;1;0;1;0;0;0;0;500862,132624639198184;5404577,075444896705449;9,011738732000026;48,794187647000058;08210421115300755230;0
235766;08;3;35;043;2021;04;13;4;2;0;1;1;0;0;0;0;0;0;513101,971844009822235;5279545,435231571085751;9,174527358000034;47,669167973000071;08210421335100718950;0
235767;08;1;11;000;2021;04;19;5;3;0;7;1;0;0;0;0;0;0;506130,957676665799227;5398668,173284601420164;9,083390548000068;48,741001702000062;08210422111210779640;0
235768;08;3;11;000;2021;04;08;5;3;3;6;1;0;0;0;0;0;0;414897,696184479515068;5315880,097438076511025;7,859350079000023;47,990556540000057;08210422311010778070;0
235769;08;4;35;034;2021;04;12;5;3;0;7;1;0;0;0;0;0;0;527647,239792813430540;5285876,625492265447974;9,368678733000024;47,725674423000044;08210422435200735440;0
235770;08;1;11;000;2021;04;16;6;3;4;7;1;0;0;0;0;0;0;515624,856090080633294;5405264,148901418782771;9,212772233000067;48,800172739000061;08210423111320761170;0
235771;08;1;15;021;2021;04;17;6;3;0;7;1;0;0;0;0;0;0;491259,907130845589563;5384281,307542562484741;8,881425357000069;48,611544801000036;08210423115200726760;0
235772;08;1;18;046;2021;04;07;6;3;5;3;1;1;0;0;0;0;0;513586,627887659880798;5410689,265988245606422;9,185196462000022;48,849024140000040;08210423118300768570;0
235773;08;1;36;044;2021;04;10;6;3;0;7;1;0;0;0;0;0;0;559340,008000000379980;5407853,755999999120831;9,808400737000056;48,820830497000031;08210423136300754390;0
235774;08;2;15;109;2021;04;19;6;3;0;7;1;0;0;0;0;0;0;461714,996075219241902;5434788,454017301090062;8,475888855000051;49,064771561000043;08210423215102776930;0
235775;08;2;26;098;2021;04;16;6;3;0;7;1;0;0;0;0;0;0;478468,102119508141186;5460273,587809614837170;8,703865205000056;49,294829378000031;08210423226095735250;0
235776;08;2;26;059;2021;04;07;6;3;0;7;1;0;0;0;0;0;0;465826,900189897278324;5460825,833002489060163;8,529964652000046;49,299220437000031;08210423226200742340;0
235777;08;2;36;040;2021;04;07;6;3;4;6;1;0;0;0;0;0;0;487750,086951109929942;5421466,320677168667316;8,832700714000055;48,945999537000034;08210423231102775910;0
235778;08;2;35;008;2021;04;18;6;2;0;1;1;0;0;0;0;0;0;485629,650846582953818;5401931,089856989681721;8,804427510000039;48,770219138000073;08210423235100764300;0
235779;08;3;15;074;2021;04;17;6;3;0;1;1;0;0;0;0;0;0;394673,150657561607659;5296247,112000212073326;7,593145203000063;47,810954155000047;08210423311400725240;0
235780;08;3;17;096;2021;04;10;6;3;5;2;1;0;0;0;0;0;0;422000,599756334559061;5369602,936489121988416;7,944643133000056;48,474715797000044;08210423317500733310;0
235781;08;1;11;000;2021;04;17;7;3;6;7;1;0;1;0;0;0;0;507164,675005123310257;5398398,828342895954847;9,097446006000041;48,738567639000053;08210424111500759650;0
235782;08;1;18;011;2021;04;15;7;2;0;7;1;0;0;0;0;0;0;499858,825268556945957;5410398,366541611962020;8,998075772000050;48,846555971000043;08210424118000733740;0
235783;08;1;25;056;2021;04;17;7;3;0;1;1;0;0;0;0;0;0;510061,114704246516339;5437929,462179776281118;9,137814851000030;49,094134181000072;08210424121400760130;0
235784;08;2;12;000;2021;04;11;7;3;5;3;1;0;0;0;1;0;0;455245,003015974129084;5426614,051541137509048;8,388223488000051;48,990806157000065;08210424212010728150;0
235785;08;4;15;061;2021;04;14;7;3;0;1;1;0;0;0;0;0;0;516989,677732533309609;5375521,955047018826008;9,230136085000026;48,532574170000032;08210424415400764320;0
235786;08;4;35;067;2021;04;17;7;2;0;1;1;0;0;0;0;0;0;533213,715647169621661;5296848,440184906125069;9,443745242000034;47,824128359000042;08210424436200728570;0
235787;08;1;15;050;2021;04;12;1;3;4;6;1;0;0;0;0;0;0;491153,273677192686591;5401311,604409702122211;8,879614051000033;48,764749316000064;08210425115300752180;0
235788;08;1;16;081;2021;04;19;1;3;8;1;1;0;0;0;0;0;0;520319,595096895180177;5385511,439674422144890;9,275729742000067;48,622342327000069;08210425116500728390;0
235789;08;1;17;015;2021;04;18;1;2;0;1;1;0;0;0;0;0;0;558530,488349628518336;5391065,872107245028019;9,794988041000067;48,669897832000061;08210425117010730770;0
235790;08;1;15;045;2021;04;20;1;3;0;7;1;0;0;0;0;0;0;502874,009911590954289;5395249,106536138802767;9,039067185000022;48,710267166000051;08210425118010764910;0
235791;08;1;18;048;2021;04;14;1;3;0;1;1;0;0;0;0;0;0;520709,198597754468210;5418420,090952056460083;9,282673369000065;48,918371422000064;08210425118400765280;0
235792;08;1;19;061;2021;04;11;1;2;4;6;1;0;0;0;0;0;0;538591,625236679217778;5413354,815736838616431;9,526275484000053;48,871950744000060;08210425119010765660;0
235793;08;1;19;091;2021;04;20;1;3;8;1;1;0;0;0;0;1;0;526179,388694194494747;5405067,377197955735028;9,356484225000031;48,798047728000029;08210425119400748530;0
235794;08;1;21;000;2021;04;16;1;3;0;1;1;0;0;0;0;0;0;518102,676368697138969;5442963,675574519671500;9,248191318000067;49,139234634000047;08210425121200729380;0
235795;08;1;28;007;2021;04;15;1;3;0;1;1;0;0;0;0;0;0;556644,956764614675194;5482438,707101253792644;9,782182291000026;49,491939695000042;08210425128100731120;0
235796;08;2;22;000;2021;04;11;1;3;0;1;1;0;0;0;0;0;0;468744,694821029843297;5478998,180482551455498;8,568668047000074;49,462832707000075;08210425222400728870;0
235797;08;2;26;082;2021;04;13;1;2;0;1;1;0;0;0;0;0;0;477702,361156245809980;5480916,707260256633162;8,692175977000034;49,480484296000043;08210425226600746650;0
235798;08;3;36;069;2021;04;16;1;1;2;2;1;0;0;0;0;0;0;408516,707251476240344;5272959,376050262711942;7,782894975000033;47,603583910000054;08210425311010760010;0
235799;08;3;17;040;2021;04;11;1;3;0;7;1;0;0;0;0;0;0;433230,501630173879676;5347714,457904895767570;8,100043312000025;48,279111332000070;08210425317600728740;0
235800;08;3;27;049;2021;04;11;1;3;0;7;1;0;0;0;1;0;0;474476,538493579719216;5323215,346540065482259;8,657432898000025;48,061705651000068;08210425327200748820;0
235801;08;3;36;084;2021;04;15;1;3;2;6;1;0;0;0;0;0;0;404508,556421674438752;5276996,189073809422553;7,728703083000028;47,639319228000033;08210425336100753930;0
235802;08;4;16;015;2021;04;13;1;2;0;1;1;0;0;0;0;0;0;508494,857935108419042;5367445,071813521906734;9,114904343000035;48,460083903000054;08210425416200729310;0
235803;08;4;21;000;2021;04;12;1;3;8;1;1;0;0;0;0;0;0;569528,136050015920773;5361898,756839870475233;9,939476094000042;48,406408381000062;08210425421300728180;0
235804;08;1;16;033;2021;04;10;2;3;0;3;1;1;0;0;0;0;0;530211,145248399232514;5389853,798806097358465;9,410268284000040;48,661006420000035;08210426116400966600;0
235805;08;1;17;049;2021;04;16;2;3;0;6;1;0;0;0;0;0;0;555984,509867824614048;5392515,699905685149133;9,760606957000050;48,683172954000042;08210426117100755140;0
235806;08;1;18;079;2021;04;11;2;3;5;3;1;1;0;0;0;0;0;508511,815746547363233;5420489,170089066028595;9,116227134000042;48,937272139000072;08210426118100814460;0
235807;08;4;16;041;2021;04;07;2;3;5;3;1;0;0;1;0;0;0;500727,222042192239314;5372102,047388611361384;9,009844767000061;48,502036999000040;08210426416200775470;0
235808;08;1;15;053;2021;04;14;3;2;0;1;1;0;0;0;0;0;0;483952,962833392666653;5377430,321335346437991;8,782558966000067;48,549767168000074;08210427115200768080;0
235809;08;1;16;072;2021;04;16;3;3;6;4;1;0;1;0;0;0;0;531723,090732176206075;5391433,965193439275026;9,430921145000070;48,675146456000050;08210427116400771900;0
235810;08;1;19;020;2021;04;09;3;3;0;7;1;0;0;0;1;0;0;519340,067304581636563;5406456,274056709371507;9,263419957000053;48,810792403000050;08210427119200766420;0
235811;08;1;35;019;2021;04;15;3;3;0;1;1;0;0;0;0;0;0;585192,955853104824200;5394074,477711418643594;10,157684991000053;48,693890056000043;08210427135200733940;0
235812;08;3;37;116;2021;04;18;3;3;0;1;1;0;0;0;1;0;0;417685,258193230663892;5270471,103420371189713;7,905317246000038;47,582428218000075;08210427336100752610;0
235813;08;3;37;123;2021;04;17;3;2;0;1;1;0;0;0;1;0;0;451768,617419954738580;5277839,009372279047966;8,357732141000042;47,652149053000073;08210427337010765540;0
235814;08;4;16;041;2021;04;17;3;3;5;6;1;0;0;0;0;0;0;503273,382189953466877;5373408,719263497740030;9,044323650000024;48,513784215000044;08210427416200769590;0
235815;08;1;11;000;2021;04;18;4;3;2;7;1;0;0;0;0;0;0;513525,072239080851432;5402835,788482297211885;9,184098557000027;48,778376684000079;08210428111500740230;0
235816;08;1;26;046;2021;04;14;4;3;5;3;1;0;0;0;0;0;0;549811,425534365815111;5458606,442349297925830;9,684843176000072;49,278183058000081;08210428126100778570;0
235817;08;2;15;017;2021;04;17;4;3;0;7;1;0;0;0;0;0;0;458257,168161797802895;5423551,988124351017177;8,429710248000049;48,963473240000042;08210428212402771980;0
235818;08;3;35;063;2021;04;15;4;3;0;1;1;0;0;0;0;0;0;495092,880827431799844;5288127,021241944283247;8,934537018000071;47,746496122000053;08210428335200743480;0
235819;08;1;15;045;2021;04;17;5;2;0;7;1;0;0;0;0;0;0;503535,333342885831371;5397589,554891714826226;9,048076789000049;48,731318561000080;08210429115400762360;0
235820;08;1;18;046;2021;04;13;6;3;9;1;1;0;0;0;0;0;0;514489,379841898567975;5414455,406502398662269;9,197634977000064;48,882883064000055;08210430118300752660;1
235821;08;2;12;000;2021;04;20;6;3;9;7;1;0;0;0;0;2;0;462704,127220382331870;5428249,903060691431165;8,490030812000043;49,006016655000053;08210430212102862900;0
235822;08;2;26;062;2021;04;18;6;3;0;1;1;0;0;0;0;0;0;469691,183572122128680;5467102,629774312488735;8,582637551000062;49,355883337000080;08210430226400758280;0
235823;08;1;16;054;2021;05;19;7;3;0;1;1;0;0;0;0;0;0;532644,378276432747953;5382327,814094724133611;9,442718061000051;48,593180749000055;08210501116400801620;1
235824;08;1;25;021;2021;05;15;7;2;0;1;1;0;0;0;0;0;0;523893,142283642489929;5449386,617266949266195;9,327959947000068;49,196812383000065;08210501121500780520;1
235825;08;2;31;000;2021;05;13;7;3;0;1;1;0;0;0;0;0;0;477004,054288387356792;5413294,516953576356173;8,686402329000032;48,872182852000037;08210501231000780200;1
235826;08;1;18;053;2021;05;14;1;3;6;7;1;0;1;0;0;0;0;514733,374585380661301;5427608,528664730489254;9,201438661000054;49,001198220000049;08210502118500787700;1
235827;08;1;25;086;2021;05;12;1;2;0;1;1;0;0;0;0;0;0;505240,150254453881644;5443284,112375790253282;9,071848000000045;49,142361479000044;08210502121400781330;0
235828;08;4;25;039;2021;05;18;1;3;8;1;1;0;0;0;0;0;0;567286,203219297807664;5351555,989326181821525;9,907532505000063;48,313613472000043;08210502421300790840;0
235829;08;3;17;096;2021;05;19;2;3;0;1;1;0;0;0;0;0;0;422872,911645135027356;5368827,629834409803152;7,956586747000074;48,467849559000058;08210503317500806300;0
235830;08;3;36;069;2021;05;06;2;3;4;6;1;0;0;0;0;2;0;409248,967890547472052;5269948,556925287470222;7,793257673000028;47,576602022000031;08210503336200794100;0
235831;08;1;16;078;2021;05;13;3;2;0;7;1;0;0;0;0;0;0;510902,263700330979191;5392147,442448731511831;9,148115266000048;48,682275718000028;08210504116200782230;0
235832;08;4;21;000;2021;05;08;5;3;0;1;1;0;0;0;0;0;0;571474,414295605150983;5360332,903289560228586;9,965504104000047;48,392105376000075;08210506421300800460;1
235833;08;2;12;000;2021;05;17;7;3;6;7;1;0;1;0;0;0;0;459883,473864219908137;5429142,603981985710561;8,451375865000045;49,013869765000038;08210508212010789100;0
235834;08;2;15;108;2021;05;16;7;3;2;6;1;0;0;0;1;0;0;453661,421063511224929;5421822,932144422084093;8,367123839000044;48,947592680000071;08210508212702799210;0
235835;08;3;35;043;2021;05;10;7;3;0;1;1;0;0;0;0;0;0;513180,028078976669349;5279635,832679492421448;9,175569845000041;47,669979753000064;08210508335100805250;0
235836;08;3;35;043;2021;05;14;7;2;0;1;1;0;0;0;0;0;0;514031,002502356248442;5281670,505230863578618;9,186970926000072;47,688269108000043;08210508335100809310;0
235837;08;4;35;030;2021;05;13;7;3;3;7;1;0;0;0;0;0;0;542113,091383840539493;5275656,634298375807703;9,560588519000021;47,632940678000068;08210508435100788970;0
235838;08;1;17;010;2021;05;12;1;3;0;1;1;0;0;0;0;0;0;564049,814061439130455;5393933,443206331692636;9,870389797000030;48,695150149000028;08210509117200800060;0
235839;08;1;35;019;2021;05;18;1;2;0;1;1;0;0;0;0;0;0;582101,385661107953638;5391740,462017143145204;10,115218544000072;48,673311425000065;08210509135200789250;0
235840;08;4;15;059;2021;05;17;1;3;8;6;1;0;0;0;1;0;0;515760,958991733379662;5366865,574037288315594;9,213165731000061;48,454730416000075;08210509416010800430;0
235841;08;4;35;034;2021;05;08;1;3;0;7;1;0;0;0;0;0;0;524901,198824095074087;5283860,572145500220358;9,331945438000048;47,707646815000032;08210509435200807430;0
235842;08;4;36;011;2021;05;16;1;3;0;1;1;0;0;0;0;0;0;546605,700093471794389;5296723,886637313291430;9,622643435000043;47,822176772000034;08210509436400788560;0
235843;08;4;37;078;2021;05;14;1;3;0;7;1;0;0;0;0;0;0;505869,683485514484346;5315838,291359439492226;9,078680470000052;47,995816955000066;08210509437200789170;0
235844;08;4;37;031;2021;05;19;1;3;0;7;1;0;0;0;0;0;0;523280,889458844088949;5342798,059985907748342;9,313539933000072;48,237973534000048;08210509437200789210;0
235845;08;1;11;000;2021;05;09;2;2;0;1;1;0;0;0;0;0;0;512525,507545839645900;5401214,853541802614927;9,170443535000061;48,763815786000066;08210510111110790520;0
235846;08;1;25;026;2021;05;12;2;2;0;7;1;0;0;0;0;0;0;495332,198159051011316;5445104,471978243440390;8,935978401000057;49,158740913000031;08210510121100801730;0
235847;08;1;25;098;2021;05;17;2;3;0;7;1;0;0;0;0;0;0;520150,684928517555818;5438656,509524671360850;9,276054484000042;49,100426510000034;08210510121600802820;0
235848;08;3;36;091;2021;05;07;2;3;4;6;1;0;0;0;0;0;0;396099,677442431915551;5273147,691813657060266;7,617699254000058;47,603406412000027;08210510311010794300;0
235849;08;4;16;036;2021;05;15;2;3;5;3;1;1;0;0;0;0;0;495466,550149140181020;5368940,362697262316942;8,938662757000031;48,473577232000025;08210510416100801850;0
235850;08;4;37;100;2021;05;12;2;3;0;7;1;0;0;0;0;0;0;537182,867212300654501;5318123,951881512068212;9,498608254000033;48,015326366000068;08210510437100824640;0
235851;08;4;25;031;2021;05;20;3;2;8;1;1;0;0;0;0;0;0;567738,988952823332511;5370363,770598269999027;9,916673421000041;48,482748869000034;08210511117010812910;1
235852;08;1;11;000;2021;05;13;5;3;0;7;1;0;0;0;0;0;0;514204,756076765246689;5404255,414033469744027;9,193399188000058;48,791132349000065;08210513111120811000;0
235853;08;1;11;000;2021;05;11;5;3;6;7;1;0;1;0;0;0;0;506774,915568438009359;5406323,756716429255903;9,092275497000060;48,809864330000039;08210513111500808670;0
235854;08;1;18;081;2021;05;11;5;3;4;1;1;0;0;0;0;0;0;519979,474911997152958;5413458,924390736967325;9,272470356000042;48,873766349000050;08210513118300836350;0
235855;08;1;26;045;2021;05;13;5;2;8;1;1;0;0;0;0;0;0;544097,469357653986663;5470159,049447197467089;9,607566007000059;49,382532960000049;08210513126100808740;0
235856;08;1;27;076;2021;05;20;5;3;0;1;1;0;0;0;0;0;0;561434,313822406460531;5438589,837661976926029;9,841567310000073;49,097089194000034;08210513127100830500;0
235857;08;1;35;015;2021;05;16;5;2;9;1;1;0;0;0;0;0;0;574418,217534647672437;5388392,360043302178383;10,010270538000043;48,644159068000079;08210513135010799170;0
235858;08;2;36;074;2021;05;18;5;2;0;7;1;0;0;0;0;0;0;474414,837017865618691;5420609,290270616300404;8,650635220000026;48,937882181000077;08210513231000799320;0
235859;08;4;16;036;2021;05;09;5;3;0;1;1;0;0;0;0;0;0;494071,425706945592538;5364537,483639779500663;8,919849212000031;48,433955278000042;08210513416100819710;0
235860;08;1;25;069;2021;05;12;6;3;3;1;1;0;0;0;0;0;0;525938,550186312641017;5452987,249564671888947;9,356267575000061;49,229117332000044;08210514121500800330;0
235861;08;3;35;043;2021;05;16;6;2;0;1;1;0;0;0;0;0;0;512812,765489600424189;5279675,318971805274487;9,170678758000065;47,670342419000065;08210514335100825510;0
235862;08;3;35;043;2021;05;23;6;2;0;1;1;0;0;0;0;2;0;513359,867044941172935;5278851,802517497912049;9,177941472000043;47,662921618000041;08210514335100958600;1
235863;08;4;16;025;2021;05;10;6;3;0;7;1;0;0;0;0;0;0;505932,966801526956260;5361727,030516264960170;9,080170402000022;48,408670951000033;08210514416000798270;0
235864;08;1;11;000;2021;05;11;7;3;0;7;1;0;0;0;0;0;0;509927,355600339244120;5402069,687599167227745;9,135109369000077;48,771552699000040;08210515111130813860;1
235865;08;2;25;032;2021;05;08;7;2;0;1;1;0;0;0;0;0;0;528388,763456083484925;5499061,723218353465199;9,393219987000066;49,643435788000033;08210515225200809740;0
235866;08;4;26;008;2021;05;09;7;3;5;2;1;0;0;0;1;0;0;530278,707792239496484;5330734,292933389544487;9,406922265000048;48,129144183000051;08210515426300800370;0
235867;08;1;16;080;2021;05;13;1;3;7;7;1;0;0;0;1;0;0;518144,922039689728990;5396735,484606271609664;9,246712987000024;48,723381219000032;08210516116200817820;0
235868;08;3;15;059;2021;05;12;1;2;0;1;1;0;0;0;0;0;0;399363,437672359170392;5322844,572345619089901;7,649559915000054;48,050943717000052;08210516311100837720;1
235869;08;4;26;074;2021;05;11;1;3;0;1;1;0;0;0;0;0;0;555841,163362458581105;5326216,184149818494916;9,749846701000024;48,086768518000042;08210516426100814950;1
235870;08;4;35;057;2021;05;11;1;3;7;7;1;0;0;0;1;0;0;544882,905519729247317;5280804,519282167777419;9,597985499000060;47,679071348000036;08210516435100831530;0
235871;08;1;16;020;2021;05;07;2;3;0;1;1;0;0;0;0;0;0;526026,178000000305474;5382187,787000000476837;9,352956269000060;48,592231128000037;08210517116500819230;0
235872;08;1;11;000;2021;05;12;4;2;0;7;1;0;0;0;0;0;0;509841,009502716129646;5402645,930592002347112;9,133948009000051;48,776737922000052;08210519111140810950;0
235873;08;1;11;000;2021;05;15;4;2;0;7;1;0;0;0;0;0;0;513640,870667689945549;5397776,117278832942247;9,185507096000038;48,732857594000052;08210519111210812510;0
235874;08;3;36;045;2021;05;17;4;3;3;6;1;0;0;0;0;0;0;397819,627575670019723;5282466,146333048120141;7,638397974000043;47,687501246000068;08210519336400825950;1
235875;08;1;11;000;2021;05;00;5;2;0;1;1;0;0;0;0;2;0;517117,980134464683942;5409647,194587197154760;9,233287660000030;48,839562524000030;08210520111330862380;0
235876;08;1;11;000;2021;05;14;5;3;4;7;1;0;0;0;1;0;0;515209,640700000338256;5404957,062000000849366;9,207106683000063;48,797420522000039;08210520111500832730;0
235877;08;2;22;000;2021;05;17;5;3;0;7;1;0;1;0;0;0;0;468668,915135292627383;5478391,538033980876207;8,567670304000046;49,457372271000054;08210520222000815140;0
235878;08;2;26;009;2021;05;07;5;3;2;6;1;0;0;0;0;0;0;465750,959702309046406;5470778,371112152002752;8,528064767000046;49,388737005000053;08210520222500861670;1
235879;08;3;15;074;2021;05;19;5;3;6;1;1;0;1;0;0;0;0;398535,682159281219356;5296867,081758300773799;7,644576842000049;47,817151376000027;08210520311400847280;0
235880;08;4;35;035;2021;05;16;5;3;9;1;1;0;0;0;0;0;0;541769,889649260672741;5282742,154211996123195;9,556697634000045;47,696713390000070;08210520435100826520;0
235881;08;2;35;085;2021;05;21;6;2;0;7;1;0;0;0;0;1;0;483569,875098134682048;5393774,499411235563457;8,776720467000075;48,696791750000045;08210521235100817290;0
235882;08;1;11;000;2021;05;14;7;3;0;7;1;0;0;0;0;0;0;520588,441727350174915;5403706,770223272964358;9,280285305000064;48,786018238000054;08210522111240820150;0
235883;08;1;16;056;2021;05;15;7;2;3;6;1;0;0;0;0;0;0;529467,252826457843184;5396866,938769208267331;9,400666743000045;48,724131312000054;08210522116100955880;0
235884;08;2;16;063;2021;05;14;7;3;3;6;1;0;0;0;0;0;0;426516,679642807866912;5400844,909468946978450;8,000203180000028;48,756276854000077;08210522216200818570;0
235885;08;4;16;041;2021;05;14;1;2;0;1;1;0;0;0;0;0;0;502962,201931320480071;5375936,722468801774085;9,040128037000045;48,536528586000031;08210523416010830840;0
235886;08;4;35;059;2021;05;18;1;3;0;1;1;0;0;0;0;0;0;516553,887299304420594;5289688,494550378061831;9,220894319000024;47,760351702000037;08210523435200075720;0
235887;08;4;35;052;2021;05;12;1;3;3;2;1;1;0;0;0;0;0;518304,395390150544699;5289838,878836669027805;9,244259144000068;47,761657449000040;08210523435200823290;0
235888;08;1;17;043;2021;05;11;2;3;0;1;1;0;0;0;0;0;0;552513,193656111368909;5388336,833128933794796;9,712919094000029;48,645883892000029;08210524117300823050;0
235889;08;1;18;060;2021;05;20;2;3;0;7;1;0;0;0;0;0;0;522873,982026119541842;5431004,221380259841681;9,312929222000037;49,031496038000057;08210524118500862430;0
235890;08;1;27;076;2021;05;14;2;3;0;1;1;0;0;0;0;0;0;554404,507833629962988;5439198,084343330934644;9,745359462000067;49,103222032000076;08210524127100825560;0
235891;08;1;27;073;2021;05;14;2;2;0;1;1;0;0;0;0;0;0;580105,098654673900455;5446869,232733117416501;10,098933313000032;49,169404362000080;08210524127202825260;0
235892;08;4;16;041;2021;05;13;2;3;6;7;1;0;1;0;0;0;0;501349,779431078000925;5374367,724521150812507;9,018279967000069;48,522418865000077;08210524416200847270;0
235893;08;1;16;072;2021;05;07;3;3;0;7;1;0;0;0;0;0;0;531133,623137149959803;5391898,570258595049381;9,422949133000031;48,679355660000056;08210525116400838370;0
235894;08;1;21;000;2021;05;12;5;3;6;7;1;0;1;0;0;0;0;516149,117734095547348;5443039,231935139745474;9,221410887000047;49,139968752000073;08210527121200149030;0
235895;08;1;11;000;2021;05;22;6;3;6;7;1;0;1;0;0;2;0;507223,562162606569473;5399201,586936417035758;9,098261000000036;48,745788581000056;08210528111230854150;0
235896;08;2;36;043;2021;05;11;6;3;0;7;1;0;0;0;0;0;0;468997,253846394130960;5406928,437922386452556;8,577697376000060;48,814567396000029;08210528231202837460;0
235897;08;4;15;061;2021;05;19;6;3;8;6;1;0;0;0;1;0;0;518195,555135631875601;5373778,370379057712853;9,246394218000034;48,516854587000068;08210528416010852720;0
235898;08;1;21;000;2021;05;14;7;2;0;1;1;1;0;0;0;0;0;518309,961008022597525;5444465,638465501368046;9,251101463000055;49,152739099000030;08210529121200856240;0
235899;08;1;27;076;2021;05;15;7;2;0;1;1;0;0;0;0;0;0;550158,192525553749874;5441467,394898013211787;9,687470149000035;49,123994949000064;08210529127100836760;1
235900;08;1;36;042;2021;05;14;7;3;0;1;1;0;0;0;0;0;0;552939,200651347753592;5407064,051058951765299;9,721107019000044;48,814305437000030;08210529136300838860;0
235901;08;3;15;015;2021;05;13;7;3;0;7;1;0;0;0;0;0;0;393617,837624723732006;5325553,403640193864703;7,571810032000030;48,074375800000041;08210529311100838470;0
235902;08;3;17;040;2021;05;15;7;3;0;1;1;0;0;0;0;0;0;433520,447042407875415;5347198,288188815116882;8,104032057000040;48,274498565000044;08210529317600835940;1
235903;08;3;35;043;2021;05;22;7;3;8;1;1;0;0;0;0;2;0;513068,007936080219224;5279450,841271747834980;9,174072108000075;47,668317536000075;08210529335100854260;0
235904;08;3;35;075;2021;05;19;7;3;5;2;1;0;0;0;0;0;0;487331,232795181102119;5289627,208022434264421;8,830950064000035;47,759888341000078;08210529335300862300;0
235905;08;1;11;000;2021;05;17;1;3;0;6;1;0;0;0;0;0;0;512533,219517308112700;5396174,489510251209140;9,170395140000039;48,718472604000056;08210530111500841160;0
235906;08;1;19;091;2021;05;21;1;3;0;1;1;0;0;0;0;1;0;527245,480575970490463;5405017,215173218399286;9,370997539000030;48,797550675000082;08210530119400967300;0
235907;08;1;19;068;2021;05;12;1;3;6;6;1;0;1;0;0;0;0;524985,479178004432470;5412561,644332201220095;9,340683867000052;48,865513198000031;08210530119500857310;0
235908;08;1;28;139;2021;05;12;1;3;9;1;1;0;0;0;0;0;0;547833,860347379464656;5491344,013708308339119;9,661603745000036;49,572794291000037;08210530128200839670;0