OID_;ULAND;UREGBEZ;UKREIS;UGEMEINDE;UJAHR;UMONAT;USTUNDE;UWOCHENTAG;UKATEGORIE;UART;UTYP1;IstRad;IstPKW;IstFuss;IstKrad;IstSonstige;ULICHTVERH;IstGkfz;LINREFX;LINREFY;XGCSWGS84;YGCSWGS84;UIDENTSTLAE;IstStrassenzustand
235909;08;2;16;017;2021;05;16;1;3;0;1;1;0;0;0;0;0;0;448641,906623272516299;5399575,076423358172178;8,301363806000040;48,747072646000049;08210530216300850650;0
235910;08;2;26;048;2021;05;19;1;3;6;7;1;0;1;0;0;0;0;484498,709275064698886;5465634,484344513155520;8,786597020000045;49,343233713000075;08210530226300856630;0
235911;08;2;26;054;2021;05;17;1;3;4;6;1;0;0;0;0;0;0;479692,822289809002541;5455642,417751269415021;8,720944035000059;49,253213567000046;08210530226700856190;0
235912;08;3;15;111;2021;05;14;1;3;0;1;1;0;0;0;0;0;0;402712,526419047848321;5299867,046639612875879;7,699684515000058;47,844781634000071;08210530311400841230;0
235913;08;3;17;065;2021;05;18;1;3;7;7;1;0;1;0;0;0;0;412513,291627422324382;5353373,012326195836067;7,819686328000046;48,327484985000069;08210530317300853170;0
235914;08;3;25;015;2021;05;15;1;2;0;1;1;0;0;0;0;0;0;471942,311267560580745;5345335,908940470777452;8,621960676000072;48,260612126000069;08210530325102839100;0
235915;08;3;35;025;2021;05;14;1;3;2;6;1;0;1;0;0;0;0;498458,866640863823704;5283950,269404510036111;8,979455426000072;47,708932143000027;08210530335200841650;0
235916;08;3;36;036;2021;05;15;1;3;0;7;1;0;0;0;0;0;0;410912,025203980272636;5283106,618624945171177;7,812688113000036;47,695200215000057;08210530336300849890;0
235917;08;4;16;023;2021;05;17;1;3;0;7;1;0;0;0;1;0;0;506650,816599315090571;5372008,098539851605892;9,090033866000056;48,501157009000053;08210530416200839910;0
235918;08;4;21;000;2021;05;15;1;3;0;1;1;0;0;0;0;0;0;575014,155834298930131;5363492,399326412938535;10,013877490000027;48,420114324000053;08210530421200841000;0
235919;08;4;35;016;2021;05;16;1;3;0;7;1;0;0;0;0;0;0;534342,375000000000000;5279489,995999999344349;9,457453484000041;47,667889966000075;08210530435100849860;0
235920;08;1;11;000;2021;05;17;2;3;6;7;1;0;1;0;0;0;0;516280,014160304097459;5406604,387219999916852;9,221746963000044;48,812212512000031;08210531111500858120;0
235921;08;4;25;031;2021;05;13;2;2;0;1;1;0;0;0;0;0;0;569566,975027681677602;5367917,443166134878993;9,941000086000031;48,460543937000068;08210531117010861300;0
235922;08;3;11;000;2021;05;16;2;2;6;4;1;0;1;0;0;0;0;411351,153479969594628;5317168,326649639755487;7,811559038000041;48,001662684000053;08210531311010852070;0
235923;08;3;11;000;2021;05;13;2;3;0;7;1;0;0;0;0;0;0;411359,168555891141295;5318191,321771845221519;7,811455043000024;48,010865882000076;08210531311010852530;0
235924;08;3;11;000;2021;05;20;2;3;2;6;1;0;0;0;0;1;0;418012,359552679641638;5315172,802768466062844;7,901223750000042;47,984600959000034;08210531311010856940;0
235925;08;1;15;003;2021;06;10;3;3;5;2;1;1;0;0;0;0;0;497275,618661449407227;5393668,963530302047729;8,962977184000067;48,696052744000042;08210601115100878540;0
235926;08;1;18;051;2021;06;18;3;2;0;7;1;0;0;0;0;0;0;508620,146116638556123;5413879,215871231630445;9,117566783000029;48,877809193000076;08210601118000866800;0
235927;08;1;15;044;2021;06;20;3;2;6;6;1;0;1;0;0;1;0;505284,572328697890043;5389373,324690512381494;9,071759450000059;48,657392244000050;08210601118000881050;0
235928;08;1;18;007;2021;06;15;3;3;2;6;1;0;0;0;0;0;0;511019,835033401730470;5425188,686365973204374;9,150600742000051;48,979507754000053;08210601118101863710;0
235929;08;1;19;020;2021;06;20;3;2;0;1;1;0;0;0;0;0;0;521269,990937434369698;5405438,512708801776171;9,289653270000031;48,801573755000049;08210601119200863320;0
235930;08;2;22;000;2021;06;12;3;3;0;7;1;0;0;0;0;0;0;464486,324973283568397;5478485,704449360258877;8,509949449000032;49,457989135000048;08210601222501863020;0
235931;08;2;22;000;2021;06;19;3;3;6;1;1;0;1;0;0;0;0;462767,258278140972834;5481960,798337948508561;8,485902116000034;49,489142978000075;08210601222700869370;0
235932;08;3;11;000;2021;06;16;3;3;0;7;1;0;0;0;0;0;0;410652,056536727643106;5317595,618338638916612;7,802099943000030;48,005408930000044;08210601311010863570;0
235933;08;3;15;131;2021;06;12;3;3;4;6;1;0;0;0;0;0;0;406065,939445234485902;5306495,835412001237273;7,743052443000067;47,904907877000028;08210601311010886460;0
235934;08;3;11;000;2021;06;13;3;2;3;3;1;0;0;0;0;0;0;410514,310560374287888;5317022,477111021056771;7,800373142000069;48,000234135000028;08210601311300864820;0
235935;08;3;35;043;2021;06;20;3;2;8;1;1;0;0;0;0;0;0;512298,017208351811860;5284620,772545792162418;9,163961249000067;47,714849798000046;08210601335100868560;0
235936;08;4;17;079;2021;06;07;3;3;8;1;1;0;0;0;0;0;0;497382,721763817593455;5339807,759008759632707;8,964769491000027;48,211492382000074;08210601417100968770;0
235937;08;4;35;016;2021;06;13;3;3;0;1;1;0;0;0;0;0;0;538971,599725693580694;5275985,022355105727911;9,518801629000052;47,636092027000075;08210601435100864760;0
235938;08;4;36;064;2021;06;18;3;3;0;1;1;0;0;0;0;0;0;548788,627108738641255;5292549,699142782948911;9,651335380000035;47,784460090000039;08210601436200876490;0
235939;08;4;37;076;2021;06;23;3;2;0;7;1;0;0;0;0;2;0;524812,458701315452345;5321885,955311664380133;9,332947317000048;48,049773242000072;08210601437100895030;0
235940;08;1;16;033;2021;06;12;4;3;4;6;1;0;0;0;0;0;0;531740,985525685478933;5388283,933160256594419;9,430922593000048;48,646808195000062;08210602116400885210;0
235941;08;1;25;066;2021;06;19;4;3;4;2;1;1;0;0;0;0;0;514383,631447341525927;5433584,652487318962812;9,196868880000068;49,054964807000033;08210602121400865800;0
235942;08;1;35;015;2021;06;20;4;3;0;1;1;0;0;0;0;0;0;580743,982203730149195;5382313,352909756824374;10,094947517000037;48,588695849000032;08210602135100879360;0
235943;08;2;16;013;2021;06;12;4;3;4;6;1;0;0;1;0;0;0;452985,002033903729171;5394992,523054216057062;8,360962467000036;48,706193375000055;08210602216300892410;0
235944;08;4;16;041;2021;06;19;4;2;6;6;1;0;1;0;0;0;0;503081,920541721105110;5375607,801709171384573;9,041747395000073;48,533568925000054;08210602416010868810;0
235945;08;4;25;124;2021;06;21;4;3;1;1;1;1;0;0;0;1;0;550890,349180379882455;5339298,747047771699727;9,684935502000030;48,204877943000042;08210602425000864680;0
235946;08;4;21;000;2021;06;22;4;2;6;6;1;0;1;0;0;2;0;570922,435167693998665;5361969,778684022836387;9,958325392000063;48,406891885000050;08210602426010885360;0
235947;08;4;35;016;2021;06;16;4;3;0;1;1;0;0;0;0;0;0;537220,986846484593116;5277503,115251125767827;9,495627046000038;47,649853952000058;08210602435100885310;0
235948;08;4;37;101;2021;06;16;4;3;0;7;1;0;0;0;0;0;0;520869,809356680314522;5323437,730080116540194;9,280119102000072;48,063875670000073;08210602437200884010;0
235949;08;1;25;017;2021;06;17;5;3;0;7;1;0;0;0;0;0;0;500894,803684551618062;5433042,302602280862629;9,012246025000024;49,050253335000036;08210603121400872540;0
235950;08;1;25;038;2021;06;14;5;3;2;7;1;0;0;0;0;0;0;503030,390664400067180;5435610,109765984117985;9,041492271000038;49,073345287000052;08210603121400874150;0
235951;08;1;26;072;2021;06;15;5;3;0;7;1;0;0;0;0;0;0;537142,889622480608523;5464639,916941178962588;9,511236770000039;49,333353858000066;08210603126100865990;0
235952;08;2;12;000;2021;06;12;5;3;5;2;1;0;0;0;0;0;0;458854,916578193486203;5430331,960273778066039;8,437189645000046;49,024500472000057;08210603215102937780;0
235953;08;2;16;009;2021;06;14;5;3;2;6;1;0;0;0;0;0;0;450567,531247189908754;5420963,714350100606680;8,324975792000032;48,939624385000059;08210603216100867070;0
235954;08;2;31;000;2021;06;12;5;2;0;7;1;0;0;0;0;0;0;476557,068885685177520;5412867,804983908310533;8,680331304000049;48,868327548000082;08210603231000865320;0
235955;08;3;17;118;2021;06;16;5;2;0;1;1;0;0;0;0;0;0;438010,974969067028724;5384814,588671691715717;8,158977104000030;48,613332502000048;08210603317100887430;0
235956;08;3;36;050;2021;06;21;5;3;0;7;1;0;0;0;0;2;0;399202,924354439077433;5273693,110308490693569;7,658847907000052;47,608802651000076;08210603336100886640;0
235957;08;3;37;125;2021;06;11;5;2;0;1;1;0;0;0;0;0;0;448359,770194050273858;5270153,686979525722563;8,313247926000031;47,582740035000029;08210603337010867460;0
235958;08;4;16;041;2021;06;14;5;2;0;1;1;0;0;0;0;0;0;502966,206069861596916;5377745,551674406044185;9,040195165000057;48,552801389000081;08210603416200865300;0
235959;08;1;26;020;2021;06;13;6;2;0;1;1;0;0;0;0;0;0;551679,249715783284046;5469721,529418774880469;9,711961528000074;49,378001647000076;08210604126100875720;0
235960;08;2;22;000;2021;06;21;6;3;0;6;1;0;1;0;0;0;0;467145,970072694704868;5483106,856286613270640;8,546264568000026;49,499704147000045;08210604222301920660;0
235961;08;3;17;031;2021;06;19;6;2;0;1;1;0;0;0;0;0;0;419513,702361733536236;5358639,045231801457703;7,913105878000067;48,375783323000064;08210604317300873510;0
235962;08;3;35;098;2021;06;11;6;3;0;1;1;0;0;0;0;0;0;504326,880105984513648;5292242,153727089986205;9,057763336000050;47,783526398000049;08210604335400869120;0
235963;08;4;17;054;2021;06;12;6;3;8;1;1;0;0;0;0;0;0;477721,520491451490670;5348244,995348265394568;8,699673095000037;48,287013728000034;08210604417200870190;1
235964;08;4;21;000;2021;06;16;6;3;3;1;1;0;0;0;0;0;0;573434,309965271269903;5360721,823777070268989;9,992043075000026;48,395378603000040;08210604426010875620;0
235965;08;1;16;033;2021;06;15;7;2;8;1;1;0;0;0;0;0;0;529231,467259468743578;5388078,886451452970505;9,396839239000030;48,645086021000054;08210605116400869230;1
235966;08;1;16;011;2021;06;12;7;2;0;1;1;0;0;0;0;0;0;529504,660844865487888;5380358,011871390044689;9,399998972000049;48,575616134000029;08210605116400892700;0
235967;08;1;19;085;2021;06;20;7;3;6;6;1;0;1;0;0;0;0;527777,506696511525661;5413981,374245227314532;9,378849517000049;48,878165784000032;08210605119500867780;1
235968;08;2;16;007;2021;06;17;7;3;0;7;1;0;0;0;0;0;0;431676,441581673978362;5395941,229071601293981;8,071208597000066;48,712756616000036;08210605216200868610;0
235969;08;3;17;153;2021;06;19;7;3;5;3;1;1;0;0;0;0;0;419976,549592520459555;5389912,960326269268990;7,913355060000072;48,657143687000030;08210605317200867910;1
235970;08;3;17;088;2021;06;15;7;3;0;1;1;0;0;0;0;0;0;439690,485348548565526;5357999,139590848237276;8,185633341000027;48,372278319000031;08210605317600868990;1
235971;08;4;16;022;2021;06;17;7;2;6;6;1;0;1;0;0;0;0;511392,714351742120925;5376842,320512842386961;9,154358092000052;48,544579172000056;08210605416200891940;0
235972;08;4;35;066;2021;06;10;7;3;0;1;1;0;0;0;0;0;0;517170,518251322500873;5285638,485076001845300;9,228962708000040;47,723895524000056;08210605435200941590;1
235973;08;1;15;021;2021;06;15;2;3;0;7;1;0;0;0;0;0;0;488929,297161343158223;5385193,954476087354124;8,849782303000040;48,619718252000041;08210607118010900890;0
235974;08;2;26;096;2021;06;22;2;3;0;7;1;0;0;0;0;2;0;475654,869038677308708;5490937,142571477219462;8,663291970000046;49,570535824000046;08210607226600871000;0
235975;08;1;11;000;2021;06;16;3;3;0;7;1;0;0;0;0;0;0;515122,055372990900651;5404960,036856571212411;9,205914169000039;48,797449421000067;08210608111500877280;0
235976;08;2;25;058;2021;06;14;3;3;8;1;1;0;0;0;0;0;0;510173,455096691672225;5472696,651148075237870;9,140236700000059;49,406870062000053;08210608225100875560;0
235977;08;3;37;126;2021;06;20;3;2;0;1;1;0;0;0;0;1;0;445335,334514161862899;5275032,583481104113162;8,272421406000035;47,626388030000044;08210608337010889890;1
235978;08;1;11;000;2021;06;21;4;3;4;6;1;1;0;0;0;2;0;509082,006725950632244;5396226,038162431679666;9,123475514000063;48,718996171000072;08210609111500876210;0
235979;08;1;19;020;2021;06;15;4;3;5;3;1;0;0;1;0;0;0;522086,080025703296997;5404859,941182761453092;9,300735443000065;48,796340575000045;08210609119200877270;0
235980;08;2;16;052;2021;06;17;4;3;8;1;1;0;0;0;0;0;0;440938,120534720772412;5415158,473014706745744;8,194334183000024;48,886562616000049;08210609216100876040;0
235981;08;2;31;000;2021;06;21;4;3;0;1;1;0;0;0;0;2;0;477452,148712839582004;5413187,125971965491772;8,692518857000039;48,871233252000081;08210609231000875480;1
235982;08;1;16;077;2021;06;07;5;2;9;1;1;0;0;0;0;0;0;518636,287757337384392;5391378,043069309554994;9,253152135000050;48,675171176000049;08210610116200877580;0
235983;08;1;16;081;2021;06;07;5;3;8;7;1;0;0;0;0;0;0;517806,755457497609314;5385088,445755172520876;9,241613571000073;48,618613602000039;08210610116500905490;0
235984;08;1;18;081;2021;06;18;5;3;4;6;1;0;0;0;0;0;0;518316,226018265238963;5411302,916173839941621;9,249691508000069;48,854422817000057;08210610118300878100;0
235985;08;2;12;000;2021;06;17;5;3;5;3;1;1;0;0;0;0;0;459368,619331357767805;5431512,504635933786631;8,444097774000056;49,035153696000066;08210610215102913000;0
235986;08;3;17;065;2021;06;18;5;3;0;7;1;0;0;0;0;0;0;417068,364908456045669;5354607,708260203711689;7,880884854000044;48,339205147000030;08210610317300893230;0
235987;08;4;15;029;2021;06;13;5;2;8;1;1;0;0;0;0;0;0;523280,051200432237238;5379472,383241182193160;9,315562967000062;48,567911101000050;08210610415100940380;0
235988;08;4;25;141;2021;06;12;5;3;0;1;1;0;0;0;0;0;0;568450,190000000409782;5364362,400000000372529;9,925314809000042;48,428687725000032;08210610421300915720;0
235989;08;1;16;047;2021;06;16;6;3;6;6;1;0;1;0;0;0;0;523121,052613181236666;5390148,912522483617067;9,314002838000022;48,663963942000066;08210611116200963960;0
235990;08;1;16;049;2021;06;17;6;3;0;1;1;0;0;0;0;0;0;524773,876665314426646;5387431,604144432581961;9,336286554000026;48,639455643000076;08210611116500901020;0
235991;08;1;21;000;2021;06;12;6;2;5;3;1;0;0;0;0;0;0;515068,530005026026629;5447752,112380752339959;9,206772119000050;49,182390010000063;08210611121300913580;0
235992;08;3;11;000;2021;06;15;6;3;0;7;1;0;0;0;0;0;0;417191,760603295057081;5308767,708244342356920;7,891461689000039;47,926877774000047;08210611311010890750;0
235993;08;3;16;051;2021;06;11;6;3;5;3;1;1;0;0;0;0;0;401442,349000000394881;5334058,274000000208616;7,674858797000070;48,152131195000038;08210611316100879690;0
235994;08;4;35;016;2021;06;19;6;2;0;1;1;0;0;0;0;0;0;535560,760402317042463;5278324,929353505373001;9,473587459000044;47,657341531000043;08210611435100911000;0
235995;08;1;35;010;2021;06;14;7;3;0;6;1;0;0;0;0;0;0;601051,659446854609996;5392508,744041988626122;10,372746180000036;48,677441913000052;08210612135200882990;0
235996;08;2;16;041;2021;06;14;7;3;8;1;1;0;0;0;0;0;0;429314,191252666874789;5394201,649738651700318;8,039398629000061;48,696846110000081;08210612216200884800;0
235997;08;4;15;061;2021;06;15;7;3;0;1;1;0;0;0;0;0;0;516436,100350106193218;5376033,349335487000644;9,222657758000025;48,537189561000048;08210612415400883340;0
235998;08;1;15;028;2021;06;20;1;3;6;6;1;0;1;0;0;0;0;498912,581740350869950;5403502,921578613109887;8,985196638000048;48,784524264000027;08210613115300917060;0
235999;08;1;15;028;2021;06;14;1;2;8;1;1;0;0;0;0;0;0;497457,770466256188229;5407578,749966309405863;8,965366608000068;48,821185861000060;08210613118000913830;0
236000;08;1;18;048;2021;06;14;1;2;0;7;1;0;0;0;0;0;0;515820,194469827460125;5417714,168546421453357;9,215913364000073;48,912165413000025;08210613118400902470;0
236001;08;1;18;048;2021;06;14;1;3;0;1;1;0;0;0;0;0;0;516052,415332766366191;5417336,701732976362109;9,219067835000033;48,908763862000058;08210613118400915760;0
236002;08;1;25;034;2021;06;10;1;2;0;7;1;0;0;0;0;0;0;496702,918335918453522;5443440,209721182473004;8,954792236000060;49,143779139000060;08210613121100896860;0
236003;08;1;25;110;2021;06;20;1;2;9;7;1;0;0;0;0;0;0;527284,377937752287835;5443177,994651420973241;9,374086453000075;49,140823277000038;08210613121600911930;0
236004;08;1;27;052;2021;06;18;1;3;4;1;1;0;0;1;0;0;0;543488,813491110107861;5436259,445489089936018;9,595504200000050;49,077657695000028;08210613127100885590;0
236005;08;1;36;037;2021;06;10;1;2;4;2;1;0;0;0;1;0;0;601357,112794045358896;5414804,735697426833212;10,382390344000044;48,877908147000028;08210613136010883920;0
236006;08;2;12;000;2021;06;20;1;3;8;7;1;0;0;0;0;0;0;453842,945580760482699;5427949,104398512281477;8,368907629000034;49,002711847000057;08210613212502911230;0
236007;08;2;26;096;2021;06;14;1;3;0;7;1;0;0;0;0;0;0;475498,942569984239526;5487824,253612287342548;8,661329125000066;49,542530375000069;08210613226600921310;0
236008;08;3;16;042;2021;06;14;1;2;8;6;1;0;1;0;0;0;0;428531,377559283399023;5328910,925622865557671;8,039880452000034;48,109448973000042;08210613316200924340;0
236009;08;4;16;041;2021;06;17;1;3;6;6;1;0;1;0;0;0;0;503137,509316769777797;5373367,340491746552289;9,042483535000031;48,513412650000078;08210613416000918790;0
236010;08;4;17;013;2021;06;21;1;3;0;1;1;0;0;0;0;1;0;511906,232674109691288;5354405,503909377381206;9,160677712000052;48,342717844000049;08210613417300884500;0
236011;08;1;18;073;2021;06;18;2;2;0;7;1;0;0;0;0;0;0;497671,572338061814662;5419757,268194312229753;8,968209937000040;48,930742331000033;08210614118000911510;0
236012;08;1;15;021;2021;06;17;2;2;4;6;1;0;0;0;0;0;0;490762,562067465391010;5383527,758489096537232;8,874694792000071;48,604758572000037;08210614118010891220;0
236013;08;1;25;102;2021;06;18;2;2;6;6;1;0;1;0;0;0;0;521439,944601736031473;5443997,096510265022516;9,294000339000036;49,148423123000043;08210614121600922490;0
236014;08;1;36;065;2021;06;20;2;2;0;7;1;0;0;0;0;0;0;559531,183639877941459;5404251,513229150325060;9,810482558000047;48,788409955000077;08210614136300888250;0
236015;08;2;26;038;2021;06;10;2;3;5;3;1;1;0;0;0;0;0;471572,474037802254315;5482053,727107335813344;8,607471588000067;49,490455247000057;08210614222400917540;0
236016;08;3;37;126;2021;06;13;2;2;0;1;1;0;0;0;0;0;0;443571,436621205590200;5275250,808992411941290;8,248918107000065;47,628200115000027;08210614337010893900;0
236017;08;4;16;036;2021;06;16;2;3;2;6;1;1;0;0;0;0;0;495992,321803106227890;5368769,310361839830875;8,945778046000044;48,472041942000033;08210614416100889770;0
236018;08;4;21;000;2021;06;07;2;3;5;3;1;0;0;0;0;0;0;570120,432837739819661;5363440,421991663984954;9,947735885000043;48,420210511000050;08210614421300905470;0
236019;08;1;15;046;2021;06;12;3;2;0;7;1;0;0;0;0;0;0;510446,186991188093089;5390209,094564185477793;9,141870183000037;48,664845945000081;08210615115100906740;0
236020;08;1;15;021;2021;06;17;3;3;0;7;1;0;0;0;0;0;0;491594,840913763851859;5383639,692763773724437;8,885982305000027;48,605777288000070;08210615115200894930;0
236021;08;1;15;050;2021;06;08;3;3;6;7;1;0;1;0;0;0;0;489675,875616752658971;5401134,369035697542131;8,859514174000026;48,763132159000065;08210615115300930940;0
236022;08;1;35;010;2021;06;16;3;3;0;1;1;0;0;0;0;0;0;600145,258380536804907;5394723,859158935025334;10,360973553000065;48,697509747000026;08210615135010894160;0
236023;08;1;36;065;2021;06;19;3;3;0;1;1;0;0;0;0;0;0;557674,566701525822282;5402598,702131645753980;9,784976429000039;48,773717688000033;08210615136300890860;0
236024;08;2;26;032;2021;06;20;3;3;0;7;1;0;0;0;0;1;0;465969,999542821198702;5463046,654653669334948;8,531743560000052;49,319204343000081;08210615226200919100;0
236025;08;3;11;000;2021;06;17;3;3;5;3;1;1;0;0;0;0;0;412872,948308954422828;5317717,461471298709512;7,831844499000056;48,006811554000080;08210615311010892040;0
236026;08;3;11;000;2021;06;08;3;2;5;3;1;0;0;0;0;0;0;410875,801253136596642;5316551,833350406028330;7,805315874000030;47,996051086000080;08210615311010931380;0
236027;08;3;17;096;2021;06;07;3;2;0;1;1;0;0;0;0;0;0;422411,260881081048865;5366745,898803479969501;7,950728398000024;48,449067697000032;08210615317500919560;0
236028;08;3;35;043;2021;06;15;3;3;0;7;1;0;0;0;0;0;0;513318,272942116775084;5279098,209848655387759;9,177394990000039;47,665139568000029;08210615335100894810;0
236029;08;1;15;003;2021;06;12;4;3;0;3;1;1;0;0;0;0;0;496867,322810764540918;5392286,830742839723825;8,957439153000053;48,683617022000078;08210616115100930420;0
236030;08;1;27;025;2021;06;20;4;2;9;1;1;0;0;0;0;0;0;555200,623045447515324;5427416,966553769074380;9,754659896000021;48,997182830000042;08210616127100926540;0
236031;08;3;15;047;2021;06;06;4;3;3;1;1;0;0;0;0;0;0;416230,941152190207504;5322125,090840776450932;7,875995787000022;48,046908958000074;08210616311010892570;0
236032;08;3;11;000;2021;06;22;4;3;5;3;1;0;0;0;0;2;0;410875,414460706349928;5316551,286703830584884;7,805310804000044;47,996046115000070;08210616311010925380;0
236033;08;3;35;043;2021;06;11;4;3;0;1;1;0;0;0;0;0;0;515050,459088632022031;5281059,192471162416041;9,200534587000050;47,682745805000081;08210616335100895130;0
236034;08;4;16;041;2021;06;16;4;3;8;1;1;0;0;0;0;0;0;502722,608652301598340;5378849,762112978845835;9,036901393000051;48,562736312000027;08210616416200897780;0
236035;08;1;15;050;2021;06;15;5;3;5;2;1;0;0;0;0;0;0;490065,528927576786373;5401169,883879845961928;8,864815520000036;48,763457991000053;08210617115300914550;0
236036;08;1;16;076;2021;06;11;5;3;4;6;1;1;0;0;0;0;0;529472,322197029483505;5402832,424654286354780;9,401162657000043;48,777795310000045;08210617116010917030;0
236037;08;1;18;050;2021;06;10;5;3;6;4;1;0;1;0;0;0;0;507841,194000000134110;5416470,239000000059605;9,106992701000024;48,901127793000057;08210617118600959560;0
236038;08;1;25;094;2021;06;05;5;3;0;7;1;0;0;0;0;0;0;512913,592291793669574;5439116,909364042803645;9,176925227000027;49,104762506000043;08210617121600969280;0
236039;08;2;15;102;2021;06;16;5;3;5;3;1;0;0;0;0;0;0;456373,123270279727876;5437225,118530067615211;8,402501172000029;49,086334153000053;08210617215102901530;0
236040;08;2;16;007;2021;06;08;5;3;5;3;1;0;0;0;0;0;0;436224,734528259024955;5393949,594605780206621;8,133338176000052;48,695323556000062;08210617216200896900;0
236041;08;2;21;000;2021;06;07;5;3;4;6;1;0;0;0;0;0;0;479307,054081038571894;5473693,001149537041783;8,714706125000021;49,415565308000055;08210617221200896260;0
236042;08;3;11;000;2021;06;21;5;2;0;7;1;0;0;0;0;1;0;412171,046628066978883;5315808,816395200788975;7,822826482000039;47,989546670000038;08210617311010897750;0
236043;08;3;15;022;2021;06;19;5;3;3;1;1;0;0;0;0;0;0;397505,898080779588781;5300758,885299235582352;7,629903015000025;47,851994428000069;08210617311400910890;0
236044;08;3;36;084;2021;06;20;5;3;9;7;1;0;0;0;0;0;0;403843,871572714473587;5279063,379900220781565;7,719401729000026;47,657816236000031;08210617336100898290;0
236045;08;4;15;059;2021;06;21;5;3;2;6;1;0;0;0;0;0;0;517146,292846054187976;5368976,647585432045162;9,231988645000058;48,473686216000033;08210617415300962250;0
236046;08;1;16;019;2021;06;19;6;3;0;1;1;0;0;0;0;0;0;523713,028789014206268;5401850,469461594708264;9,322714843000028;48,769208000000049;08210618116100916190;0
236047;08;1;15;045;2021;06;19;6;2;8;1;1;0;0;0;0;0;0;499860,577192671014927;5396906,199034031480551;8,998104228000045;48,725181076000069;08210618118000940570;0
236048;08;2;11;000;2021;06;13;6;2;0;1;1;0;0;0;0;0;0;445602,301136569643859;5393840,844234870746732;8,260775130000070;48,695233406000057;08210618211100902080;0
236049;08;3;11;000;2021;06;16;6;3;3;6;1;0;0;0;1;0;0;405171,502316251455341;5319045,835399143397808;7,728318879000028;48,017663940000034;08210618311010966700;0
236050;08;3;36;091;2021;06;20;6;2;9;7;1;0;0;0;0;1;0;397149,312157364038285;5273642,296302724629641;7,631543521000026;47,608022901000027;08210618336100901370;1
236051;08;4;16;025;2021;06;13;6;3;0;1;1;0;0;0;0;0;0;503249,405046107363887;5361591,393420644104481;9,043907201000025;48,407470237000041;08210618416000900230;0
236052;08;1;19;086;2021;06;15;7;3;0;1;1;0;0;0;0;0;0;535067,401909094303846;5404334,720486977137625;9,477445748000036;48,791019198000072;08210619119400904180;0
236053;08;1;25;110;2021;06;09;7;3;0;7;1;0;0;0;0;0;0;525712,573153566685505;5443040,050216627307236;9,352527635000058;49,139650243000062;08210619121600937560;0
236054;08;3;11;000;2021;06;13;7;3;0;7;1;0;0;0;0;0;0;412107,111314283218235;5316791,124881423078477;7,821768576000068;47,998374038000065;08210619311200919300;0
236055;08;4;25;039;2021;06;21;7;2;8;1;1;0;0;0;0;0;0;565521,560426962329075;5350078,132527500391006;9,883505103000061;48,300504539000030;08210619421300933020;0
236056;08;4;26;014;2021;06;14;7;2;3;5;1;1;0;0;0;0;0;546805,185666168574244;5316049,250132990069687;9,627406319000045;47,996028564000028;08210619426010941000;0
236057;08;4;26;087;2021;06;22;7;2;8;1;1;0;0;0;0;2;0;568738,102885504369624;5326691,338853662833571;9,923084854000024;48,089782468000067;08210619426010948120;0
236058;08;4;35;057;2021;06;23;7;3;3;6;1;0;0;0;0;2;0;542126,037223416380584;5275685,522385878488421;9,560763619000056;47,633199752000053;08210619435100964990;1
236059;08;1;15;045;2021;06;18;1;3;6;6;1;0;1;0;0;0;0;495739,358711704029702;5392349,686067630536854;8,942113886000072;48,684175795000044;08210620115100909840;0
236060;08;1;19;020;2021;06;18;1;2;5;3;1;1;0;0;0;0;0;522142,618174609728158;5404809,770772126503289;9,301502580000033;48,795887241000059;08210620119200925320;0
236061;08;2;15;047;2021;06;15;1;3;0;7;1;0;0;0;0;0;0;457978,797260261140764;5411329,002701944671571;8,427165593000041;48,853504848000057;08210620212702927270;0
236062;08;2;25;075;2021;06;17;1;3;0;1;1;0;0;0;0;0;0;531744,478685127221979;5473457,603178528137505;9,437638793000076;49,412971682000034;08210620225200925620;0
236063;08;2;26;059;2021;06;08;1;3;0;7;1;0;0;0;0;0;0;465948,349216243368573;5459905,191589088179171;8,531713526000033;49,290946185000053;08210620226200936280;0
236064;08;3;35;025;2021;06;15;1;3;4;6;1;0;0;0;0;0;0;499616,580912998062558;5283200,391716562211514;8,994889368000031;47,702186730000051;08210620335200956250;0
236065;08;1;15;051;2021;06;11;2;3;8;6;1;0;0;0;0;0;1;505876,074972703703679;5386222,107902840711176;9,079746780000050;48,629038086000037;08210621115100946220;0
236066;08;1;16;081;2021;06;07;2;3;7;7;1;0;0;0;1;0;0;519263,918764784990344;5387163,239945216104388;9,261481513000035;48,637235496000073;08210621116200909820;0
236067;08;1;17;049;2021;06;15;2;3;4;6;1;0;0;0;0;0;0;556339,320408710162155;5391062,917186214588583;9,765229011000031;48,670072783000080;08210621117100930520;0
236068;08;1;28;131;2021;06;08;2;3;0;7;1;0;0;0;0;0;0;537222,585703444085084;5509229,977938613854349;9,516543117000026;49,734410653000054;08210621128300909140;0
236069;08;2;12;000;2021;06;14;2;3;2;2;1;0;0;0;0;0;0;457858,676979971991386;5427948,521624990738928;8,423810605000028;49,002993843000070;08210621212010931300;0