OID_;ULAND;UREGBEZ;UKREIS;UGEMEINDE;UJAHR;UMONAT;USTUNDE;UWOCHENTAG;UKATEGORIE;UART;UTYP1;IstRad;IstPKW;IstFuss;IstKrad;IstSonstige;ULICHTVERH;IstGkfz;LINREFX;LINREFY;XGCSWGS84;YGCSWGS84;UIDENTSTLAE;IstStrassenzustand
236070;08;1;27;014;2021;06;22;3;3;0;7;1;0;0;0;0;2;0;577880,188670480740257;5443280,011433620937169;10,067722132000029;49,137409984000044;08210622127202929670;0
236071;08;2;35;006;2021;06;18;3;3;5;3;1;1;0;0;0;0;0;470596,941999999806285;5381420,391000000759959;8,601303282000060;48,585178134000046;08210622235200916210;0
236072;08;3;17;118;2021;06;22;3;2;0;1;1;0;0;0;0;2;0;441063,972789280349389;5384393,160052435472608;8,200453545000073;48,609836621000056;08210622317100913020;0
236073;08;4;16;025;2021;06;08;3;3;8;1;1;0;0;0;0;0;0;503028,536308428971097;5361693,148673476651311;9,040923474000067;48,408386783000026;08210622416000911150;0
236074;08;1;25;006;2021;06;13;4;2;0;1;1;0;0;0;0;0;0;505814,061597123742104;5454050,201406398788095;9,079872677000026;49,239200612000047;08210623121100949920;1
236075;08;1;28;007;2021;06;15;4;3;1;7;1;0;0;1;0;0;0;556849,264319243142381;5482397,216022938489914;9,784997226000030;49,491547415000070;08210623128100949970;0
236076;08;4;16;041;2021;06;13;4;2;8;1;1;0;0;0;0;0;0;503600,200012753019109;5374042,144075347110629;9,048754435000035;48,519480951000048;08210623416010944680;0
236077;08;4;21;000;2021;06;15;4;3;0;1;1;0;1;0;0;0;0;573026,292651621741243;5355954,488509443588555;9,985703752000063;48,352542550000067;08210623421300920950;0
236078;08;1;16;058;2021;06;19;5;3;8;1;1;0;0;0;0;1;0;534200,884496057988144;5394972,171491064131260;9,464870883000060;48,706844656000044;08210624116100921840;0
236079;08;1;28;007;2021;06;17;5;2;0;1;1;0;0;0;0;0;0;555465,179229253204539;5483221,787552997469902;9,766002789000026;49,499091746000033;08210624128100936580;1
236080;08;3;25;069;2021;06;09;5;3;0;1;1;0;0;0;0;0;0;467341,150949208415113;5333491,262473501265049;8,560879933000024;48,153830112000037;08210624325202966920;0
236081;08;3;35;043;2021;06;20;5;2;0;1;1;0;0;0;0;0;0;511042,571090177865699;5288148,396830741316080;9,147312766000027;47,746612579000043;08210624335100950360;0
236082;08;4;16;036;2021;06;09;5;3;4;6;1;1;0;0;0;0;0;495449,294257913250476;5374981,011458816938102;8,938363438000067;48,527921168000034;08210624416100920230;0
236083;08;3;11;000;2021;06;19;6;3;2;6;1;1;0;0;0;0;0;414621,309973087336402;5313112,654260546900332;7,856196422000039;47,965625370000055;08210625311010966120;0
236084;08;3;16;009;2021;06;15;6;2;5;3;1;0;0;1;0;0;0;415328,587496401509270;5325631,055810684338212;7,863196296000069;48,078327148000028;08210625316200966240;0
236085;08;4;35;066;2021;06;18;6;3;0;1;1;0;0;0;0;0;0;517366,928451654152013;5285897,216210713610053;9,231592064000040;47,726218214000028;08210625435200956520;0
236086;08;1;16;049;2021;06;20;7;3;9;1;1;0;0;0;0;0;0;526926,408890319522470;5384180,880769003182650;9,365293841000039;48,610123052000063;08210626116500954150;1
236087;08;1;18;028;2021;06;16;7;3;0;7;1;0;0;0;0;0;0;513962,207373393815942;5426747,271427770145237;9,190865515000041;48,993468645000064;08210626118100927940;0
236088;08;4;25;072;2021;06;14;7;2;6;4;1;0;1;0;0;0;0;585606,770928367739543;5370664,369270663708448;10,158483493000062;48,483273233000034;08210626135010951270;0
236089;08;2;26;095;2021;06;23;7;3;4;6;1;0;0;0;0;2;0;474861,884270895912778;5460318,777646052651107;8,654265823000060;49,295098119000045;08210626226700927260;0
236090;08;2;36;043;2021;06;20;7;3;0;1;1;0;0;0;0;0;0;465319,932024784735404;5406082,996286650188267;8,527680014000055;48,806767757000046;08210626231000928290;0
236091;08;3;11;000;2021;06;17;7;2;0;7;1;0;0;0;0;0;0;417460,371890420967247;5319262,346751348115504;7,893040704000043;48,021317468000063;08210626311010928110;0
236092;08;3;35;002;2021;06;15;7;3;0;1;1;0;0;0;0;0;0;507497,862276417785324;5283907,699046478606761;9,099951854000039;47,708507420000046;08210626335100926420;0
236093;08;1;18;048;2021;06;21;1;3;0;7;1;0;0;0;0;2;0;513359,113626165839378;5417415,942051480524242;9,182315066000058;48,909540645000050;08210627118400964960;0
236094;08;1;25;065;2021;06;16;1;2;8;7;1;0;0;0;0;0;0;512734,575728740601335;5450957,569458359852433;9,174847104000037;49,211276850000047;08210627121500929370;0
236095;08;2;16;007;2021;06;11;1;3;4;2;1;0;0;0;0;0;0;438805,385499134950805;5395383,498110917396843;8,168190980000077;48,708480164000036;08210627216200967650;0
236096;08;3;17;110;2021;06;16;1;1;0;1;1;0;0;0;0;0;0;425707,019866607210133;5381324,982709710486233;7,992694789000041;48,580604103000042;08210627317000953660;0
236097;08;4;17;013;2021;06;11;1;3;0;1;1;0;0;0;0;0;0;509142,849233501241542;5355603,325457669794559;9,123411251000050;48,353540233000047;08210627417300930360;0
236098;08;1;15;041;2021;06;13;2;3;0;7;1;0;0;0;0;0;0;496007,019386770203710;5402239,718906069174409;8,945654598000033;48,773148676000062;08210628115300959760;0
236099;08;3;11;000;2021;06;18;2;3;4;6;1;0;0;0;0;0;0;414498,784536671417300;5315895,064520023763180;7,854001478000043;47,990637963000040;08210628311010964020;0
236100;08;3;16;011;2021;06;17;2;3;0;2;1;0;0;0;0;0;0;413188,596868469030596;5330963,684833827428520;7,833385739000050;48,126007195000057;08210628316100937170;0
236101;08;3;17;146;2021;06;18;2;2;9;1;1;0;0;0;0;0;0;429372,401253521617036;5352425,890775578096509;8,047260555000037;48,321074218000035;08210628317600935770;0
236102;08;1;28;137;2021;06;12;3;3;0;1;1;0;0;0;0;0;0;561602,558930942439474;5496836,190905932337046;9,852883849000023;49,620943992000036;08210629128200960720;0
236103;08;2;12;000;2021;06;10;3;3;5;3;1;0;0;0;1;0;0;456381,157874145777896;5425497,400077033787966;8,403873046000058;48,980843011000047;08210629212010960640;0
236104;08;1;16;077;2021;06;10;4;2;9;1;1;0;0;0;0;0;0;513763,429093120270409;5390635,360864037647843;9,186935774000062;48,668616384000075;08210630116010955970;0
236105;08;1;19;093;2021;07;18;5;2;8;1;1;0;0;0;0;0;0;525141,868144575622864;5402694,430453094653785;9,342211415000065;48,776744027000063;08210701119500975550;0
236106;08;2;16;024;2021;07;16;5;3;4;6;1;0;0;1;0;0;0;447662,708006888744421;5408089,374659501016140;8,286960353000040;48,823579425000048;08210701216300970100;0
236107;08;2;26;028;2021;07;10;5;2;5;3;1;1;0;0;0;0;0;471631,960505125229247;5485501,149965579621494;8,608045320000031;49,521466270000076;08210701222400969680;0
236108;08;3;16;045;2021;07;07;5;3;9;3;1;1;0;0;0;0;0;414007,213000000454485;5324518,638000000268221;7,845682994000072;48,068143813000063;08210701316200015650;0
236109;08;1;15;001;2021;07;16;6;3;0;7;1;0;0;0;0;0;0;490500,779718390200287;5393758,899681849405169;8,870909005000044;48,696795447000056;08210702115400971210;0
236110;08;1;16;035;2021;07;18;6;3;0;7;1;0;0;0;0;0;0;526213,068949830718338;5392539,139789716340601;9,356145684000069;48,685344200000031;08210702116500972010;0
236111;08;2;15;046;2021;07;17;6;2;0;7;1;0;0;0;0;0;0;448748,482764661079273;5413914,669936900958419;8,301022697000064;48,876069560000076;08210702212702979110;0
236112;08;3;11;000;2021;07;18;6;3;5;7;1;1;0;0;0;0;0;412232,634503590699751;5315784,597417876124382;7,823656718000052;47,989337268000043;08210702311010988400;0
236113;08;4;35;066;2021;07;11;6;3;0;1;1;0;0;0;0;0;0;516936,747119844891131;5287462,249241990968585;9,225916437000024;47,740311090000034;08210702435200970270;0
236114;08;1;16;077;2021;07;02;7;3;0;1;1;0;0;0;0;2;0;515214,303045189357363;5386774,941847040317953;9,206499648000033;48,633853985000030;08210703116200985980;0
236115;08;1;16;054;2021;07;17;7;2;8;1;1;0;0;0;0;0;0;531848,571071035461500;5381980,081769561395049;9,431899107000049;48,590093533000072;08210703116400997240;0
236116;08;1;16;042;2021;07;16;7;3;0;1;1;0;0;0;0;0;0;517400,405243045999669;5382255,311725258827209;9,235981223000067;48,593137714000079;08210703116500983630;0
236117;08;1;36;065;2021;07;16;7;3;0;1;1;0;0;0;0;0;0;565861,575016401591711;5401901,496765308082104;9,896280252000054;48,766633679000051;08210703136300992500;0
236118;08;2;11;000;2021;07;13;7;3;6;4;1;0;1;0;0;0;0;440055,516788101987913;5403945,159459820017219;8,183935888000065;48,785614591000069;08210703211100989760;0
236119;08;2;15;089;2021;07;10;7;3;8;1;1;0;0;0;0;0;0;469657,490120964881498;5428694,465986668132246;8,585072241000034;49,010396698000079;08210703215302977850;0
236120;08;2;22;000;2021;07;17;7;2;0;7;1;0;0;0;1;0;0;462559,337642050522845;5488432,384594867005944;8,482417368000029;49,547338469000067;08210703222014979820;0
236121;08;2;22;000;2021;07;18;7;3;5;3;1;1;0;0;0;1;0;460153,676933327689767;5488788,030540658161044;8,449126928000055;49,550383753000062;08210703222800979300;0
236122;08;3;15;133;2021;07;15;7;3;0;6;1;1;0;0;0;0;0;400848,169741816469468;5328204,799955566413701;7,668234089000066;48,099389441000028;08210703311100994590;0
236123;08;4;26;013;2021;07;16;7;2;0;1;1;0;0;0;0;0;0;546131,088427383801900;5322787,410538924857974;9,619096406000040;48,056698231000041;08210703426010982230;0
236124;08;1;18;076;2021;07;18;1;3;6;6;1;0;1;0;0;0;0;505417,283372269710526;5422913,261369109153748;9,074004205000051;48,959113351000042;08210704118600985040;0
236125;08;1;25;065;2021;07;13;1;3;3;2;1;0;0;0;0;0;0;515697,975625083956402;5448362,047372647561133;9,215433199000074;49,187860749000038;08210704121500997900;1
236126;08;1;28;115;2021;07;16;1;2;0;7;1;0;0;0;0;0;0;546643,709919615299441;5493757,697946721687913;9,645429866000029;49,594596211000066;08210704128200974470;0
236127;08;2;12;000;2021;07;19;1;3;0;1;1;0;0;0;0;0;0;464151,857705614413135;5428443,168213220313191;8,509808674000055;49,007840919000046;08210704212010973490;1
236128;08;2;12;000;2021;07;06;1;2;0;1;1;0;0;0;0;0;0;454262,528905563114677;5427345,690956308506429;8,374712065000040;48,997315330000049;08210704212502994980;0
236129;08;2;21;000;2021;07;20;1;2;0;7;1;0;0;0;0;0;0;476698,158583432552405;5473034,386606888845563;8,678776475000063;49,409546849000037;08210704221200992130;1
236130;08;2;31;000;2021;07;00;1;2;0;7;1;0;0;0;0;2;0;480317,077688629389741;5414704,403493706136942;8,731513879000033;48,884979799000064;08210704231000002540;0
236131;08;4;15;061;2021;07;09;1;3;4;6;1;0;0;0;0;0;0;514391,690593766106758;5377999,364154458045959;9,195030525000050;48,554926605000048;08210704415400972820;0
236132;08;1;28;039;2021;07;21;2;3;0;7;1;0;0;0;0;2;0;523339,614398319390602;5510764,168255176395178;9,323983238000039;49,748908459000063;08210705128300982430;0
236133;08;2;26;032;2021;07;21;2;3;5;3;1;1;0;0;0;0;0;468190,846375441760756;5463204,677891440689564;8,562289084000042;49,320745508000073;08210705226200981100;0
236134;08;4;35;016;2021;07;16;2;2;0;7;1;0;0;0;0;0;0;535774,413254511076957;5281354,533807173371315;9,476680881000050;47,684588295000026;08210705435100004800;0
236135;08;4;35;059;2021;07;12;2;3;0;7;1;0;0;0;0;0;0;512227,809319947264157;5290596,007081683725119;9,163193153000066;47,768613648000041;08210705435200051180;0
236136;08;1;11;000;2021;07;13;3;3;0;7;1;0;0;0;0;0;0;513925,845400285848882;5405995,313726094551384;9,189660813000046;48,806790591000038;08210706111110986360;0
236137;08;1;21;000;2021;07;10;3;2;5;3;1;1;0;0;0;0;0;512214,005839047371410;5438612,294703084975481;9,167325186000028;49,100237577000030;08210706121200004630;0
236138;08;1;36;019;2021;07;17;3;3;4;6;1;0;0;0;1;0;0;582068,390365237835795;5423455,715116414241493;10,121114054000032;48,958568796000066;08210706136200978460;0
236139;08;2;16;049;2021;07;07;3;3;0;7;1;0;0;0;0;0;0;440028,048010086757131;5400965,237248071469367;8,183996493000052;48,758807364000063;08210706211100998860;0
236140;08;4;36;064;2021;07;15;3;3;8;7;1;0;0;0;0;0;0;544928,835972832283005;5292325,984318042173982;9,599786487000074;47,782728142000053;08210706436200975420;0
236141;08;1;19;055;2021;07;18;4;2;0;1;1;0;0;0;0;0;0;541513,962587798014283;5405108,624900203198195;9,565290331000028;48,797583889000066;08210707119300008020;1
236142;08;1;21;000;2021;07;07;4;3;0;1;1;0;0;0;0;0;0;516189,992628061561845;5442101,330093713477254;9,221933626000066;49,131530934000068;08210707121200978350;1
236143;08;2;15;017;2021;07;18;4;3;0;7;1;0;0;0;0;0;0;459018,996858196565881;5421468,289758961647749;8,440327527000022;48,944780817000037;08210707212702005080;1
236144;08;1;16;046;2021;07;07;5;3;0;1;1;0;0;0;0;0;0;523670,948206615517847;5377556,263202015310526;9,320752522000021;48,550658723000026;08210708116500979650;1
236145;08;2;22;000;2021;07;13;5;3;0;6;1;0;0;0;0;0;0;464153,835117100505158;5483896,297920035198331;8,504871157000025;49,506635328000073;08210708222301008120;1
236146;08;3;15;130;2021;07;13;5;3;0;1;1;0;0;0;0;0;0;407500,077912619686686;5301407,190497659146786;7,763328310000077;47,859342562000052;08210708311400997580;0
236147;08;1;15;002;2021;07;17;6;2;6;7;1;0;1;0;0;0;0;499423,832036206615157;5386450,512884482741356;8,992180251000036;48,631120205000059;08210709118000007230;0
236148;08;3;11;000;2021;07;16;6;3;0;7;1;0;0;0;0;0;0;411078,033039491623640;5316245,733996642753482;7,808089546000076;47,993325805000040;08210709311010013610;0
236149;08;3;36;050;2021;07;13;6;3;5;3;1;0;0;0;0;0;0;400473,402675343852025;5276397,688676024787128;7,675132903000076;47,633327716000053;08210709311010986540;0
236150;08;3;16;017;2021;07;01;6;3;0;1;1;0;0;0;0;2;0;409248,083032133290544;5340388,597216797061265;7,778431488000024;48,210233478000077;08210709316100993600;0
236151;08;1;19;084;2021;07;18;7;3;0;7;1;0;0;0;0;0;0;543123,293453409336507;5411073,698967525735497;9,587830441000051;48,851132677000066;08210710119300017210;0
236152;08;1;26;085;2021;07;13;7;3;0;1;1;0;0;0;0;0;0;544717,139133463846520;5445583,283600173890591;9,613356356000054;49,161436820000063;08210710126200990830;1
236153;08;1;35;019;2021;07;19;7;3;8;7;1;0;0;0;0;0;0;584111,629140075878240;5391232,335251680575311;10,142415616000051;48,668473606000077;08210710135010010160;0
236154;08;1;36;019;2021;07;19;7;2;0;1;1;0;0;0;0;0;0;591867,630330413114280;5423421,581921240314841;10,254939296000032;48,956883331000029;08210710136200000490;0
236155;08;2;15;109;2021;07;09;7;3;6;3;1;0;1;0;0;0;0;460622,755946215416770;5433003,840012161992490;8,461110636000058;49,048649862000048;08210710215102004210;0
236156;08;2;35;033;2021;07;14;7;2;9;1;1;0;0;0;0;0;0;459602,156088016112335;5401834,704826327040792;8,450228741000046;48,768206733000056;08210710235100986840;0
236157;08;4;21;000;2021;07;15;7;2;8;1;1;0;0;0;0;0;0;573158,345197208109312;5360503,298949578776956;9,988277501000027;48,393445004000057;08210710421200986870;0
236158;08;4;35;030;2021;07;15;7;3;4;6;1;0;0;0;0;0;0;542681,868192667607218;5273201,887653637677431;9,567920153000046;47,610817243000042;08210710435100985660;0
236159;08;1;11;000;2021;07;14;1;3;1;7;1;1;0;0;0;0;0;507491,250983201374765;5400393,218361474573612;9,101924003000022;48,756505327000070;08210711111500986390;1
236160;08;1;16;049;2021;07;17;1;2;8;7;1;0;0;0;0;0;0;525518,343644401174970;5387420,401066842488945;9,346391247000042;48,639324914000042;08210711116010988100;0
236161;08;1;16;071;2021;07;02;1;2;0;1;1;0;0;0;0;2;0;528977,247449668473564;5391184,487337715923786;9,393605550000075;48,673035654000046;08210711116500015690;1
236162;08;1;16;049;2021;07;16;1;2;7;1;1;0;0;0;0;0;0;526402,889999999664724;5385095,074999999254942;9,358249913000066;48,618369493000046;08210711116500035060;0
236163;08;1;25;056;2021;07;17;1;3;0;7;1;0;0;0;0;0;0;512493,150601575267501;5436132,742718880996108;9,171072652000021;49,077927318000036;08210711121200990660;0
236164;08;1;27;025;2021;07;16;1;2;9;7;1;0;0;0;0;0;0;554720,601366341696121;5429349,449687208048999;9,748358447000044;49,014607939000030;08210711127100987620;0
236165;08;2;25;058;2021;07;19;1;2;5;3;1;0;0;0;0;0;0;508669,634770509786904;5465611,176857219077647;9,119352815000070;49,343159435000075;08210711225100987350;0
236166;08;4;15;019;2021;07;19;1;2;0;1;1;0;0;0;0;0;0;521717,432885977788828;5368446,409992721863091;9,293807686000036;48,468774751000069;08210711415300034060;0
236167;08;4;35;036;2021;07;19;1;3;0;1;1;0;0;0;0;0;0;519552,997035441512708;5283306,209210389293730;9,260627233000037;47,702842985000075;08210711435200988430;0
236168;08;2;12;000;2021;07;12;2;3;0;7;1;0;0;0;0;0;0;453563,251792130817194;5432470,325798422098160;8,364566117000038;49,043359377000058;08210712215102007710;0
236169;08;3;16;024;2021;07;14;2;3;4;6;1;1;0;0;0;0;0;410486,271900455409195;5334244,246636608615518;7,796389055000077;48,155141460000038;08210712316100996550;0
236170;08;4;15;078;2021;07;13;2;3;6;1;1;0;1;0;0;0;0;527586,000445913290605;5373123,141714402474463;9,373508809000043;48,510617636000063;08210712415100079340;0
236171;08;1;16;019;2021;07;20;3;3;0;7;1;0;0;0;0;1;0;525632,872247531660832;5400081,607280552387238;9,348731671000053;48,753219507000040;08210713116100037720;0
236172;08;1;17;002;2021;07;19;4;2;9;1;1;0;0;0;0;0;0;541250,345766323385760;5387531,431146086193621;9,559943128000043;48,639483567000070;08210714117010025840;0
236173;08;3;17;065;2021;07;21;5;2;4;6;1;0;0;0;1;0;0;414758,925985042122193;5355823,602683960460126;7,849480585000038;48,349834521000048;08210715317010005940;0
236174;08;1;11;000;2021;07;14;6;3;6;1;1;0;1;0;0;0;0;515255,778200231376104;5409096,573087664321065;9,207888844000024;48,834657795000055;08210716111500021680;0
236175;08;1;18;011;2021;07;07;6;3;4;6;1;0;0;0;0;0;0;503885,961451423587278;5408894,952842207625508;9,052951837000023;48,833019316000048;08210716118200033120;0
236176;08;1;36;088;2021;07;20;6;2;0;1;1;0;0;0;0;0;0;580570,528374410583638;5413466,683620100840926;10,098684050000031;48,868923551000080;08210716136100078970;0
236177;08;1;36;062;2021;07;12;6;2;3;6;1;0;0;0;0;0;0;566450,469067151425406;5413428,121637950651348;9,906160251000074;48,870250502000033;08210716136300036600;0
236178;08;1;18;073;2021;07;18;7;3;0;1;1;0;0;0;0;0;0;496252,490979520836845;5420222,433009753935039;8,948830925000038;48,934919855000032;08210717118600008810;0
236179;08;1;25;056;2021;07;11;7;3;0;7;1;0;0;0;0;0;0;512757,775782694283407;5436362,519823836162686;9,174703480000062;49,079988839000066;08210717121400007060;1
236180;08;2;12;000;2021;07;13;7;3;1;5;1;1;0;0;0;0;0;457101,112659869948402;5430467,483826437965035;8,413186883000037;49,025600027000053;08210717212302021980;0
236181;08;3;26;041;2021;07;19;7;3;0;1;1;0;0;0;0;0;0;461581,716857593040913;5331593,235800165683031;8,483614823000039;48,136432418000027;08210717326400035150;0
236182;08;4;17;023;2021;07;18;7;2;8;1;1;0;0;0;0;0;0;490966,206638187693898;5353115,515240753069520;8,878114166000046;48,331159898000067;08210717417300037950;0
236183;08;1;19;079;2021;07;15;1;3;4;6;1;0;0;0;0;0;0;522823,924429971666541;5409955,691734184511006;9,311065681000059;48,842154111000070;08210718119400059000;0
236184;08;1;28;139;2021;07;14;1;2;3;2;1;0;0;0;0;0;0;552729,033209380693734;5492651,049395977519453;9,729479981000054;49,584142923000059;08210718128200041080;0
236185;08;2;11;000;2021;07;15;1;3;8;1;1;0;0;0;0;0;0;444786,049858370563015;5395783,722237771376967;8,249424012000077;48,712638492000053;08210718211100041660;1
236186;08;2;12;000;2021;07;17;1;3;5;3;1;0;0;0;0;0;0;457365,782981825992465;5429475,691494692116976;8,416911337000045;49,016697093000062;08210718212102027570;0
236187;08;2;26;059;2021;07;14;1;3;8;7;1;0;0;0;0;0;0;464816,580169502296485;5460286,706035888753831;8,516116152000052;49,294313724000062;08210718226200012470;1
236188;08;3;15;068;2021;07;15;1;3;8;1;1;0;0;0;0;0;0;444028,266426441958174;5301185,255392685532570;8,251661153000043;47,861567410000077;08210718311500012240;0
236189;08;3;17;088;2021;07;14;1;3;0;1;1;0;0;0;0;0;0;439693,584052639547735;5357990,761682009324431;8,185676382000054;48,372203250000041;08210718317600010210;0
236190;08;4;21;000;2021;07;17;1;3;0;1;1;0;0;0;0;0;0;570877,913906150613911;5361530,997596341185272;9,957649788000026;48,402949930000034;08210718421300058420;0
236191;08;4;21;000;2021;07;18;1;2;5;3;1;0;0;0;1;0;0;570975,083786990726367;5361203,666379562579095;9,958907135000061;48,399994555000035;08210718426010013880;0
236192;08;4;37;005;2021;07;11;1;2;0;7;1;0;0;0;0;0;0;502863,937194480909966;5325338,453789737075567;9,038453358000027;48,081311630000073;08210718437200009040;1
236193;08;1;16;078;2021;07;18;2;3;0;1;1;0;0;0;0;0;0;513260,488843517552596;5392066,830071153119206;9,180150751000042;48,681504880000034;08210719116200013780;0
236194;08;1;17;051;2021;07;19;2;2;3;1;1;1;0;0;0;0;0;544196,954324509366415;5396296,222019159235060;9,600876006000021;48,718126964000078;08210719117010041430;0
236195;08;2;16;009;2021;07;18;2;3;0;7;1;0;0;0;0;0;0;447553,719581895915326;5421814,716545347124338;8,283714464000070;48,947030975000075;08210719216100015680;0
236196;08;2;22;000;2021;07;13;2;2;0;1;1;0;0;0;0;0;0;465518,493248053593561;5480643,595135023817420;8,524003724000067;49,477457909000066;08210719222700046570;0
236197;08;4;17;044;2021;07;14;2;2;9;1;1;0;0;0;0;0;0;490736,735254134284332;5335259,632453774102032;8,875408945000061;48,170511282000064;08210719417100011610;0
236198;08;1;11;000;2021;07;17;3;3;5;7;1;0;0;0;0;0;0;509897,747080975736026;5397442,680726783350110;9,134595183000044;48,729928698000037;08210720111210019630;0
236199;08;1;18;048;2021;07;10;3;3;0;1;1;0;0;0;0;0;0;515761,779882976436056;5417648,005794145166874;9,215113575000032;48,911571724000055;08210720118400028720;0
236200;08;2;35;018;2021;07;15;3;2;0;1;1;0;0;0;0;0;0;461169,165116426651366;5401653,508298555389047;8,471570186000065;48,766676512000060;08210720235100045250;0
236201;08;2;37;004;2021;07;17;3;3;0;1;1;0;0;0;0;0;0;455225,592598552582785;5381155,493237554095685;8,392911002000062;48,581884931000047;08210720237100019000;0
236202;08;4;16;022;2021;07;07;3;3;0;3;1;0;0;0;0;0;0;511326,427589528437238;5375338,450747625902295;9,153419100000065;48,531051094000077;08210720416200030760;0
236203;08;1;25;056;2021;07;12;4;3;8;1;1;0;0;0;0;0;0;512336,730162432417274;5437795,325493339449167;9,168981487000053;49,092886142000054;08210721121600020760;0
236204;08;2;12;000;2021;07;07;4;2;6;7;1;0;1;0;0;0;0;455552,446927001932636;5432960,800347261130810;8,391730527000050;49,047917872000028;08210721215102065160;0
236205;08;3;11;000;2021;07;19;4;3;5;2;1;0;0;0;0;0;0;410842,979768275225069;5317868,082491515204310;7,804602460000069;48,007886466000059;08210721311010062390;0
236206;08;3;11;000;2021;07;17;4;2;0;1;1;0;0;0;0;0;0;415123,129313772427849;5314673,342891415581107;7,862609543000076;47,979731220000076;08210721311300034670;0
236207;08;4;15;059;2021;07;17;4;3;0;1;1;0;0;0;0;0;0;517051,387198946089484;5367638,841230526566505;9,230650041000047;48,461653383000055;08210721415300052990;0
236208;08;2;26;013;2021;07;16;5;2;0;1;1;0;0;0;0;0;0;499569,778946380014531;5476818,151259721256793;8,994065108000029;49,444027639000069;08210722226100056400;0
236209;08;3;17;153;2021;07;10;5;2;0;1;1;0;0;0;0;0;0;419762,929822179023176;5391757,176685670390725;7,910097178000058;48,673704116000067;08210722317200034220;0
236210;08;3;17;096;2021;07;14;5;3;0;1;1;0;0;0;0;0;0;422928,505250570306089;5367625,721102610230446;7,957560141000044;48,457045243000039;08210722317500043440;0
236211;08;3;17;096;2021;07;18;5;2;9;1;1;0;0;0;0;0;0;426276,024546887085307;5368615,574992077425122;8,002655685000036;48,466350251000051;08210722317500058960;0
236212;08;4;15;014;2021;07;19;5;3;0;1;1;0;0;0;0;0;0;525710,811984223080799;5375161,102301586419344;9,348245295000027;48,529031123000038;08210722415100055390;0
236213;08;1;11;000;2021;07;12;6;3;0;7;1;0;0;0;0;0;0;510590,881915969192050;5404141,120847195386887;9,144193171000040;48,790176231000032;08210723111140026770;0
236214;08;2;21;000;2021;07;12;6;3;0;1;1;0;0;0;0;0;0;475064,065604881790932;5469719,606671480461955;8,656458391000058;49,379666173000032;08210723221400059040;0
236215;08;2;22;000;2021;07;08;6;3;0;7;1;0;0;0;0;0;0;462025,964466209698003;5480696,968586235307157;8,475788387000023;49,477729545000045;08210723222700158350;0
236216;08;2;22;000;2021;07;20;6;3;0;7;1;0;1;0;0;0;0;467205,067150525050238;5483840,850376896560192;8,547019768000041;49,506309290000047;08210723222800273570;0
236217;08;3;11;000;2021;07;19;6;3;0;7;1;0;0;0;0;0;0;416333,692577701644041;5315912,876461190171540;7,878586900000073;47,991040897000062;08210723311010026460;0
236218;08;3;11;000;2021;07;07;6;3;4;6;1;0;0;1;0;0;0;414725,470649778144434;5315902,695073679089546;7,857037678000040;47,990736873000060;08210723311010056460;0
236219;08;3;11;000;2021;07;18;6;3;0;7;1;0;0;0;1;0;0;418565,783865877892822;5314481,902885959483683;7,908770200000049;47,978456614000038;08210723311010062340;0
236220;08;3;17;129;2021;07;11;6;3;0;1;1;0;0;0;0;0;0;430397,145697471103631;5349531,635418187826872;8,061559515000056;48,295152626000061;08210723317600038370;0
236221;08;3;26;041;2021;07;15;6;3;0;1;1;0;0;0;0;0;0;463120,003135148668662;5332606,127976845949888;8,504202568000039;48,145636065000076;08210723326400025970;0
236222;08;4;37;107;2021;07;16;6;3;5;3;1;1;0;0;0;0;0;506971,974229325132910;5331980,269016750156879;9,093719465000049;48,141036349000046;08210723437200034800;0
236223;08;3;35;075;2021;07;14;6;3;0;1;1;0;0;0;0;0;0;488042,300769163353834;5287611,540349896997213;8,840493826000056;47,741765864000058;08210723911083045750;0
236224;08;1;16;080;2021;07;14;7;3;9;1;1;0;0;0;0;0;0;516956,151999999769032;5396987,191999999806285;9,230560004000040;48,725679047000028;08210724116010052070;0
236225;08;1;19;079;2021;07;16;7;3;1;7;1;0;0;0;1;0;0;521568,358432766515762;5411914,989221680909395;9,294057098000053;48,859824324000044;08210724119400048730;0
236226;08;2;15;059;2021;07;16;7;3;8;6;1;1;0;0;0;0;0;483893,045584843901452;5434033,974909263662994;8,779526282000063;49,058964025000080;08210724215302036080;0
236227;08;3;11;000;2021;07;13;7;2;0;7;1;0;0;0;0;0;0;410342,175356876396108;5322489,467352267354727;7,796922075000055;48,049386491000064;08210724311010032080;0
236228;08;3;37;125;2021;07;13;7;3;5;2;1;0;0;0;0;0;0;447422,643645280157216;5272409,763538730330765;8,300515786000062;47,602963022000040;08210724337010058310;0
236229;08;4;15;059;2021;07;15;7;3;4;2;1;1;0;0;0;0;0;517031,423944917507470;5369341,436629558913410;9,230449348000036;48,476971113000047;08210724415300065030;0
236230;08;4;35;016;2021;07;13;7;3;8;1;1;0;0;0;0;0;0;537167,445949549437501;5279329,033061016350985;9,495069413000067;47,666285523000056;08210724436200031770;0